date,total_attempts,completed_swaps,failed_swaps,abandoned_swaps,cancelled_swaps,system_error_swaps,total_revenue,total_contribution_margin,average_queue_wait,median_queue_wait,p90_queue_wait,completion_rate,failure_rate,abandonment_rate,cancellation_rate,system_error_rate,revenue_per_completed_swap,revenue_per_attempt,contribution_margin_per_completed_swap,contribution_margin_per_attempt
2024-01-01,1855,1772,47,22,13,1,103957.8,65844.72096,239.81185983827493,204.0,418.60000000000014,0.955256064690027,0.025336927223719677,0.011859838274932614,0.007008086253369272,0.0005390835579514825,58.66693002257337,56.041940700808624,37.158420406320545,35.49580644743936
2024-01-02,3303,3147,81,43,20,12,188603.8,119058.12697,245.21919467151073,207.0,441.0,0.9527702089009991,0.02452316076294278,0.013018468059339995,0.006055101422948834,0.0036330608537693005,59.93129965046075,57.10075688767787,37.83226150937401,36.0454517014835
2024-01-03,3470,3319,90,41,9,11,198625.4,125610.14905,236.72334293948126,204.0,421.0,0.9564841498559078,0.025936599423631124,0.01181556195965418,0.0025936599423631124,0.003170028818443804,59.8449532991865,57.2407492795389,37.84578157577583,36.19889021613833
2024-01-04,3445,3281,94,41,18,11,196389.2,124331.10376,242.10624092888244,208.0,436.0,0.9523947750362844,0.027285921625544267,0.011901306240928883,0.0052249637155297535,0.003193033381712627,59.85650716245048,57.00702467343977,37.894271185614144,36.09030588098694
2024-01-05,3409,3257,88,42,12,10,194783.6,122987.53959,247.42945145203873,208.0,444.0,0.9554121443238487,0.025814021707245526,0.012320328542094456,0.0035200938691698444,0.002933411557641537,59.80460546515198,57.13804634790261,37.76098851396991,36.07730700792021
2024-01-06,3779,3619,82,53,17,8,216270.4,136622.58106,244.09658639851813,209.0,438.0,0.957660756813972,0.021698862132839374,0.014024874305371792,0.00449854458851548,0.0021169621593014024,59.75971262779773,57.22953162212225,37.7514730754352,36.15310427626356
2024-01-07,3665,3504,91,48,13,9,209738.4,132714.25731000002,242.00873124147338,206.0,425.5999999999999,0.9560709413369713,0.024829467939972715,0.013096862210095497,0.0035470668485675307,0.0024556616643929058,59.856849315068494,57.22739427012278,37.87507343321917,36.21125711050478
2024-01-08,3502,3341,91,43,17,10,200986.2,126900.73924999998,236.92318675042833,202.0,420.9000000000001,0.9540262707024557,0.025985151342090233,0.012278697886921758,0.0048543689320388345,0.0028555111364934323,60.15749775516313,57.39183323814963,37.98286119425322,36.23664741576242
2024-01-09,3451,3294,76,52,16,13,197731.0,124884.90580000001,242.68385975079687,206.0,441.0,0.9545059403071573,0.022022602144306,0.015068096203998842,0.004636337293538105,0.0037670240509997104,60.02762598664238,57.29672558678644,37.912843290831816,36.18803413503333
2024-01-10,3462,3305,86,43,17,11,197286.4,124794.41283999999,240.5621028307337,200.5,434.0,0.9546504910456384,0.02484113229347198,0.01242056614673599,0.004910456383593298,0.0031773541305603697,59.69331316187594,56.98625072212594,37.75927771255673,36.04691300982091
2024-01-11,3585,3421,92,45,19,8,206053.0,129920.51669999998,238.65746164574617,204.0,424.5999999999999,0.9542538354253836,0.025662482566248257,0.012552301255230125,0.005299860529986053,0.0022315202231520223,60.23180356620871,57.47642956764296,37.97735068693364,36.24003255230125
2024-01-12,3557,3404,90,38,14,11,203593.8,128620.4435,242.01518133258364,206.0,432.0,0.9569862243463593,0.025302220972729828,0.010683159966263706,0.003935901040202418,0.003092493674444757,59.810164512338424,57.23750351419736,37.78508915981198,36.15980981163902
2024-01-13,3775,3626,79,57,9,4,217869.0,137403.71691,245.80953642384105,208.0,442.0,0.9605298013245033,0.020927152317880796,0.015099337748344372,0.0023841059602649007,0.0010596026490066225,60.085217870932155,57.71364238410596,37.894020107556535,36.39833560529801
2024-01-14,3670,3513,87,35,15,20,210270.4,133061.68164000002,240.81689373297002,206.0,427.0999999999999,0.9572207084468665,0.023705722070844686,0.009536784741144414,0.004087193460490463,0.005449591280653951,59.854938798747504,57.29438692098093,37.87693755764304,36.2565890027248
2024-01-15,3475,3330,76,40,18,11,199130.8,126145.90630999999,237.5358273381295,202.0,426.5999999999999,0.958273381294964,0.021870503597122302,0.011510791366906475,0.005179856115107914,0.0031654676258992807,59.79903903903904,57.303827338129494,37.881653546546545,36.300980233093526
2024-01-16,3628,3459,82,59,13,15,207495.2,131162.78486,238.14801543550166,203.0,427.0,0.9534178610804851,0.022601984564498346,0.016262403528114665,0.003583241455347299,0.004134509371554576,59.987048279849674,57.19272326350607,37.91927865278982,36.15291754685778
2024-01-17,3596,3432,97,44,11,12,206300.8,130226.50304000001,244.08704115684094,204.0,436.0,0.9543937708565072,0.026974416017797553,0.012235817575083427,0.0030589543937708566,0.0033370411568409346,60.11095571095571,57.36952169076751,37.94478526806527,36.214266696329254
2024-01-18,3549,3399,85,45,12,8,204695.6,129343.44424,238.07100591715977,206.0,422.2000000000003,0.9577345731191885,0.023950408565793183,0.01267962806424345,0.0033812341504649195,0.0022541561003099463,60.22230067666961,57.67697943082559,38.05338165342748,36.445039233586925
2024-01-19,3639,3476,103,44,9,7,208865.0,132019.30661,240.8964001099203,205.0,418.2000000000003,0.9552074745809288,0.028304479252541908,0.012091233855454795,0.00247320692497939,0.0019236053860950811,60.08774453394707,57.396262709535584,37.98023780494822,36.2790070376477
2024-01-20,3793,3620,94,46,21,12,216053.6,136677.53831,245.2180332190878,207.0,439.8000000000002,0.9543896651726865,0.024782494068020036,0.012127603480094912,0.005536514632217242,0.0031637226469812814,59.68331491712707,56.961138940152914,37.75622605248619,36.03415194041656
2024-01-21,3744,3578,89,50,18,9,214478.0,135829.53025,244.04780982905982,203.0,446.7000000000003,0.9556623931623932,0.02377136752136752,0.013354700854700854,0.004807692307692308,0.002403846153846154,59.94354387926216,57.285790598290596,37.9624176215763,36.27925487446581
2024-01-22,3625,3455,97,46,13,14,206665.2,131060.58137,240.68027586206895,202.0,430.0,0.953103448275862,0.026758620689655174,0.012689655172413793,0.003586206896551724,0.0038620689655172414,59.81626628075254,57.01108965517242,37.93359808104197,36.15464313655173
2024-01-23,3668,3497,96,49,16,10,208731.2,132576.93557,243.6875681570338,205.0,441.0,0.9533805888767721,0.026172300981461286,0.013358778625954198,0.004362050163576881,0.0027262813522355507,59.68864741206749,56.905997818974924,37.91162012296254,36.144202718102505
2024-01-24,3632,3472,99,41,13,7,207973.0,131600.60052,238.98045154185021,206.0,425.9000000000001,0.9559471365638766,0.027257709251101322,0.011288546255506607,0.003579295154185022,0.0019273127753303965,59.90005760368663,57.26128854625551,37.90339876728111,36.23364551762115
2024-01-25,3652,3480,85,59,15,13,208145.0,132095.1578,245.53477546549837,207.5,433.0,0.9529025191675794,0.023274917853231106,0.01615553121577218,0.004107338444687842,0.0035596933187294635,59.8117816091954,56.9947973713034,37.95837867816092,36.17063466593647
2024-01-26,3646,3500,82,44,8,12,209717.6,132937.33664,243.00850246845857,203.0,422.5,0.9599561162918266,0.022490400438837082,0.012068019747668678,0.0021941854086670325,0.0032912781130005485,59.919314285714286,57.51991223258366,37.98209618285714,36.46114554031816
2024-01-27,3914,3746,104,41,10,13,223833.8,142042.51689,243.63055697496168,207.0,440.0,0.9570771589167093,0.026571282575370465,0.010475217169136432,0.0025549310168625446,0.003321410321921308,59.75274959957287,57.187991824220745,37.91845085157501,36.29088321154829
2024-01-28,3820,3674,67,49,20,10,220273.2,139495.11387,246.0821989528796,211.0,437.0,0.9617801047120419,0.017539267015706805,0.012827225130890052,0.005235602094240838,0.002617801047120419,59.95459989112684,57.66314136125655,37.96818559335874,36.517045515706805
2024-01-29,3657,3513,81,45,10,8,211113.6,133515.67228,244.8837845228329,209.0,439.0,0.9606234618539786,0.022149302707136997,0.012305168170631665,0.0027344818156959257,0.0021875854525567405,60.09496157130658,57.72863002461034,38.00616916595502,36.50961779600765
2024-01-30,3747,3582,94,50,14,7,215603.0,136544.6054,244.86602615425673,210.0,438.4000000000001,0.955964771817454,0.025086736055511077,0.013344008540165465,0.0037363223912463303,0.0018681611956231651,60.19067560022334,57.5401654657059,38.11965533221664,36.44104761142247
2024-01-31,3635,3474,85,50,15,11,207762.2,131995.52727999998,244.3700137551582,206.0,443.0,0.9557083906464925,0.023383768913342505,0.013755158184319119,0.0041265474552957355,0.003026134800550206,59.8048934945308,57.15603851444292,37.99525828439839,36.31238714718019
2024-02-01,3759,3576,100,48,25,10,214640.8,135946.76669000002,242.21734503857408,204.0,439.0,0.951316839584996,0.026602819898909284,0.012769353551476457,0.006650704974727321,0.0026602819898909284,60.02259507829977,57.10050545357807,38.01643363814318,36.165673500931106
2024-02-02,3652,3489,89,53,8,13,209398.2,132949.63373,242.276286966046,206.0,437.9000000000001,0.9553669222343921,0.024370208105147863,0.014512595837897043,0.002190580503833516,0.0035596933187294635,60.016680997420465,57.33795180722892,38.105369369446834,36.4046094550931
2024-02-03,3897,3704,110,49,22,12,221376.6,140363.99329,244.13856812933025,206.0,441.4000000000001,0.9504747241467796,0.028226841159866563,0.012573774698486015,0.0056453682319733125,0.003079291762894534,59.76690064794816,56.80692840646651,37.89524656857451,36.01847402874006
2024-02-04,3849,3669,91,56,17,16,219990.4,139176.15774,242.42010911925175,206.0,436.0,0.9532346063912704,0.02364250454663549,0.014549233567160301,0.004416731618602235,0.004156923876331515,59.95922594712456,57.155209145232526,37.93299475061325,36.159043320342946
2024-02-05,3718,3550,97,47,13,11,212368.6,134771.95058,242.86444324905864,207.0,428.0,0.9548144163528779,0.02608929532006455,0.012641204948897257,0.0034965034965034965,0.0029585798816568047,59.82214084507042,57.11904249596557,37.963929740845074,36.24850741796665
2024-02-06,3757,3598,87,41,15,16,216502.2,136880.38996,243.6462603140804,207.0,443.0,0.9576789992014906,0.023156774021825925,0.010912962470055895,0.003992547245142401,0.004258717061485228,60.172929405225126,57.62635081181794,38.04346580322402,36.4334282565877
2024-02-07,3728,3563,93,47,14,11,213429.0,135509.49528,241.1947424892704,205.0,429.3000000000002,0.9557403433476395,0.024946351931330473,0.012607296137339056,0.0037553648068669528,0.0029506437768240345,59.90148751052484,57.250268240343345,38.0324151782206,36.349113540772535
2024-02-08,3778,3614,90,48,13,13,216825.4,137395.11546,242.44812069878242,207.0,433.3000000000002,0.9565907887771308,0.02382212811011117,0.01270513499205929,0.003440974060349391,0.003440974060349391,59.99596015495296,57.391582848067756,38.017464156059766,36.36715602435151
2024-02-09,3738,3580,90,44,16,8,214385.6,136096.42766,241.2712680577849,207.0,430.3000000000002,0.9577314071696095,0.024077046548956663,0.011771000535045479,0.004280363830925628,0.002140181915462814,59.884245810055866,57.353023006955596,38.015761916201114,36.40888915462814
2024-02-10,3955,3791,79,53,21,11,227722.2,144038.32653999998,248.88621997471554,212.0,448.0,0.9585335018963338,0.019974715549936788,0.013400758533501896,0.005309734513274336,0.002781289506953224,60.06916380902137,57.57830594184577,37.99481048272224,36.419298745891275
2024-02-11,3900,3744,94,41,10,11,224527.4,142527.27745,245.57179487179488,209.0,427.0,0.96,0.024102564102564103,0.010512820512820513,0.002564102564102564,0.0028205128205128207,59.96992521367521,57.571128205128204,38.068183079594014,36.545455756410256
2024-02-12,3797,3657,79,37,10,14,219857.2,139329.8666,243.0642612588886,206.0,443.4000000000001,0.9631287858835923,0.020805899394258625,0.009744535159336319,0.002633658151171978,0.003687121411640769,60.11955154498223,57.902870687384784,38.09949866010391,36.69472388727943
2024-02-13,3757,3587,93,49,18,10,214929.0,136472.13979,245.93505456481236,213.0,438.0,0.9547511312217195,0.024753792919882885,0.01304232100079851,0.004791056694170881,0.002661698163428267,59.91887371062169,57.207612456747405,38.046317198215775,36.32476438381687
2024-02-14,3814,3655,83,55,15,6,219699.6,139342.80857,242.55506030414264,206.0,431.7000000000003,0.9583114840062926,0.021761929732564238,0.014420555846879917,0.003932878867330886,0.0015731515469323545,60.10932968536252,57.603460933403255,38.12388743365253,36.5345591426324
2024-02-15,3756,3572,98,56,19,11,213955.6,135477.03275,242.7478700745474,204.0,438.5,0.9510117145899893,0.026091586794462194,0.014909478168264111,0.005058572949946752,0.0029286474973375934,59.8979843225084,56.963684771033016,37.92750076987682,36.0694975372737
2024-02-16,3860,3685,99,46,15,15,220754.4,140239.3297,242.99248704663214,210.0,436.0,0.9546632124352331,0.025647668393782384,0.011917098445595855,0.0038860103626943004,0.0038860103626943004,59.90621438263229,57.19025906735751,38.056805888738126,36.33143256476684
2024-02-17,4065,3876,100,58,16,15,231799.4,147011.15956,247.43148831488315,213.0,444.0,0.9535055350553505,0.024600246002460024,0.014268142681426814,0.0039360393603936035,0.0036900369003690036,59.80376676986584,57.02322263222632,37.9285757378741,36.16510690282903
2024-02-18,3946,3762,96,59,20,9,225327.8,143092.67063,244.72199695894577,208.0,436.0,0.9533705017739483,0.024328433857070453,0.014951849974657882,0.00506842372022301,0.002280790674100355,59.89574694311536,57.10283831728332,38.03632924774057,36.262714300557526
2024-02-19,3799,3639,89,47,14,10,217512.6,138233.93912,241.34166886022638,206.0,425.0,0.9578836535930508,0.023427217688865493,0.012371676757041327,0.0036851803106080546,0.0026322716504343247,59.77262984336356,57.25522505922611,37.986792833195935,36.38692790734404
2024-02-20,3934,3746,100,59,18,11,224619.2,142415.81368,245.899593289273,207.0,445.0,0.9522114895780376,0.02541942043721403,0.014997458057956279,0.004575495678698526,0.0027961362480935434,59.96241324079018,57.096898830706664,38.018102957821675,36.20127444839857
2024-02-21,3895,3729,85,50,13,18,223262.6,141850.35713999998,243.19383825417202,206.0,436.0,0.9573812580231066,0.021822849807445442,0.012836970474967908,0.003337612323491656,0.004621309370988447,59.87197640117994,57.3203080872914,38.03978469831054,36.41857692939666
2024-02-22,3850,3676,87,55,18,14,220070.6,140032.00891,242.03012987012988,204.0,425.0,0.9548051948051948,0.0225974025974026,0.014285714285714285,0.004675324675324675,0.0036363636363636364,59.86686615886833,57.1611948051948,38.09358240206747,36.37195036623377
2024-02-23,3830,3646,92,56,25,11,218533.2,138980.54553,243.6621409921671,206.0,434.0999999999999,0.951958224543081,0.02402088772845953,0.014621409921671017,0.006527415143603133,0.0028720626631853785,59.93779484366429,57.058276762402095,38.11863563631377,36.28734870234987
2024-02-24,4111,3927,100,48,24,12,234108.2,148654.51359,238.86207735344198,206.0,426.0,0.9552420335684748,0.024324981756263683,0.011675991243006568,0.005837995621503284,0.002918997810751642,59.61502419149478,56.9467769399173,37.8544725210084,36.16018331063001
2024-02-25,3988,3811,96,54,18,9,228327.6,144887.91784,245.268555667001,207.0,448.3000000000002,0.955616850551655,0.024072216649949848,0.01354062186559679,0.004513540621865597,0.0022567703109327986,59.91277879821569,57.25366098294885,38.01834632379953,36.330972377131395
2024-02-26,3801,3635,99,46,12,9,218930.0,138815.29437000002,241.25677453301762,205.0,429.0,0.9563272822941331,0.026045777426992895,0.012102078400420942,0.0031570639305445935,0.0023677979479084454,60.2283356258597,57.59800052617732,38.188526649243464,36.520729905288086
2024-02-27,3838,3661,85,63,15,14,218810.0,139275.6657,246.26393955184992,210.0,435.0,0.953882230328296,0.02214695153725899,0.01641479937467431,0.0039082855653986455,0.0036477331943720686,59.76782299918055,57.011464304325166,38.04306629336247,36.28860492443982
2024-02-28,3837,3695,80,37,12,13,221857.0,140894.1285,242.3580922595778,208.0,433.4000000000001,0.962991920771436,0.020849622100599426,0.009642950221527235,0.003127443315089914,0.003388063591347407,60.0424898511502,57.82043262965859,38.131022598105545,36.719866692728694
2024-02-29,3920,3743,100,49,15,13,223974.4,142582.65623999998,243.71785714285716,208.5,429.0999999999999,0.9548469387755102,0.025510204081632654,0.0125,0.003826530612244898,0.0033163265306122448,59.83820464867753,57.136326530612244,38.09314887523377,36.37312659183673
2024-03-01,3932,3767,85,47,25,8,225448.6,143490.01075000002,240.49313326551373,204.0,430.0,0.9580366225839267,0.021617497456765004,0.011953204476093592,0.006358087487283825,0.002034587995930824,59.848314308468275,57.336876907426245,38.09132220599947,36.49288167599187
2024-03-02,4054,3882,92,48,19,13,231599.4,147471.13091,241.25974346324617,207.0,434.0,0.9575727676369018,0.022693635915145536,0.011840157868771583,0.0046867291563887515,0.003206709422792304,59.65981452859351,57.12861371484953,37.98844175940237,36.37669731376418
2024-03-03,3986,3798,103,62,9,14,227780.0,144916.73261,242.99899648770696,209.0,426.5,0.9528349222277973,0.025840441545408932,0.015554440541896638,0.0022579026593075764,0.0035122930255895636,59.97367035281727,57.1450075263422,38.15606440494997,36.356430659809334
2024-03-04,3888,3714,94,54,11,15,222304.4,141328.60321,242.97453703703704,208.0,424.0,0.9552469135802469,0.02417695473251029,0.013888888888888888,0.002829218106995885,0.0038580246913580245,59.85578890683899,57.17705761316872,38.05293570543888,36.34994938528806
2024-03-05,3920,3743,106,48,16,7,224085.2,142614.91607,239.8301020408163,207.0,430.0,0.9548469387755102,0.027040816326530614,0.012244897959183673,0.004081632653061225,0.0017857142857142857,59.867806572268236,57.164591836734694,38.101767584825005,36.381356140306124
2024-03-06,3865,3696,104,35,18,12,221708.2,141007.4724,237.63053040103492,202.0,423.0,0.95627425614489,0.026908150064683053,0.009055627425614488,0.004657179818887452,0.0031047865459249676,59.985984848484854,57.363053040103495,38.1513724025974,36.483175265200515
2024-03-07,3917,3733,87,60,24,13,224047.2,142331.75645,244.94383456727087,208.0,435.4000000000001,0.9530252744447281,0.02221087567015573,0.015317845289762573,0.006127138115905029,0.0033188664794485574,60.018001607286365,57.19867245340822,38.12798190463434,36.336930418687764
2024-03-08,3935,3773,89,47,13,13,226076.4,143844.26058,245.15628970775094,210.0,437.0,0.9588310038119441,0.022617534942820837,0.011944091486658195,0.003303684879288437,0.003303684879288437,59.91953352769679,57.452706480304954,38.12463837264776,36.555085280813216
2024-03-09,4166,3980,113,42,26,5,238492.2,151879.63237,241.175468074892,203.0,433.0,0.9553528564570332,0.0271243398943831,0.010081613058089293,0.006240998559769563,0.001200192030724916,59.92266331658292,57.24728756601056,38.16071165075377,36.456944879980796
2024-03-10,4060,3876,81,63,24,16,232241.8,147835.80894000002,246.59827586206896,208.0,441.0,0.954679802955665,0.019950738916256157,0.015517241379310345,0.005911330049261084,0.003940886699507389,59.917905056759544,57.202413793103446,38.14133357585139,36.412760822660104
2024-03-11,3937,3770,77,51,18,21,226389.6,144056.49726,242.33172466344934,206.0,428.4000000000001,0.9575819151638303,0.019558039116078233,0.012954025908051815,0.004572009144018288,0.005334010668021336,60.05029177718833,57.50307340614681,38.21127248275862,36.59042348488697
2024-03-12,3895,3714,95,58,17,11,222518.6,141893.66692,242.80718870346598,206.0,434.0,0.9535301668806162,0.024390243902439025,0.014890885750962772,0.0043645699614890884,0.0028241335044929395,59.91346257404416,57.12929396662388,38.2050799461497,36.429696256739405
2024-03-13,3914,3765,78,43,13,15,225055.8,143397.98771000002,242.39524782830864,204.0,433.0,0.9619315278487481,0.01992846193152785,0.010986203372508942,0.003321410321921308,0.003832396525293817,59.77577689243027,57.500204394481344,38.08711492961487,36.637196655595304
2024-03-14,4064,3883,92,51,23,15,232632.6,148330.3475,243.38804133858267,206.0,435.7000000000003,0.9554625984251969,0.022637795275590553,0.012549212598425197,0.005659448818897638,0.0036909448818897637,59.91053309296935,57.24227362204724,38.199934972959056,36.49860912893701
2024-03-15,4004,3827,95,52,20,10,228378.2,145803.97840999998,241.01023976023976,203.0,436.0,0.9557942057942058,0.023726273726273728,0.012987012987012988,0.004995004995004995,0.0024975024975024975,59.67551607002875,57.037512487512494,38.09876624248759,36.414580022477516
2024-03-16,4213,4029,99,54,19,12,240329.8,153230.92053,236.20840256349393,201.0,422.8000000000002,0.9563256586755281,0.02349869451697128,0.012817469736529788,0.004509850462853074,0.0028483266081177306,59.649987589972696,57.04481367196772,38.03199814594192,36.370975677664376
2024-03-17,4065,3896,89,48,19,13,232896.0,148304.91367,239.39827798277983,205.0,423.0,0.9584255842558426,0.02189421894218942,0.011808118081180811,0.004674046740467405,0.0031980319803198032,59.7782340862423,57.2929889298893,38.06594293377824,36.48337359655597
2024-03-18,3966,3790,100,49,16,11,227452.2,145129.29060999997,243.67397881996973,208.0,429.0,0.9556227937468482,0.025214321734745335,0.012355017650025214,0.004034291477559254,0.002773575390821987,60.01377308707124,57.35052950075643,38.29268881530343,36.593366265758945
2024-03-19,4094,3922,93,52,18,9,234750.2,149631.80096,240.16316560820712,207.0,422.0,0.9579872984855886,0.022716170004885197,0.012701514411333659,0.004396678065461651,0.0021983390327308255,59.85471698113208,57.34005862237421,38.151912534421214,36.549047620908645
2024-03-20,4017,3829,90,63,22,13,229652.2,146490.89283000003,241.53846153846155,203.0,428.0,0.9531989046552153,0.022404779686333084,0.01568334578043316,0.005476723923325865,0.003236245954692557,59.97706973100026,57.17007717201892,38.25826399320972,36.46773533233757
2024-03-21,4011,3851,87,44,21,8,230326.6,147198.17768,242.13537771129396,207.0,432.0,0.9601096983295936,0.02169035153328347,0.010969832959361756,0.005235602094240838,0.0019945150835203192,59.80955595949104,57.423734729493894,38.22336475720592,36.698623206182994
2024-03-22,4070,3865,114,59,18,14,231996.4,147914.78294,243.4083538083538,206.0,434.0999999999999,0.9496314496314496,0.02800982800982801,0.014496314496314496,0.004422604422604423,0.0034398034398034397,60.02494178525226,57.00157248157248,38.270319001293664,36.34269851105651
2024-03-23,4225,4039,111,47,19,9,241755.8,153885.10022999998,243.1789349112426,210.0,434.5999999999999,0.9559763313609467,0.026272189349112424,0.011124260355029586,0.004497041420118343,0.0021301775147928993,59.85536023768259,57.22030769230769,38.09980198811587,36.42250893017751
2024-03-24,4221,4040,107,51,11,12,242287.2,154326.59772999998,241.46576640606492,208.0,433.0,0.95711916607439,0.02534944325989102,0.012082444918265814,0.002606017531390666,0.0028429282160625444,59.97207920792079,57.40042643923241,38.19965290346535,36.561619931295894
2024-03-25,2674,2559,66,29,8,12,154335.6,98309.93267,237.8754674644727,203.0,431.0,0.9569932685115932,0.02468212415856395,0.010845175766641735,0.0029917726252804786,0.004487658937920718,60.31090269636577,57.717127898279735,38.41732421649081,36.76512066940912
2024-03-26,3984,3816,102,40,10,16,229143.2,146267.31851,243.47590361445782,208.0,437.0,0.9578313253012049,0.025602409638554216,0.010040160642570281,0.0025100401606425703,0.004016064257028112,60.04800838574424,57.515863453815264,38.33001009171908,36.71368436495984
2024-03-27,4096,3925,99,46,13,13,233936.4,149913.89012,242.599853515625,203.0,437.0,0.958251953125,0.024169921875,0.01123046875,0.003173828125,0.003173828125,59.60163057324841,57.11337890625,38.1946216866242,36.600070830078124
2024-03-28,4126,3941,90,56,23,16,236406.4,150950.82059000002,242.28889966068832,205.0,431.5,0.9551623848763936,0.021812893843916627,0.013572467280659235,0.005574406204556471,0.003877847794474067,59.98639939101751,57.29675230247213,38.30266952296371,36.58526916868638
2024-03-29,4038,3874,75,53,20,16,232135.6,148345.23846000002,246.49306587419514,209.0,442.0,0.9593858345715701,0.018573551263001486,0.013125309559187717,0.004952947003467063,0.00396235760277365,59.92142488384099,57.487766220901435,38.29252412493547,36.7373052154532
2024-03-30,4319,4109,118,54,21,17,245838.6,156858.60953000002,243.63232229682797,206.0,441.0,0.9513776337115073,0.027321139152581615,0.012502894188469553,0.004862236628849271,0.003936096318592266,59.82930153321976,56.92025931928687,38.174399982964225,36.31827032414911
2024-03-31,4242,4037,106,69,15,15,241563.2,154273.28561999998,244.45167373880244,209.0,434.0,0.9516737388024517,0.02498821310702499,0.016265912305516265,0.003536067892503536,0.003536067892503536,59.837304929403025,56.94559170202735,38.214834188754025,36.36805413012729
2024-04-01,4138,3808,206,105,12,7,228358.4,146123.47111999997,249.445142580957,212.0,451.60000000000036,0.9202513291445142,0.049782503624939585,0.025374577090381826,0.0028999516674722086,0.0016916384726921219,59.96806722689075,55.185693571773804,38.37276027310924,35.312583644272586
2024-04-02,4259,3842,267,120,19,11,230063.0,146733.66358999998,242.4047898567739,204.0,451.0,0.9020896924160601,0.06269077248180324,0.02817562808170932,0.004461141112937309,0.002582765907490021,59.881051535658514,54.01807936135243,38.19199989328475,34.452609436487435
2024-04-03,4118,3943,85,60,12,18,236302.2,150881.90161,243.81787275376396,207.0,434.0,0.9575036425449247,0.02064108790675085,0.014570179698882952,0.0029140359397765905,0.004371053909664886,59.92954603094091,57.38275862068966,38.265762518387014,36.63960699611462
2024-04-04,4177,3866,181,95,20,15,232925.8,148538.70752,244.28034474503232,206.0,436.0,0.9255446492698108,0.04333253531242519,0.022743595882212114,0.004788125448886761,0.0035910940866650705,60.249818934299014,55.763897534115394,38.42180742886705,35.56109828106296
2024-04-05,4150,3945,117,61,18,9,236769.2,151117.29352,244.3021686746988,207.0,441.0999999999999,0.9506024096385542,0.028192771084337348,0.014698795180722892,0.004337349397590362,0.002168674698795181,60.0175411913815,57.05281927710843,38.30603131051965,36.41380566746988
2024-04-06,4542,4211,195,98,18,20,251363.8,160884.30439,244.28819903126376,206.5,444.9000000000001,0.9271246147071774,0.042932628797886396,0.02157639806252752,0.003963011889035667,0.004403346543372964,59.69218712894799,55.34209599295464,38.20572414865828,35.42146728093351
2024-04-07,4423,4161,153,79,14,16,249469.0,159493.41652000003,246.69884693646847,209.0,445.8000000000002,0.9407641872032557,0.03459190594619037,0.017861180194438164,0.0031652724395206874,0.0036174542165950713,59.95409757269887,56.40266787248474,38.33054951213651,36.060008256839254
2024-04-08,4220,3962,157,77,12,12,237502.4,152411.42985000001,239.3367298578199,204.0,428.0999999999999,0.9388625592417061,0.037203791469194315,0.018246445497630333,0.002843601895734597,0.002843601895734597,59.94507824331146,56.280189573459715,38.468306373043916,36.11645257109005
2024-04-09,4228,3946,151,96,14,21,237241.4,151543.90409000003,246.92999053926206,206.0,450.0,0.9333017975402081,0.03571428571428571,0.02270577105014191,0.0033112582781456954,0.004966887417218543,60.121996958945765,56.11196783349101,38.404435907247844,35.84292906575214
2024-04-10,4315,4070,155,64,15,11,244093.2,156263.55636,240.88760139049828,202.0,435.5999999999999,0.9432213209733488,0.03592120509849363,0.014831981460023175,0.0034762456546929316,0.0025492468134414832,59.973759213759216,56.56852838933952,38.393994191646186,36.2140339188876
2024-04-11,4312,4032,168,76,21,15,242581.8,154910.54592,243.1259276437848,205.0,447.0,0.935064935064935,0.03896103896103896,0.017625231910946195,0.00487012987012987,0.003478664192949907,60.164136904761904,56.25737476808905,38.420274285714285,35.92545128014842
2024-04-12,4357,4054,168,105,21,9,243726.0,155966.81322,244.34725728712417,209.0,441.0,0.9304567362864357,0.038558641266926784,0.02409915079182924,0.004819830158365848,0.0020656414964425065,60.119881598421316,55.93894881799403,38.47232689195856,35.79683571723663
2024-04-13,4649,4377,156,74,22,20,262094.0,167469.4508,242.37943643794364,207.0,431.0,0.9414927941492794,0.033555603355560334,0.015917401591740158,0.004732200473220047,0.004302000430200043,59.879826365090246,56.376425037642505,38.2612407585104,36.02268246934825
2024-04-14,4544,4270,179,69,12,14,256056.4,163929.8433,239.86223591549296,206.0,434.7000000000003,0.9397007042253521,0.03939260563380282,0.015184859154929578,0.002640845070422535,0.0030809859154929575,59.9663700234192,56.350440140845066,38.39106400468384,36.076109881161976
2024-04-15,4317,3940,216,127,17,17,237204.2,151769.51194,244.57400972897847,207.0,446.0,0.9126708362288626,0.05003474635163308,0.029418577716006485,0.0039379198517488995,0.0039379198517488995,60.2041116751269,54.946536946953906,38.52018069543147,35.15624552698633
2024-04-16,4280,4055,134,59,17,15,243720.4,155996.07029,243.72453271028039,209.0,434.0,0.947429906542056,0.03130841121495327,0.013785046728971963,0.00397196261682243,0.0035046728971962616,60.10367447595561,56.94401869158878,38.470054325524046,36.447679974299064
2024-04-17,4359,4080,163,89,13,14,245021.8,156775.07461,249.0956641431521,209.0,450.0,0.9359944941500344,0.037393897682954806,0.02041752695572379,0.0029823353980270705,0.003211745813259922,60.05436274509804,56.21055287910071,38.42526338480393,35.965834964441385
2024-04-18,4428,4148,163,85,25,7,249160.2,159509.99741,243.81797651309847,204.0,448.3000000000002,0.9367660343270099,0.03681120144534779,0.01919602529358627,0.005645889792231256,0.0015808491418247517,60.06755062680811,56.269241192411926,38.45467632835101,36.02303464543812
2024-04-19,4364,4100,163,70,18,13,245629.4,157340.22212,237.6686526122823,204.0,423.0,0.9395050412465628,0.037351054078826766,0.016040329972502293,0.004124656278643446,0.0029789184234647113,59.90960975609756,56.285380384967915,38.375663931707315,36.05412972502291
2024-04-20,4586,4260,212,84,20,10,254569.6,163207.04255,240.01548190143916,206.0,438.0,0.9289140863497601,0.04622764936764064,0.01831661578717837,0.00436109899694723,0.002180549498473615,59.758122065727704,55.51016136066289,38.31151233568075,35.58810347797645
2024-04-21,4637,4252,220,133,20,12,254928.2,163014.36111,245.29480267414277,205.0,445.0,0.91697218028898,0.04744446840629717,0.028682337718352383,0.004313133491481561,0.002587880094888937,59.954891815616186,54.976967867155494,38.33827871825024,35.155135024800515
2024-04-22,4385,4228,88,45,12,12,253824.6,162643.25247999997,243.48323831242874,207.0,429.0,0.9641961231470924,0.020068415051311288,0.010262257696693273,0.0027366020524515395,0.0027366020524515395,60.03420056764428,57.88474344355758,38.4681297256386,37.09082154618015
2024-04-23,4455,4103,209,101,27,15,246507.8,157912.05767,241.39349046015712,205.0,432.0,0.9209876543209876,0.04691358024691358,0.022671156004489337,0.006060606060606061,0.003367003367003367,60.0798927613941,55.33283950617284,38.486974815988304,35.446028657688
2024-04-24,4403,4132,173,78,15,5,248613.2,159337.58447,242.21871451283215,206.0,438.8000000000002,0.938451056098115,0.0392913922325687,0.01771519418578242,0.0034067681126504655,0.0011355893708834886,60.16776379477251,56.464501476266186,38.561854905614716,36.188413461276404
2024-04-25,4503,4084,267,116,20,16,245953.2,157516.87784,245.3437708194537,206.0,445.8000000000002,0.906950921607817,0.059293804130579615,0.025760604041749943,0.0044414834554741284,0.0035531867643793028,60.223604309500494,54.619853431045975,38.56926489715965,34.980430344214966
2024-04-26,4428,4177,153,70,19,9,250977.8,160873.27882,240.3884372177055,202.0,432.0,0.9433152664859982,0.034552845528455285,0.015808491418247517,0.004290876242095754,0.0020325203252032522,60.08565956428058,56.679719963866305,38.51407201819488,36.33091210930443
2024-04-27,4800,4317,323,133,16,11,259098.2,166050.74212999997,238.83416666666668,202.0,438.0,0.899375,0.06729166666666667,0.027708333333333335,0.0033333333333333335,0.0022916666666666667,60.01811443131805,53.978791666666666,38.464383166550846,34.59390461041666
2024-04-28,4615,4341,158,88,16,12,259704.6,166818.00957,242.7074756229686,208.0,438.0,0.9406283856988082,0.034236186348862406,0.019068255687973996,0.003466955579631636,0.002600216684723727,59.82598479612992,56.27401950162513,38.42847490670352,36.1469143163597
2024-04-29,4402,4014,224,126,21,17,240315.2,154552.71155,245.09154929577466,207.0,446.0,0.9118582462517038,0.05088596092685143,0.02862335302135393,0.004770558836892321,0.003861880963198546,59.86925759840558,54.59227623807361,38.503415931738914,35.109657326215356
2024-04-30,4424,4118,178,100,18,10,246480.8,158071.77192,245.15528933092224,206.5,446.0,0.9308318264014467,0.04023508137432188,0.022603978300180832,0.00406871609403255,0.0022603978300180833,59.85449247207382,55.714466546112114,38.38556870325401,35.730509023508134
2024-05-01,4524,3974,342,170,24,14,238776.0,153420.08308,241.55106100795757,205.0,447.7000000000003,0.8784261715296198,0.07559681697612732,0.03757736516357206,0.005305039787798408,0.003094606542882405,60.08454957221942,52.779840848806366,38.605959506794164,33.912485207780726
2024-05-02,4489,3957,324,170,25,13,238226.0,152632.11362,240.49899754956562,201.0,457.2000000000003,0.8814880819781689,0.07217643127645355,0.03787034974381822,0.005569169079973268,0.0028959679215860993,60.203689663886784,53.06883492982847,38.572684766237046,34.001361911338826
2024-05-03,4595,4061,327,171,22,14,243438.8,156692.0611,246.60609357997825,206.0,466.0,0.8837867247007617,0.07116430903155604,0.03721436343852013,0.004787812840043526,0.003046789989118607,59.945530657473526,52.97906420021763,38.58460012312238,34.10055736670294
2024-05-04,4742,4189,318,189,25,21,250067.4,160577.70517,246.47680303669338,202.5,458.0,0.8833825390130746,0.06706031210459722,0.03985660059046816,0.005272037115141291,0.004428511176718684,59.69620434471234,52.73458456347532,38.333183377894485,33.86286486081822
2024-05-05,4768,4197,379,163,20,9,251866.6,161707.67413,240.73028523489933,202.0,442.0,0.8802432885906041,0.07948825503355705,0.03418624161073826,0.0041946308724832215,0.0018875838926174498,60.01110316893019,52.82437080536913,38.529348136764355,33.915200111157716
2024-05-06,4634,4018,406,185,16,9,241296.4,154886.66830000002,241.59948208890808,197.0,458.0,0.8670694864048338,0.08761329305135952,0.039922313336210616,0.0034527406128614588,0.0019421665947345706,60.053857640617224,52.07086750107898,38.54820017421603,33.42396812688822
2024-05-07,4532,3948,383,163,20,18,236705.0,152135.54986,239.00882612533098,198.0,449.0,0.8711385701676964,0.08451015004413062,0.03596646072374228,0.00441306266548985,0.003971756398940865,59.955673758865245,52.22969991173875,38.53484039007092,33.569185759046775
2024-05-08,4596,4016,367,174,24,15,240585.6,154765.98244,243.78698868581375,200.0,461.5,0.8738033072236727,0.079852045256745,0.037859007832898174,0.005221932114882507,0.0032637075718015664,59.906772908366534,52.3467362924282,38.5373462250996,33.674060583115754
2024-05-09,4689,4134,351,167,18,19,247535.4,159473.92891000002,240.36447003625506,199.0,443.0,0.8816378758797185,0.07485604606525911,0.03561526978033696,0.003838771593090211,0.004052036681595223,59.877939042089984,52.79065898912348,38.57618019109821,34.0102215632331
2024-05-10,4614,4062,347,173,17,15,243672.0,156539.96996999998,240.83875162548765,202.0,445.0,0.8803641092327699,0.07520589510186389,0.037494581707845684,0.003684438664932813,0.003250975292587776,59.98818316100443,52.81144343302991,38.53765878138848,33.92717164499349
2024-05-11,4836,4307,334,159,19,17,257660.6,165297.27162,243.92535153019023,208.0,448.0,0.8906120760959471,0.06906534325889165,0.03287841191066997,0.003928866832092638,0.003515301902398677,59.82368237752496,53.27969396195203,38.3787489250058,34.18057725806452
2024-05-12,4889,4223,435,200,15,16,253377.0,163044.12753,241.88770709756596,202.0,459.0,0.8637758232767437,0.08897525056248722,0.040908161178155045,0.0030681120883616284,0.0032726528942524035,59.99928960454653,51.82593577418695,38.608602304049256,33.34917724074453
2024-05-13,4571,3994,358,181,23,15,239664.4,154026.49163,242.9168672063006,204.0,465.0,0.873769415882739,0.078319842485233,0.03959746226208707,0.005031721723911617,0.003281557646029315,60.00610916374562,52.43150295340188,38.56446961191788,33.696454086633125
2024-05-14,4561,4039,337,147,20,18,241043.8,155480.06091,236.61631221223416,198.0,435.0,0.8855514141635606,0.07388730541547907,0.03222977417233063,0.0043850032887524665,0.0039465029598772195,59.67907897994553,52.84889278666959,38.49469198068829,34.08902892128919
2024-05-15,4778,4137,402,206,19,14,247496.0,159515.50276,242.7182921724571,201.0,459.0,0.8658434491419004,0.08413562159899539,0.04311427375470908,0.003976559229803265,0.0029300962745918793,59.82499395697365,51.799079112599415,38.55825544114092,33.3854128840519
2024-05-16,4608,4066,326,182,19,15,244246.0,157354.17466,249.70008680555554,206.0,465.60000000000036,0.8823784722222222,0.07074652777777778,0.039496527777777776,0.004123263888888889,0.0032552083333333335,60.07033939990162,53.00477430555556,38.69999376783079,34.148041375868054
2024-05-17,4751,4180,364,173,26,8,250361.2,161487.32457,245.5573563460324,203.0,456.0,0.879814775836666,0.07661544937907809,0.03641338665544096,0.005472532098505577,0.0016838560303094085,59.89502392344498,52.69652704693749,38.6333312368421,33.9901756619659
2024-05-18,4968,4419,357,160,18,14,264517.2,169949.36436,239.9945652173913,201.0,451.3000000000002,0.8894927536231884,0.07185990338164251,0.0322061191626409,0.0036231884057971015,0.002818035426731079,59.859063136456214,53.244202898550725,38.45878351663272,34.20880925120773
2024-05-19,4896,4276,378,204,27,11,256275.4,165037.70990000002,241.83721405228758,202.0,460.0,0.8733660130718954,0.07720588235294118,0.041666666666666664,0.0055147058823529415,0.0022467320261437907,59.93344246959775,52.3438316993464,38.5962838868101,33.70868257761438
2024-05-20,4654,4014,420,182,25,13,240553.4,155095.54676,240.58100558659217,197.0,447.0,0.8624838848302535,0.09024495058014612,0.03910614525139665,0.0053717232488182205,0.002793296089385475,59.92859990034878,51.68745165449076,38.638651410064774,33.32521417275462
2024-05-21,4674,4112,374,150,25,13,245962.2,158772.86505,243.11446298673513,202.0,455.0,0.8797603765511339,0.0800171159606333,0.03209242618741977,0.005348737697903295,0.0027813436029097134,59.81571011673152,52.6234916559692,38.61207807636187,33.9693763478819
2024-05-22,4783,4270,310,177,13,13,257361.6,165486.81132,246.30942922851767,205.0,459.8000000000002,0.892745139034079,0.06481287894626803,0.03700606314028852,0.002717959439682208,0.002717959439682208,60.272037470726,53.8075684716705,38.7556935175644,34.59895699770019
2024-05-23,4715,4124,391,160,25,15,247252.2,159455.68565,240.5253446447508,202.0,453.0,0.8746553552492047,0.08292682926829269,0.033934252386002124,0.005302226935312832,0.003181336161187699,59.954461687681864,52.43949098621421,38.665297199321046,33.81880925768823
2024-05-24,4722,4139,357,188,23,15,248539.0,159999.78896,242.87124099957646,206.0,447.0,0.8765353663701821,0.07560355781448538,0.03981363828886065,0.004870817450232952,0.0031766200762388818,60.04807924619473,52.63426514188903,38.656629369412904,33.88390278695468
2024-05-25,5061,4429,401,203,16,12,264323.6,170789.39372,242.07962853191069,202.0,451.0,0.8751234933807548,0.07923335309227425,0.040110650069156296,0.0031614305473226635,0.0023710729104919974,59.68019869044931,52.22754396364354,38.56161519981937,33.74617540407034
2024-05-26,4879,4292,369,183,19,16,257359.8,165939.40938,244.6118056978889,199.0,465.0,0.8796884607501537,0.07563025210084033,0.03750768600122976,0.0038942406230784996,0.003279360524697684,59.96267474370922,52.74847304775569,38.66249053588071,34.010946788276286
2024-05-27,4658,4081,350,188,27,12,244060.6,157614.8392,248.29218548733363,204.0,479.0,0.8761270931730356,0.07513954486904251,0.040360669815371404,0.005796479175611851,0.0025762129669386004,59.8041166380789,52.39600686990125,38.621621955403086,33.8374493774152
2024-05-28,4710,4124,373,163,29,21,246554.4,159312.58974000002,237.81019108280256,200.0,446.0,0.875583864118896,0.0791932059447983,0.034607218683651804,0.0061571125265392785,0.0044585987261146496,59.785257032007756,52.34700636942675,38.6305988700291,33.82432903184714
2024-05-29,4796,4193,369,193,27,14,250669.8,162209.48487,246.22998331943285,202.0,469.0,0.8742702251876564,0.07693911592994161,0.0402418682235196,0.005629691409507923,0.0029190992493744786,59.782923920820416,52.26643035863219,38.68578222513713,33.82182753753127
2024-05-30,4757,4083,421,218,23,12,244329.6,157665.57955999998,244.75656926634434,200.0,461.0,0.85831406348539,0.0885011561908766,0.04582720201807862,0.004834980029430313,0.002522598276224511,59.84070536370316,51.36211898255203,38.615130923340686,33.14390993483288
2024-05-31,4828,4270,343,178,21,16,255817.0,165198.98080999998,240.77029826014913,202.0,444.3000000000002,0.8844241922120961,0.07104391052195526,0.03686826843413422,0.004349627174813587,0.0033140016570008283,59.91030444964871,52.98612261806131,38.68828590398127,34.21685600869925
2024-06-01,4919,4380,345,158,18,18,262102.0,169603.33632,240.54157349054685,202.0,447.0,0.8904248831063224,0.07013620654604595,0.03212034966456597,0.003659280341532832,0.003659280341532832,59.840639269406395,53.28359422646879,38.72222290410959,34.47923080300874
2024-06-02,4959,4525,270,129,23,12,270136.6,175066.78381,242.51441822948175,205.0,441.0,0.9124823553135712,0.0544464609800363,0.02601330913490623,0.004638031861262351,0.0024198427102238356,59.69869613259668,54.47400685622101,38.688792002209944,35.30284005041339
2024-06-03,4720,4236,303,131,29,21,253546.0,164331.33307,245.2258474576271,205.0,450.0,0.8974576271186441,0.06419491525423729,0.027754237288135593,0.00614406779661017,0.0044491525423728815,59.85505193578848,53.717372881355935,38.79398797686497,34.81596039618644
2024-06-04,4782,4298,298,138,22,26,257554.0,166577.62941,239.6254705144291,201.0,444.0,0.8987871183605186,0.06231702216645755,0.028858218318695106,0.004600585529067336,0.005437055625261397,59.92415076779898,53.8590547887913,38.75701010004653,34.834301424090334
2024-06-05,4879,4369,321,160,19,10,260267.2,168962.30904,245.82516909202707,204.0,459.0,0.8954703832752613,0.06579217052674728,0.03279360524697684,0.0038942406230784996,0.0020496003279360524,59.571343556878006,53.34437384709982,38.67299360036621,34.63052040172166
2024-06-06,4830,4304,333,159,23,11,258944.6,167227.84068,243.85590062111802,201.0,458.0,0.8910973084886128,0.06894409937888199,0.03291925465838509,0.004761904761904762,0.002277432712215321,60.16370817843866,53.611718426501035,38.854052202602226,34.622741341614905
2024-06-07,4799,4354,274,139,17,15,260677.8,168787.9863,244.35611585747031,203.0,446.1999999999998,0.9072723484059179,0.05709522817253594,0.028964367576578453,0.0035424046676390914,0.0031256511773286103,59.870877354157095,54.3191914982288,38.766188860817635,35.17149120650135
2024-06-08,5203,4644,340,181,24,14,277726.6,179693.17913,241.58139534883722,203.0,440.8000000000002,0.8925619834710744,0.06534691524120699,0.03478762252546608,0.0046127234287910825,0.0026907553334614646,59.80331610680447,53.37816644243705,38.69362169035315,34.53645572362099
2024-06-09,4962,4425,327,165,26,19,266383.4,172261.36884,246.49173720274084,206.0,459.0,0.8917775090689238,0.06590084643288996,0.03325272067714631,0.005239822652156389,0.0038291011688835145,60.199638418079104,53.68468359532447,38.92912290169492,34.71611625151149
2024-06-10,4807,4277,331,165,22,12,256708.8,166179.22261,246.60120657374662,208.0,456.0,0.8897441231537342,0.06885791553983774,0.034324942791762014,0.004576659038901602,0.00249635947576451,60.020762216506895,53.403120449344705,38.85415539162965,34.57025641980445
2024-06-11,4688,4223,289,140,17,19,253613.4,164049.23536000002,241.554180887372,202.0,450.0,0.9008105802047781,0.06164675767918089,0.029863481228668942,0.003626279863481229,0.0040529010238907846,60.055268766279895,54.09842150170648,38.846610314941984,34.99343757679181
2024-06-12,4728,4276,285,129,23,15,255873.8,165986.34183,243.39445854483927,202.0,450.0,0.9043993231810491,0.060279187817258884,0.02728426395939086,0.004864636209813875,0.0031725888324873096,59.83952291861553,54.118824027072755,38.81813419784845,35.10709429568528
2024-06-13,4922,4383,327,172,21,19,262390.0,169851.78631,241.43518894758228,201.0,449.0,0.890491670052824,0.06643640796424218,0.034945144250304754,0.004266558309630231,0.0038602194229987808,59.865389002966005,53.30963023161316,38.752403903718914,34.50869287078423
2024-06-14,4863,4365,321,151,15,11,261450.0,169623.54973,242.67201316060044,201.0,445.8000000000002,0.8975940777297964,0.06600863664404688,0.031050791692370964,0.0030845157310302285,0.0022619782027555007,59.896907216494846,53.76310919185688,38.85991975486827,34.88043383302488
2024-06-15,5144,4681,277,148,20,18,279022.0,180873.47563,239.472200622084,201.0,438.6999999999998,0.9099922239502333,0.05384914463452566,0.028771384136858476,0.0038880248833592537,0.003499222395023328,59.60734885708182,54.24222395023328,38.639922159794914,35.162028699455675
2024-06-16,5058,4622,284,117,19,16,276375.4,179189.33596,240.26374060893633,204.0,444.3000000000002,0.9137999209173586,0.05614867536575722,0.023131672597864767,0.003756425464610518,0.0031633056544088573,59.79562959757681,54.64124159746936,38.76878752920813,35.42691497825227
2024-06-17,4832,4389,300,116,16,11,262025.8,170044.55635000003,237.35699503311258,200.0,442.90000000000055,0.9083195364238411,0.062086092715231786,0.024006622516556293,0.0033112582781456954,0.0022764900662251655,59.70056960583276,54.22719370860927,38.74334845067214,35.19134030422186
2024-06-18,4954,4448,329,142,20,15,265923.2,172407.36161000002,236.37807832054906,200.0,435.0,0.8978603148970529,0.066410981025434,0.02866370609608397,0.004037141703673799,0.0030278562777553493,59.784892086330935,53.67848203471942,38.760647843974816,34.80164747880501
2024-06-19,4950,4432,320,162,27,9,265343.8,172016.16142999998,242.02141414141414,200.5,454.0,0.8953535353535353,0.06464646464646465,0.03272727272727273,0.005454545454545455,0.0018181818181818182,59.86999097472924,53.60480808080808,38.81231079196751,34.750739682828275
2024-06-20,5010,4466,337,167,22,18,266860.6,173313.53887,246.82295409181637,205.5,462.0,0.8914171656686627,0.06726546906187625,0.03333333333333333,0.004391217564870259,0.003592814371257485,59.753828929691,53.265588822355284,38.80733069189431,34.59352073253493
2024-06-21,4985,4469,324,150,24,18,267617.8,173689.92178,240.90190571715146,203.0,445.0,0.8964894684052156,0.0649949849548646,0.03009027081243731,0.00481444332998997,0.0036108324974924774,59.88315059297382,53.68461384152457,38.86550051018125,34.842511891675024
2024-06-22,5307,4679,393,202,15,18,278855.8,181194.07897,243.67194271716602,203.0,457.0,0.8816657245147917,0.07405313736574336,0.03806293574524213,0.002826455624646693,0.0033917467495760316,59.59730711690532,52.544902958356886,38.72495810429579,34.14246824382891
2024-06-23,5108,4546,348,178,21,15,272403.6,177173.07933,243.2556773688332,204.0,452.0,0.8899765074393109,0.06812842599843383,0.03484729835552075,0.004111198120595145,0.0029365700861393894,59.921601407831055,53.328817541111974,38.973400644522656,34.685410988645266
2024-06-24,4965,4505,273,155,21,11,269548.4,174692.89909,243.81067472306142,204.0,439.0,0.9073514602215509,0.05498489425981873,0.03121852970795569,0.004229607250755287,0.002215508559919436,59.83316315205328,54.289707955689835,38.777558066592675,35.18487393554884
2024-06-25,4748,4344,246,121,17,20,259859.6,169213.14151,245.52316764953665,206.0,448.0,0.9149115417017691,0.051811288963774224,0.025484414490311712,0.0035804549283909013,0.004212299915754001,59.82034990791897,54.73032855939343,38.953301452578266,35.63882508635214
2024-06-26,4921,4377,341,166,25,12,262188.0,170277.69484999997,242.64377159114002,202.0,452.0,0.8894533631375736,0.06929485876854298,0.03373298110140215,0.005080268238162975,0.002438528754318228,59.90130226182317,53.27941475309896,38.90283181402787,34.60225459256248
2024-06-27,5085,4544,342,160,30,9,271462.6,176614.69563,240.41297935103245,201.0,444.2000000000007,0.8936086529006882,0.06725663716814159,0.03146509341199607,0.0058997050147492625,0.0017699115044247787,59.74088908450704,53.38497541789577,38.86767069322183,34.732486849557525
2024-06-28,5147,4698,284,131,22,12,281297.8,182202.11596999998,239.28579755197202,203.0,436.40000000000055,0.912764717311055,0.055177773460268115,0.025451719448222266,0.004274334563823586,0.0023314552166310474,59.87607492550021,54.652768603069745,38.7829110195828,35.39967281328929
2024-06-29,5413,4812,363,192,24,22,287574.4,186736.60142999998,239.45279881766118,199.0,450.8000000000002,0.8889709957509699,0.06706077960465547,0.03547016441899132,0.004433770552373915,0.004064289673009422,59.7619285120532,53.12662109735822,38.80644252493766,34.49780185294661
2024-06-30,5198,4670,327,172,16,13,279422.6,181951.72142000002,243.38380146210082,204.0,453.3000000000002,0.8984224701808388,0.06290881108118507,0.03308964986533282,0.0030781069642170067,0.002500961908426318,59.83353319057815,53.75579068872643,38.96182471520342,35.00417880338592
2024-07-01,4685,4480,104,71,19,11,292280.4,198490.14774,244.67918890074708,208.0,435.0,0.9562433297758804,0.022198505869797224,0.015154749199573105,0.004055496264674493,0.0023479188900747067,65.24116071428573,62.386424759871936,44.30583654910715,42.367160670224116
2024-07-02,4886,4697,112,55,16,6,305367.95,207088.82737,245.9295947605403,210.0,438.0,0.9613180515759312,0.022922636103151862,0.01125665165779779,0.003274662300450266,0.0012279983626688497,65.0134021715989,62.498557101923865,44.08959492654886,42.384123489562015
2024-07-03,4946,4720,122,61,30,13,307246.05,208476.80753,240.6314193287505,206.0,434.0,0.9543065103113627,0.02466639708855641,0.012333198544278204,0.00606550748079256,0.0026283865750101093,65.09450211864406,62.120107157298825,44.16881515466101,42.15058785483219
2024-07-04,4962,4766,108,53,22,13,310027.9,210535.8078,242.91656590084642,205.0,435.0,0.9604997984683595,0.02176541717049577,0.010681176944780331,0.004433696090286175,0.0026199113260781943,65.04991607217794,62.48043127771061,44.17452954259337,42.42962672309553
2024-07-05,4850,4665,107,51,16,11,304213.0,206705.78765,242.39525773195876,210.0,425.2000000000007,0.9618556701030928,0.022061855670103093,0.010515463917525773,0.0032989690721649486,0.002268041237113402,65.2117899249732,62.724329896907214,44.309922325830655,42.61975003092784
2024-07-06,5197,4984,100,84,22,7,324057.45,219284.91324,245.9988454877814,207.0,440.0,0.9590148162401385,0.01924187030979411,0.016163171060227053,0.004233211468154705,0.0013469309216855877,65.0195525682183,62.354714258225904,43.997775529695026,42.194518614585334
2024-07-07,5199,4981,125,64,13,16,322675.3,218989.16239,241.2571648393922,208.0,433.0,0.9580688593960377,0.02404308520869398,0.012310059626851317,0.002500480861704174,0.0030775149067128293,64.78122866894198,62.06487786112714,43.96489909455933,42.121400728986345
2024-07-08,4698,4506,101,64,14,13,293024.3,199550.88765,245.39570029799916,206.0,441.0,0.9591315453384419,0.02149851000425713,0.01362281822051937,0.002979991485738612,0.002767134951042997,65.02980470483799,62.37213707960834,44.285594241011985,42.47571044061303
2024-07-09,5037,4824,118,65,18,12,313367.15,212965.89829,242.87869763748262,209.0,429.0,0.957712924359738,0.02342664284296208,0.012904506650784197,0.00357355568790947,0.0023823704586063135,64.9600228026534,62.213053404804455,44.14715967868989,42.2803053980544
2024-07-10,5011,4793,121,65,19,13,311529.7,211847.17358,244.3378567152265,209.0,436.0,0.9564957094392337,0.024146876870884054,0.012971462781879864,0.003791658351626422,0.002594292556375973,64.99680784477363,62.1691678307723,44.19928511996662,42.276426577529435
2024-07-11,5000,4778,128,57,22,15,312078.7,211569.57355,243.2854,208.0,433.10000000000036,0.9556,0.0256,0.0114,0.0044,0.003,65.31575973210549,62.41574,44.27994423398912,42.31391471
2024-07-12,5066,4836,123,73,20,14,315458.3,214052.86843,244.34208448480064,207.0,439.0,0.9545992893801816,0.02427951046190288,0.01440979076194236,0.0039478878799842085,0.0027635215159889457,65.23124483043837,62.269699960521116,44.26237974152192,42.25283624753257
2024-07-13,5479,5231,134,74,20,20,340641.25,231099.51086,245.17941230151487,207.0,435.0,0.9547362657419237,0.02445701770396058,0.01350611425442599,0.003650301149844862,0.003650301149844862,65.11971898298604,62.172157327979555,44.17883977442172,42.17914051104216
2024-07-14,5198,4951,121,78,28,20,322191.3,218804.03763,244.01231242785687,210.0,429.0,0.9524817237398999,0.023278183916891113,0.015005771450557906,0.005386687187379761,0.003847633705271258,65.07600484750556,61.983705271258174,44.19390782266209,42.09388950173144
2024-07-15,5047,4824,114,72,21,16,314132.65,213178.61942,241.73608084010303,205.0,427.0,0.9558153358430751,0.022587675847037844,0.01426590053497127,0.004160887656033287,0.0031702001188825043,65.11870854063018,62.241460273429766,44.1912560986733,42.23868028928076
2024-07-16,5089,4864,119,72,18,16,317753.75,215497.32294,241.26272352132048,206.0,423.0,0.9557869915504028,0.023383768913342505,0.014148162703871094,0.0035370406759677735,0.003144036156415799,65.32766241776316,62.43932992729416,44.30454830180921,42.34571093338574
2024-07-17,5222,4987,128,60,23,24,326066.45,221340.81017,243.51512830333206,209.5,436.90000000000055,0.9549980850248947,0.024511681348142474,0.011489850631941785,0.004404442742244351,0.004595940252776714,65.38328654501704,62.44091344312524,44.38355928814919,42.38621412677136
2024-07-18,5135,4909,134,61,20,11,319559.25,217371.81008000002,242.37565725413828,208.0,429.0,0.9559883154819864,0.026095423563777993,0.011879259980525803,0.0038948393378773127,0.002142161635832522,65.09660827052353,62.23159688412853,44.28026279894072,42.33141384225901
2024-07-19,5240,5022,117,70,18,13,326998.85,222116.06981,243.9776717557252,209.0,436.0,0.9583969465648855,0.02232824427480916,0.013358778625954198,0.003435114503816794,0.002480916030534351,65.11327160493826,62.404360687022894,44.228608086419754,42.38856294083969
2024-07-20,5312,5078,120,72,23,19,330134.15,223977.6466,242.75960090361446,207.0,432.0,0.9559487951807228,0.022590361445783132,0.01355421686746988,0.004329819277108434,0.0035768072289156625,65.01263292634896,62.148748117469886,44.10745305238283,42.16446660391566
2024-07-21,5354,5127,133,58,18,18,333584.1,227143.05957,244.1283152782966,207.5,433.6999999999998,0.9576017930519238,0.024841240194247292,0.010833022039596563,0.0033619723571161747,0.0033619723571161747,65.06418958455237,62.30558460963765,44.30330789350498,42.42492707695181
2024-07-22,5094,4878,114,67,27,8,315922.35,215323.01397,242.29426776599922,206.0,432.0,0.9575971731448764,0.02237926972909305,0.01315272870043188,0.00530035335689046,0.0015704750687082843,64.76472939729396,62.01852179034157,44.1416592804428,42.269928144876324
2024-07-23,5250,5023,115,64,27,21,328172.45,222537.91186,242.1784761904762,205.0,437.0,0.9567619047619048,0.021904761904761906,0.01219047619047619,0.005142857142857143,0.004,65.33395381246267,62.5090380952381,44.30378496117858,42.388173687619044
2024-07-24,5335,5093,133,75,18,16,331544.85,224889.67163,244.7842549203374,206.0,438.0,0.954639175257732,0.02492970946579194,0.014058106841611996,0.003373945641986879,0.002999062792877226,65.0981445120754,62.145238987816306,44.156621172197134,42.153640417994374
2024-07-25,4936,4722,110,67,22,15,306635.95,209221.29268,244.44529983792543,203.0,436.0,0.956645056726094,0.022285251215559156,0.013573743922204213,0.004457050243111832,0.0030388978930307943,64.93772765777213,62.122356158833064,44.307770580262606,42.386809700162075
2024-07-26,4968,4758,112,66,17,15,309974.3,211637.84649999999,244.2644927536232,207.0,433.3000000000002,0.9577294685990339,0.02254428341384863,0.013285024154589372,0.003421900161030596,0.0030193236714975845,65.1480243799916,62.39418276972624,44.48042171080286,42.60021064814814
2024-07-27,5403,5197,133,48,15,10,337236.4,229191.39989,239.93633166759207,206.0,422.0,0.9618730334999075,0.02461595409957431,0.008883953359244865,0.00277623542476402,0.0018508236165093468,64.89059072541852,62.41650934665927,44.1007119280354,42.41928556172497
2024-07-28,5401,5172,121,65,22,21,335972.9,228672.21371,243.46583965932234,208.0,439.0,0.9576004443621552,0.02240325865580448,0.012034808368820588,0.004073319755600814,0.0038881688576189594,64.95995746326373,62.205684132568045,44.21349839713844,42.33886571190521
2024-07-29,5244,4981,148,74,28,13,323988.8,220585.53811999998,242.05797101449275,206.0,431.0,0.9498474446987033,0.02822273073989321,0.014111365369946605,0.005339435545385202,0.002479023646071701,65.04493073679984,61.78276125095347,44.28539211403333,42.064366536994655
2024-07-30,5275,5033,132,68,31,11,327116.55,222446.22243000002,242.32511848341233,207.0,431.0,0.9541232227488151,0.025023696682464455,0.012890995260663507,0.005876777251184834,0.002085308056872038,64.99434730776872,62.01261611374407,44.197540717266044,42.16989998672986
2024-07-31,5169,4944,127,51,26,21,320572.1,218622.93305,238.64983555813504,204.0,424.1999999999998,0.9564712710388856,0.02456954923582898,0.009866511897852582,0.005029986457728767,0.004062681369704005,64.8406351132686,62.01820468175662,44.219848917880256,42.29501509963242
2024-08-01,5268,5035,139,59,22,13,328702.45,223781.49503,243.42293090356873,208.0,428.0,0.9557706909643129,0.026385725132877753,0.011199696279422931,0.004176157934700076,0.0024677296886864084,65.28350546176763,62.39606112376614,44.44518272691162,42.479403004935456
2024-08-02,5354,5152,100,65,19,18,335475.2,228242.85048999998,243.15651849084796,207.0,436.0,0.962271199103474,0.01867762420620097,0.012140455734030631,0.0035487485991781845,0.0033619723571161747,65.11552795031056,62.658797161001125,44.301795514363356,42.630341892043326
2024-08-03,5415,5168,131,75,24,17,335000.65,228159.9502,245.2860572483841,209.0,436.60000000000036,0.9543859649122807,0.024192059095106185,0.013850415512465374,0.00443213296398892,0.003139427516158818,64.82210719814242,61.86530932594645,44.1485971749226,42.134801514312095
2024-08-04,5684,5476,101,64,26,17,354935.85,241625.93305,244.93085855031669,209.0,436.0,0.9634060520760028,0.01776917663617171,0.011259676284306826,0.004574243490499648,0.0029908515130190006,64.81662710007303,62.44473082336383,44.12453123630387,42.50984043807178
2024-08-05,5219,4984,119,74,29,13,323767.9,220935.36307,244.18528453726768,206.0,440.1999999999998,0.9549722168997893,0.02280130293159609,0.014178961486874881,0.005556620042153669,0.0024908986395861276,64.96145666131622,62.03638628089673,44.328925174558584,42.33289194673309
2024-08-06,5320,5106,109,64,27,14,331911.65,226408.78808000003,239.9390977443609,204.0,429.0,0.9597744360902256,0.02048872180451128,0.012030075187969926,0.0050751879699248124,0.002631578947368421,65.0042401096749,62.38940789473685,44.34171329416373,42.55804287218046
2024-08-07,5354,5145,127,54,19,9,334619.15,228136.25754000002,242.4135225999253,209.0,425.0,0.9609637654090399,0.023720582741875232,0.010085917071348524,0.0035487485991781845,0.0016809861785580874,65.03773566569485,62.49890735898394,44.341352291545185,42.61043286141203
2024-08-08,5537,5292,137,68,22,18,344306.75,234657.14143000002,244.44013003431462,208.0,429.40000000000055,0.9557522123893806,0.02474264041899946,0.012281018602131119,0.003973270724218891,0.0032508578652700017,65.06174414210129,62.18290590572512,44.34186345993953,42.37983410330504
2024-08-09,5397,5151,145,61,24,16,335748.4,228755.41434000002,241.43839169909208,204.0,433.40000000000055,0.9544191217342969,0.026866777839540487,0.011302575504910135,0.0044469149527515284,0.002964609968501019,65.18120753251796,62.21019084676673,44.409903774024464,42.385661356309065
2024-08-10,5760,5540,121,64,23,12,359568.85,244985.62127,241.10555555555555,204.0,432.10000000000036,0.9618055555555556,0.021006944444444446,0.011111111111111112,0.003993055555555555,0.0020833333333333333,64.90412454873646,62.42514756944444,44.221231276173285,42.53222591493056
2024-08-11,5645,5394,126,87,19,19,351374.75,239583.48442,245.30434012400355,210.0,441.0,0.9555358724534987,0.022320637732506643,0.015411868910540302,0.003365810451727192,0.003365810451727192,65.1417779013719,62.24530558015943,44.41666377827215,42.44171557484499
2024-08-12,5112,4889,115,73,23,12,317420.25,216834.70087,244.8544600938967,208.0,440.90000000000055,0.956377151799687,0.022496087636932706,0.014280125195618153,0.004499217527386541,0.002347417840375587,64.92539374105134,62.093163145539904,44.351544461034976,42.41680376956182
2024-08-13,5550,5315,120,79,21,15,344468.95,234916.43187,248.0618018018018,210.0,448.0,0.9576576576576576,0.021621621621621623,0.014234234234234235,0.0037837837837837837,0.002702702702702703,64.81071495766699,62.06647747747748,44.19876422765757,42.32728502162162
2024-08-14,5474,5234,138,71,19,12,340805.45,232269.30139,241.8551333576909,207.0,427.0,0.9561563755937158,0.025210084033613446,0.012970405553525757,0.0034709535988308366,0.0021921812203142127,65.11376576232327,62.2589422725612,44.3770159323653,42.431366713554986
2024-08-15,5255,5051,119,50,21,14,328344.6,224364.70474000002,239.8464319695528,203.0,434.0,0.9611798287345386,0.02264509990485252,0.009514747859181731,0.003996194100856327,0.002664129400570885,65.00586022569787,62.48232159847763,44.41985839239755,42.69547188201713
2024-08-16,5517,5283,130,61,26,17,344533.95,234967.91462,243.19847743338772,207.0,423.0,0.9575856443719413,0.023563530904477072,0.01105673373210078,0.004712706180895414,0.0030813848105854633,65.21558773424191,62.44951060358891,44.476228396744276,42.589797828529996
2024-08-17,5674,5403,142,86,28,15,349845.05,238798.94663000002,246.27106097990836,208.0,439.6999999999998,0.9522382798731054,0.025026436376454,0.01515685583362707,0.004934790271413465,0.0026436376454000705,64.75014806588932,61.657569615791324,44.197473002035906,42.08652566619669
2024-08-18,5709,5449,143,82,25,10,354649.6,241849.34764000002,241.4419337887546,205.0,427.0,0.954457873533018,0.025048169556840076,0.014363286039586618,0.004379050621825188,0.0017516202487300753,65.08526335107359,62.12114205640217,44.38417097449073,42.36282144683833
2024-08-19,5607,5365,136,68,22,16,349471.2,238463.87874999997,242.04155519885856,205.0,429.0,0.9568396647048333,0.024255395041911897,0.012127697520955948,0.0039236668450151595,0.0028535758872837527,65.13908667287978,62.32766185125736,44.44806686859273,42.52967339932227
2024-08-20,5240,4988,132,82,28,10,323702.55,221597.28871,242.63396946564885,205.0,429.0,0.9519083969465649,0.025190839694656488,0.015648854961832062,0.0053435114503816794,0.0019083969465648854,64.8962610264635,61.77529580152672,44.42608033480353,42.28955891412214
2024-08-21,5204,4984,118,58,26,18,324182.15,222014.19799000002,243.93562644119908,207.0,439.0,0.9577248270561107,0.022674865488086088,0.011145272867025366,0.004996156802459646,0.0034588777863182167,65.04457263242377,62.29480207532668,44.54538482945426,42.662220981936976
2024-08-22,5652,5418,114,82,30,8,353900.45,241008.89484999998,244.08474876150035,206.0,435.0,0.9585987261146497,0.020169851380042462,0.014508138711960368,0.005307855626326964,0.0014154281670205238,65.31938907345884,62.615083156404815,44.48300015688446,42.6413472841472
2024-08-23,5825,5580,133,67,27,18,363934.05,248591.61017,241.4489270386266,208.0,427.0,0.9579399141630901,0.022832618025751074,0.011502145922746782,0.0046351931330472105,0.003090128755364807,65.22115591397849,62.47794849785407,44.55046777240143,42.67667127381974
2024-08-24,6036,5777,143,85,21,10,374748.3,255838.55674000003,246.09940357852884,205.0,448.0,0.957090788601723,0.02369118621603711,0.014082173624917163,0.0034791252485089465,0.0016567263088137839,64.86901505971957,62.08553677932405,44.285711743119265,42.38544677601061
2024-08-25,5900,5663,127,65,25,20,368185.95,251409.22814,240.85254237288135,205.0,424.0,0.9598305084745763,0.02152542372881356,0.011016949152542373,0.00423728813559322,0.003389830508474576,65.01606039201836,62.40439830508475,44.39506059332509,42.61173358305085
2024-08-26,5508,5253,139,72,28,16,340486.65,233057.42137,241.1063907044299,207.0,433.3000000000002,0.9537037037037037,0.02523602033405955,0.013071895424836602,0.005083514887436456,0.002904865649963689,64.81756139348944,61.81674836601307,44.36653747763183,42.31253111292665
2024-08-27,5687,5425,138,76,31,17,352751.2,241271.74229999998,244.80481800597855,206.0,444.0,0.9539300158255671,0.024265869526991383,0.013363812203270617,0.0054510286618603835,0.002989273782310533,65.02326267281106,62.02764199050466,44.474053880184336,42.42513492175136
2024-08-28,5732,5465,132,86,22,27,355782.3,243403.11561,242.63224005582694,204.0,430.0,0.9534193998604327,0.023028611304954642,0.015003489183531053,0.0038381018841591066,0.00471039776692254,65.10197621225983,62.069487090020935,44.538538995425434,42.463907119679
2024-08-29,5774,5529,131,80,22,12,359064.35,245466.67774999997,241.67751991686873,207.0,427.0,0.9575684101143055,0.022687911326636646,0.013855213023900243,0.0038101835815725666,0.0020782819535850364,64.94200578766504,62.18641323172844,44.39621590703563,42.51241388119154
2024-08-30,5624,5407,105,61,31,20,352035.75,240853.27588,244.40665007112375,208.0,435.0,0.9614153627311522,0.018669985775248935,0.010846372688477952,0.005512091038406828,0.0035561877667140826,65.10740706491585,62.59526137980085,44.544715346772705,42.8259736628734
2024-08-31,6260,6008,145,66,25,16,390457.9,266638.47941,243.7493610223642,207.0,437.0,0.9597444089456869,0.0231629392971246,0.010543130990415336,0.003993610223642172,0.0025559105431309905,64.9896637816245,62.373466453674126,44.3805724717044,42.59400629552716
2024-09-01,5861,5619,129,77,18,18,364536.45,249304.36047,243.8969459136666,206.0,439.0,0.9587101177273503,0.022009895922197577,0.013137689814024911,0.0030711482682136155,0.0030711482682136155,64.87568072610784,62.19697150656885,44.3681011692472,42.53614749530797
2024-09-02,5837,5583,137,73,18,26,363122.1,248448.63896,242.70464279595683,206.0,442.0,0.9564844954599966,0.023470961110159328,0.012506424533150592,0.0030837759122837073,0.004454342984409799,65.04067705534658,62.21039917765975,44.500920465699444,42.56444045913997
2024-09-03,5844,5556,164,78,23,23,360308.3,247088.68254,239.83658453114305,205.5,428.0,0.9507186858316222,0.02806297056810404,0.013347022587268994,0.003935660506502395,0.003935660506502395,64.85030597552196,61.65439767282683,44.47240506479482,42.28074649897331
2024-09-04,5737,5476,141,76,25,19,356651.95,244148.73741,242.34913717971065,205.0,435.0,0.9545058392888269,0.02457730521178316,0.013247341816280286,0.004357678229039568,0.0033118354540700714,65.13001278305333,62.16697751438034,44.5852332742878,42.55686550636221
2024-09-05,5911,5639,147,88,24,13,366642.7,250955.35186,245.2628996785654,208.0,435.0,0.9539840974454407,0.024868888512941972,0.014887497885298596,0.004060226695990526,0.0021992894603282014,65.0190991310516,62.027186601251906,44.50352045752793,42.45565079681949
2024-09-06,5868,5606,140,66,35,21,363736.05,249663.77103,239.49488752556238,202.0,432.0,0.9553510565780504,0.023858214042263123,0.011247443762781187,0.005964553510565781,0.0035787321063394683,64.8833481983589,61.98637525562372,44.535100076703536,42.546654913087934
2024-09-07,6021,5739,159,88,16,19,372977.7,255442.37595000002,245.7340973260256,206.0,436.0,0.9531639262580966,0.026407573492775286,0.014615512373359906,0.0026573658860654377,0.0031556219897027073,64.9900156821746,61.946138515196814,44.50991042864611,42.42524098156453
2024-09-08,6078,5818,146,73,22,19,377209.9,258865.76653999998,239.77295162882527,205.0,423.0,0.9572227706482396,0.024021059559065482,0.012010529779532741,0.0036196117143797303,0.0031260282987824943,64.83497765555174,62.06151694636394,44.49394405981437,42.590616410003285
2024-09-09,5929,5678,133,67,37,14,369292.0,253079.16823,244.28470231067632,207.0,433.1999999999998,0.9576657109124641,0.02243211334120425,0.011300387923764548,0.0062405127340192275,0.0023612750885478157,65.03909827404016,62.285714285714285,44.57188591581543,42.68496681227863
2024-09-10,6761,6502,149,56,33,21,421034.9,286883.60167999996,241.88256175122024,206.0,430.0,0.9616920573879604,0.022038160035497707,0.008282798402603165,0.004880934772962579,0.0031060494009761868,64.75467548446632,62.27405709214614,44.122362608428176,42.432125673716904
2024-09-11,6525,6246,151,87,30,11,402968.75,275702.03143000003,243.1328735632184,207.0,430.0,0.9572413793103448,0.02314176245210728,0.013333333333333334,0.004597701149425287,0.001685823754789272,64.51629042587255,61.75766283524904,44.14057499679796,42.2531848934866
2024-09-12,6412,6150,144,74,27,17,396944.4,271125.0582,242.4198378041173,205.0,432.0,0.9591391141609482,0.022457891453524642,0.011540860885839051,0.00421085464753587,0.0026512788521522146,64.54380487804879,61.9064878353088,44.08537531707317,42.2840078290705
2024-09-13,6601,6313,153,83,27,25,408969.0,279083.23624,243.438115437055,207.0,438.0,0.956370246932283,0.023178306317224662,0.012573852446599,0.00409028935009847,0.0037873049537948795,64.78203706637098,61.955612785941526,44.20770414066212,42.27893292531434
2024-09-14,6791,6484,157,90,35,25,417728.85,285054.44045,243.14489765866588,205.0,433.0,0.9547931085259903,0.023118833750552202,0.01325283463407451,0.005153880135473421,0.003681342953909586,64.42456045650833,61.51212634369018,43.96274528840222,41.97532623324989
2024-09-15,6876,6589,158,83,26,20,427116.4,291704.63800000004,245.74912739965097,207.0,438.0,0.95826061663758,0.02297847585805701,0.012070971495055264,0.0037812681791739382,0.0029086678301337987,64.82264380027318,62.11698662012798,44.2714581878889,42.42359482257127
2024-09-16,6565,6286,153,80,29,17,405326.25,277600.65921,241.75963442498096,206.0,430.0,0.9575019040365575,0.023305407463823306,0.012185833968012186,0.004417364813404418,0.0025894897182025894,64.48079064587974,61.74047981721249,44.161733886414254,42.284944281797415
2024-09-17,6583,6307,161,71,24,20,407680.2,279007.16694,240.98389791888198,205.0,431.0,0.9580738265228619,0.02445693452833055,0.010785356220568131,0.0036457542154033117,0.003038128512836093,64.63932138893293,61.92924198693605,44.23769889646425,42.38298145830169
2024-09-18,6661,6385,156,71,29,20,413778.5,282157.2572,242.8416153730671,205.0,425.0,0.9585647800630536,0.02341990692088275,0.010659060201170995,0.004353700645548716,0.0030025521693439424,64.80477682067345,62.119576640144125,44.19064325763508,42.359594235099834
2024-09-19,6695,6390,178,79,25,23,413006.85,281845.81883999996,242.15175504107543,205.0,430.0,0.9544436146377894,0.026587005227781926,0.011799850634802092,0.0037341299477221808,0.0034353995519044063,64.63330985915492,61.6888498879761,44.10732689201878,42.09795651082897
2024-09-20,6793,6486,162,97,24,24,419881.4,286899.90284,243.93198881201238,206.0,434.0,0.9548064183718534,0.023848078904754894,0.014279405270131017,0.003533048726630355,0.003533048726630355,64.73657107616405,61.81089356690711,44.23371921677459,42.23463901663477
2024-09-21,7147,6832,159,100,35,21,439442.4,300284.52366000006,246.6311739191269,208.0,437.0,0.9559255631733594,0.022247096683923325,0.013991884706870015,0.004897159647404506,0.002938295788442703,64.3211943793911,61.48627396110256,43.95265276053864,42.01546434308102
2024-09-22,7011,6700,167,83,31,30,432758.25,295774.94588,246.5167593781201,210.0,441.0,0.955641135358722,0.02381971188132934,0.01183853943802596,0.004421623163600057,0.004278990158322636,64.59078358208956,61.72560975609756,44.145514310447766,42.18726941663101
2024-09-23,6625,6317,178,86,28,16,408268.05,278643.35914,240.0582641509434,206.0,425.0,0.9535094339622642,0.026867924528301886,0.012981132075471698,0.004226415094339623,0.0024150943396226416,64.63005382301725,61.625366037735844,44.110077432325475,42.0593749645283
2024-09-24,6781,6492,160,88,19,22,419283.5,286540.45506,241.968588703731,205.0,431.0,0.9573809172688394,0.023595339920365728,0.01297743695620115,0.00280194661554343,0.0032443592390502874,64.5846426370918,61.83210440937915,44.13746997227357,42.25637148798113
2024-09-25,6811,6512,164,93,26,16,420751.55,287581.74251,243.1726618705036,208.0,431.0,0.9561004257818235,0.024078696226692117,0.013654382616355895,0.003817354279841433,0.0023491410952870355,64.61172450859951,61.77529731316987,44.16181549600737,42.22313059903098
2024-09-26,6887,6572,173,89,33,20,424166.3,290374.55640999996,243.5973573399158,207.0,432.0,0.9542616523885582,0.02511979091041092,0.012922898214026427,0.004791636416436765,0.002904022070567736,64.54143335362143,61.58941483955278,44.1835904458308,42.1627060272978
2024-09-27,6895,6567,180,85,43,20,423166.7,289766.46797,241.60159535895576,207.0,431.0,0.9524292965917331,0.02610587382160986,0.012327773749093546,0.006236403190717912,0.0029006526468455403,64.43835845896147,61.37298042059464,44.124633465813915,42.0255936142132
2024-09-28,7300,6982,167,89,26,36,450732.0,307848.49012000003,240.4078082191781,203.0,428.10000000000036,0.9564383561643836,0.02287671232876712,0.012191780821917807,0.003561643835616438,0.004931506849315068,64.55628759667717,61.744109589041095,44.09173447722716,42.17102604383562
2024-09-29,7116,6837,151,82,31,15,440137.65,301121.39787,242.34808881394042,205.0,434.0,0.9607925801011804,0.021219786396852163,0.011523327712197865,0.004356379988757729,0.0021079258010118043,64.37584466871435,61.85183389544688,44.04291324703817,42.316104253794265
2024-09-30,6961,6637,173,90,31,30,427473.45,292386.60385,245.38686970262893,208.0,436.0,0.9534549633673323,0.024852751041517022,0.0129291768424077,0.004453383134607096,0.0043097256141359,64.40763145999699,61.409775894268066,44.054031015519065,42.00353452808505
2024-10-01,6982,6682,155,92,41,12,441446.95,304854.30679,244.0633056430822,207.0,432.0,0.9570323689487253,0.022199942709825265,0.013176740189057576,0.005872242910340876,0.0017187052420509883,66.06509278659084,63.226432254368376,45.62321262945226,43.6628912618161
2024-10-02,7131,6819,166,77,47,22,452313.4,313087.94798,241.0538493899874,205.0,432.0,0.9562473706352546,0.023278642546627402,0.010797924554760903,0.006590940961996915,0.003085121301360258,66.33133890599795,63.4291684195765,45.91405601701129,43.905195341466836
2024-10-03,7124,6819,155,96,35,19,450450.55,311941.54527999996,242.51698483997754,208.0,430.0,0.9571869736103312,0.02175743964065132,0.01347557551937114,0.004912970241437394,0.0026670409882088714,66.05815368822408,63.23000421111735,45.74593712861124,43.78741511510387
2024-10-04,7193,6862,178,88,38,27,452936.25,313832.17749000003,242.99902683164188,208.0,431.0,0.9539830390657584,0.02474628110663145,0.012234116502154873,0.005282913944112331,0.0037536493813429724,66.00644855727194,62.96903239260392,45.73479706936754,43.63022069929098
2024-10-05,7493,7130,195,104,41,23,471090.5,326450.54464000004,240.93193647404243,206.0,430.8000000000002,0.9515547844655011,0.026024289336714267,0.013879620979580943,0.005471773655411717,0.0030695315627919393,66.07159887798036,62.870746029627654,45.78549013183731,43.56740219404778
2024-10-06,7405,7079,178,98,30,20,466802.0,323453.00824,241.59932478055367,206.0,431.60000000000036,0.9559756920999325,0.024037812288993925,0.013234301147873058,0.004051316677920324,0.0027008777852802163,65.94179968922164,63.03875759621877,45.691906800395536,43.68035222687374
2024-10-07,6952,6655,168,87,16,26,440877.95,306058.46226000006,239.47540276179518,205.0,425.0,0.9572784810126582,0.024165707710011506,0.012514384349827387,0.0023014959723820483,0.0037399309551208286,66.24762584522915,63.41742663981588,45.98925052742299,44.02451988780208
2024-10-08,6970,6681,156,91,27,15,443866.65,307721.28502,242.94146341463414,207.0,435.10000000000036,0.9585365853658536,0.022381635581061692,0.013055954088952654,0.0038737446197991392,0.002152080344332855,66.43715761113606,63.682446197991396,46.059165547073796,44.149395268292686
2024-10-09,7025,6734,157,91,27,16,447612.5,310643.70375,243.45950177935944,207.0,431.0,0.958576512455516,0.022348754448398577,0.01295373665480427,0.0038434163701067618,0.002277580071174377,66.47052272052272,63.71708185053381,46.13063613751113,44.21974430604982
2024-10-10,7136,6836,150,92,29,29,453544.5,315086.46862,240.07048766816143,204.0,425.5,0.9579596412556054,0.02102017937219731,0.01289237668161435,0.004063901345291479,0.004063901345291479,66.34647454651844,63.55724495515695,46.09222770918666,44.15449392096413
2024-10-11,7208,6883,186,92,31,16,457191.9,317714.87968,245.93326859045504,210.0,434.3000000000002,0.9549112097669257,0.025804661487236404,0.012763596004439512,0.004300776914539401,0.0022197558268590455,66.42334737759698,63.42839900110988,46.15936069737033,44.07809096559379
2024-10-12,7519,7214,169,87,31,18,475959.55,330566.28271,245.55778693975262,209.0,438.0,0.9594360952254289,0.02247639313738529,0.01157068759143503,0.004122888682005586,0.0023939353637451788,65.97720404768505,63.300911025402314,45.82288365816468,43.964128568958635
2024-10-13,7382,7022,201,95,36,28,467288.55,324552.4871,240.9757518287727,207.0,429.0,0.9512327282579247,0.027228393389325384,0.012869141154158764,0.004876727174207532,0.003793010024383636,66.54636143548846,63.301076943917636,46.21938010538309,43.9653870360336
2024-10-14,7118,6812,163,90,29,24,451681.4,314144.69941,243.31371171677438,207.0,433.3000000000002,0.9570103961787019,0.02289969092441697,0.012644001123911211,0.004074178139926945,0.0033717336330429896,66.30672342924251,63.456223658331,46.11636808719906,44.133843693453215
2024-10-15,7124,6826,166,88,25,19,453388.95,315677.67146,244.5540426726558,210.0,431.0,0.9581695676586187,0.02330151600224593,0.012352610892756879,0.0035092644581695676,0.0026670409882088714,66.42088338704951,63.64246911847277,46.246362651626136,44.31185730769231
2024-10-16,7296,6958,178,114,30,16,462890.3,321699.05554,245.49904057017545,208.0,439.0,0.9536732456140351,0.024396929824561403,0.015625,0.004111842105263158,0.0021929824561403508,66.5263437769474,63.44439418859649,46.23441442081058,44.092524059758766
2024-10-17,7307,6983,199,82,26,17,464592.7,323168.22427,245.017380593951,209.0,438.0,0.9556589571643629,0.027234159025591897,0.011222115779389627,0.0035582318324893936,0.002326536198166142,66.53196333953888,63.58186670316135,46.279281722755265,44.227210109484055
2024-10-18,7192,6861,188,94,26,23,454308.8,315568.22098,244.94507786429367,208.0,440.0,0.9539766407119021,0.02614015572858732,0.01307007786429366,0.003615127919911012,0.0031979977753058956,66.21612009911091,63.16863181312569,45.99449365690133,43.877672550055614
2024-10-19,7677,7353,169,100,37,18,487444.7,339007.97312,240.9231470626547,205.0,426.0,0.9577960140679953,0.022013807476878988,0.013025921583952065,0.004819590986062264,0.0023446658851113715,66.2919488644091,63.49416438713039,46.104715506595944,44.15891274195649
2024-10-20,7582,7233,188,95,39,27,479377.6,333974.52624000004,243.341070957531,206.0,435.0,0.9539699287786864,0.024795568451595886,0.012529675547348984,0.005143761540490636,0.0035610656818781325,66.27645513618138,63.22574518596676,46.173721310659474,44.048341630176736
2024-10-21,7401,7093,168,91,30,19,469708.85,326951.84698000003,245.2115930279692,209.0,442.0,0.95838400216187,0.022699635184434536,0.01229563572490204,0.004053506282934738,0.0025672206458586676,66.22146482447484,63.46559248750169,46.09500168898915,44.17671219835158
2024-10-22,7268,6943,189,79,33,24,460164.95,320683.34549,242.5401761144744,209.0,425.0,0.9552834342322509,0.026004402861860208,0.010869565217391304,0.004540451293340671,0.003302146395156852,66.27753852801384,63.31383461750138,46.18800885640213,44.12263972069345
2024-10-23,7364,7048,159,95,38,24,468123.45,325778.1665,245.90249864204236,208.0,442.6999999999998,0.9570885388375883,0.021591526344378057,0.012900597501357958,0.005160239000543183,0.0032590983161325366,66.41933172531215,63.56918115154807,46.222781853007945,44.23929474470396
2024-10-24,7348,7040,154,97,31,26,466847.15,325107.7615,244.14099074578115,206.0,436.3000000000002,0.9580838323353293,0.020958083832335328,0.013200870985302123,0.004218835057158411,0.003538377789874796,66.31351562500001,63.53390718562875,46.18007975852273,44.244387792596626
2024-10-25,7361,7017,178,119,26,21,466269.5,324796.74433,242.47384866186658,205.0,432.0,0.9532672191278359,0.024181497079201194,0.016166281755196306,0.0035321287868496126,0.0028528732509169948,66.44855351289725,63.34322782230675,46.287123319082234,44.12399732780872
2024-10-26,8013,7635,217,103,42,16,504697.2,351371.2496,242.01647323099962,207.0,431.8000000000002,0.9528266566828903,0.02708099338574816,0.012854112067889679,0.005241482590789966,0.001996755272681892,66.10310412573673,62.98479970048671,46.02111979043877,43.85014970672657
2024-10-27,7817,7495,179,85,35,23,497858.8,346740.23016000004,244.24894460790586,209.0,439.0,0.9588077267493923,0.02289881028527568,0.010873736727644877,0.004477421005500831,0.0029423052321862608,66.4254569713142,63.68924139695535,46.26287260306871,44.35719971344506
2024-10-28,7472,7143,189,88,30,22,476048.7,331342.61058,239.84421841541757,205.0,419.90000000000055,0.9559689507494646,0.02529443254817987,0.011777301927194861,0.004014989293361884,0.0029443254817987153,66.6454850902982,63.71101445396146,46.38703774044519,44.34456779710921
2024-10-29,8367,8031,188,96,24,28,534175.05,372501.1275,243.50758933907017,206.0,432.0,0.9598422373610613,0.022469224333691886,0.011473646468268197,0.0028684116170670493,0.0033464802199115575,66.5141389615241,63.84307995697383,46.382907172207695,44.52027339548225
2024-10-30,8399,8034,206,100,38,21,532908.25,371361.95072,243.09215382783665,209.0,436.0,0.9565424455292296,0.02452672937254435,0.011906179307060364,0.0045243481366829385,0.0025002976544826767,66.3316218571073,63.44901178711751,46.223792720936025,44.21501973092035
2024-10-31,8271,7913,191,98,43,26,525141.35,366581.06177000003,244.34433563051627,209.0,439.0,0.9567162374561722,0.02309273364768468,0.01184862773546125,0.005198887679845243,0.0031435134808366584,66.36438139769999,63.49188127191391,46.326432676608114,44.321250365131185
2024-11-01,4735,4554,93,52,21,15,294779.0,203301.94593,242.14889123548048,208.0,429.0,0.9617740232312566,0.019640971488912355,0.010982048574445617,0.0044350580781415,0.0031678986272439284,64.72968818620993,62.25533262935586,44.64250020421607,42.93599702851108
2024-11-02,8731,8383,195,92,42,19,540029.55,372617.46383,241.04970793723513,209.0,423.0,0.9601420226778147,0.022334211430534875,0.010537166418508761,0.0048104455388844345,0.002176153934257244,64.41960515328641,61.8519699919826,44.44917855540976,42.67752420455847
2024-11-03,8583,8240,166,122,32,23,533232.3,367530.37552999996,244.2622626121403,208.0,432.0,0.9600372830012815,0.019340556914831643,0.014214144238611209,0.003728300128160317,0.002679715717115228,64.71265776699029,62.126564138413144,44.603200913834954,42.82073581847838
2024-11-04,7565,7254,166,93,32,20,471129.9,325599.81481999997,242.60264375413087,207.0,430.0,0.9588896232650364,0.021943159286186384,0.012293456708526107,0.0042300066093853275,0.0026437541308658294,64.94760132340778,62.27758096497026,44.88555484146677,43.040292771976205
2024-11-05,7580,7270,180,84,26,20,471089.85,325318.12967000005,243.26002638522428,206.0,428.0,0.9591029023746702,0.023746701846965697,0.01108179419525066,0.003430079155672823,0.002638522427440633,64.79915405777166,62.14905672823219,44.74802333837689,42.91795905936676
2024-11-06,7791,7452,180,100,35,24,485414.35,335330.7276,241.8828135027596,204.0,432.0,0.9564882556796304,0.023103581055063535,0.01283532280836863,0.004492362982929021,0.0030804774740084712,65.13880166398282,62.30449878064433,44.998755716586146,43.04078136311128
2024-11-07,7665,7335,189,94,26,21,473954.35,327676.96104,246.52028701891714,210.0,440.0,0.9569471624266145,0.024657534246575342,0.012263535551206784,0.0033920417482061318,0.0027397260273972603,64.6154533060668,61.83357469015003,44.673068989775054,42.74976660665362
2024-11-08,7801,7460,179,98,41,23,483333.35,334369.22149,240.2941930521728,203.0,425.0,0.9562876554287911,0.0229457761825407,0.01256249198820664,0.005255736444045635,0.002948339956415844,64.78999329758713,61.95787078579669,44.82161145978553,42.86235373541854
2024-11-09,8369,8007,202,105,30,25,518117.6,357669.46113,244.3698171824591,208.0,437.0,0.9567451308400048,0.02413669494563269,0.01254630182817541,0.0035846576651929743,0.0029872147209941452,64.70808042962408,61.90914087704624,44.66959674409892,42.73741918150317
2024-11-10,8064,7711,179,125,25,24,496218.9,342875.99436,248.61123511904762,210.0,446.0,0.9562251984126984,0.022197420634920636,0.015500992063492064,0.0031001984126984125,0.002976190476190476,64.35208144209571,61.535081845238096,44.46582730644534,42.519344538690476
2024-11-11,7689,7362,178,87,35,27,477871.25,330478.96142,241.83482897645987,207.0,432.0,0.9574717128365197,0.023149954480426584,0.01131486539211861,0.0045519573416569125,0.00351150994927819,64.91052023906548,62.1499869944076,44.88983447704428,42.980746705683444
2024-11-12,7791,7470,180,76,40,25,482348.05,334085.87659999996,244.00359389038636,206.0,439.0,0.9587986137851366,0.023103581055063535,0.00975484533436016,0.005134129123347452,0.0032088307020921576,64.57135876840697,61.910929277371324,44.723678259705494,42.881000718778076
2024-11-13,7879,7524,189,107,35,24,489161.95,338745.80995,242.97740830054576,208.0,431.1999999999998,0.9549435207513643,0.02398781571265389,0.01358040360451834,0.004442188094935905,0.003046071836527478,65.01354997341839,62.08426830816094,45.0220374734184,42.99350297626603
2024-11-14,7916,7597,150,120,26,23,490678.0,339471.76321,247.43911066195048,211.0,439.0,0.9597018696311268,0.018948964123294592,0.015159171298635674,0.003284487114704396,0.002905507832238504,64.58839015400817,61.9855987872663,44.68497607081743,42.88425507958565
2024-11-15,7994,7669,174,93,33,25,495230.55,342446.68469,240.62509382036527,204.0,430.0,0.9593445083812859,0.021766324743557667,0.011633725293970477,0.00412809607205404,0.003127345509131849,64.57563567609857,61.95028146109582,44.65336871691225,42.83796405929447
2024-11-16,8433,8046,170,133,43,41,518259.5,359093.91864,246.19625281631684,208.0,441.8000000000002,0.9541088580576307,0.02015889956124748,0.01577137436262303,0.005099015771374363,0.004861852247124392,64.41206810837683,61.45612474801376,44.63011665920954,42.58198964069726
2024-11-17,8157,7815,185,102,31,24,503467.45,348547.36462999997,240.766458256712,206.0,426.0,0.9580728208900331,0.022679906828490866,0.01250459727841118,0.0038004168199092803,0.002942258183155572,64.42321817018554,61.7221343631237,44.59979073960333,42.72984732499693
2024-11-18,7792,7455,183,97,34,23,482893.35,334313.45253,242.7050821355236,205.0,438.0,0.9567505133470225,0.023485626283367558,0.012448665297741274,0.004363449691991786,0.0029517453798767967,64.77442655935613,61.972965862422996,44.84419215694165,42.90470386678645
2024-11-19,7956,7621,185,89,43,18,493131.85,341674.88217,242.1557315233786,207.0,432.0,0.9578934137757668,0.023252890899949724,0.011186525892408246,0.005404725992961287,0.0022624434389140274,64.70697415037397,61.98238436400201,44.83333974150374,42.945560855957766
2024-11-20,7923,7592,179,98,31,23,492108.2,341039.50812,242.7184147418907,207.0,426.0,0.9582228953679162,0.022592452353906348,0.012369052126719677,0.003912659346207245,0.0029029408052505365,64.81930979978925,62.111346712104,44.92090465226554,43.044239318439985
2024-11-21,8062,7715,188,86,50,23,496788.1,344298.01756000007,242.24100719424462,207.0,426.0,0.9569585710741751,0.023319275613991566,0.010667328206400397,0.006201935003721161,0.002852890101711734,64.39249513933895,61.620950136442566,44.62709236033701,42.70627853634335
2024-11-22,8002,7663,196,87,32,24,497429.15,344480.44667,239.67958010497375,204.0,427.0,0.9576355911022244,0.024493876530867282,0.01087228192951762,0.003999000249937516,0.0029992501874531365,64.91310844316847,62.16310297425644,44.95373178520161,43.0492935103724
2024-11-23,8553,8224,172,102,31,24,528272.4,365403.83375999995,242.30258388869402,208.0,428.0,0.9615339646907518,0.020109902958026424,0.011925640126271484,0.003624459254062902,0.0028060329708874078,64.23545719844358,61.76457383374255,44.43140001945525,42.72230021746755
2024-11-24,8218,7853,208,99,28,30,506314.7,350626.66326,242.9381844731078,206.0,432.0,0.9555853005597469,0.025310294475541496,0.012046726697493307,0.0034071550255536627,0.0036505232416646385,64.4740481344709,61.61045266488197,44.64875375779957,42.66569277926503
2024-11-25,7960,7618,185,97,30,30,493587.25,342686.95337,242.97185929648242,207.0,430.0,0.957035175879397,0.023241206030150754,0.012185929648241205,0.0037688442211055275,0.0037688442211055275,64.79223549488054,62.008448492462314,44.983847908899975,43.05112479522613
2024-11-26,7984,7671,165,92,32,24,497411.55,344883.26268,242.19614228456913,208.0,426.0,0.9607965931863728,0.02066633266533066,0.011523046092184368,0.004008016032064128,0.003006012024048096,64.84311693390693,62.30104584168337,44.95936157997653,43.19680143787575
2024-11-27,8150,7766,201,117,37,29,503227.5,349095.6172,245.93705521472393,210.0,436.10000000000036,0.9528834355828221,0.024662576687116564,0.014355828220858896,0.004539877300613497,0.003558282208588957,64.79880247231522,61.745705521472395,44.95179206798866,42.83381806134969
2024-11-28,8190,7826,194,108,37,25,506598.05,351451.94826000003,242.54200244200246,205.0,434.0,0.9555555555555556,0.023687423687423687,0.013186813186813187,0.004517704517704518,0.0030525030525030525,64.7326923076923,61.85568376068376,44.908247924865826,42.9123257948718
2024-11-29,8189,7851,177,94,38,29,506024.1,351724.46779,245.45341311515446,207.0,436.0,0.9587251190621565,0.021614360727805593,0.011478813041885456,0.004640371229698376,0.0035413359384540237,64.45345815819641,61.79314934668457,44.79995768564515,42.950844766149714
2024-11-30,8626,8245,210,110,33,28,531162.65,367918.97129,243.36749362392766,206.0,434.0,0.9558312079758868,0.02434500347785764,0.012752144678877812,0.0038256434036633433,0.003246000463714352,64.42239539114615,61.576936007419434,44.62328335839903,42.65232683630884
2024-12-01,8630,8260,202,96,44,28,534459.15,370829.00779999996,241.46732329084588,205.0,433.0,0.9571263035921205,0.023406720741599073,0.011123986095017382,0.0050984936268829665,0.0032444959443800694,64.7044975786925,61.93037659327926,44.89455300242131,42.96975756662804
2024-12-02,8196,7821,200,112,33,30,505874.35,351797.26347,241.0252562225476,204.0,430.0,0.9542459736456809,0.02440214738897023,0.013665202537823329,0.004026354319180088,0.0036603221083455345,64.68154328091036,61.72210224499756,44.981110276179514,42.92304337115666
2024-12-03,7976,7612,199,112,31,22,492478.55,342162.50293,243.66411735205617,207.0,439.5,0.9543630892678034,0.024949849548645937,0.014042126379137413,0.0038866599799398196,0.0027582748244734203,64.69765501839201,61.745053911735205,44.95040763662638,42.899009895937816
2024-12-04,8208,7887,178,89,33,21,509274.85,353775.30789000005,243.08857212475633,207.0,435.0,0.9608918128654971,0.02168615984405458,0.01084307992202729,0.00402046783625731,0.0025584795321637425,64.57142766577913,62.04615618908382,44.855497386839104,43.1012802010234
2024-12-05,8266,7902,197,109,35,23,513743.5,356840.74132,242.14964916525525,204.0,433.0,0.9559641906605372,0.02383256714251149,0.013186547302201791,0.004234212436486813,0.002782482458262763,65.01436345229055,62.15140333897895,45.15828161478107,43.16970013549479
2024-12-06,8112,7740,188,115,44,25,501864.8,349516.01627,243.49186390532543,205.0,435.0,0.9541420118343196,0.023175542406311637,0.014176528599605522,0.005424063116370809,0.003081854043392505,64.8404134366925,61.86696252465483,45.157108045219644,43.0862939188856
2024-12-07,8762,8363,227,109,30,33,537896.35,373803.80278,240.39659895001142,204.0,429.0,0.9544624514950925,0.025907327094270714,0.012440082173019859,0.003423875827436658,0.0037662634101803243,64.31858782733468,61.389677014380275,44.697333825182355,42.661926818078065
2024-12-08,8501,8141,205,105,26,24,526729.05,365939.68357,241.92236207505,206.0,433.0,0.9576520409363605,0.024114810022350313,0.012351488060228209,0.003058463710151747,0.002823197270909305,64.70078000245671,61.96083401952712,44.950212943127376,43.04666316550994
2024-12-09,8307,7947,189,108,36,27,515221.0,358498.32928,241.71915252196942,204.0,432.0,0.9566630552546046,0.02275189599133261,0.013001083423618635,0.004333694474539545,0.0032502708559046588,64.83213791367812,62.022511135187194,45.1111525456147,43.15617302034429
2024-12-10,8342,7943,199,118,46,36,513176.65,357401.89092,242.62023495564614,206.0,430.90000000000055,0.9521697434667945,0.023855190601774153,0.014145288899544474,0.005514265164229201,0.004315511867657636,64.60740903940577,61.51722009110525,44.99583166561752,42.843669494126104
2024-12-11,8289,7929,201,101,36,22,513959.25,357378.41232999996,246.77041862709615,208.0,445.0,0.9565689467969598,0.024249004705030764,0.012184823259741826,0.004343105320304018,0.002654119917963566,64.82018539538403,62.00497647484618,45.072318366754956,43.11478010978405
2024-12-12,8370,7980,211,109,43,27,517760.2,360379.63586000004,242.9837514934289,205.0,438.0,0.953405017921147,0.025209080047789725,0.013022700119474312,0.005137395459976105,0.0032258064516129032,64.8822305764411,61.85904420549582,45.16035537092731,43.05610942174433
2024-12-13,8381,7980,209,123,43,26,516455.75,360127.16177,243.8951199140914,205.0,443.0,0.9521536809449946,0.024937358310464144,0.014676052976971722,0.0051306526667462115,0.0031022551008232906,64.7187656641604,61.62221095334686,45.12871701378446,42.96947402099988
2024-12-14,8828,8453,207,99,33,36,543857.5,378316.13847,246.70265065700045,209.0,445.0,0.9575215224286362,0.023448119619392842,0.011214318078840055,0.0037381060262800182,0.0040779338468509285,64.33899207381995,61.60596964204803,44.755251209038214,42.854116274354325
2024-12-15,8675,8253,212,117,54,39,533052.0,371483.8086,241.91873198847262,205.0,430.0,0.9513544668587897,0.024438040345821324,0.013487031700288185,0.00622478386167147,0.004495677233429395,64.58887677208288,61.44691642651297,45.01197244638313,42.822341048991355
2024-12-16,8256,7908,177,104,47,20,513573.95,357753.14379,244.0500242248062,207.0,433.0,0.9578488372093024,0.021438953488372093,0.012596899224806201,0.005692829457364341,0.0024224806201550387,64.94359509357612,62.20614704457365,45.23939602807284,43.3325028815407
2024-12-17,8447,8057,200,119,39,32,520038.25,362461.24402999994,240.39268379306262,207.0,427.0,0.9538297620456967,0.023677045104770925,0.0140878418373387,0.004617023795430331,0.003788327216763348,64.54489884572422,61.564845507280694,44.98712225766414,42.91005611814845
2024-12-18,8454,8088,208,95,35,28,523706.75,365289.14746,240.5162053465815,204.0,425.6999999999998,0.9567068843151171,0.024603737875561863,0.011237284125857581,0.0041400520463685826,0.0033120416370948664,64.75108184965381,61.94780577241542,45.16433573936696,43.20903092737166
2024-12-19,8481,8123,193,107,44,14,526056.4,367171.0485,245.18594505364933,207.0,441.0,0.9577879966985026,0.022756750383209526,0.01261643674095036,0.005188067444876783,0.0016507487324607948,64.76134433091222,62.027638250206344,45.20140939308137,43.29336735054828
2024-12-20,8570,8165,229,115,34,27,528457.75,367884.23838,241.17584597432906,206.0,428.0,0.9527421236872812,0.026721120186697783,0.013418903150525088,0.0039673278879813305,0.003150525087514586,64.72232088181262,61.663681446907816,45.056244749540724,42.92698230805134
2024-12-21,8920,8532,205,115,38,30,549936.45,382726.70704,243.43923766816144,207.0,435.0,0.9565022421524664,0.02298206278026906,0.01289237668161435,0.004260089686098654,0.0033632286995515697,64.45574894514768,61.65206838565022,44.85779501172058,42.90658150672646
2024-12-22,8790,8403,219,100,44,24,542142.5,377381.70330000005,242.42332195676906,207.0,434.10000000000036,0.9559726962457338,0.024914675767918087,0.011376564277588168,0.005005688282138794,0.0027303754266211604,64.51773176246579,61.67718998862343,44.91035383791503,42.93307204778158
2024-12-23,8491,8117,207,99,43,25,526495.45,367185.07467,242.001766576375,205.0,433.0,0.9559533623837004,0.024378753974796843,0.011659404074902839,0.005064185608291132,0.0029442939583087975,64.86330540840211,62.00629490048286,45.23654979302698,43.24403187728183
2024-12-24,8555,8197,192,112,32,22,530580.1,370264.34285,243.20783167738165,208.0,437.0,0.9581531268264173,0.02244301578024547,0.01309175920514319,0.003740502630040912,0.002571595558153127,64.72857142857143,62.019883109292806,45.17071402342321,43.28046088252484
2024-12-25,8540,8180,193,105,39,23,531344.85,370910.62284,243.08653395784543,207.0,431.0,0.9578454332552693,0.02259953161592506,0.012295081967213115,0.004566744730679157,0.002693208430913349,64.95658312958435,62.21836651053864,45.34359692420538,43.4321572412178
2024-12-26,8709,8325,212,106,39,27,539035.0,376231.52798,245.40027557698932,206.0,441.0,0.9559076817085773,0.02434263405672293,0.012171317028361465,0.0044781260764726145,0.003100241129865656,64.74894894894895,61.89401768285681,45.192976333933935,43.200313236881385
2024-12-27,8698,8337,204,106,27,24,538752.85,376149.65973,242.65658772131525,207.0,429.0,0.9584962060243735,0.02345366750977236,0.01218670958841113,0.003104161876293401,0.0027592550011496897,64.62190836032146,61.93985398942285,45.11810720043181,43.24553457461486
2024-12-28,9085,8675,216,120,44,30,558744.3,389808.53419000003,243.73968079251514,207.0,435.0,0.9548706659328564,0.023775454045129336,0.013208585580627407,0.0048431480462300495,0.003302146395156852,64.40856484149856,61.501849201981294,44.93470134755043,42.9068281992295
2024-12-29,8991,8600,190,133,35,33,555771.9,388051.19107,246.8210432654877,211.0,443.0,0.9565120676231788,0.021132243354465577,0.014792570348125905,0.0038927816705594484,0.003670337003670337,64.62463953488373,61.81424758091425,45.12223151976744,43.159958966744526
2024-12-30,8741,8364,213,106,40,18,542004.2,379093.07916,240.1788124928498,204.0,427.0,0.9568699233497312,0.024367921290470197,0.01212675895206498,0.004576135453609427,0.002059260954124242,64.8020325203252,62.00711589063036,45.32437579626973,43.36953199405102
2024-12-31,8688,8333,176,107,35,37,540922.1,378306.34259,242.36521639042357,206.0,433.0,0.9591390423572744,0.020257826887661142,0.012315837937384898,0.004028545119705341,0.004258747697974218,64.9132485299412,62.260831031307546,45.39857705388216,43.54354771984347
2025-01-01,8768,8429,202,88,28,21,544699.75,380892.55374,242.5878193430657,206.0,431.0,0.9613366788321168,0.02303832116788321,0.010036496350364963,0.0031934306569343066,0.00239507299270073,64.62210819788824,62.12360287408759,45.18834425673271,43.44121278968978
2025-01-02,8840,8453,199,123,40,25,546782.35,383043.73722999997,242.66052036199096,206.0,436.0,0.9562217194570136,0.02251131221719457,0.013914027149321266,0.004524886877828055,0.002828054298642534,64.68500532355377,61.85320701357466,45.31453179108009,43.330739505656105
2025-01-03,8831,8437,221,119,36,18,547089.75,383113.52547,241.29373796852,205.0,431.0,0.95538444117314,0.02502547842826407,0.013475257615219114,0.004076548522251161,0.0020382742611255804,64.84410928054996,61.95105310836825,45.40873835130971,43.38280211414336
2025-01-04,9356,8947,222,128,33,26,577537.7,403625.41582,244.07567336468577,209.0,434.0,0.9562847370671227,0.023728088926891835,0.013681060282171868,0.003527148353997435,0.0027789653698161608,64.5509891583771,61.729125694741334,45.11293347714317,43.14080972851646
2025-01-05,9018,8632,195,121,42,28,558245.15,390374.26789,242.59192725659793,206.0,434.3000000000002,0.9571967176757596,0.02162341982701264,0.01341760922599246,0.004657351962741184,0.003104901308494123,64.67158827618165,61.90343202483921,45.224081080861914,43.28834197050344
2025-01-06,8764,8378,205,114,42,25,542289.25,379380.90324,243.06195801004108,206.0,435.0,0.9559561843906892,0.02339114559561844,0.01300775901414879,0.004792332268370607,0.0028525787311729804,64.72776915731679,61.876911227749886,45.282991554070186,43.28855582382474
2025-01-07,8766,8408,195,97,38,28,544921.15,381719.21862999996,242.456308464522,207.0,431.0,0.9591603924252795,0.022245037645448322,0.01106548026465891,0.004334930412959161,0.0031941592516541184,64.80984181731684,62.16303331051791,45.39952647835395,43.54542763289984
2025-01-08,8867,8507,210,103,34,13,551809.3,386963.93413999997,242.08503439720312,206.0,419.40000000000055,0.959400022555543,0.023683320175933234,0.011616104657719634,0.0038344423141987143,0.0014661102966053907,64.86532267544376,62.23179203789332,45.48770825672975,43.64090832750648
2025-01-09,8864,8502,193,98,45,26,549936.15,384970.07724,241.97518050541515,204.0,431.0,0.9591606498194946,0.02177346570397112,0.01105595667870036,0.0050767148014440435,0.0029332129963898917,64.68315102328864,62.041533167870035,45.279943218066336,43.43073976083033
2025-01-10,8948,8554,217,127,25,25,554545.95,388419.83083000005,244.30721949038892,209.0,437.3000000000002,0.9559678140366562,0.024251229324988823,0.014193115780062583,0.002793920429146178,0.002793920429146178,64.82884615384614,61.97429034421099,45.407976482347436,43.40856401765758
2025-01-11,9392,9009,230,99,33,21,580239.7,406321.43245,243.59497444633732,207.0,434.0,0.9592206132879046,0.024488926746166952,0.010540885860306643,0.0035136286201022148,0.002235945485519591,64.4066711066711,61.78020655877342,45.10172410367411,43.26250345506814
2025-01-12,9214,8856,190,111,37,20,571441.85,400156.66778,242.62893423051878,206.0,434.0,0.9611460820490558,0.02062079444323855,0.0120468851747341,0.004015628391578033,0.0021706099413935317,64.52595415537489,62.01886802691556,45.18480891824752,43.42920205990884
2025-01-13,8810,8438,212,99,35,26,547207.6,383798.37051000004,241.62417707150965,206.0,433.0,0.9577752553916005,0.024063564131668557,0.011237230419977299,0.003972758229284903,0.0029511918274687855,64.85039108793552,62.11209988649262,45.48451890376867,43.56394670942112
2025-01-14,8802,8419,211,119,31,22,546061.8,382624.57128,243.89934105885027,208.0,430.90000000000055,0.9564871620086344,0.023971824585321516,0.013519654623949103,0.0035219268348102703,0.002499431947284708,64.86064853307994,62.03837764144513,45.44774572752108,43.470185330606675
2025-01-15,8951,8568,187,124,44,28,555170.45,389873.82093,243.26969053737014,208.0,433.0,0.9572114847503073,0.020891520500502737,0.013853200759691655,0.004915651882471232,0.003128142107027148,64.79580415499532,62.0232879007932,45.50348050070028,43.55645413138197
2025-01-16,9039,8655,204,109,41,30,562361.1,395031.38231,239.81657262971567,205.0,426.0,0.9575174244938599,0.022568868237636906,0.012058856068149132,0.0045358999889368295,0.003318951211417192,64.97528596187175,62.21496846996349,45.641985246678225,43.70299616218608
2025-01-17,9017,8624,204,114,48,27,557875.1,391341.84485999995,245.05411999556392,205.0,444.0,0.9564156593101919,0.022623932571808805,0.01264278584895198,0.0053232782521903076,0.002994344016857048,64.6886711502783,61.8692580680936,45.378228763914656,43.40044858156814
2025-01-18,9703,9257,256,118,44,28,595604.05,417526.82476,245.51736576316603,211.0,437.0,0.954034834587241,0.026383592703287644,0.012161187261671648,0.004534679995877563,0.002885705451922086,64.34093658852761,61.3834947954241,45.10390242627201,43.03069409048748
2025-01-19,9341,8959,211,120,25,26,579173.0,406569.51190000004,242.81404560539556,207.0,437.0,0.9591050208757093,0.0225885879456161,0.012846590300824324,0.0026763729793384005,0.0027834278985119365,64.6470588235294,62.00331870249438,45.38112645384529,43.525266234878494
2025-01-20,9030,8616,222,125,40,27,557257.35,392295.37782,245.2612403100775,209.0,436.0,0.9541528239202658,0.02458471760797342,0.013842746400885935,0.004429678848283499,0.002990033222591362,64.677036908078,61.71177740863787,45.53103270891365,43.44356343521595
2025-01-21,9020,8637,210,113,34,26,559666.5,393318.03637999995,241.9950110864745,206.0,427.0,0.9575388026607539,0.02328159645232816,0.012527716186252771,0.00376940133037694,0.0028824833702882483,64.79871483153873,62.04728381374723,45.53873293736251,43.60510381152993
2025-01-22,9017,8609,216,119,39,34,555928.15,390769.49040999997,242.083841632472,207.0,434.40000000000055,0.9547521348563824,0.023954752134856382,0.013197294000221804,0.004325163579904624,0.0037706554286348008,64.57522941108142,61.65333813907065,45.39081082704147,43.336973539980036
2025-01-23,9102,8714,199,134,30,25,563860.15,396258.11017999996,243.85849263898044,207.0,435.0,0.957372006152494,0.021863326741375522,0.014722039112283015,0.0032959789057350032,0.002746649088112503,64.70738466834979,61.949038672819164,45.473733093871935,43.535279079323224
2025-01-24,9165,8775,194,123,44,29,569633.5,401014.56692,243.5431533006001,208.0,430.0,0.9574468085106383,0.02116748499727223,0.01342062193126023,0.0048008728859792685,0.003164211674849973,64.91549857549857,62.153136933987994,45.69966574586895,43.754999118385165
2025-01-25,9669,9204,249,142,44,30,593625.45,417295.60811,243.36136105078086,208.0,434.2000000000007,0.9519081600992864,0.025752404591995036,0.014686110249250182,0.004550625711035267,0.003102699348433137,64.49646349413298,61.394709897610916,45.33850587896566,43.158093712896886
2025-01-26,9438,9028,236,110,37,27,582056.9,409528.68632,244.19389701207882,208.0,433.3000000000011,0.9565585929222293,0.02500529773257046,0.011655011655011656,0.003920322102140284,0.002860775588048315,64.47240806380151,61.67163593981776,45.36206095702259,43.39146920110193
2025-01-27,9185,8800,215,110,39,21,569346.15,401491.01694999996,240.86467065868263,206.0,428.60000000000036,0.9580838323353293,0.023407729994556342,0.011976047904191617,0.004246053347849755,0.002286336418072945,64.69842613636364,61.98651605879151,45.62397919886364,43.711596837234616
2025-01-28,9228,8835,216,117,31,29,569366.95,401508.24389,243.923385348938,207.0,436.3000000000011,0.9574122236671001,0.02340702210663199,0.012678803641092327,0.0033593411356740354,0.003142609449501517,64.4444765138653,61.69992956220199,45.44518889530277,43.50977935522323
2025-01-29,9217,8827,200,127,30,33,569391.1,401497.13181,244.31376803732235,207.0,448.0,0.9576868829337094,0.021699034392969514,0.013778886839535641,0.0032548551589454268,0.0035803406748399695,64.5056191231449,61.776185309753714,45.48511745893282,43.56050035911902
2025-01-30,9271,8858,218,116,43,36,573081.0,404148.17105,242.47783410635316,207.0,435.0,0.9554524862474383,0.023514184014669398,0.012512134613310322,0.004638118865278826,0.0038830762593032035,64.69643260329646,61.814367382159425,45.62521687175435,43.59272689569626
2025-01-31,9320,8904,231,124,35,26,575021.75,405779.28171,239.5607296137339,205.0,426.0,0.9553648068669528,0.024785407725321888,0.013304721030042918,0.0037553648068669528,0.0027896995708154505,64.58016060197664,61.69761266094421,45.57269560983828,43.538549539699574
2025-02-01,9718,9280,222,138,39,39,598265.35,421560.88581,244.37157851409756,210.0,432.0,0.9549289977361597,0.022844206626877958,0.014200452768059271,0.004013171434451533,0.004013171434451533,64.46824892241379,61.56260032928586,45.42681959159483,43.379387302942995
2025-02-02,9514,9108,207,133,39,27,589641.75,416308.12963,245.36115198654613,211.0,432.0,0.957326045827202,0.02175741013243641,0.013979398780744166,0.0040992221988648304,0.0028379230607525753,64.73888339920948,61.976219255833506,45.70796328831796,43.757423757620344
2025-02-03,9245,8857,202,125,35,26,573744.55,405428.83467,244.44488912925905,206.0,435.0,0.958031368307193,0.021849648458626286,0.01352082206598161,0.0037858301784748512,0.002812330989724175,64.77865530089196,62.05998377501353,45.77496157502541,43.853849071930775
2025-02-04,9237,8837,220,111,41,28,570844.4,403373.83004000003,243.5481216845296,206.0,437.0,0.9566958969362347,0.02381725668507091,0.012016888600194868,0.0044386705640359425,0.0030312872144635703,64.59708045716873,61.79976182743315,45.64601448908,43.66935477319476
2025-02-05,9279,8871,230,109,45,24,574383.3,406410.701,243.48550490354563,207.0,430.0,0.9560297445845457,0.024787153788123722,0.011746955490893416,0.004849660523763337,0.0025864856126737797,64.74842746026378,61.901422567086975,45.81340333671514,43.79897629054855
2025-02-06,9344,8971,194,110,40,29,580507.9,410472.26629,241.35166952054794,206.0,432.0,0.9600813356164384,0.020761986301369863,0.011772260273972603,0.004280821917808219,0.0031035958904109587,64.70938579868465,62.12627354452055,45.75546386021625,43.92896685466609
2025-02-07,9415,9002,214,124,45,30,581013.5,410380.35488999996,244.6809346787042,207.0,438.0,0.9561338289962825,0.022729686670207118,0.013170472650026554,0.004779607010090282,0.003186404673393521,64.54271273050433,61.711471056824216,45.5876866129749,43.58792935634625
2025-02-08,9820,9425,211,118,40,26,608347.35,429654.80894,241.15397148676172,205.0,433.0,0.959775967413442,0.0214867617107943,0.012016293279022403,0.004073319755600814,0.0026476578411405295,64.54613793103448,61.94983197556008,45.58671712891247,43.75303553360489
2025-02-09,9669,9232,214,139,53,31,595484.0,420749.52731,248.65384217602647,211.0,447.0,0.9548040128244907,0.02213258868548971,0.014375840314406868,0.005481435515565208,0.003206122660047575,64.5021663778163,61.58692729341193,45.5751221089688,43.51530947460957
2025-02-10,9336,8934,205,122,47,28,579726.65,410616.55166,243.57969151670952,208.0,432.0,0.9569408740359897,0.021958011996572407,0.013067694944301628,0.005034275921165381,0.0029991431019708655,64.88993172151332,62.09582797772065,45.961109431385715,43.98206423093402
2025-02-11,9332,8931,228,97,50,26,579188.9,409804.4043,242.69856408058294,205.0,439.0,0.9570295756536648,0.0244320617231033,0.010394342048864124,0.005357908272610373,0.002786112301757394,64.85151718732504,62.064819974282045,45.88561239502855,43.91388815902272
2025-02-12,9559,9139,226,129,41,24,592803.1,419390.51216,242.27502876869966,207.0,435.0,0.956062349618161,0.02364264044356104,0.01349513547442201,0.004289151584893817,0.0025107228789622345,64.86520407046723,62.01517941207239,45.890197194441406,43.873889754158384
2025-02-13,9448,9003,234,129,45,37,583244.7,413101.31210999994,241.78090601185437,207.0,427.0,0.9529000846740051,0.02476714648602879,0.013653683319220998,0.0047629127857747675,0.003916172734970364,64.78337220926358,61.732080863674845,45.884850839720094,43.72367825042336
2025-02-14,9430,9017,232,112,36,33,582229.4,412620.68256999995,244.1001060445387,209.0,434.0,0.956203605514316,0.024602332979851538,0.011876988335100742,0.0038176033934252387,0.0034994697773064686,64.57018964178774,61.742248144220575,45.76030637351669,43.75616994379639
2025-02-15,10045,9637,215,120,46,27,621500.5,439564.8286,241.66241911398706,206.0,427.0,0.9593827775012445,0.02140368342458935,0.011946241911398706,0.0045793927327028375,0.0026879044300647087,64.49107606101484,61.87162767546043,45.61220593545709,43.75956481831757
2025-02-16,9850,9419,221,136,43,31,610145.6,432173.60855,242.33299492385788,205.0,429.10000000000036,0.956243654822335,0.022436548223350252,0.013807106598984771,0.004365482233502538,0.0031472081218274113,64.77817178044378,61.94371573604061,45.88317321902537,43.87549325380711
2025-02-17,9408,9020,228,110,31,19,584832.65,415340.49947000004,241.36192602040816,208.0,423.0,0.9587585034013606,0.02423469387755102,0.0116921768707483,0.0032950680272108845,0.0020195578231292518,64.83732261640799,62.163334396258506,46.046618566518845,44.14758710352891
2025-02-18,9470,9038,241,109,46,36,585602.85,415171.16646,243.27898627243928,207.5,438.0,0.9543822597676874,0.025448785638859557,0.011510031678986272,0.004857444561774023,0.0038014783526927136,64.79341115290994,61.83768215417106,45.93617685992476,43.84067227666314
2025-02-19,9507,9091,204,141,50,21,589437.2,418201.41234,244.31040286104977,206.0,439.0,0.9562427684863785,0.02145787314610287,0.014831177027453455,0.005259282633848743,0.002208898706216472,64.83744362556374,62.00033659408856,46.001695340446595,43.988788507415585
2025-02-20,9721,9298,214,139,39,31,599668.45,425566.15192999993,243.5452113980043,208.0,433.0,0.9564859582347495,0.022014196070363132,0.01429894043822652,0.004011932928711038,0.0031889723279497992,64.49434824693482,61.687938483695085,45.76964421703592,43.77802200699516
2025-02-21,9693,9316,207,110,35,25,603176.15,428203.81104000006,244.1385535953781,208.0,433.0,0.9611059527494068,0.02135561745589601,0.011348395749509955,0.003610853193025895,0.0025791808521613536,64.74625912408759,62.228015062416176,45.964342103907256,44.17660281027546
2025-02-22,10196,9779,220,134,41,22,630800.5,447078.22591000004,244.69360533542564,207.0,439.0,0.9591016084739113,0.02157708905453119,0.013142408787759905,0.0040211847783444485,0.0021577089054531187,64.50562429696288,61.86744801883091,45.71819469373146,43.84839406728129
2025-02-23,9900,9469,236,122,44,29,612155.6,434464.03773,245.06313131313132,207.0,442.0,0.9564646464646465,0.02383838383838384,0.012323232323232323,0.0044444444444444444,0.0029292929292929295,64.64838948146583,61.83389898989899,45.882779356848665,43.88525633636363
2025-02-24,9504,9107,231,115,33,18,589909.15,419306.84906000004,242.88541666666666,205.0,435.0,0.9582281144781145,0.024305555555555556,0.01210016835016835,0.003472222222222222,0.001893939393939394,64.77535412320194,62.069565446127946,46.04225859887998,44.118986643518525
2025-02-25,9565,9148,243,112,37,25,593545.3,421785.13934,245.67757449032933,210.0,435.0,0.9564035546262415,0.025405122843700993,0.01170935703084161,0.003868269733403032,0.0026136957658128594,64.88252076956712,62.05387349712494,46.10681453213817,44.096721311029796
2025-02-26,9648,9266,207,107,42,26,601673.7,427516.54052,242.8339552238806,207.0,428.0,0.9604063018242123,0.021455223880597014,0.011090381426202322,0.004353233830845771,0.00269485903814262,64.93348802072092,62.362531094527355,46.13819776818476,44.31141589137645
2025-02-27,9575,9157,227,110,49,32,591977.15,421407.78734000004,242.5551958224543,207.0,428.0,0.9563446475195823,0.02370757180156658,0.011488250652741514,0.0051174934725848565,0.003342036553524804,64.64749918095447,61.82528981723238,46.02028910560227,44.01125716344648
2025-02-28,9735,9314,237,125,36,23,603072.25,429656.63532,245.56096558808423,208.0,442.0,0.956753980482794,0.024345146379044683,0.012840267077555213,0.0036979969183359015,0.002362609142270159,64.74900687137642,61.94887005649718,46.13019490229762,44.13524759322034
2025-03-01,10173,9714,266,128,36,29,627574.15,446672.33557,242.70805072250073,205.0,437.0,0.9548805662046594,0.0261476457288902,0.01258232576427799,0.003538779121203185,0.0028506831809692323,64.60512147416101,61.69017497296766,45.98232814185711,43.90763153150496
2025-03-02,9942,9537,211,122,39,33,615122.55,438532.74228999997,240.15067390867029,203.5,429.0,0.9592637296318648,0.021223093944880304,0.012271172802253068,0.003922751961375981,0.0033192516596258297,64.49853727587292,61.871107423053715,45.98225252070882,44.10910704988935
2025-03-03,9573,9182,213,110,39,29,595670.75,424323.96213,243.1753891152199,208.0,432.0,0.9591559594693408,0.022250078345346286,0.011490650788676487,0.00407395800689439,0.003029353389741983,64.87374754955347,62.22404157526376,46.21258572533217,44.32507700094014
2025-03-04,9643,9238,228,116,40,21,599209.1,427354.78287,243.266099761485,207.0,439.0,0.9580006222130043,0.023644094161567975,0.012029451415534584,0.004148086695011926,0.002177745514881261,64.86350941762286,62.13928238100176,46.26053072851266,44.317617221818935
2025-03-05,9666,9263,227,110,35,31,599499.05,428109.89523,242.0057935030002,206.0,432.0,0.9583074694806538,0.023484378232981586,0.01138009517897786,0.003620939375129319,0.003207117732257397,64.71975062074922,62.021420442789164,46.21719693727734,44.29028504345128
2025-03-06,9764,9303,250,128,50,33,603937.7,431407.71080999996,242.39543219991808,206.0,430.0,0.9527857435477264,0.025604260548955347,0.013109381401065138,0.005120852109791069,0.0033797623924621055,64.91859615177898,61.85351290454731,46.372966871976786,44.18350172163048
2025-03-07,9901,9481,215,135,41,29,613599.8,438487.62217,244.4883345116655,209.0,432.0,0.9575800424199575,0.021714978285021714,0.013634986365013636,0.004140995859004141,0.002928997071002929,64.71889041240377,61.97351782648218,46.249089987343105,44.28720555196445
2025-03-08,10199,9772,228,120,49,30,630108.05,449369.41657999996,243.6786939896068,207.0,436.0,0.9581331503088538,0.02235513285616237,0.011765859397980194,0.004804392587508579,0.0029414648494950485,64.48097114203848,61.78135601529562,45.985408982808025,44.06014477693891
2025-03-09,10209,9756,245,146,33,29,630692.45,450213.46692,245.6539328043883,209.0,442.0,0.9556273875991772,0.023998432755411893,0.014301106866490351,0.0032324419629738465,0.0028406308159467136,64.6466225912259,61.778083063963166,46.147341832718325,44.09966372024684
2025-03-10,9486,9087,219,109,39,32,589452.7,421316.64804999996,242.71104786000421,209.0,430.0,0.9579380139152435,0.023086654016445288,0.011490617752477335,0.004111321948134092,0.003373392367699768,64.8676901067459,62.13922622812565,46.36476813579839,44.41457390364748
2025-03-11,9738,9314,231,120,34,39,602130.7,430597.57764000003,242.70240295748613,205.5,433.3000000000011,0.9564592318751284,0.0237215033887862,0.012322858903265557,0.0034914766892585746,0.004004929143561306,64.6479171140219,61.83309714520435,46.231219415933005,44.2182766112138
2025-03-12,9678,9236,249,124,43,26,598270.8,427847.33277,242.73775573465593,208.0,435.0,0.9543294069022525,0.025728456292622444,0.012812564579458566,0.0044430667493283735,0.0026865054763380862,64.77596362061499,61.81760694358339,46.32387751948895,44.20823855858648
2025-03-13,9727,9292,243,121,44,27,602348.5,430992.62792,242.77701243960112,206.0,434.0,0.9552791199753264,0.024982008841369384,0.012439601110311505,0.004523491312840547,0.002775778760152154,64.82441885492896,61.925413796648506,46.38319284545846,44.308895643055415
2025-03-14,6483,6192,139,101,26,25,401646.8,287299.72939999995,246.04750886935062,209.0,433.0,0.955113373438223,0.021440691038099646,0.015579207157180319,0.004010488971155329,0.0038562393953416626,64.86543927648579,61.95384852691655,46.39853510981912,44.31586139133117
2025-03-15,10266,9816,233,144,45,28,633532.7,453042.54837,246.77897915449054,210.0,443.0,0.9561659848042081,0.02269627897915449,0.014026884862653419,0.004383401519579193,0.0027274498344048315,64.54082110839445,61.711737775180204,46.153478847799505,44.13038655464641
2025-03-16,10077,9633,237,137,42,28,622412.05,446038.41243,244.97003076312396,208.0,432.39999999999964,0.9559392676391784,0.023518904435844,0.01359531606628957,0.004167907115212861,0.0027786047434752406,64.6124831309042,61.76560980450532,46.30316748987855,44.26301601964871
2025-03-17,9690,9264,220,146,32,28,601492.75,430891.47421,245.33849329205367,207.0,437.0,0.9560371517027864,0.022703818369453045,0.015067079463364294,0.003302373581011352,0.002889576883384933,64.92797387737478,62.07355521155831,46.512464832685666,44.467644397316825
2025-03-18,9668,9240,229,128,48,23,596328.0,427788.96224,242.52482416218453,206.0,431.0,0.9557302441042614,0.02368638808440215,0.013239553165080678,0.004964832436905255,0.0023789822093504345,64.53766233766234,61.68059577989243,46.29750673593074,44.24792741414978
2025-03-19,9849,9378,246,131,49,45,608521.1,436672.39133,244.58148035333537,206.0,439.0,0.952177886079805,0.024977155041120927,0.013300842725149762,0.004975124378109453,0.004568991775814804,64.88815312433354,61.78506447355061,46.56348809234378,44.33672366027008
2025-03-20,9821,9388,240,124,43,26,605611.85,434731.48618,245.44608492006924,207.0,435.0,0.9559108033805112,0.02443742999694532,0.01262600549842175,0.004378372874452703,0.0026473882496690763,64.50914465274819,61.66498829039812,46.30714595014913,44.26550108746564
2025-03-21,9869,9453,206,126,55,29,613313.7,440145.60252,243.55608470969702,207.0,441.0,0.9578478062620326,0.020873442091397305,0.012767250987942041,0.005573006383625494,0.002938494275002533,64.88032370675975,62.14547573209038,46.561472814979375,44.598804592157265
2025-03-22,10392,9933,224,153,50,32,638988.05,457762.67895000003,247.27877213240956,208.0,443.0,0.9558314087759815,0.02155504234026174,0.014722863741339492,0.00481139337952271,0.003079291762894534,64.32981475888452,61.48845746728253,46.08503764723648,44.049526457852195
2025-03-23,10207,9698,273,135,59,42,628275.45,450572.52553,241.90594689918683,205.0,436.0,0.9501322621730185,0.02674635054374449,0.01322621730185167,0.005780346820809248,0.004114823160576075,64.78402247886162,61.55338983050847,46.46035528253248,44.14348246595473
2025-03-24,9818,9374,259,111,48,26,609203.5,437559.4887,245.23731920961498,207.0,435.0,0.9547769403137095,0.026380118150336116,0.011305764921572621,0.004888979425544918,0.0026481971888368304,64.98863878813741,62.049653697290694,46.6779911137188,44.567069535546956
2025-03-25,9836,9396,253,112,47,28,609828.75,438633.41668,241.88033753558358,208.0,432.0,0.9552663684424563,0.025721838145587636,0.011386742578283855,0.00477836518910126,0.0028466856445709637,64.90301724137932,61.99966958113054,46.68299453810132,44.594694660431074
2025-03-26,9759,9319,242,119,47,32,606842.5,434984.98845,239.888923045394,207.0,427.0,0.9549134132595553,0.024797622707244595,0.012193872322983912,0.004816067220002049,0.003279024490214161,65.11884322352184,62.1828568500871,46.67721734628179,44.57270093759607
2025-03-27,9929,9487,235,132,41,34,612790.2,440727.80201999994,245.13626749924464,209.0,436.0,0.955483935945211,0.023668043106052975,0.01329439017020848,0.004129318158928391,0.003424312619599154,64.59262148202804,61.717212206667334,46.455971542110255,44.387934537214214
2025-03-28,9907,9491,221,125,52,18,617041.5,442675.08274,243.4454426163319,207.0,434.0,0.9580094882406379,0.0223074593721611,0.012617341273846776,0.0052488139699202584,0.0018168971434339356,65.01332841639447,62.2833854850106,46.641563875250235,44.683060738871504
2025-03-29,10525,10075,278,106,37,29,648867.95,466336.34632,238.59667458432304,203.0,425.60000000000036,0.9572446555819477,0.02641330166270784,0.01007125890736342,0.003515439429928741,0.0027553444180522567,64.40376674937964,61.65016152019002,46.286485987096775,44.3074913368171
2025-03-30,10183,9770,217,106,54,36,630971.75,453170.94398,241.45850928017285,207.0,431.0,0.9594422076009035,0.021310026514779534,0.01040950603947756,0.005302955906903663,0.003535303937935775,64.58257420675537,61.96324756947854,46.38392466530194,44.50269507807129
2025-03-31,10049,9659,225,99,33,33,624853.45,449470.9253400001,243.6194646233456,209.0,433.2000000000007,0.9611901681759379,0.022390287590805056,0.009851726539954224,0.003283908846651408,0.003283908846651408,64.69131897711978,62.180659767141,46.533898471891504,44.72792569807942
2025-04-01,10101,9484,381,182,34,20,615985.2,442534.88358,242.44728244728245,205.0,438.0,0.938916938916939,0.03771903771903772,0.018018018018018018,0.003366003366003366,0.00198000198000198,64.94993673555462,60.98259578259578,46.6612066195698,43.81099728541729
2025-04-02,10144,9564,324,173,50,33,620523.1,446147.82253999996,241.792488170347,204.0,437.0,0.9428233438485805,0.03194006309148265,0.01705441640378549,0.004929022082018927,0.0032531545741324923,64.88112714345462,61.17144124605678,46.64866400460059,43.98144938288643
2025-04-03,10083,9394,417,194,45,33,610877.25,440068.1642,244.10304472875137,205.0,446.0,0.9316671625508282,0.04135673906575424,0.01924030546464346,0.0044629574531389465,0.0032728354656352274,65.02844901000638,60.58487057423386,46.84566363636364,43.64456651790142
2025-04-04,10152,9601,323,155,45,28,621865.8,447348.3143,241.12874310480694,207.0,428.0,0.9457249802994484,0.03181639085894405,0.015267927501970055,0.004432624113475178,0.0027580772261623326,64.77094052702844,61.25549645390071,46.59392920529111,44.065042779747834
2025-04-05,10923,10040,561,240,46,36,649638.95,467653.47038,239.1348530623455,203.0,434.0,0.9191614025450884,0.0513595166163142,0.021971985718209283,0.004211297262656779,0.0032957978577313925,64.70507470119522,59.474407214135304,46.57903091434263,42.8136473844182
2025-04-06,10658,9879,471,227,48,33,640866.45,461072.80948,239.62488271720773,203.0,431.0,0.9269093638581347,0.044192156126853066,0.02129855507599925,0.004503659223118784,0.003096265715894164,64.87159125417551,60.13008538187277,46.67201229679117,43.260725227997746
2025-04-07,10182,9452,424,226,51,29,611191.95,440444.32100999996,243.57248084855627,205.0,443.0,0.9283048516990768,0.0416421135336869,0.02219603221371047,0.005008839127872717,0.0028481634256531134,64.66271159542953,60.02670889805539,46.59800264600085,43.257151935769
2025-04-08,10273,9444,507,246,51,25,612864.95,441309.88305000006,241.33038060936434,202.0,438.8000000000011,0.9193030273532561,0.04935267205295435,0.02394626691326779,0.00496446996982381,0.002433563710697946,64.89463680643794,59.657836075148445,46.72912781130877,42.95822866251339
2025-04-09,10317,9665,363,208,45,36,625308.3,451287.26177,245.81942425123583,207.0,442.0,0.9368033343026073,0.035184646699621985,0.020160899486284772,0.004361733061936609,0.0034893864495492877,64.69822038282463,60.60950857807503,46.692939655457835,43.742101557623336
2025-04-10,10274,9583,384,227,46,34,622816.95,448552.98011999996,243.3588670430212,205.0,439.7000000000007,0.9327428460190773,0.03737590033093245,0.022094607747712672,0.004477321393809616,0.0033093245084679776,64.9918553688824,60.62068814483161,46.80715643535427,43.65904030757251
2025-04-11,10343,9579,440,243,57,24,622971.35,449866.25318999996,245.02687808179445,208.0,443.0,0.9261336169389925,0.042540848883302715,0.023494150633278546,0.005510973605336943,0.002320409939089239,65.03511326860841,60.23120467949337,46.96380135609145,43.49475521512134
2025-04-12,10851,10145,426,198,47,35,654895.45,472110.64789,243.49387153257763,208.0,439.0,0.9349368721776795,0.03925905446502626,0.01824716615980094,0.004331398027831536,0.003225509169661782,64.55351897486446,60.353465118422264,46.53628860423854,43.508492110404575
2025-04-13,10778,9937,504,258,46,33,644552.9,465452.38169,243.2732417888291,205.0,440.0,0.9219706810168863,0.04676192243458898,0.023937650770087214,0.004267953238077565,0.0030617925403599927,64.86393277649191,59.80264427537577,46.84033226225219,43.185413034885876
2025-04-14,10208,9759,249,132,41,27,629667.95,454819.25993,242.75186128526647,205.0,429.3000000000011,0.9560148902821317,0.024392633228840124,0.01293103448275862,0.004016457680250784,0.0026449843260188087,64.52176964852956,61.683772531347955,46.60510912286095,44.55517828467868
2025-04-15,10192,9503,426,190,45,28,617726.35,445898.14225,241.73096546310833,206.0,433.0,0.9323979591836735,0.04179748822605966,0.018642072213500786,0.004415227629513344,0.0027472527472527475,65.00329895822371,60.608943288854,46.921829132905394,43.749817724686025
2025-04-16,10371,9617,468,196,54,36,623178.9,450157.56772000005,242.4605148973098,205.0,443.0,0.9272972712371035,0.04512583164593578,0.018898852569665413,0.005206826728377205,0.0034712178189181373,64.79971924716648,60.08860283482789,46.80852321098055,43.405415844180894
2025-04-17,10299,9667,365,197,40,30,628711.8,454208.33769,243.80939897077386,206.0,442.0,0.9386348189144578,0.03544033401301097,0.019128070686474416,0.0038838722206039423,0.0029129041654529565,65.03690907210097,61.045907369647544,46.98544922830247,44.10217862802214
2025-04-18,10416,9761,389,184,48,34,634465.65,458126.50819,242.88719278033795,205.0,435.0,0.9371159754224271,0.03734639016897082,0.017665130568356373,0.004608294930875576,0.0032642089093701996,65.00006659153776,60.912600806451614,46.93438256223748,43.982959695660526
2025-04-19,11124,10346,463,233,53,29,668685.35,483296.04935,243.66666666666666,206.0,443.0,0.9300611290902553,0.04162171880618482,0.020945702984537937,0.004764473211075153,0.0026069759079467817,64.63225884399768,60.11195163610212,46.71332392712159,43.44624679521755
2025-04-20,10685,10033,409,180,42,21,650497.15,470273.99302000005,242.37819372952737,205.0,433.0,0.9389798783341132,0.03827795975666823,0.016846045858680395,0.0039307440336920916,0.0019653720168460458,64.83575700189375,60.87947122133833,46.87271932821688,44.012540291998135
2025-04-21,10022,9495,308,147,42,30,616272.25,445024.38571,243.9543005388146,209.0,434.0,0.9474156854919178,0.030732388744761526,0.014667730991818,0.004190780283376571,0.0029934144881261227,64.90492364402317,61.4919427260028,46.869340253817796,44.404748125124726
2025-04-22,10330,9791,313,146,49,31,634637.8,458891.7452,242.63165537270086,207.0,432.0,0.9478218780251694,0.030300096805421103,0.014133591481122943,0.004743465634075508,0.003000968054211036,64.81848636502912,61.43637947725073,46.868730997855174,44.423208635043565
2025-04-23,10239,9635,339,170,57,38,627517.6,454700.47563,241.30569391542141,203.0,436.0,0.9410098642445551,0.033108702021681806,0.01660318390467819,0.005566949897450923,0.0037112999316339487,65.12896730669434,61.28700068366051,47.19257660923716,44.40868010840902
2025-04-24,10444,9983,254,133,42,32,647034.4,468368.48863,242.96438146304098,207.0,432.0,0.9558598238222903,0.024320183837610112,0.012734584450402145,0.004021447721179625,0.003063960168517809,64.81362315937093,61.95273841440061,46.9166070950616,44.8456997922252
2025-04-25,10541,9850,427,192,46,26,637601.1,462412.74688999995,241.13594535622806,203.0,434.0,0.9344464472061474,0.04050849065553553,0.018214590646048762,0.004363912342282516,0.00246655914998577,64.73107614213198,60.48772412484584,46.94545653705584,43.86801507352243
2025-04-26,11012,10414,335,163,63,37,672232.0,486371.08083000005,242.07264802034143,207.0,435.0,0.9456956047947693,0.030421358517980383,0.01480203414456956,0.005721031601888848,0.0033599709407918636,64.55079700403303,61.0454050127134,46.70357987612829,44.167370217035966
2025-04-27,10756,10281,264,147,41,23,664385.35,481589.65534,243.06182595760507,206.5,432.0,0.9558386017106731,0.024544440312383786,0.013666790628486426,0.0038118259576050578,0.0021383413908516178,64.62263884836105,61.76881275567125,46.842686055831145,44.77404753997769
2025-04-28,10381,9747,385,185,36,28,634609.25,460876.03765,242.4146999325691,204.0,436.0,0.9389268856564879,0.037086985839514496,0.017821019169636836,0.003467874000577979,0.0026972353337828725,65.10816148558531,61.1318032944803,47.283886082897304,44.39611190155091
2025-04-29,10522,9740,465,238,45,34,632456.55,458981.06831,243.04818475574984,206.0,443.0,0.9256795286067288,0.04419311917886334,0.022619273902299942,0.004276753468922258,0.003231324843185706,64.93393737166325,60.108016536780084,47.123312968172485,43.62108613476526
2025-04-30,10352,9824,291,144,59,34,638217.1,463906.44294,244.50908037094283,208.0,441.0,0.9489953632148377,0.028110510046367852,0.013910355486862442,0.005699381761978361,0.0032843894899536323,64.96509568403908,61.65157457496136,47.22174704193811,44.813218985703244
2025-05-01,10825,9779,660,315,36,35,636560.35,461501.32025,243.9957505773672,204.0,451.0,0.9033718244803696,0.06096997690531178,0.029099307159353348,0.003325635103926097,0.003233256351039261,65.09462623990183,58.80465127020785,47.19309952449125,42.632916420323326
2025-05-02,10621,9671,597,269,54,30,629866.65,457154.93637,241.26146313906412,203.0,436.0,0.9105545617173524,0.056209396478674324,0.025327181997928633,0.005084267018171547,0.0028245927878730818,65.12942301726812,59.30389323039262,47.2706996556716,43.04255120704265
2025-05-03,11384,10272,686,340,55,31,663003.45,481624.0009,242.50975052705553,202.0,451.0,0.9023190442726634,0.06026001405481377,0.029866479269149683,0.00483134223471539,0.002723120168657765,64.54472838785047,58.23993763176387,46.887071738707164,42.30709776001405
2025-05-04,11201,10035,723,338,58,47,651188.1,472559.12137,243.58985804838855,204.0,452.0,0.8959021515936078,0.0645478082314079,0.03017587715382555,0.005178109097402018,0.004196053923756807,64.89168908819133,58.13660387465405,47.091093310413555,42.18901181769485
2025-05-05,10637,9559,681,320,45,32,621040.3,452000.22984000004,243.20118454451443,203.0,450.0,0.8986556359875905,0.06402181066090062,0.030083670207765346,0.004230516122967002,0.0030083670207765346,64.96917041531542,58.38491115916142,47.28530493147819,42.493205776064684
2025-05-06,10815,9753,655,323,56,28,634373.9,461052.84831000003,244.03356449375866,203.0,452.0,0.9018030513176144,0.06056403143781785,0.029865926953305595,0.005177993527508091,0.0025889967637540453,65.04397621244746,58.656856218215445,47.272926105813596,42.630869006934816
2025-05-07,10795,9702,671,358,38,26,630815.95,459031.67762,244.2691060676239,202.0,457.0,0.8987494210282538,0.062158406669754515,0.03316350162112089,0.0035201482167670217,0.0024085224641037517,65.01916615130901,58.435937934228804,47.31309808493094,42.52261951088467
2025-05-08,10871,9754,671,361,49,36,635738.35,462080.88629000005,242.70260325637017,204.0,448.0,0.8972495630576763,0.06172385245147641,0.03320761659460951,0.004507405022537025,0.0033115628737006714,65.17719397170391,58.48020881243676,47.37347614209555,42.505830769018495
2025-05-09,10852,9767,717,295,46,27,633195.45,461417.35751999996,240.5140066347217,204.0,442.0,0.9000184297825286,0.0660707703649097,0.02718392922963509,0.004238849981570218,0.002488020641356432,64.83008600389064,58.348272207887945,47.24248566806594,42.51910776999631
2025-05-10,11453,10244,751,363,61,34,662414.5,483199.09255,242.56386972845542,201.0,448.0,0.8944381384790011,0.06557233912512006,0.03169475246660264,0.005326115428272068,0.002968654501004104,64.66365677469739,57.83764079280538,47.16898599668098,42.18974002881341
2025-05-11,11167,10052,704,345,43,23,654150.95,476606.93426,242.12259335542223,201.0,446.0,0.9001522342616638,0.06304289424196292,0.03089460016118922,0.0038506313244380764,0.0020596400107459477,65.0766961798647,58.578933464672694,47.41413989852766,42.67994396525477
2025-05-12,10764,9690,677,331,34,32,631195.35,461129.44873,242.77777777777777,204.0,451.7000000000007,0.9002229654403567,0.06289483463396507,0.030750650315867708,0.00315867707172055,0.0029728725380899295,65.13883900928792,58.639478818283166,47.58817840350877,42.83997108231141
2025-05-13,10786,9724,652,339,32,39,633931.8,461244.10876000003,242.23280178008528,202.0,445.0,0.9015390320786204,0.06044872983497126,0.031429631003152235,0.0029668088262562583,0.0036157982569998146,65.19249280131633,58.77357685889116,47.43357761826409,42.76322165399592
2025-05-14,10894,9818,698,304,48,26,639100.5,466392.54719,242.17413255002754,204.0,445.0,0.9012300348815862,0.06407196621993758,0.027905268955388286,0.004406095098219203,0.002386634844868735,65.09477490323894,58.66536625665504,47.50382432165411,42.81187325041307
2025-05-15,10724,9691,624,339,36,34,629423.0,460110.36977,245.85471838866096,206.0,451.0,0.9036740022379709,0.05818724356583364,0.031611339052592315,0.0033569563595673255,0.0031704587840358073,64.9492312454855,58.69293174188736,47.47811059436591,42.904734219507645
2025-05-16,10909,9763,721,325,66,34,635698.5,463652.18901,238.1234760289669,200.0,440.0,0.8949491245760381,0.06609221743514529,0.02979191493262444,0.006050050417086809,0.003116692639105326,65.11302878213664,58.27284810706756,47.49074966813479,42.50180484095701
2025-05-17,11676,10528,731,339,47,31,681230.45,496531.08913,241.9726789996574,203.0,443.0,0.9016786570743405,0.06260705721137376,0.029033915724563205,0.004025351147653306,0.0026550188420692016,64.70653970364741,58.34450582391229,47.16290740216565,42.5257870101062
2025-05-18,11380,10197,738,359,52,34,662350.45,483291.87558999995,241.19402460456942,203.0,445.0,0.8960456942003515,0.0648506151142355,0.031546572934973635,0.0045694200351493845,0.0029876977152899823,64.95542316367559,58.20302724077328,47.395496282239876,42.4685303681898
2025-05-19,10891,9773,714,334,36,34,632254.8,462173.64778999996,243.961252410247,204.0,448.0,0.8973464328344505,0.06555871820769443,0.030667523643375265,0.0033054815903039206,0.003121843724175925,64.69403458508135,58.052961160591316,47.29086747058222,42.4362912303737
2025-05-20,10929,9831,690,332,47,29,640056.6,467930.41176,244.67920212279256,204.0,457.0,0.8995333516332693,0.0631347790282734,0.03037789367737213,0.0043004849483026806,0.0026534907127825054,65.10595056454073,58.56497392259127,47.59743787610619,42.815482821850125
2025-05-21,10856,9792,680,310,51,23,638635.65,467244.51619999995,241.1111827560796,202.0,447.0,0.9019896831245394,0.06263817243920412,0.02855563743551953,0.00469786293294031,0.00211864406779661,65.22014399509804,58.827897015475315,47.71696448120915,43.04020967207074
2025-05-22,11064,9970,661,356,49,28,647387.35,473176.21852,242.73418293564714,202.0,446.0,0.901120751988431,0.05974331164135936,0.032176428054953,0.0044287780187997105,0.0025307302964569776,64.93353560682046,58.51295643528561,47.46000185757272,42.76719256326826
2025-05-23,10932,9876,657,333,40,26,644131.9,471630.97437,242.52350896450787,202.0,446.0,0.9034028540065862,0.060098792535675086,0.030461031833150385,0.003658982802780827,0.0023783388218075376,65.2219420818145,58.921688620563486,47.755262694410696,43.14224061196487
2025-05-24,11502,10270,754,392,44,42,664288.9,485344.53783000004,243.89314901756217,203.0,454.0,0.8928881933576769,0.06555381672752565,0.03408102938619371,0.0038254216657972527,0.0036515388628064684,64.68246348588121,57.75420796383238,47.258474959104184,42.19653432707356
2025-05-25,11298,10256,660,292,58,32,665815.25,487264.69441,240.96238272260578,202.0,444.3000000000011,0.9077712869534431,0.058417419012214554,0.025845282350858558,0.005133651973800672,0.0028323597096831295,64.91958365834634,58.932134006018764,47.510208113299534,43.128402762435826
2025-05-26,10757,9730,654,293,48,32,630578.8,461631.96984000003,243.29850330017663,203.0,453.0,0.9045272845588919,0.06079762015431812,0.027238077530910104,0.004462210653527935,0.0029748071023519567,64.80768756423433,58.620321651017946,47.44419011716341,42.91456445477364
2025-05-27,10916,9847,680,311,43,35,641901.65,470472.55108,242.23955661414436,202.0,452.0,0.9020703554415537,0.062293880542323196,0.028490289483327227,0.003939171857823378,0.0032063026749725174,65.1875342743983,58.80374221326493,47.77826252462679,43.09935425796995
2025-05-28,11096,9978,694,353,44,27,650204.65,476703.54861000006,244.0183850036049,204.0,450.0,0.8992429704397982,0.06254506128334535,0.03181326604181687,0.003965392934390771,0.0024333093006488823,65.16382541591501,58.59811193222783,47.77546087492483,42.96174735129777
2025-05-29,10992,9964,623,317,48,40,648708.9,475435.31292000005,242.60262008733625,204.0,443.0,0.9064774381368268,0.05667758369723435,0.028839155749636098,0.004366812227074236,0.00363901018922853,65.10526896828583,59.01645742358079,47.71530639502208,43.252848700873365
2025-05-30,11090,10034,661,324,42,29,652885.25,479103.53333999997,241.89188458070333,202.0,448.0,0.9047790802524797,0.059603246167718664,0.02921550946798918,0.003787195671776375,0.0026149684400360684,65.06729619294399,58.87152840396754,47.74801009966115,43.20140066185753
2025-05-31,11650,10558,683,333,45,31,684146.55,501474.57922,242.64051502145924,203.0,447.0,0.9062660944206009,0.058626609442060086,0.028583690987124464,0.0038626609442060085,0.0026609442060085836,64.7988776283387,58.72502575107296,47.497118698617165,43.04502825922747
2025-06-01,11116,10151,586,287,55,37,657775.1,482420.87113,240.05325656711048,202.0,439.0,0.913188197193235,0.052716804605973375,0.025818639798488665,0.0049478229578985245,0.003328535444404462,64.79904442912029,59.17372256207268,47.524467651462906,43.39878293720763
2025-06-02,10930,9943,586,307,55,39,646336.75,475412.67909,243.0956999085087,205.0,446.0,0.9096980786825252,0.05361390667886551,0.02808783165599268,0.005032021957913998,0.0035681610247026534,65.00419893392336,59.13419487648673,47.81380660665795,43.496128004574565
2025-06-03,10959,10038,573,261,47,40,653428.25,480196.82906,244.22246555342642,205.0,442.0,0.9159594853545031,0.05228579249931563,0.023816041609635914,0.004288712473765855,0.003649968062779451,65.0954622434748,59.624806095446665,47.837898890217176,43.817577247924085
2025-06-04,10907,9932,611,291,39,34,647881.2,476105.70823999995,241.76262950398825,203.0,449.0,0.9106078665077473,0.05601907032181168,0.026680113688456953,0.003575685339690107,0.00311726414229394,65.23169552960128,59.40049509489318,47.936539291180026,43.65138977170624
2025-06-05,11048,10163,542,264,55,24,662716.45,487271.91761,241.09685010861693,204.0,441.0,0.9198950036205648,0.049058653149891385,0.02389572773352643,0.00497827661115134,0.002172338884866039,65.2087424972941,59.985196415640836,47.945677222276885,44.104988921976826
2025-06-06,10909,10086,486,254,45,38,656630.65,482528.67752,241.8220735172793,203.0,442.0,0.9245577046475387,0.04455037125309377,0.023283527362728023,0.00412503437528646,0.003483362361353011,65.10317767202062,60.19164451370428,47.841431441602225,44.23216404070034
2025-06-07,11619,10565,675,302,50,27,682079.3,502374.60537,239.2282468370772,201.0,435.2000000000007,0.9092865134693175,0.05809450038729667,0.025991909802909028,0.004303296324984938,0.0023237800154918666,64.56027449124468,58.70378690076599,47.55083817983909,43.2373358610896
2025-06-08,11545,10577,589,292,54,33,686223.35,504708.94167,243.00034647033348,205.0,447.0,0.9161541792983976,0.05101775660459073,0.025292334343871806,0.0046773495019488956,0.002858380251190992,64.87882669944219,59.43900822867042,47.7175892663326,43.71666883239497
2025-06-09,11103,10190,545,298,42,28,662890.95,487663.51123999996,243.43114473565703,205.0,446.0,0.9177699720796181,0.04908583265784022,0.026839592902819058,0.0037827614158335585,0.002521840943889039,65.05308635917565,59.70376925155363,47.857066853778214,43.921778910204445
2025-06-10,10899,9937,602,279,52,29,647794.7,476879.0658,244.84466464813286,204.0,451.0,0.9117350215616111,0.05523442517662171,0.02559867877786953,0.004771079915588586,0.0026607945683090194,65.19016805877025,59.436159280667944,47.99024512428298,43.75438717313515
2025-06-11,10836,9997,509,260,41,29,651437.3,479759.05626,241.90762273901808,204.0,439.0,0.9225729051310446,0.046973052787006274,0.02399409376153562,0.003783684016242156,0.002676264304171281,65.16327898369511,60.11787559985235,47.990302716815044,44.27455299557032
2025-06-12,11124,10192,578,258,57,39,664670.55,489600.91914,240.68024092053219,203.0,438.0,0.9162171880618483,0.05195972671700827,0.02319309600862999,0.005124056094929882,0.003505933117583603,65.21492837519624,59.75103829557713,48.03776679160126,44.01302761057174
2025-06-13,11052,10127,573,274,50,28,659015.35,486142.16475,243.44353963083606,205.0,443.0,0.916304741223308,0.05184581976112921,0.024791892870068766,0.004524068041983352,0.0025334781035106766,65.07508146538954,59.628605682229455,48.00455858102103,43.986804628121604
2025-06-14,11886,11019,537,238,56,36,711308.95,524156.17053999996,241.65034494363115,204.0,440.0,0.9270570418980313,0.04517920242301868,0.020023557126030624,0.004711425206124852,0.003028773346794548,64.55294945094836,59.84426636378933,47.568397362737095,44.09861774692916
2025-06-15,11711,10663,648,311,46,43,693711.2,511301.52101,243.87071983605156,204.0,449.0,0.9105114849286995,0.05533259328836137,0.026556229186235163,0.003927931005037999,0.003671761591665955,65.05778861483634,59.235863717872085,47.95100075119573,43.659936897788405
2025-06-16,10150,9212,584,283,42,29,600787.4,446062.65777000005,243.97793103448276,206.0,442.10000000000036,0.9075862068965517,0.05753694581280788,0.027881773399014778,0.004137931034482759,0.002857142857142857,65.2179114198871,59.190876847290646,48.42191248046027,43.94705987881774
2025-06-17,10097,9143,595,291,45,23,597348.2,442576.3766,244.29989105674952,205.0,449.0,0.9055164900465484,0.05892839457264534,0.028820441715361,0.004456769337426958,0.002277904328018223,65.33393853221042,59.160958700604134,48.40603484633053,43.832462771120134
2025-06-18,11178,10167,615,319,48,29,663137.5,489346.28819,242.9642154231526,204.0,441.0,0.9095544820182502,0.055018786902844875,0.028538200035784576,0.0042941492216854536,0.0025943818214349615,65.22450083603816,59.325237072821615,48.130843728730206,43.77762463678654
2025-06-19,11285,10160,713,341,43,28,659994.9,488465.02927999996,243.40345591493133,204.0,447.60000000000036,0.9003101462117855,0.06318121400088614,0.03021710234824989,0.003810367744793974,0.0024811696942844486,64.96012795275591,58.48426229508197,48.077266661417326,43.28445097740363
2025-06-20,11032,10048,613,294,37,40,653242.3,482588.72203000006,243.00371646120377,206.0,445.89999999999964,0.9108049311094997,0.05556562726613488,0.0266497461928934,0.003353879622915156,0.0036258158085569255,65.01217157643313,59.213406453952146,48.0283361892914,43.74444543419145
2025-06-21,11873,11085,446,241,56,45,717887.25,529905.01148,243.1808304556557,206.0,439.0,0.9336309273140739,0.0375642213425419,0.020298155478817484,0.004716583845700328,0.0037901120188663356,64.76204330175914,60.46384654257559,47.80378993955796,44.6310967303967
2025-06-22,11737,10821,550,276,58,32,700068.35,516947.27339,242.32495526966005,203.0,440.0,0.9219562068671722,0.046860356138706656,0.023515378716878248,0.004941637556445429,0.002726420720797478,64.69534701044266,59.64627673170316,47.77259711579337,44.04424242907046
2025-06-23,11240,10160,658,340,48,34,660750.55,489484.92202999996,242.8785587188612,205.0,440.0,0.9039145907473309,0.058540925266903916,0.030249110320284697,0.004270462633451958,0.0030249110320284696,65.03450295275591,58.78563612099644,48.177649806102366,43.54848060765124
2025-06-24,11320,10318,603,309,59,31,668175.5,494111.52121000004,244.24973498233214,205.0,447.0,0.9114840989399293,0.05326855123674912,0.027296819787985864,0.0052120141342756185,0.0027385159010600707,64.75823803062609,59.026104240282685,47.88830405214188,43.64942766872792
2025-06-25,10990,10040,594,269,41,46,655497.6,485345.0303,240.23002729754322,204.0,437.10000000000036,0.913557779799818,0.054049135577797995,0.024476797088262055,0.00373066424021838,0.0041856232939035485,65.28860557768924,59.644913557779795,48.341138476095615,44.162423139217466
2025-06-26,11079,10185,560,252,48,34,659647.5,488372.63807,244.03529199386227,206.0,445.0,0.9193067966422962,0.05054607816589945,0.022745735174654752,0.004332520985648524,0.003068869031501038,64.76656848306332,59.54034660167885,47.95018537751595,44.080931317808464
2025-06-27,11212,10286,572,268,56,30,669646.9,496699.83294,242.25178380306815,204.0,441.0,0.9174099179450589,0.05101676774884053,0.023902961113093115,0.0049946485907955765,0.002675704602211916,65.10275131246354,59.725909739564756,48.28892017693953,44.30073429718159
2025-06-28,12014,10955,656,317,38,48,707552.1,523872.6657,242.49450640918928,204.0,444.0,0.9118528383552522,0.054602963209588816,0.026385883136340934,0.003162976527384718,0.003995338771433328,64.58713829301689,58.893965373730644,47.82041676859881,43.605182761777925
2025-06-29,11740,10701,632,313,55,39,693696.65,513920.03488,242.61567291311755,204.0,446.0,0.9114991482112436,0.05383304940374787,0.026660988074957412,0.004684838160136286,0.003321976149914821,64.82540416783479,59.08830068143101,48.02542144472479,43.77513073935264
2025-06-30,11402,10395,595,330,47,35,675605.85,501106.07086,244.44693913348536,205.0,448.0,0.9116821610243817,0.05218382739870198,0.028942290826170846,0.004122083844939484,0.003069636905805999,64.99334776334776,59.25327574109805,48.20645222318422,43.9489625381512
