event_month_str,city,vehicle_class,partner_segment,is_peak,payment_mode,is_swap_completed,event_count,avg_list_price,avg_discount,avg_amount_charged,total_revenue,total_margin
2024-01,Bengaluru,2W,Retail,False,partner_invoice,False,232,60.0,0.0,0.0,0.0,0.0
2024-01,Bengaluru,2W,Retail,False,partner_invoice,True,5903,60.0,0.0,60.00254108080637,354195.0,244098.44991000002
2024-01,Bengaluru,2W,bike_taxi,False,partner_invoice,False,37,60.0,3.210810810810811,0.0,0.0,0.0
2024-01,Bengaluru,2W,bike_taxi,False,partner_invoice,True,1008,60.0,3.2869047619047618,56.708134920634926,57161.79999999999,38371.99758
2024-01,Bengaluru,2W,ecom_logistics,False,partner_invoice,False,77,60.0,8.142857142857142,0.0,0.0,0.0
2024-01,Bengaluru,2W,ecom_logistics,False,partner_invoice,True,2317,60.0,8.102201122140698,51.89348295209322,120237.20000000001,76580.32415
2024-01,Bengaluru,2W,food_delivery,False,partner_invoice,False,196,60.0,6.122448979591836,0.0,0.0,0.0
2024-01,Bengaluru,2W,food_delivery,False,partner_invoice,True,4848,60.0,6.0897277227722775,53.92058580858086,261407.0,170779.91399
2024-01,Bengaluru,2W,quick_commerce,False,partner_invoice,False,153,60.0,6.847058823529412,0.0,0.0,0.0
2024-01,Bengaluru,2W,quick_commerce,False,partner_invoice,True,3965,60.0,6.826834804539723,53.17316519546028,210831.59999999998,134186.80099
2024-01,Bengaluru,3W,Retail,False,partner_invoice,False,29,100.0,0.0,0.0,0.0,0.0
2024-01,Bengaluru,3W,Retail,False,partner_invoice,True,342,100.0,0.0,100.0,34200.0,19427.964630000002
2024-01,Bengaluru,3W,bike_taxi,False,partner_invoice,False,2,100.0,6.0,0.0,0.0,0.0
2024-01,Bengaluru,3W,bike_taxi,False,partner_invoice,True,53,100.0,6.0,94.0,4982.0,2724.60335
2024-01,Bengaluru,3W,cargo_3w,False,partner_invoice,False,96,100.0,7.59375,0.0,0.0,0.0
2024-01,Bengaluru,3W,cargo_3w,False,partner_invoice,True,930,100.0,7.665591397849463,92.36666666666666,85901.0,45603.37873
2024-01,Bengaluru,3W,ecom_logistics,False,partner_invoice,False,16,100.0,13.4375,0.0,0.0,0.0
2024-01,Bengaluru,3W,ecom_logistics,False,partner_invoice,True,245,100.0,13.248979591836735,86.75102040816327,21254.0,10478.799900000002
2024-01,Bengaluru,3W,food_delivery,False,partner_invoice,False,39,100.0,10.282051282051283,0.0,0.0,0.0
2024-01,Bengaluru,3W,food_delivery,False,partner_invoice,True,316,100.0,10.278481012658228,89.72151898734177,28352.0,14880.44704
2024-01,Bengaluru,3W,quick_commerce,False,partner_invoice,False,37,100.0,11.756756756756756,0.0,0.0,0.0
2024-01,Bengaluru,3W,quick_commerce,False,partner_invoice,True,242,100.0,11.677685950413224,88.28099173553719,21364.0,10203.915860000001
2024-01,Delhi NCR,2W,Retail,False,partner_invoice,False,198,60.0,0.0,0.0,0.0,0.0
2024-01,Delhi NCR,2W,Retail,False,partner_invoice,True,5885,60.0,0.0,60.00339847068819,353120.0,242513.37578
2024-01,Delhi NCR,2W,bike_taxi,False,partner_invoice,False,41,60.0,3.409756097560976,0.0,0.0,0.0
2024-01,Delhi NCR,2W,bike_taxi,False,partner_invoice,True,918,60.0,3.399346405228758,56.578867102396515,51939.399999999994,34667.95293
2024-01,Delhi NCR,2W,ecom_logistics,False,partner_invoice,False,114,60.0,8.16842105263158,0.0,0.0,0.0
2024-01,Delhi NCR,2W,ecom_logistics,False,partner_invoice,True,2718,60.0,8.198896247240617,51.80110375275938,140795.4,89288.47983999999
2024-01,Delhi NCR,2W,food_delivery,False,partner_invoice,False,173,60.0,6.034682080924855,0.0,0.0,0.0
2024-01,Delhi NCR,2W,food_delivery,False,partner_invoice,True,4317,60.0,6.020291869353717,53.97739170720408,233020.39999999997,152106.23081
2024-01,Delhi NCR,2W,quick_commerce,False,partner_invoice,False,131,60.0,6.801526717557252,0.0,0.0,0.0
2024-01,Delhi NCR,2W,quick_commerce,False,partner_invoice,True,3304,60.0,6.848062953995157,53.16101694915254,175644.0,111553.00357
2024-01,Delhi NCR,3W,Retail,False,partner_invoice,False,36,100.0,0.0,0.0,0.0,0.0
2024-01,Delhi NCR,3W,Retail,False,partner_invoice,True,398,100.0,0.0,100.0251256281407,39810.0,22803.84174
2024-01,Delhi NCR,3W,bike_taxi,False,partner_invoice,False,4,100.0,6.0,0.0,0.0,0.0
2024-01,Delhi NCR,3W,bike_taxi,False,partner_invoice,True,19,100.0,6.0,94.0,1786.0,947.5281499999999
2024-01,Delhi NCR,3W,cargo_3w,False,partner_invoice,False,112,100.0,7.651785714285714,0.0,0.0,0.0
2024-01,Delhi NCR,3W,cargo_3w,False,partner_invoice,True,1096,100.0,7.663321167883212,92.32299270072993,101186.0,54165.90397
2024-01,Delhi NCR,3W,ecom_logistics,False,partner_invoice,False,16,100.0,11.8125,0.0,0.0,0.0
2024-01,Delhi NCR,3W,ecom_logistics,False,partner_invoice,True,161,100.0,13.180124223602485,86.7888198757764,13973.0,6950.822389999999
2024-01,Delhi NCR,3W,food_delivery,False,partner_invoice,False,27,100.0,9.925925925925926,0.0,0.0,0.0
2024-01,Delhi NCR,3W,food_delivery,False,partner_invoice,True,275,100.0,9.76,90.24,24816.0,12786.4421
2024-01,Delhi NCR,3W,quick_commerce,False,partner_invoice,False,22,100.0,11.590909090909092,0.0,0.0,0.0
2024-01,Delhi NCR,3W,quick_commerce,False,partner_invoice,True,180,100.0,11.583333333333334,88.41666666666667,15915.0,7912.207400000001
2024-01,Hyderabad,2W,Retail,False,partner_invoice,False,263,60.0,0.0,0.0,0.0,0.0
2024-01,Hyderabad,2W,Retail,False,partner_invoice,True,6585,60.0,0.0,59.99772209567198,395085.0,267231.20895999996
2024-01,Hyderabad,2W,bike_taxi,False,partner_invoice,False,41,60.0,3.2195121951219514,0.0,0.0,0.0
2024-01,Hyderabad,2W,bike_taxi,False,partner_invoice,True,1128,60.0,3.2654255319148935,56.71684397163121,63976.6,42255.750100000005
2024-01,Hyderabad,2W,ecom_logistics,False,partner_invoice,False,83,60.0,8.03132530120482,0.0,0.0,0.0
2024-01,Hyderabad,2W,ecom_logistics,False,partner_invoice,True,2014,60.0,8.032671300893744,51.969811320754715,104667.2,65443.214459999996
2024-01,Hyderabad,2W,food_delivery,False,partner_invoice,False,150,60.0,5.9879999999999995,0.0,0.0,0.0
2024-01,Hyderabad,2W,food_delivery,False,partner_invoice,True,4133,60.0,6.024534236631986,53.98393418824099,223115.59999999998,142982.19858999999
2024-01,Hyderabad,2W,quick_commerce,False,partner_invoice,False,142,60.0,6.845070422535211,0.0,0.0,0.0
2024-01,Hyderabad,2W,quick_commerce,False,partner_invoice,True,3059,60.0,6.775155279503106,53.23792088917946,162854.8,102475.22568999999
2024-01,Hyderabad,3W,Retail,False,partner_invoice,False,33,100.0,0.0,0.0,0.0,0.0
2024-01,Hyderabad,3W,Retail,False,partner_invoice,True,389,100.0,0.0,100.05141388174808,38920.0,22173.119880000002
2024-01,Hyderabad,3W,bike_taxi,False,partner_invoice,False,3,100.0,5.0,0.0,0.0,0.0
2024-01,Hyderabad,3W,bike_taxi,False,partner_invoice,True,26,100.0,5.0,95.0,2470.0,1463.17076
2024-01,Hyderabad,3W,cargo_3w,False,partner_invoice,False,110,100.0,7.663636363636364,0.0,0.0,0.0
2024-01,Hyderabad,3W,cargo_3w,False,partner_invoice,True,1016,100.0,7.728346456692913,92.27165354330708,93748.0,49143.5346
2024-01,Hyderabad,3W,ecom_logistics,False,partner_invoice,False,18,100.0,13.833333333333334,0.0,0.0,0.0
2024-01,Hyderabad,3W,ecom_logistics,False,partner_invoice,True,188,100.0,13.23936170212766,86.76063829787235,16311.0,8084.87933
2024-01,Hyderabad,3W,food_delivery,False,partner_invoice,False,28,100.0,10.0,0.0,0.0,0.0
2024-01,Hyderabad,3W,food_delivery,False,partner_invoice,True,245,100.0,9.951020408163265,90.04897959183674,22062.0,11183.371729999999
2024-01,Hyderabad,3W,quick_commerce,False,partner_invoice,False,15,100.0,11.6,0.0,0.0,0.0
2024-01,Hyderabad,3W,quick_commerce,False,partner_invoice,True,129,100.0,11.511627906976743,88.52713178294573,11420.0,5336.02303
2024-01,Jaipur,2W,Retail,False,partner_invoice,False,145,60.0,0.0,0.0,0.0,0.0
2024-01,Jaipur,2W,Retail,False,partner_invoice,True,4064,60.0,0.0,59.99384842519685,243815.0,164200.81568
2024-01,Jaipur,2W,bike_taxi,False,partner_invoice,False,41,60.0,3.278048780487805,0.0,0.0,0.0
2024-01,Jaipur,2W,bike_taxi,False,partner_invoice,True,915,60.0,3.344918032786885,56.64415300546448,51829.399999999994,33576.86115
2024-01,Jaipur,2W,ecom_logistics,False,partner_invoice,False,56,60.0,8.27142857142857,0.0,0.0,0.0
2024-01,Jaipur,2W,ecom_logistics,False,partner_invoice,True,1535,60.0,8.339413680781758,51.654071661237786,79289.0,49025.417570000005
2024-01,Jaipur,2W,food_delivery,False,partner_invoice,False,111,60.0,6.005405405405406,0.0,0.0,0.0
2024-01,Jaipur,2W,food_delivery,False,partner_invoice,True,3046,60.0,6.0588969139855555,53.939461588969145,164299.59999999998,104422.33459000001
2024-01,Jaipur,2W,quick_commerce,False,partner_invoice,False,69,60.0,6.808695652173913,0.0,0.0,0.0
2024-01,Jaipur,2W,quick_commerce,False,partner_invoice,True,2105,60.0,6.824608076009501,53.17301662707838,111929.2,69277.56822
2024-01,Jaipur,3W,Retail,False,partner_invoice,False,29,100.0,0.0,0.0,0.0,0.0
2024-01,Jaipur,3W,Retail,False,partner_invoice,True,277,100.0,0.0,100.0,27700.0,15306.941910000001
2024-01,Jaipur,3W,bike_taxi,False,partner_invoice,False,4,100.0,5.0,0.0,0.0,0.0
2024-01,Jaipur,3W,bike_taxi,False,partner_invoice,True,33,100.0,5.212121212121212,94.78787878787878,3128.0,1645.60491
2024-01,Jaipur,3W,cargo_3w,False,partner_invoice,False,58,100.0,7.844827586206897,0.0,0.0,0.0
2024-01,Jaipur,3W,cargo_3w,False,partner_invoice,True,593,100.0,7.768971332209106,92.2310286677909,54693.0,27926.17819
2024-01,Jaipur,3W,ecom_logistics,False,partner_invoice,False,9,100.0,12.222222222222221,0.0,0.0,0.0
2024-01,Jaipur,3W,ecom_logistics,False,partner_invoice,True,61,100.0,11.967213114754099,88.0327868852459,5370.0,2723.09222
2024-01,Jaipur,3W,food_delivery,False,partner_invoice,False,24,100.0,9.458333333333334,0.0,0.0,0.0
2024-01,Jaipur,3W,food_delivery,False,partner_invoice,True,196,100.0,9.321428571428571,90.70408163265306,17778.0,8971.5496
2024-01,Jaipur,3W,quick_commerce,False,partner_invoice,False,26,100.0,11.192307692307692,0.0,0.0,0.0
2024-01,Jaipur,3W,quick_commerce,False,partner_invoice,True,197,100.0,11.558375634517766,88.44162436548223,17423.0,8477.515370000001
2024-01,Mumbai,2W,Retail,False,partner_invoice,False,194,60.0,0.0,0.0,0.0,0.0
2024-01,Mumbai,2W,Retail,False,partner_invoice,True,5128,60.0,0.0,59.99707488299532,307665.0,200883.67511
2024-01,Mumbai,2W,bike_taxi,False,partner_invoice,False,41,60.0,3.336585365853659,0.0,0.0,0.0
2024-01,Mumbai,2W,bike_taxi,False,partner_invoice,True,971,60.0,3.324407826982492,56.69104016477858,55047.0,35167.03868
2024-01,Mumbai,2W,ecom_logistics,False,partner_invoice,False,84,60.0,8.057142857142857,0.0,0.0,0.0
2024-01,Mumbai,2W,ecom_logistics,False,partner_invoice,True,1904,60.0,7.970168067226891,52.027205882352945,99059.79999999999,59731.02555
2024-01,Mumbai,2W,food_delivery,False,partner_invoice,False,145,60.0,6.008275862068965,0.0,0.0,0.0
2024-01,Mumbai,2W,food_delivery,False,partner_invoice,True,3311,60.0,5.9566898218061,54.04935064935065,178957.4,109973.37719
2024-01,Mumbai,2W,quick_commerce,False,partner_invoice,False,130,60.0,6.978461538461539,0.0,0.0,0.0
2024-01,Mumbai,2W,quick_commerce,False,partner_invoice,True,2930,60.0,6.9118771331058015,53.09324232081911,155563.2,91349.62978999999
2024-01,Mumbai,3W,Retail,False,partner_invoice,False,29,100.0,0.0,0.0,0.0,0.0
2024-01,Mumbai,3W,Retail,False,partner_invoice,True,271,100.0,0.0,100.0,27100.0,14442.07547
2024-01,Mumbai,3W,bike_taxi,False,partner_invoice,False,1,100.0,5.0,0.0,0.0,0.0
2024-01,Mumbai,3W,bike_taxi,False,partner_invoice,True,21,100.0,5.0,95.0,1995.0,849.8489
2024-01,Mumbai,3W,cargo_3w,False,partner_invoice,False,110,100.0,7.7727272727272725,0.0,0.0,0.0
2024-01,Mumbai,3W,cargo_3w,False,partner_invoice,True,1060,100.0,7.727358490566037,92.29150943396226,97829.0,47874.11409
2024-01,Mumbai,3W,ecom_logistics,False,partner_invoice,False,7,100.0,13.714285714285714,0.0,0.0,0.0
2024-01,Mumbai,3W,ecom_logistics,False,partner_invoice,True,88,100.0,13.318181818181818,86.68181818181819,7628.0,3329.45525
2024-01,Mumbai,3W,food_delivery,False,partner_invoice,False,23,100.0,9.652173913043478,0.0,0.0,0.0
2024-01,Mumbai,3W,food_delivery,False,partner_invoice,True,277,100.0,10.288808664259928,89.72924187725631,24855.0,11637.91745
2024-01,Mumbai,3W,quick_commerce,False,partner_invoice,False,14,100.0,11.785714285714286,0.0,0.0,0.0
2024-01,Mumbai,3W,quick_commerce,False,partner_invoice,True,166,100.0,11.439759036144578,88.56024096385542,14701.0,6542.976629999999
2024-01,Pune,2W,Retail,False,partner_invoice,False,164,60.0,0.0,0.0,0.0,0.0
2024-01,Pune,2W,Retail,False,partner_invoice,True,4386,60.0,0.0,59.99886000911993,263155.0,185273.98345
2024-01,Pune,2W,bike_taxi,False,partner_invoice,False,35,60.0,3.4114285714285715,0.0,0.0,0.0
2024-01,Pune,2W,bike_taxi,False,partner_invoice,True,773,60.0,3.3430789133247085,56.6569210866753,43795.79999999999,30104.83303
2024-01,Pune,2W,ecom_logistics,False,partner_invoice,False,61,60.0,8.301639344262295,0.0,0.0,0.0
2024-01,Pune,2W,ecom_logistics,False,partner_invoice,True,1738,60.0,8.128308400460298,51.868814729574225,90148.0,59046.92168
2024-01,Pune,2W,food_delivery,False,partner_invoice,False,159,60.0,6.1169811320754715,0.0,0.0,0.0
2024-01,Pune,2W,food_delivery,False,partner_invoice,True,3931,60.0,6.08532180106843,53.918494021877386,211953.59999999998,142364.79259
2024-01,Pune,2W,quick_commerce,False,partner_invoice,False,134,60.0,6.649253731343284,0.0,0.0,0.0
2024-01,Pune,2W,quick_commerce,False,partner_invoice,True,3148,60.0,6.768297331639137,53.23646759847522,167588.4,110776.79921
2024-01,Pune,3W,Retail,False,partner_invoice,False,41,100.0,0.0,0.0,0.0,0.0
2024-01,Pune,3W,Retail,False,partner_invoice,True,355,100.0,0.0,99.98591549295774,35495.0,20970.417350000003
2024-01,Pune,3W,bike_taxi,False,partner_invoice,False,2,100.0,5.0,0.0,0.0,0.0
2024-01,Pune,3W,bike_taxi,False,partner_invoice,True,19,100.0,5.0,95.0,1805.0,1024.7678799999999
2024-01,Pune,3W,cargo_3w,False,partner_invoice,False,97,100.0,7.597938144329897,0.0,0.0,0.0
2024-01,Pune,3W,cargo_3w,False,partner_invoice,True,1024,100.0,7.5556640625,92.44921875,94668.0,53369.8937
2024-01,Pune,3W,ecom_logistics,False,partner_invoice,False,8,100.0,13.5,0.0,0.0,0.0
2024-01,Pune,3W,ecom_logistics,False,partner_invoice,True,136,100.0,12.933823529411764,87.06617647058823,11841.0,6205.981890000001
2024-01,Pune,3W,food_delivery,False,partner_invoice,False,23,100.0,10.608695652173912,0.0,0.0,0.0
2024-01,Pune,3W,food_delivery,False,partner_invoice,True,255,100.0,10.596078431372549,89.40392156862745,22798.0,12331.67412
2024-01,Pune,3W,quick_commerce,False,partner_invoice,False,22,100.0,11.727272727272727,0.0,0.0,0.0
2024-01,Pune,3W,quick_commerce,False,partner_invoice,True,242,100.0,11.652892561983471,88.34710743801652,21380.0,11407.023420000001
2024-02,Bengaluru,2W,Retail,False,partner_invoice,False,255,60.0,0.0,0.0,0.0,0.0
2024-02,Bengaluru,2W,Retail,False,partner_invoice,True,6031,60.0,0.0,59.9991709500912,361855.0,249851.35897
2024-02,Bengaluru,2W,bike_taxi,False,partner_invoice,False,42,60.0,3.2571428571428576,0.0,0.0,0.0
2024-02,Bengaluru,2W,bike_taxi,False,partner_invoice,True,985,60.0,3.250964467005076,56.74395939086295,55892.79999999999,37734.43633
2024-02,Bengaluru,2W,ecom_logistics,False,partner_invoice,False,99,60.0,8.26060606060606,0.0,0.0,0.0
2024-02,Bengaluru,2W,ecom_logistics,False,partner_invoice,True,2176,60.0,8.186856617647058,51.81773897058823,112755.4,71926.66567
2024-02,Bengaluru,2W,food_delivery,False,partner_invoice,False,198,60.0,6.0606060606060606,0.0,0.0,0.0
2024-02,Bengaluru,2W,food_delivery,False,partner_invoice,True,5050,60.0,6.092316831683169,53.91362376237623,272263.8,178560.9669
2024-02,Bengaluru,2W,quick_commerce,False,partner_invoice,False,187,60.0,6.814973262032086,0.0,0.0,0.0
2024-02,Bengaluru,2W,quick_commerce,False,partner_invoice,True,4358,60.0,6.809683340982103,53.19261128958237,231813.40000000002,148226.24646999998
2024-02,Bengaluru,3W,Retail,False,partner_invoice,False,30,100.0,0.0,0.0,0.0,0.0
2024-02,Bengaluru,3W,Retail,False,partner_invoice,True,379,100.0,0.0,99.9868073878628,37895.0,21633.37084
2024-02,Bengaluru,3W,bike_taxi,False,partner_invoice,False,8,100.0,6.0,0.0,0.0,0.0
2024-02,Bengaluru,3W,bike_taxi,False,partner_invoice,True,34,100.0,6.0,94.0,3196.0,1694.01968
2024-02,Bengaluru,3W,cargo_3w,False,partner_invoice,False,111,100.0,7.612612612612613,0.0,0.0,0.0
2024-02,Bengaluru,3W,cargo_3w,False,partner_invoice,True,1023,100.0,7.667644183773216,92.32746823069404,94451.0,50704.351090000004
2024-02,Bengaluru,3W,ecom_logistics,False,partner_invoice,False,24,100.0,13.125,0.0,0.0,0.0
2024-02,Bengaluru,3W,ecom_logistics,False,partner_invoice,True,253,100.0,13.399209486166008,86.58102766798419,21905.0,10879.12762
2024-02,Bengaluru,3W,food_delivery,False,partner_invoice,False,35,100.0,10.228571428571428,0.0,0.0,0.0
2024-02,Bengaluru,3W,food_delivery,False,partner_invoice,True,316,100.0,10.253164556962025,89.74683544303798,28360.0,14910.72637
2024-02,Bengaluru,3W,quick_commerce,False,partner_invoice,False,41,100.0,11.560975609756097,0.0,0.0,0.0
2024-02,Bengaluru,3W,quick_commerce,False,partner_invoice,True,282,100.0,11.75531914893617,88.28014184397163,24895.0,12117.99211
2024-02,Delhi NCR,2W,Retail,False,partner_invoice,False,254,60.0,0.0,0.0,0.0,0.0
2024-02,Delhi NCR,2W,Retail,False,partner_invoice,True,5973,60.0,0.0,60.0058597019923,358415.0,247007.79690000002
2024-02,Delhi NCR,2W,bike_taxi,False,partner_invoice,False,26,60.0,3.4153846153846152,0.0,0.0,0.0
2024-02,Delhi NCR,2W,bike_taxi,False,partner_invoice,True,897,60.0,3.4200668896321074,56.568784838350055,50742.19999999999,33796.98977
2024-02,Delhi NCR,2W,ecom_logistics,False,partner_invoice,False,97,60.0,8.202061855670104,0.0,0.0,0.0
2024-02,Delhi NCR,2W,ecom_logistics,False,partner_invoice,True,2859,60.0,8.175236096537251,51.81951731374607,148152.0,94377.26964
2024-02,Delhi NCR,2W,food_delivery,False,partner_invoice,False,201,60.0,5.976119402985075,0.0,0.0,0.0
2024-02,Delhi NCR,2W,food_delivery,False,partner_invoice,True,4527,60.0,6.047316103379722,53.962624254473155,244288.8,159671.08399
2024-02,Delhi NCR,2W,quick_commerce,False,partner_invoice,False,113,60.0,6.9132743362831865,0.0,0.0,0.0
2024-02,Delhi NCR,2W,quick_commerce,False,partner_invoice,True,3346,60.0,6.849252839210999,53.147758517632994,177832.39999999997,113475.67066999999
2024-02,Delhi NCR,3W,Retail,False,partner_invoice,False,43,100.0,0.0,0.0,0.0,0.0
2024-02,Delhi NCR,3W,Retail,False,partner_invoice,True,394,100.0,0.0,100.03807106598985,39415.0,22605.60789
2024-02,Delhi NCR,3W,bike_taxi,False,partner_invoice,False,1,100.0,6.0,0.0,0.0,0.0
2024-02,Delhi NCR,3W,bike_taxi,False,partner_invoice,True,18,100.0,6.0,94.0,1692.0,893.18101
2024-02,Delhi NCR,3W,cargo_3w,False,partner_invoice,False,106,100.0,7.650943396226415,0.0,0.0,0.0
2024-02,Delhi NCR,3W,cargo_3w,False,partner_invoice,True,993,100.0,7.698892245720041,92.30110775427995,91655.0,49252.0734
2024-02,Delhi NCR,3W,ecom_logistics,False,partner_invoice,False,12,100.0,13.75,0.0,0.0,0.0
2024-02,Delhi NCR,3W,ecom_logistics,False,partner_invoice,True,180,100.0,13.311111111111112,86.66111111111111,15599.0,7714.5399
2024-02,Delhi NCR,3W,food_delivery,False,partner_invoice,False,29,100.0,9.827586206896552,0.0,0.0,0.0
2024-02,Delhi NCR,3W,food_delivery,False,partner_invoice,True,286,100.0,9.923076923076923,90.07692307692308,25762.0,13181.79843
2024-02,Delhi NCR,3W,quick_commerce,False,partner_invoice,False,13,100.0,11.76923076923077,0.0,0.0,0.0
2024-02,Delhi NCR,3W,quick_commerce,False,partner_invoice,True,161,100.0,11.645962732919255,88.35403726708074,14225.0,7268.24762
2024-02,Hyderabad,2W,Retail,False,partner_invoice,False,249,60.0,0.0,0.0,0.0,0.0
2024-02,Hyderabad,2W,Retail,False,partner_invoice,True,6517,60.0,0.0,60.00843946601197,391075.0,265433.07319
2024-02,Hyderabad,2W,bike_taxi,False,partner_invoice,False,42,60.0,3.2285714285714286,0.0,0.0,0.0
2024-02,Hyderabad,2W,bike_taxi,False,partner_invoice,True,1140,60.0,3.277368421052632,56.70508771929824,64643.8,42764.24304
2024-02,Hyderabad,2W,ecom_logistics,False,partner_invoice,False,85,60.0,7.8352941176470585,0.0,0.0,0.0
2024-02,Hyderabad,2W,ecom_logistics,False,partner_invoice,True,2083,60.0,8.156889102256361,51.85271243398944,108009.20000000001,67926.00696999999
2024-02,Hyderabad,2W,food_delivery,False,partner_invoice,False,177,60.0,6.044067796610169,0.0,0.0,0.0
2024-02,Hyderabad,2W,food_delivery,False,partner_invoice,True,4199,60.0,6.028721124077161,53.97008811621814,226620.4,145891.87142
2024-02,Hyderabad,2W,quick_commerce,False,partner_invoice,False,103,60.0,6.798058252427185,0.0,0.0,0.0
2024-02,Hyderabad,2W,quick_commerce,False,partner_invoice,True,3021,60.0,6.775173783515392,53.2248262164846,160792.19999999998,101492.84709
2024-02,Hyderabad,3W,Retail,False,partner_invoice,False,41,100.0,0.0,0.0,0.0,0.0
2024-02,Hyderabad,3W,Retail,False,partner_invoice,True,407,100.0,0.0,100.0,40700.0,23002.01761
2024-02,Hyderabad,3W,bike_taxi,False,partner_invoice,False,1,100.0,5.0,0.0,0.0,0.0
2024-02,Hyderabad,3W,bike_taxi,False,partner_invoice,True,20,100.0,5.0,95.0,1900.0,1134.60268
2024-02,Hyderabad,3W,cargo_3w,False,partner_invoice,False,88,100.0,7.715909090909091,0.0,0.0,0.0
2024-02,Hyderabad,3W,cargo_3w,False,partner_invoice,True,1051,100.0,7.725023786869648,92.28924833491912,96996.0,51051.11047
2024-02,Hyderabad,3W,ecom_logistics,False,partner_invoice,False,20,100.0,12.85,0.0,0.0,0.0
2024-02,Hyderabad,3W,ecom_logistics,False,partner_invoice,True,166,100.0,13.385542168674698,86.6144578313253,14378.0,7104.53868
2024-02,Hyderabad,3W,food_delivery,False,partner_invoice,False,26,100.0,10.346153846153847,0.0,0.0,0.0
2024-02,Hyderabad,3W,food_delivery,False,partner_invoice,True,322,100.0,9.962732919254659,90.03726708074534,28992.0,14813.200270000001
2024-02,Hyderabad,3W,quick_commerce,False,partner_invoice,False,15,100.0,11.0,0.0,0.0,0.0
2024-02,Hyderabad,3W,quick_commerce,False,partner_invoice,True,126,100.0,11.523809523809524,88.47619047619048,11148.0,5337.54352
2024-02,Jaipur,2W,Retail,False,partner_invoice,False,157,60.0,0.0,0.0,0.0,0.0
2024-02,Jaipur,2W,Retail,False,partner_invoice,True,4242,60.0,0.0,60.00471475719,254540.0,172131.20718
2024-02,Jaipur,2W,bike_taxi,False,partner_invoice,False,37,60.0,3.4054054054054053,0.0,0.0,0.0
2024-02,Jaipur,2W,bike_taxi,False,partner_invoice,True,869,60.0,3.336248561565017,56.66950517836594,49245.799999999996,32121.44799
2024-02,Jaipur,2W,ecom_logistics,False,partner_invoice,False,41,60.0,8.297560975609755,0.0,0.0,0.0
2024-02,Jaipur,2W,ecom_logistics,False,partner_invoice,True,1525,60.0,8.300065573770492,51.68026229508197,78812.4,48967.420790000004
2024-02,Jaipur,2W,food_delivery,False,partner_invoice,False,122,60.0,6.044262295081967,0.0,0.0,0.0
2024-02,Jaipur,2W,food_delivery,False,partner_invoice,True,2996,60.0,6.071695594125501,53.93331108144193,161584.19999999998,103162.1641
2024-02,Jaipur,2W,quick_commerce,False,partner_invoice,False,87,60.0,6.682758620689655,0.0,0.0,0.0
2024-02,Jaipur,2W,quick_commerce,False,partner_invoice,True,2023,60.0,6.815620365793376,53.181908057340586,107586.99999999997,66869.83115999999
2024-02,Jaipur,3W,Retail,False,partner_invoice,False,30,100.0,0.0,0.0,0.0,0.0
2024-02,Jaipur,3W,Retail,False,partner_invoice,True,268,100.0,0.0,100.0,26800.0,14757.46398
2024-02,Jaipur,3W,bike_taxi,False,partner_invoice,False,3,100.0,5.0,0.0,0.0,0.0
2024-02,Jaipur,3W,bike_taxi,False,partner_invoice,True,49,100.0,5.081632653061225,94.91836734693878,4651.0,2412.98493
2024-02,Jaipur,3W,cargo_3w,False,partner_invoice,False,68,100.0,7.8088235294117645,0.0,0.0,0.0
2024-02,Jaipur,3W,cargo_3w,False,partner_invoice,True,669,100.0,7.733931240657698,92.25859491778775,61721.0,31559.78815
2024-02,Jaipur,3W,ecom_logistics,False,partner_invoice,False,2,100.0,12.5,0.0,0.0,0.0
2024-02,Jaipur,3W,ecom_logistics,False,partner_invoice,True,60,100.0,13.75,86.25,5175.0,2600.20256
2024-02,Jaipur,3W,food_delivery,False,partner_invoice,False,15,100.0,9.6,0.0,0.0,0.0
2024-02,Jaipur,3W,food_delivery,False,partner_invoice,True,189,100.0,9.354497354497354,90.64550264550265,17132.0,8650.748090000001
2024-02,Jaipur,3W,quick_commerce,False,partner_invoice,False,16,100.0,12.0,0.0,0.0,0.0
2024-02,Jaipur,3W,quick_commerce,False,partner_invoice,True,179,100.0,11.513966480446927,88.48603351955308,15839.0,7694.98829
2024-02,Mumbai,2W,Retail,False,partner_invoice,False,200,60.0,0.0,0.0,0.0,0.0
2024-02,Mumbai,2W,Retail,False,partner_invoice,True,5138,60.0,0.0,60.0,308280.0,201589.39438
2024-02,Mumbai,2W,bike_taxi,False,partner_invoice,False,34,60.0,3.4058823529411764,0.0,0.0,0.0
2024-02,Mumbai,2W,bike_taxi,False,partner_invoice,True,922,60.0,3.3344902386117137,56.6763557483731,52255.6,33452.435300000005
2024-02,Mumbai,2W,ecom_logistics,False,partner_invoice,False,82,60.0,8.09268292682927,0.0,0.0,0.0
2024-02,Mumbai,2W,ecom_logistics,False,partner_invoice,True,1960,60.0,8.039387755102041,51.96061224489796,101842.8,61600.4485
2024-02,Mumbai,2W,food_delivery,False,partner_invoice,False,121,60.0,6.00495867768595,0.0,0.0,0.0
2024-02,Mumbai,2W,food_delivery,False,partner_invoice,True,3292,60.0,5.969927095990279,54.034629404617256,177882.0,109655.79146000001
2024-02,Mumbai,2W,quick_commerce,False,partner_invoice,False,129,60.0,6.809302325581395,0.0,0.0,0.0
2024-02,Mumbai,2W,quick_commerce,False,partner_invoice,True,2998,60.0,6.915410273515677,53.08292194796531,159142.59999999998,93961.07637
2024-02,Mumbai,3W,Retail,False,partner_invoice,False,25,100.0,0.0,0.0,0.0,0.0
2024-02,Mumbai,3W,Retail,False,partner_invoice,True,317,100.0,0.0,100.0,31700.0,16827.80206
2024-02,Mumbai,3W,bike_taxi,False,partner_invoice,False,3,100.0,5.0,0.0,0.0,0.0
2024-02,Mumbai,3W,bike_taxi,False,partner_invoice,True,19,100.0,5.0,95.0,1805.0,745.8975599999999
2024-02,Mumbai,3W,cargo_3w,False,partner_invoice,False,99,100.0,7.737373737373737,0.0,0.0,0.0
2024-02,Mumbai,3W,cargo_3w,False,partner_invoice,True,985,100.0,7.688324873096446,92.32182741116752,90937.0,44628.8143
2024-02,Mumbai,3W,ecom_logistics,False,partner_invoice,False,9,100.0,13.777777777777779,0.0,0.0,0.0
2024-02,Mumbai,3W,ecom_logistics,False,partner_invoice,True,90,100.0,13.511111111111111,86.4888888888889,7784.0,3540.70254
2024-02,Mumbai,3W,food_delivery,False,partner_invoice,False,35,100.0,9.914285714285715,0.0,0.0,0.0
2024-02,Mumbai,3W,food_delivery,False,partner_invoice,True,283,100.0,10.159010600706713,89.87632508833923,25435.0,11947.940480000001
2024-02,Mumbai,3W,quick_commerce,False,partner_invoice,False,15,100.0,11.6,0.0,0.0,0.0
2024-02,Mumbai,3W,quick_commerce,False,partner_invoice,True,151,100.0,11.483443708609272,88.51655629139073,13366.0,6108.529279999999
2024-02,Pune,2W,Retail,False,partner_invoice,False,180,60.0,0.0,0.0,0.0,0.0
2024-02,Pune,2W,Retail,False,partner_invoice,True,4314,60.0,0.0,60.01274918868799,258895.0,182878.1973
2024-02,Pune,2W,bike_taxi,False,partner_invoice,False,23,60.0,3.3391304347826085,0.0,0.0,0.0
2024-02,Pune,2W,bike_taxi,False,partner_invoice,True,773,60.0,3.373350582147477,56.620181112548515,43767.399999999994,30065.736399999998
2024-02,Pune,2W,ecom_logistics,False,partner_invoice,False,52,60.0,8.192307692307692,0.0,0.0,0.0
2024-02,Pune,2W,ecom_logistics,False,partner_invoice,True,1676,60.0,8.166229116945107,51.83973747016706,86883.4,57161.65963
2024-02,Pune,2W,food_delivery,False,partner_invoice,False,160,60.0,6.101249999999999,0.0,0.0,0.0
2024-02,Pune,2W,food_delivery,False,partner_invoice,True,3812,60.0,6.092707240293809,53.90598111227702,205489.59999999998,138406.03893
2024-02,Pune,2W,quick_commerce,False,partner_invoice,False,117,60.0,6.676923076923077,0.0,0.0,0.0
2024-02,Pune,2W,quick_commerce,False,partner_invoice,True,3025,60.0,6.788826446280992,53.20786776859504,160953.8,106583.14942999999
2024-02,Pune,3W,Retail,False,partner_invoice,False,27,100.0,0.0,0.0,0.0,0.0
2024-02,Pune,3W,Retail,False,partner_invoice,True,326,100.0,0.0,99.98466257668711,32595.0,19290.44556
2024-02,Pune,3W,bike_taxi,False,partner_invoice,False,2,100.0,5.0,0.0,0.0,0.0
2024-02,Pune,3W,bike_taxi,False,partner_invoice,True,18,100.0,5.0,95.0,1710.0,996.6659599999999
2024-02,Pune,3W,cargo_3w,False,partner_invoice,False,99,100.0,7.585858585858586,0.0,0.0,0.0
2024-02,Pune,3W,cargo_3w,False,partner_invoice,True,1062,100.0,7.5913370998116765,92.4180790960452,98148.0,55230.43692
2024-02,Pune,3W,ecom_logistics,False,partner_invoice,False,15,100.0,12.733333333333333,0.0,0.0,0.0
2024-02,Pune,3W,ecom_logistics,False,partner_invoice,True,143,100.0,13.104895104895105,86.93006993006993,12431.0,6648.22709
2024-02,Pune,3W,food_delivery,False,partner_invoice,False,34,100.0,10.5,0.0,0.0,0.0
2024-02,Pune,3W,food_delivery,False,partner_invoice,True,262,100.0,10.557251908396946,89.44274809160305,23434.0,12733.717700000001
2024-02,Pune,3W,quick_commerce,False,partner_invoice,False,23,100.0,11.73913043478261,0.0,0.0,0.0
2024-02,Pune,3W,quick_commerce,False,partner_invoice,True,227,100.0,11.73568281938326,88.26431718061674,20036.0,10695.13002
2024-03,Bengaluru,2W,Retail,False,partner_invoice,False,274,60.0,0.0,0.0,0.0,0.0
2024-03,Bengaluru,2W,Retail,False,partner_invoice,True,6770,60.0,0.0,59.99630723781389,406175.0,281187.17405000003
2024-03,Bengaluru,2W,bike_taxi,False,partner_invoice,False,53,60.0,3.2264150943396226,0.0,0.0,0.0
2024-03,Bengaluru,2W,bike_taxi,False,partner_invoice,True,1125,60.0,3.2698666666666667,56.75235555555556,63846.399999999994,43142.36965
2024-03,Bengaluru,2W,ecom_logistics,False,partner_invoice,False,100,60.0,8.298,0.0,0.0,0.0
2024-03,Bengaluru,2W,ecom_logistics,False,partner_invoice,True,2285,60.0,8.18363238512035,51.82512035010941,118420.40000000001,75831.12927
2024-03,Bengaluru,2W,food_delivery,False,partner_invoice,False,245,60.0,6.036734693877551,0.0,0.0,0.0
2024-03,Bengaluru,2W,food_delivery,False,partner_invoice,True,5828,60.0,6.090905971173645,53.90480439258751,314157.19999999995,206812.44679999998
2024-03,Bengaluru,2W,quick_commerce,False,partner_invoice,False,181,60.0,6.782320441988951,0.0,0.0,0.0
2024-03,Bengaluru,2W,quick_commerce,False,partner_invoice,True,4800,60.0,6.758625,53.23825,255543.60000000003,164221.30630999999
2024-03,Bengaluru,3W,Retail,False,partner_invoice,False,40,100.0,0.0,0.0,0.0,0.0
2024-03,Bengaluru,3W,Retail,False,partner_invoice,True,361,100.0,0.0,99.9584487534626,36085.0,20662.39
2024-03,Bengaluru,3W,bike_taxi,False,partner_invoice,False,5,100.0,6.0,0.0,0.0,0.0
2024-03,Bengaluru,3W,bike_taxi,False,partner_invoice,True,31,100.0,6.0,94.0,2914.0,1571.10138
2024-03,Bengaluru,3W,cargo_3w,False,partner_invoice,False,107,100.0,7.728971962616822,0.0,0.0,0.0
2024-03,Bengaluru,3W,cargo_3w,False,partner_invoice,True,1048,100.0,7.758587786259542,92.2223282442748,96649.0,51973.91984
2024-03,Bengaluru,3W,ecom_logistics,False,partner_invoice,False,22,100.0,13.590909090909092,0.0,0.0,0.0
2024-03,Bengaluru,3W,ecom_logistics,False,partner_invoice,True,296,100.0,13.52027027027027,86.46283783783784,25593.0,12732.13997
2024-03,Bengaluru,3W,food_delivery,False,partner_invoice,False,31,100.0,9.935483870967742,0.0,0.0,0.0
2024-03,Bengaluru,3W,food_delivery,False,partner_invoice,True,333,100.0,10.144144144144144,89.82582582582583,29912.0,15758.80407
2024-03,Bengaluru,3W,quick_commerce,False,partner_invoice,False,37,100.0,11.675675675675675,0.0,0.0,0.0
2024-03,Bengaluru,3W,quick_commerce,False,partner_invoice,True,337,100.0,11.839762611275964,88.16023738872404,29710.0,14703.09172
2024-03,Delhi NCR,2W,Retail,False,partner_invoice,False,276,60.0,0.0,0.0,0.0,0.0
2024-03,Delhi NCR,2W,Retail,False,partner_invoice,True,6698,60.0,0.0,60.00597193191997,401920.0,277581.43021
2024-03,Delhi NCR,2W,bike_taxi,False,partner_invoice,False,35,60.0,3.4114285714285715,0.0,0.0,0.0
2024-03,Delhi NCR,2W,bike_taxi,False,partner_invoice,True,865,60.0,3.4328323699421968,56.57872832369942,48940.59999999999,32737.703499999996
2024-03,Delhi NCR,2W,ecom_logistics,False,partner_invoice,False,123,60.0,8.414634146341463,0.0,0.0,0.0
2024-03,Delhi NCR,2W,ecom_logistics,False,partner_invoice,True,3085,60.0,8.169141004862237,51.83247974068072,159903.2,102533.08632
2024-03,Delhi NCR,2W,food_delivery,False,partner_invoice,False,188,60.0,5.9968085106382985,0.0,0.0,0.0
2024-03,Delhi NCR,2W,food_delivery,False,partner_invoice,True,5181,60.0,6.019687319050377,53.98031268094962,279672.0,183915.95638999998
2024-03,Delhi NCR,2W,quick_commerce,False,partner_invoice,False,163,60.0,6.736196319018405,0.0,0.0,0.0
2024-03,Delhi NCR,2W,quick_commerce,False,partner_invoice,True,3875,60.0,6.846967741935484,53.160774193548384,205998.0,132047.82526
2024-03,Delhi NCR,3W,Retail,False,partner_invoice,False,37,100.0,0.0,0.0,0.0,0.0
2024-03,Delhi NCR,3W,Retail,False,partner_invoice,True,499,100.0,0.0,100.02004008016031,49910.0,28568.82813
2024-03,Delhi NCR,3W,bike_taxi,False,partner_invoice,False,2,100.0,6.0,0.0,0.0,0.0
2024-03,Delhi NCR,3W,bike_taxi,False,partner_invoice,True,25,100.0,6.0,94.0,2350.0,1260.1388000000002
2024-03,Delhi NCR,3W,cargo_3w,False,partner_invoice,False,95,100.0,7.673684210526316,0.0,0.0,0.0
2024-03,Delhi NCR,3W,cargo_3w,False,partner_invoice,True,914,100.0,7.669584245076586,92.32494529540482,84385.0,45352.34429
2024-03,Delhi NCR,3W,ecom_logistics,False,partner_invoice,False,18,100.0,14.277777777777779,0.0,0.0,0.0
2024-03,Delhi NCR,3W,ecom_logistics,False,partner_invoice,True,199,100.0,13.879396984924623,86.12060301507537,17138.0,8433.739960000003
2024-03,Delhi NCR,3W,food_delivery,False,partner_invoice,False,31,100.0,9.806451612903226,0.0,0.0,0.0
2024-03,Delhi NCR,3W,food_delivery,False,partner_invoice,True,285,100.0,10.003508771929825,89.99649122807017,25649.0,13289.16564
2024-03,Delhi NCR,3W,quick_commerce,False,partner_invoice,False,22,100.0,11.727272727272727,0.0,0.0,0.0
2024-03,Delhi NCR,3W,quick_commerce,False,partner_invoice,True,186,100.0,11.596774193548388,88.40322580645162,16443.0,8286.304590000002
2024-03,Hyderabad,2W,Retail,False,partner_invoice,False,308,60.0,0.0,0.0,0.0,0.0
2024-03,Hyderabad,2W,Retail,False,partner_invoice,True,7479,60.0,0.0,60.00066853857468,448745.0,305551.68379
2024-03,Hyderabad,2W,bike_taxi,False,partner_invoice,False,44,60.0,3.286363636363636,0.0,0.0,0.0
2024-03,Hyderabad,2W,bike_taxi,False,partner_invoice,True,1194,60.0,3.271859296482412,56.736515912897815,67743.4,44859.9549
2024-03,Hyderabad,2W,ecom_logistics,False,partner_invoice,False,106,60.0,8.00943396226415,0.0,0.0,0.0
2024-03,Hyderabad,2W,ecom_logistics,False,partner_invoice,True,2286,60.0,8.204199475065616,51.804549431321085,118425.20000000001,74843.39197
2024-03,Hyderabad,2W,food_delivery,False,partner_invoice,False,140,60.0,6.0128571428571425,0.0,0.0,0.0
2024-03,Hyderabad,2W,food_delivery,False,partner_invoice,True,4647,60.0,6.02750161394448,53.97034646008178,250800.19999999998,161676.8135
2024-03,Hyderabad,2W,quick_commerce,False,partner_invoice,False,129,60.0,6.851162790697675,0.0,0.0,0.0
2024-03,Hyderabad,2W,quick_commerce,False,partner_invoice,True,3474,60.0,6.7963730569948195,53.197869890616005,184809.4,117184.50397999998
2024-03,Hyderabad,3W,Retail,False,partner_invoice,False,31,100.0,0.0,0.0,0.0,0.0
2024-03,Hyderabad,3W,Retail,False,partner_invoice,True,511,100.0,0.0,100.01956947162427,51110.0,28956.489429999998
2024-03,Hyderabad,3W,bike_taxi,False,partner_invoice,False,1,100.0,5.0,0.0,0.0,0.0
2024-03,Hyderabad,3W,bike_taxi,False,partner_invoice,True,36,100.0,5.361111111111111,94.63888888888889,3407.0,1970.8492999999999
2024-03,Hyderabad,3W,cargo_3w,False,partner_invoice,False,107,100.0,7.691588785046729,0.0,0.0,0.0
2024-03,Hyderabad,3W,cargo_3w,False,partner_invoice,True,1218,100.0,7.7282430213464695,92.27175697865353,112387.0,59137.53236
2024-03,Hyderabad,3W,ecom_logistics,False,partner_invoice,False,8,100.0,13.375,0.0,0.0,0.0
2024-03,Hyderabad,3W,ecom_logistics,False,partner_invoice,True,162,100.0,13.04320987654321,86.95679012345678,14087.0,6927.71923
2024-03,Hyderabad,3W,food_delivery,False,partner_invoice,False,31,100.0,9.709677419354838,0.0,0.0,0.0
2024-03,Hyderabad,3W,food_delivery,False,partner_invoice,True,352,100.0,10.09375,89.89204545454545,31642.0,15774.606249999999
2024-03,Hyderabad,3W,quick_commerce,False,partner_invoice,False,15,100.0,11.6,0.0,0.0,0.0
2024-03,Hyderabad,3W,quick_commerce,False,partner_invoice,True,188,100.0,11.617021276595745,88.38297872340425,16616.0,8053.533549999997
2024-03,Jaipur,2W,Retail,False,partner_invoice,False,198,60.0,0.0,0.0,0.0,0.0
2024-03,Jaipur,2W,Retail,False,partner_invoice,True,4938,60.0,0.0,60.00405022276225,296300.0,200674.82304
2024-03,Jaipur,2W,bike_taxi,False,partner_invoice,False,36,60.0,3.35,0.0,0.0,0.0
2024-03,Jaipur,2W,bike_taxi,False,partner_invoice,True,981,60.0,3.3259938837920493,56.67910295616717,55602.2,36346.12487
2024-03,Jaipur,2W,ecom_logistics,False,partner_invoice,False,58,60.0,8.337931034482759,0.0,0.0,0.0
2024-03,Jaipur,2W,ecom_logistics,False,partner_invoice,True,1711,60.0,8.223611922852134,51.77346580946814,88584.4,55493.44691
2024-03,Jaipur,2W,food_delivery,False,partner_invoice,False,120,60.0,6.069999999999999,0.0,0.0,0.0
2024-03,Jaipur,2W,food_delivery,False,partner_invoice,True,3496,60.0,6.088558352402746,53.91144164759725,188474.39999999997,120785.58399
2024-03,Jaipur,2W,quick_commerce,False,partner_invoice,False,87,60.0,6.8482758620689665,0.0,0.0,0.0
2024-03,Jaipur,2W,quick_commerce,False,partner_invoice,True,2145,60.0,6.823216783216783,53.176783216783214,114064.20000000001,71572.14753
2024-03,Jaipur,3W,Retail,False,partner_invoice,False,31,100.0,0.0,0.0,0.0,0.0
2024-03,Jaipur,3W,Retail,False,partner_invoice,True,269,100.0,0.0,100.03717472118959,26910.0,14935.58357
2024-03,Jaipur,3W,bike_taxi,False,partner_invoice,False,5,100.0,5.0,0.0,0.0,0.0
2024-03,Jaipur,3W,bike_taxi,False,partner_invoice,True,41,100.0,5.0,95.0,3895.0,2054.62257
2024-03,Jaipur,3W,cargo_3w,False,partner_invoice,False,67,100.0,7.791044776119403,0.0,0.0,0.0
2024-03,Jaipur,3W,cargo_3w,False,partner_invoice,True,660,100.0,7.786363636363636,92.21363636363637,60861.0,31481.39666
2024-03,Jaipur,3W,ecom_logistics,False,partner_invoice,False,5,100.0,13.0,0.0,0.0,0.0
2024-03,Jaipur,3W,ecom_logistics,False,partner_invoice,True,72,100.0,13.291666666666666,86.70833333333333,6243.0,3090.78088
2024-03,Jaipur,3W,food_delivery,False,partner_invoice,False,26,100.0,9.692307692307692,0.0,0.0,0.0
2024-03,Jaipur,3W,food_delivery,False,partner_invoice,True,196,100.0,9.428571428571429,90.57142857142857,17752.0,9052.761620000001
2024-03,Jaipur,3W,quick_commerce,False,partner_invoice,False,21,100.0,11.428571428571429,0.0,0.0,0.0
2024-03,Jaipur,3W,quick_commerce,False,partner_invoice,True,208,100.0,11.509615384615385,88.49038461538461,18406.0,9050.28386
2024-03,Mumbai,2W,Retail,False,partner_invoice,False,208,60.0,0.0,0.0,0.0,0.0
2024-03,Mumbai,2W,Retail,False,partner_invoice,True,5448,60.0,0.0,60.0,326880.0,214767.27226
2024-03,Mumbai,2W,bike_taxi,False,partner_invoice,False,34,60.0,3.4058823529411764,0.0,0.0,0.0
2024-03,Mumbai,2W,bike_taxi,False,partner_invoice,True,907,60.0,3.3439911797133406,56.64498346196251,51376.99999999999,32838.200580000004
2024-03,Mumbai,2W,ecom_logistics,False,partner_invoice,False,78,60.0,8.023076923076923,0.0,0.0,0.0
2024-03,Mumbai,2W,ecom_logistics,False,partner_invoice,True,2147,60.0,8.081695388914765,51.908989287377736,111448.6,67764.36375
2024-03,Mumbai,2W,food_delivery,False,partner_invoice,False,138,60.0,6.069565217391305,0.0,0.0,0.0
2024-03,Mumbai,2W,food_delivery,False,partner_invoice,True,3505,60.0,5.96679029957204,54.023223965763194,189351.4,117159.00341
2024-03,Mumbai,2W,quick_commerce,False,partner_invoice,False,129,60.0,6.879069767441861,0.0,0.0,0.0
2024-03,Mumbai,2W,quick_commerce,False,partner_invoice,True,3311,60.0,6.914587737843552,53.08088190878888,175750.8,104527.56667999999
2024-03,Mumbai,3W,Retail,False,partner_invoice,False,42,100.0,0.0,0.0,0.0,0.0
2024-03,Mumbai,3W,Retail,False,partner_invoice,True,350,100.0,0.0,99.97142857142858,34990.0,18713.60708
2024-03,Mumbai,3W,bike_taxi,False,partner_invoice,False,7,100.0,5.0,0.0,0.0,0.0
2024-03,Mumbai,3W,bike_taxi,False,partner_invoice,True,35,100.0,5.0,95.0,3325.0,1495.53943
2024-03,Mumbai,3W,cargo_3w,False,partner_invoice,False,127,100.0,7.7795275590551185,0.0,0.0,0.0
2024-03,Mumbai,3W,cargo_3w,False,partner_invoice,True,1120,100.0,7.705357142857143,92.29910714285714,103375.0,50898.04046999999
2024-03,Mumbai,3W,ecom_logistics,False,partner_invoice,False,10,100.0,14.4,0.0,0.0,0.0
2024-03,Mumbai,3W,ecom_logistics,False,partner_invoice,True,106,100.0,13.764150943396226,86.23584905660377,9141.0,4202.573890000001
2024-03,Mumbai,3W,food_delivery,False,partner_invoice,False,36,100.0,10.194444444444445,0.0,0.0,0.0
2024-03,Mumbai,3W,food_delivery,False,partner_invoice,True,333,100.0,10.18018018018018,89.83483483483484,29915.0,14156.2881
2024-03,Mumbai,3W,quick_commerce,False,partner_invoice,False,20,100.0,11.85,0.0,0.0,0.0
2024-03,Mumbai,3W,quick_commerce,False,partner_invoice,True,172,100.0,11.529069767441861,88.47093023255815,15217.0,6861.36916
2024-03,Pune,2W,Retail,False,partner_invoice,False,208,60.0,0.0,0.0,0.0,0.0
2024-03,Pune,2W,Retail,False,partner_invoice,True,4997,60.0,0.0,60.002001200720436,299830.0,212232.17239
2024-03,Pune,2W,bike_taxi,False,partner_invoice,False,33,60.0,3.4,0.0,0.0,0.0
2024-03,Pune,2W,bike_taxi,False,partner_invoice,True,856,60.0,3.3546728971962616,56.64532710280374,48488.399999999994,33541.8364
2024-03,Pune,2W,ecom_logistics,False,partner_invoice,False,54,60.0,7.633333333333333,0.0,0.0,0.0
2024-03,Pune,2W,ecom_logistics,False,partner_invoice,True,1818,60.0,8.142904290429042,51.868096809680964,94296.2,62338.13425999999
2024-03,Pune,2W,food_delivery,False,partner_invoice,False,153,60.0,6.08235294117647,0.0,0.0,0.0
2024-03,Pune,2W,food_delivery,False,partner_invoice,True,4216,60.0,6.083254269449715,53.91318785578748,227297.99999999997,153532.60336
2024-03,Pune,2W,quick_commerce,False,partner_invoice,False,159,60.0,6.781132075471699,0.0,0.0,0.0
2024-03,Pune,2W,quick_commerce,False,partner_invoice,True,3262,60.0,6.771796443899449,53.23280196198651,173645.4,115333.41042999999
2024-03,Pune,3W,Retail,False,partner_invoice,False,34,100.0,0.0,0.0,0.0,0.0
2024-03,Pune,3W,Retail,False,partner_invoice,True,327,100.0,0.0,100.0,32700.0,19307.38831
2024-03,Pune,3W,bike_taxi,False,partner_invoice,False,2,100.0,5.0,0.0,0.0,0.0
2024-03,Pune,3W,bike_taxi,False,partner_invoice,True,23,100.0,5.0,95.0,2185.0,1276.06799
2024-03,Pune,3W,cargo_3w,False,partner_invoice,False,140,100.0,7.6571428571428575,0.0,0.0,0.0
2024-03,Pune,3W,cargo_3w,False,partner_invoice,True,1252,100.0,7.609424920127796,92.37859424920129,115658.0,65274.06222000001
2024-03,Pune,3W,ecom_logistics,False,partner_invoice,False,23,100.0,12.434782608695652,0.0,0.0,0.0
2024-03,Pune,3W,ecom_logistics,False,partner_invoice,True,181,100.0,12.596685082872929,87.40331491712708,15820.0,8565.265969999999
2024-03,Pune,3W,food_delivery,False,partner_invoice,False,23,100.0,10.391304347826088,0.0,0.0,0.0
2024-03,Pune,3W,food_delivery,False,partner_invoice,True,271,100.0,10.461254612546126,89.53874538745387,24265.0,13171.177249999999
2024-03,Pune,3W,quick_commerce,False,partner_invoice,False,21,100.0,11.714285714285714,0.0,0.0,0.0
2024-03,Pune,3W,quick_commerce,False,partner_invoice,True,220,100.0,11.577272727272728,88.42272727272727,19453.0,10503.42627
2024-04,Bengaluru,2W,Retail,False,partner_invoice,False,288,60.0,0.0,0.0,0.0,0.0
2024-04,Bengaluru,2W,Retail,False,partner_invoice,True,7442,60.0,0.0,59.99395323837678,446475.0,310361.02061999997
2024-04,Bengaluru,2W,bike_taxi,False,partner_invoice,False,46,60.0,3.3000000000000003,0.0,0.0,0.0
2024-04,Bengaluru,2W,bike_taxi,False,partner_invoice,True,1249,60.0,3.2901521216973575,56.7138510808647,70835.59999999999,47877.48972
2024-04,Bengaluru,2W,ecom_logistics,False,partner_invoice,False,88,60.0,8.277272727272727,0.0,0.0,0.0
2024-04,Bengaluru,2W,ecom_logistics,False,partner_invoice,True,2409,60.0,8.146699875467,51.849149024491496,124904.6,80484.24675
2024-04,Bengaluru,2W,food_delivery,False,partner_invoice,False,231,60.0,6.109090909090909,0.0,0.0,0.0
2024-04,Bengaluru,2W,food_delivery,False,partner_invoice,True,5936,60.0,6.062971698113208,53.931974393531,320140.19999999995,211742.9164
2024-04,Bengaluru,2W,quick_commerce,False,partner_invoice,False,171,60.0,6.694736842105263,0.0,0.0,0.0
2024-04,Bengaluru,2W,quick_commerce,False,partner_invoice,True,4869,60.0,6.727541589648799,53.27451222016841,259393.60000000003,167568.34949999998
2024-04,Bengaluru,3W,Retail,False,partner_invoice,False,37,100.0,0.0,0.0,0.0,0.0
2024-04,Bengaluru,3W,Retail,False,partner_invoice,True,385,100.0,0.0,100.0,38500.0,22094.936090000003
2024-04,Bengaluru,3W,bike_taxi,False,partner_invoice,False,7,100.0,6.0,0.0,0.0,0.0
2024-04,Bengaluru,3W,bike_taxi,False,partner_invoice,True,49,100.0,6.0,94.0,4606.0,2432.20949
2024-04,Bengaluru,3W,cargo_3w,False,partner_invoice,False,119,100.0,7.689075630252101,0.0,0.0,0.0
2024-04,Bengaluru,3W,cargo_3w,False,partner_invoice,True,1139,100.0,7.740122914837577,92.25987708516243,105084.0,56539.35218
2024-04,Bengaluru,3W,ecom_logistics,False,partner_invoice,False,26,100.0,13.653846153846153,0.0,0.0,0.0
2024-04,Bengaluru,3W,ecom_logistics,False,partner_invoice,True,282,100.0,13.78014184397163,86.18439716312056,24304.0,12188.538659999998
2024-04,Bengaluru,3W,food_delivery,False,partner_invoice,False,43,100.0,9.790697674418604,0.0,0.0,0.0
2024-04,Bengaluru,3W,food_delivery,False,partner_invoice,True,325,100.0,9.963076923076922,90.02153846153846,29257.0,15664.69539
2024-04,Bengaluru,3W,quick_commerce,False,partner_invoice,False,32,100.0,11.8125,0.0,0.0,0.0
2024-04,Bengaluru,3W,quick_commerce,False,partner_invoice,True,341,100.0,11.780058651026392,88.2199413489736,30083.0,14873.578720000001
2024-04,Delhi NCR,2W,Retail,False,partner_invoice,False,717,60.0,0.0,0.0,0.0,0.0
2024-04,Delhi NCR,2W,Retail,False,partner_invoice,True,7054,60.0,0.0,59.99645591153955,423215.0,293473.14216000005
2024-04,Delhi NCR,2W,bike_taxi,False,partner_invoice,False,87,60.0,3.420689655172414,0.0,0.0,0.0
2024-04,Delhi NCR,2W,bike_taxi,False,partner_invoice,True,855,60.0,3.416140350877193,56.578011695906426,48374.19999999999,32551.226499999997
2024-04,Delhi NCR,2W,ecom_logistics,False,partner_invoice,False,279,60.0,8.221505376344087,0.0,0.0,0.0
2024-04,Delhi NCR,2W,ecom_logistics,False,partner_invoice,True,3160,60.0,8.203481012658228,51.79493670886076,163672.0,105148.85313999999
2024-04,Delhi NCR,2W,food_delivery,False,partner_invoice,False,578,60.0,6.031141868512111,0.0,0.0,0.0
2024-04,Delhi NCR,2W,food_delivery,False,partner_invoice,True,4893,60.0,6.02047823421214,53.98156550173717,264131.79999999993,174376.25059
2024-04,Delhi NCR,2W,quick_commerce,False,partner_invoice,False,448,60.0,6.954910714285715,0.0,0.0,0.0
2024-04,Delhi NCR,2W,quick_commerce,False,partner_invoice,True,3822,60.0,6.932967032967033,53.064416535845105,202812.19999999995,129987.15825
2024-04,Delhi NCR,3W,Retail,False,partner_invoice,False,89,100.0,0.0,0.0,0.0,0.0
2024-04,Delhi NCR,3W,Retail,False,partner_invoice,True,484,100.0,0.0,100.0,48400.0,28021.381429999998
2024-04,Delhi NCR,3W,bike_taxi,False,partner_invoice,False,6,100.0,6.0,0.0,0.0,0.0
2024-04,Delhi NCR,3W,bike_taxi,False,partner_invoice,True,23,100.0,6.0,94.0,2162.0,1180.96351
2024-04,Delhi NCR,3W,cargo_3w,False,partner_invoice,False,125,100.0,7.72,0.0,0.0,0.0
2024-04,Delhi NCR,3W,cargo_3w,False,partner_invoice,True,928,100.0,7.667025862068965,92.33836206896552,85690.0,46069.81781
2024-04,Delhi NCR,3W,ecom_logistics,False,partner_invoice,False,33,100.0,13.636363636363637,0.0,0.0,0.0
2024-04,Delhi NCR,3W,ecom_logistics,False,partner_invoice,True,187,100.0,13.81283422459893,86.24064171122994,16127.0,7963.73359
2024-04,Delhi NCR,3W,food_delivery,False,partner_invoice,False,60,100.0,9.983333333333333,0.0,0.0,0.0
2024-04,Delhi NCR,3W,food_delivery,False,partner_invoice,True,292,100.0,10.116438356164384,89.84931506849315,26236.0,13738.07198
2024-04,Delhi NCR,3W,quick_commerce,False,partner_invoice,False,26,100.0,11.76923076923077,0.0,0.0,0.0
2024-04,Delhi NCR,3W,quick_commerce,False,partner_invoice,True,206,100.0,11.70873786407767,88.29126213592232,18188.0,9292.55849
2024-04,Hyderabad,2W,Retail,False,partner_invoice,False,428,60.0,0.0,0.0,0.0,0.0
2024-04,Hyderabad,2W,Retail,False,partner_invoice,True,7698,60.0,0.0,60.002598077422704,461900.0,315782.14623
2024-04,Hyderabad,2W,bike_taxi,False,partner_invoice,False,59,60.0,3.2135593220338983,0.0,0.0,0.0
2024-04,Hyderabad,2W,bike_taxi,False,partner_invoice,True,1106,60.0,3.27124773960217,56.71518987341772,62727.0,41624.47065
2024-04,Hyderabad,2W,ecom_logistics,False,partner_invoice,False,117,60.0,8.158974358974358,0.0,0.0,0.0
2024-04,Hyderabad,2W,ecom_logistics,False,partner_invoice,True,2585,60.0,8.059961315280464,51.94003868471954,134265.0,85227.69847999999
2024-04,Hyderabad,2W,food_delivery,False,partner_invoice,False,272,60.0,6.013235294117647,0.0,0.0,0.0
2024-04,Hyderabad,2W,food_delivery,False,partner_invoice,True,4826,60.0,6.03108164111065,53.966846249481975,260444.0,168668.30380000002
2024-04,Hyderabad,2W,quick_commerce,False,partner_invoice,False,188,60.0,6.702127659574468,0.0,0.0,0.0
2024-04,Hyderabad,2W,quick_commerce,False,partner_invoice,True,3694,60.0,6.773632918245804,53.22365998917162,196608.19999999998,125068.38401
2024-04,Hyderabad,3W,Retail,False,partner_invoice,False,52,100.0,0.0,0.0,0.0,0.0
2024-04,Hyderabad,3W,Retail,False,partner_invoice,True,482,100.0,0.0,100.0,48200.0,27607.24161
2024-04,Hyderabad,3W,bike_taxi,False,partner_invoice,False,7,100.0,5.428571428571429,0.0,0.0,0.0
2024-04,Hyderabad,3W,bike_taxi,False,partner_invoice,True,41,100.0,5.439024390243903,94.5609756097561,3877.0,2226.98638
2024-04,Hyderabad,3W,cargo_3w,False,partner_invoice,False,145,100.0,7.786206896551724,0.0,0.0,0.0
2024-04,Hyderabad,3W,cargo_3w,False,partner_invoice,True,1319,100.0,7.736921910538286,92.26686884003033,121700.0,63942.481719999996
2024-04,Hyderabad,3W,ecom_logistics,False,partner_invoice,False,13,100.0,11.538461538461538,0.0,0.0,0.0
2024-04,Hyderabad,3W,ecom_logistics,False,partner_invoice,True,157,100.0,13.10828025477707,86.89171974522293,13642.0,6723.86764
2024-04,Hyderabad,3W,food_delivery,False,partner_invoice,False,46,100.0,10.065217391304348,0.0,0.0,0.0
2024-04,Hyderabad,3W,food_delivery,False,partner_invoice,True,365,100.0,10.098630136986301,89.9013698630137,32814.0,16583.03905
2024-04,Hyderabad,3W,quick_commerce,False,partner_invoice,False,32,100.0,11.8125,0.0,0.0,0.0
2024-04,Hyderabad,3W,quick_commerce,False,partner_invoice,True,239,100.0,11.648535564853557,88.35146443514644,21116.0,10465.16957
2024-04,Jaipur,2W,Retail,False,partner_invoice,False,759,60.0,0.0,0.0,0.0,0.0
2024-04,Jaipur,2W,Retail,False,partner_invoice,True,4896,60.0,0.0,60.0,293760.0,199771.06845000002
2024-04,Jaipur,2W,bike_taxi,False,partner_invoice,False,154,60.0,3.3194805194805195,0.0,0.0,0.0
2024-04,Jaipur,2W,bike_taxi,False,partner_invoice,True,1049,60.0,3.3506196377502384,56.65414680648236,59430.2,38944.58725
2024-04,Jaipur,2W,ecom_logistics,False,partner_invoice,False,203,60.0,8.266995073891627,0.0,0.0,0.0
2024-04,Jaipur,2W,ecom_logistics,False,partner_invoice,True,1722,60.0,8.279442508710801,51.70603948896632,89037.8,56021.09323
2024-04,Jaipur,2W,food_delivery,False,partner_invoice,False,509,60.0,6.1284872298624755,0.0,0.0,0.0
2024-04,Jaipur,2W,food_delivery,False,partner_invoice,True,3229,60.0,6.082502322700527,53.92369154537008,174119.6,112014.63044000001
2024-04,Jaipur,2W,quick_commerce,False,partner_invoice,False,317,60.0,6.836593059936909,0.0,0.0,0.0
2024-04,Jaipur,2W,quick_commerce,False,partner_invoice,True,1996,60.0,6.819438877755511,53.17054108216433,106128.39999999998,67095.82222999999
2024-04,Jaipur,3W,Retail,False,partner_invoice,False,59,100.0,0.0,0.0,0.0,0.0
2024-04,Jaipur,3W,Retail,False,partner_invoice,True,330,100.0,0.0,100.03030303030303,33010.0,18332.13956
2024-04,Jaipur,3W,bike_taxi,False,partner_invoice,False,8,100.0,5.0,0.0,0.0,0.0
2024-04,Jaipur,3W,bike_taxi,False,partner_invoice,True,57,100.0,5.0,95.0,5415.0,2813.5405899999996
2024-04,Jaipur,3W,cargo_3w,False,partner_invoice,False,118,100.0,7.805084745762712,0.0,0.0,0.0
2024-04,Jaipur,3W,cargo_3w,False,partner_invoice,True,707,100.0,7.800565770862801,92.22772277227723,65205.0,34203.50746
2024-04,Jaipur,3W,ecom_logistics,False,partner_invoice,False,20,100.0,12.45,0.0,0.0,0.0
2024-04,Jaipur,3W,ecom_logistics,False,partner_invoice,True,84,100.0,12.178571428571429,87.82142857142857,7377.0,3755.3841899999993
2024-04,Jaipur,3W,food_delivery,False,partner_invoice,False,56,100.0,9.696428571428571,0.0,0.0,0.0
2024-04,Jaipur,3W,food_delivery,False,partner_invoice,True,217,100.0,9.631336405529954,90.4147465437788,19620.0,10055.214090000001
2024-04,Jaipur,3W,quick_commerce,False,partner_invoice,False,62,100.0,11.129032258064516,0.0,0.0,0.0
2024-04,Jaipur,3W,quick_commerce,False,partner_invoice,True,214,100.0,11.242990654205608,88.75700934579439,18994.0,9434.75222
2024-04,Mumbai,2W,Retail,False,partner_invoice,False,250,60.0,0.0,0.0,0.0,0.0
2024-04,Mumbai,2W,Retail,False,partner_invoice,True,5910,60.0,0.0,60.00338409475465,354620.0,234322.16365
2024-04,Mumbai,2W,bike_taxi,False,partner_invoice,False,34,60.0,3.388235294117647,0.0,0.0,0.0
2024-04,Mumbai,2W,bike_taxi,False,partner_invoice,True,959,60.0,3.3747653806047966,56.62002085505735,54298.59999999999,34911.296780000004
2024-04,Mumbai,2W,ecom_logistics,False,partner_invoice,False,78,60.0,8.246153846153847,0.0,0.0,0.0
2024-04,Mumbai,2W,ecom_logistics,False,partner_invoice,True,2194,60.0,8.164266180492252,51.842570647219695,113742.6,69799.03188
2024-04,Mumbai,2W,food_delivery,False,partner_invoice,False,155,60.0,6.030967741935483,0.0,0.0,0.0
2024-04,Mumbai,2W,food_delivery,False,partner_invoice,True,3520,60.0,6.004602272727273,53.995397727272724,190063.8,118184.33176
2024-04,Mumbai,2W,quick_commerce,False,partner_invoice,False,126,60.0,6.842857142857143,0.0,0.0,0.0
2024-04,Mumbai,2W,quick_commerce,False,partner_invoice,True,3231,60.0,6.881337047353761,53.120210461157534,171631.4,102662.19514
2024-04,Mumbai,3W,Retail,False,partner_invoice,False,37,100.0,0.0,0.0,0.0,0.0
2024-04,Mumbai,3W,Retail,False,partner_invoice,True,382,100.0,0.0,100.0261780104712,38210.0,20708.330159999998
2024-04,Mumbai,3W,bike_taxi,False,partner_invoice,False,2,100.0,5.0,0.0,0.0,0.0
2024-04,Mumbai,3W,bike_taxi,False,partner_invoice,True,44,100.0,5.0,95.0,4180.0,1907.5658500000002
2024-04,Mumbai,3W,cargo_3w,False,partner_invoice,False,115,100.0,7.695652173913044,0.0,0.0,0.0
2024-04,Mumbai,3W,cargo_3w,False,partner_invoice,True,1277,100.0,7.732184808144088,92.27564604541895,117836.0,58513.86368
2024-04,Mumbai,3W,ecom_logistics,False,partner_invoice,False,8,100.0,12.75,0.0,0.0,0.0
2024-04,Mumbai,3W,ecom_logistics,False,partner_invoice,True,80,100.0,13.6125,86.3875,6911.0,3152.40894
2024-04,Mumbai,3W,food_delivery,False,partner_invoice,False,34,100.0,10.147058823529411,0.0,0.0,0.0
2024-04,Mumbai,3W,food_delivery,False,partner_invoice,True,329,100.0,10.185410334346505,89.79939209726444,29544.0,14224.84563
2024-04,Mumbai,3W,quick_commerce,False,partner_invoice,False,18,100.0,12.0,0.0,0.0,0.0
2024-04,Mumbai,3W,quick_commerce,False,partner_invoice,True,217,100.0,12.0,88.0,19096.0,8527.414420000001
2024-04,Pune,2W,Retail,False,partner_invoice,False,193,60.0,0.0,0.0,0.0,0.0
2024-04,Pune,2W,Retail,False,partner_invoice,True,5277,60.0,0.0,59.99905249194618,316615.0,224730.35474
2024-04,Pune,2W,bike_taxi,False,partner_invoice,False,46,60.0,3.404347826086956,0.0,0.0,0.0
2024-04,Pune,2W,bike_taxi,False,partner_invoice,True,1009,60.0,3.3710604558969277,56.62893954410307,57138.59999999999,39591.70238
2024-04,Pune,2W,ecom_logistics,False,partner_invoice,False,87,60.0,7.889655172413793,0.0,0.0,0.0
2024-04,Pune,2W,ecom_logistics,False,partner_invoice,True,1958,60.0,8.093564862104188,51.91154239019408,101642.79999999999,67288.85178
2024-04,Pune,2W,food_delivery,False,partner_invoice,False,175,60.0,6.106285714285714,0.0,0.0,0.0
2024-04,Pune,2W,food_delivery,False,partner_invoice,True,4633,60.0,6.077573926181739,53.91918843082236,249807.59999999998,169404.21636999998
2024-04,Pune,2W,quick_commerce,False,partner_invoice,False,128,60.0,6.75,0.0,0.0,0.0
2024-04,Pune,2W,quick_commerce,False,partner_invoice,True,3437,60.0,6.775269130055281,53.230549898167006,182953.4,122092.04900999999
2024-04,Pune,3W,Retail,False,partner_invoice,False,26,100.0,0.0,0.0,0.0,0.0
2024-04,Pune,3W,Retail,False,partner_invoice,True,285,100.0,0.0,99.96491228070175,28490.0,16947.68726
2024-04,Pune,3W,bike_taxi,False,partner_invoice,False,1,100.0,5.0,0.0,0.0,0.0
2024-04,Pune,3W,bike_taxi,False,partner_invoice,True,39,100.0,5.0,95.0,3705.0,2103.50021
2024-04,Pune,3W,cargo_3w,False,partner_invoice,False,135,100.0,7.622222222222222,0.0,0.0,0.0
2024-04,Pune,3W,cargo_3w,False,partner_invoice,True,1322,100.0,7.613464447806354,92.39409984871406,122145.0,68914.11762
2024-04,Pune,3W,ecom_logistics,False,partner_invoice,False,15,100.0,12.2,0.0,0.0,0.0
2024-04,Pune,3W,ecom_logistics,False,partner_invoice,True,183,100.0,12.557377049180328,87.49726775956285,16012.0,8719.157309999999
2024-04,Pune,3W,food_delivery,False,partner_invoice,False,31,100.0,10.387096774193548,0.0,0.0,0.0
2024-04,Pune,3W,food_delivery,False,partner_invoice,True,233,100.0,10.360515021459227,89.59656652360515,20876.0,11320.09301
2024-04,Pune,3W,quick_commerce,False,partner_invoice,False,20,100.0,11.55,0.0,0.0,0.0
2024-04,Pune,3W,quick_commerce,False,partner_invoice,True,255,100.0,11.623529411764705,88.37647058823529,22536.0,12085.91329
2024-05,Bengaluru,2W,Retail,False,partner_invoice,False,502,60.0,0.0,0.0,0.0,0.0
2024-05,Bengaluru,2W,Retail,False,partner_invoice,True,8443,60.0,0.0,60.002961032808244,506605.0,353925.11092999997
2024-05,Bengaluru,2W,bike_taxi,False,partner_invoice,False,83,60.0,3.325301204819277,0.0,0.0,0.0
2024-05,Bengaluru,2W,bike_taxi,False,partner_invoice,True,1328,60.0,3.2841867469879515,56.71581325301205,75318.59999999999,51302.62087
2024-05,Bengaluru,2W,ecom_logistics,False,partner_invoice,False,161,60.0,8.08695652173913,0.0,0.0,0.0
2024-05,Bengaluru,2W,ecom_logistics,False,partner_invoice,True,2839,60.0,8.153152518492426,51.84508629799225,147188.2,95626.34974
2024-05,Bengaluru,2W,food_delivery,False,partner_invoice,False,415,60.0,6.054939759036145,0.0,0.0,0.0
2024-05,Bengaluru,2W,food_delivery,False,partner_invoice,True,6541,60.0,6.043296132089894,53.953646231463075,352910.8,234799.951
2024-05,Bengaluru,2W,quick_commerce,False,partner_invoice,False,353,60.0,6.664589235127479,0.0,0.0,0.0
2024-05,Bengaluru,2W,quick_commerce,False,partner_invoice,True,5413,60.0,6.727470903380751,53.28546092739701,288434.20000000007,187438.68394
2024-05,Bengaluru,3W,Retail,False,partner_invoice,False,61,100.0,0.0,0.0,0.0,0.0
2024-05,Bengaluru,3W,Retail,False,partner_invoice,True,401,100.0,0.0,100.02493765586036,40110.0,23170.8513
2024-05,Bengaluru,3W,bike_taxi,False,partner_invoice,False,21,100.0,6.0,0.0,0.0,0.0
2024-05,Bengaluru,3W,bike_taxi,False,partner_invoice,True,84,100.0,6.0,94.0,7896.0,4297.94268
2024-05,Bengaluru,3W,cargo_3w,False,partner_invoice,False,140,100.0,7.664285714285715,0.0,0.0,0.0
2024-05,Bengaluru,3W,cargo_3w,False,partner_invoice,True,1308,100.0,7.7217125382263,92.29357798165138,120720.0,65326.71909
2024-05,Bengaluru,3W,ecom_logistics,False,partner_invoice,False,40,100.0,14.0,0.0,0.0,0.0
2024-05,Bengaluru,3W,ecom_logistics,False,partner_invoice,True,315,100.0,13.6,86.46349206349207,27236.0,13693.21941
2024-05,Bengaluru,3W,food_delivery,False,partner_invoice,False,44,100.0,9.795454545454545,0.0,0.0,0.0
2024-05,Bengaluru,3W,food_delivery,False,partner_invoice,True,369,100.0,10.002710027100271,90.02439024390245,33219.0,17782.67803
2024-05,Bengaluru,3W,quick_commerce,False,partner_invoice,False,46,100.0,11.934782608695652,0.0,0.0,0.0
2024-05,Bengaluru,3W,quick_commerce,False,partner_invoice,True,321,100.0,11.794392523364486,88.2367601246106,28324.0,14101.68969
2024-05,Delhi NCR,2W,Retail,False,partner_invoice,False,1418,60.0,0.0,0.0,0.0,0.0
2024-05,Delhi NCR,2W,Retail,False,partner_invoice,True,7269,60.0,0.0,60.00068785252442,436145.0,303820.65173
2024-05,Delhi NCR,2W,bike_taxi,False,partner_invoice,False,162,60.0,3.4,0.0,0.0,0.0
2024-05,Delhi NCR,2W,bike_taxi,False,partner_invoice,True,787,60.0,3.380432020330369,56.62592121982211,44564.59999999999,30172.321
2024-05,Delhi NCR,2W,ecom_logistics,False,partner_invoice,False,532,60.0,8.219548872180452,0.0,0.0,0.0
2024-05,Delhi NCR,2W,ecom_logistics,False,partner_invoice,True,3259,60.0,8.237066584841976,51.75833077631175,168680.39999999997,108707.34464
2024-05,Delhi NCR,2W,food_delivery,False,partner_invoice,False,1031,60.0,6.048884578079534,0.0,0.0,0.0
2024-05,Delhi NCR,2W,food_delivery,False,partner_invoice,True,4636,60.0,6.014365832614322,53.983477135461605,250267.4,166013.64905
2024-05,Delhi NCR,2W,quick_commerce,False,partner_invoice,False,831,60.0,6.948736462093864,0.0,0.0,0.0
2024-05,Delhi NCR,2W,quick_commerce,False,partner_invoice,True,4055,60.0,6.925672009864366,53.073094944512945,215211.39999999997,138838.86441999997
2024-05,Delhi NCR,3W,Retail,False,partner_invoice,False,141,100.0,0.0,0.0,0.0,0.0
2024-05,Delhi NCR,3W,Retail,False,partner_invoice,True,469,100.0,0.0,100.0,46900.0,27256.223230000003
2024-05,Delhi NCR,3W,bike_taxi,False,partner_invoice,False,4,100.0,6.0,0.0,0.0,0.0
2024-05,Delhi NCR,3W,bike_taxi,False,partner_invoice,True,24,100.0,6.0,94.0,2256.0,1213.27376
2024-05,Delhi NCR,3W,cargo_3w,False,partner_invoice,False,198,100.0,7.666666666666667,0.0,0.0,0.0
2024-05,Delhi NCR,3W,cargo_3w,False,partner_invoice,True,950,100.0,7.693684210526316,92.30631578947369,87691.0,47304.14117
2024-05,Delhi NCR,3W,ecom_logistics,False,partner_invoice,False,39,100.0,13.205128205128204,0.0,0.0,0.0
2024-05,Delhi NCR,3W,ecom_logistics,False,partner_invoice,True,145,100.0,13.73793103448276,86.26206896551724,12508.0,6304.1182499999995
2024-05,Delhi NCR,3W,food_delivery,False,partner_invoice,False,86,100.0,10.162790697674419,0.0,0.0,0.0
2024-05,Delhi NCR,3W,food_delivery,False,partner_invoice,True,303,100.0,10.198019801980198,89.8019801980198,27210.0,14366.155429999999
2024-05,Delhi NCR,3W,quick_commerce,False,partner_invoice,False,87,100.0,11.724137931034482,0.0,0.0,0.0
2024-05,Delhi NCR,3W,quick_commerce,False,partner_invoice,True,280,100.0,11.785714285714286,88.14285714285714,24680.0,12621.181779999999
2024-05,Hyderabad,2W,Retail,False,partner_invoice,False,1545,60.0,0.0,0.0,0.0,0.0
2024-05,Hyderabad,2W,Retail,False,partner_invoice,True,7241,60.0,0.0,60.01035768540257,434535.0,298537.94829000003
2024-05,Hyderabad,2W,bike_taxi,False,partner_invoice,False,197,60.0,3.2436548223350252,0.0,0.0,0.0
2024-05,Hyderabad,2W,bike_taxi,False,partner_invoice,True,1144,60.0,3.2763986013986015,56.71923076923076,64886.79999999999,43409.9176
2024-05,Hyderabad,2W,ecom_logistics,False,partner_invoice,False,397,60.0,8.103778337531486,0.0,0.0,0.0
2024-05,Hyderabad,2W,ecom_logistics,False,partner_invoice,True,2642,60.0,8.109311127933383,51.89636638909917,137110.2,87825.94958
2024-05,Hyderabad,2W,food_delivery,False,partner_invoice,False,1087,60.0,6.050229990800368,0.0,0.0,0.0
2024-05,Hyderabad,2W,food_delivery,False,partner_invoice,True,4760,60.0,6.041848739495799,53.955,256825.8,167277.1666
2024-05,Hyderabad,2W,quick_commerce,False,partner_invoice,False,761,60.0,6.755321944809461,0.0,0.0,0.0
2024-05,Hyderabad,2W,quick_commerce,False,partner_invoice,True,3242,60.0,6.774151758173966,53.23047501542257,172573.2,110248.22650999998
2024-05,Hyderabad,3W,Retail,False,partner_invoice,False,93,100.0,0.0,0.0,0.0,0.0
2024-05,Hyderabad,3W,Retail,False,partner_invoice,True,364,100.0,0.0,99.98626373626374,36395.0,20951.71581
2024-05,Hyderabad,3W,bike_taxi,False,partner_invoice,False,11,100.0,5.545454545454546,0.0,0.0,0.0
2024-05,Hyderabad,3W,bike_taxi,False,partner_invoice,True,41,100.0,5.365853658536586,94.63414634146342,3880.0,2223.2185400000003
2024-05,Hyderabad,3W,cargo_3w,False,partner_invoice,False,310,100.0,7.7064516129032254,0.0,0.0,0.0
2024-05,Hyderabad,3W,cargo_3w,False,partner_invoice,True,1255,100.0,7.733067729083666,92.25099601593625,115775.0,61420.92098
2024-05,Hyderabad,3W,ecom_logistics,False,partner_invoice,False,33,100.0,12.303030303030303,0.0,0.0,0.0
2024-05,Hyderabad,3W,ecom_logistics,False,partner_invoice,True,180,100.0,13.044444444444444,86.95555555555555,15652.0,7718.917600000001
2024-05,Hyderabad,3W,food_delivery,False,partner_invoice,False,108,100.0,9.87037037037037,0.0,0.0,0.0
2024-05,Hyderabad,3W,food_delivery,False,partner_invoice,True,367,100.0,10.11716621253406,89.84196185286103,32972.0,16900.65239
2024-05,Hyderabad,3W,quick_commerce,False,partner_invoice,False,69,100.0,11.608695652173912,0.0,0.0,0.0
2024-05,Hyderabad,3W,quick_commerce,False,partner_invoice,True,174,100.0,11.53448275862069,88.37931034482759,15378.0,7789.92324
2024-05,Jaipur,2W,Retail,False,partner_invoice,False,1215,60.0,0.0,0.0,0.0,0.0
2024-05,Jaipur,2W,Retail,False,partner_invoice,True,4931,60.0,0.0,60.00304197931454,295875.0,202336.22876
2024-05,Jaipur,2W,bike_taxi,False,partner_invoice,False,259,60.0,3.359073359073359,0.0,0.0,0.0
2024-05,Jaipur,2W,bike_taxi,False,partner_invoice,True,1245,60.0,3.351325301204819,56.64465863453816,70522.59999999999,46490.884730000005
2024-05,Jaipur,2W,ecom_logistics,False,partner_invoice,False,348,60.0,8.210344827586207,0.0,0.0,0.0
2024-05,Jaipur,2W,ecom_logistics,False,partner_invoice,True,1893,60.0,8.194294770206021,51.80834653988378,98073.2,62260.63058
2024-05,Jaipur,2W,food_delivery,False,partner_invoice,False,852,60.0,6.112676056338028,0.0,0.0,0.0
2024-05,Jaipur,2W,food_delivery,False,partner_invoice,True,3134,60.0,6.093044033184428,53.9085513720485,168949.4,109423.37505999999
2024-05,Jaipur,2W,quick_commerce,False,partner_invoice,False,448,60.0,6.8584821428571425,0.0,0.0,0.0
2024-05,Jaipur,2W,quick_commerce,False,partner_invoice,True,1715,60.0,6.888279883381924,53.11172011661807,91086.59999999999,57782.864089999995
2024-05,Jaipur,3W,Retail,False,partner_invoice,False,95,100.0,0.0,0.0,0.0,0.0
2024-05,Jaipur,3W,Retail,False,partner_invoice,True,301,100.0,0.0,99.98338870431894,30095.0,16830.72076
2024-05,Jaipur,3W,bike_taxi,False,partner_invoice,False,13,100.0,5.0,0.0,0.0,0.0
2024-05,Jaipur,3W,bike_taxi,False,partner_invoice,True,48,100.0,5.0,94.79166666666667,4550.0,2390.76209
2024-05,Jaipur,3W,cargo_3w,False,partner_invoice,False,182,100.0,7.741758241758242,0.0,0.0,0.0
2024-05,Jaipur,3W,cargo_3w,False,partner_invoice,True,789,100.0,7.73637515842839,92.25095057034221,72786.0,38113.03494
2024-05,Jaipur,3W,ecom_logistics,False,partner_invoice,False,18,100.0,11.88888888888889,0.0,0.0,0.0
2024-05,Jaipur,3W,ecom_logistics,False,partner_invoice,True,88,100.0,11.897727272727273,88.10227272727273,7753.0,3903.65978
2024-05,Jaipur,3W,food_delivery,False,partner_invoice,False,96,100.0,9.583333333333334,0.0,0.0,0.0
2024-05,Jaipur,3W,food_delivery,False,partner_invoice,True,253,100.0,9.73913043478261,90.26086956521739,22836.0,11661.591659999998
2024-05,Jaipur,3W,quick_commerce,False,partner_invoice,False,80,100.0,11.4375,0.0,0.0,0.0
2024-05,Jaipur,3W,quick_commerce,False,partner_invoice,True,240,100.0,11.3,88.74166666666666,21298.0,10461.2012
2024-05,Mumbai,2W,Retail,False,partner_invoice,False,274,60.0,0.0,0.0,0.0,0.0
2024-05,Mumbai,2W,Retail,False,partner_invoice,True,6593,60.0,0.0,60.00075838010011,395585.0,262386.30608
2024-05,Mumbai,2W,bike_taxi,False,partner_invoice,False,41,60.0,3.3804878048780487,0.0,0.0,0.0
2024-05,Mumbai,2W,bike_taxi,False,partner_invoice,True,1211,60.0,3.3805119735755573,56.627745664739884,68576.2,44473.67795
2024-05,Mumbai,2W,ecom_logistics,False,partner_invoice,False,89,60.0,8.15056179775281,0.0,0.0,0.0
2024-05,Mumbai,2W,ecom_logistics,False,partner_invoice,True,2265,60.0,8.211655629139074,51.779514348785874,117280.6,72160.42288999999
2024-05,Mumbai,2W,food_delivery,False,partner_invoice,False,166,60.0,6.050602409638554,0.0,0.0,0.0
2024-05,Mumbai,2W,food_delivery,False,partner_invoice,True,3800,60.0,6.035684210526315,53.95378947368421,205024.4,128103.82703
2024-05,Mumbai,2W,quick_commerce,False,partner_invoice,False,151,60.0,6.854304635761589,0.0,0.0,0.0
2024-05,Mumbai,2W,quick_commerce,False,partner_invoice,True,3620,60.0,6.903646408839779,53.092209944751374,192193.8,115376.60555000001
2024-05,Mumbai,3W,Retail,False,partner_invoice,False,50,100.0,0.0,0.0,0.0,0.0
2024-05,Mumbai,3W,Retail,False,partner_invoice,True,379,100.0,0.0,99.9868073878628,37895.0,20433.59033
2024-05,Mumbai,3W,bike_taxi,False,partner_invoice,False,1,100.0,5.0,0.0,0.0,0.0
2024-05,Mumbai,3W,bike_taxi,False,partner_invoice,True,44,100.0,5.0,95.0,4180.0,1923.85993
2024-05,Mumbai,3W,cargo_3w,False,partner_invoice,False,127,100.0,7.716535433070866,0.0,0.0,0.0
2024-05,Mumbai,3W,cargo_3w,False,partner_invoice,True,1405,100.0,7.787188612099644,92.21992882562277,129569.0,64363.70935999999
2024-05,Mumbai,3W,ecom_logistics,False,partner_invoice,False,4,100.0,11.0,0.0,0.0,0.0
2024-05,Mumbai,3W,ecom_logistics,False,partner_invoice,True,56,100.0,12.535714285714286,87.375,4893.0,2121.44009
2024-05,Mumbai,3W,food_delivery,False,partner_invoice,False,31,100.0,10.096774193548388,0.0,0.0,0.0
2024-05,Mumbai,3W,food_delivery,False,partner_invoice,True,342,100.0,10.078947368421053,89.92105263157895,30753.0,14861.03209
2024-05,Mumbai,3W,quick_commerce,False,partner_invoice,False,23,100.0,12.0,0.0,0.0,0.0
2024-05,Mumbai,3W,quick_commerce,False,partner_invoice,True,241,100.0,12.0,88.0,21208.0,9600.92036
2024-05,Pune,2W,Retail,False,partner_invoice,False,552,60.0,0.0,0.0,0.0,0.0
2024-05,Pune,2W,Retail,False,partner_invoice,True,5869,60.0,0.0,59.99062872721077,352085.0,251184.30365999998
2024-05,Pune,2W,bike_taxi,False,partner_invoice,False,112,60.0,3.4125,0.0,0.0,0.0
2024-05,Pune,2W,bike_taxi,False,partner_invoice,True,1158,60.0,3.3813471502590673,56.62728842832469,65574.4,45728.60876999999
2024-05,Pune,2W,ecom_logistics,False,partner_invoice,False,187,60.0,8.136898395721925,0.0,0.0,0.0
2024-05,Pune,2W,ecom_logistics,False,partner_invoice,True,2033,60.0,8.127889818002952,51.87456960157403,105461.0,70420.12718
2024-05,Pune,2W,food_delivery,False,partner_invoice,False,547,60.0,6.0680073126142595,0.0,0.0,0.0
2024-05,Pune,2W,food_delivery,False,partner_invoice,True,4841,60.0,6.071762032637884,53.92307374509399,261041.59999999998,177979.35425
2024-05,Pune,2W,quick_commerce,False,partner_invoice,False,412,60.0,6.806796116504855,0.0,0.0,0.0
2024-05,Pune,2W,quick_commerce,False,partner_invoice,True,3769,60.0,6.773043247545768,53.228283364287606,200617.39999999997,134610.50415
2024-05,Pune,3W,Retail,False,partner_invoice,False,59,100.0,0.0,0.0,0.0,0.0
2024-05,Pune,3W,Retail,False,partner_invoice,True,341,100.0,0.0,100.0,34100.0,20511.15898
2024-05,Pune,3W,bike_taxi,False,partner_invoice,False,5,100.0,5.0,0.0,0.0,0.0
2024-05,Pune,3W,bike_taxi,False,partner_invoice,True,39,100.0,5.0,95.25641025641026,3715.0,2184.9553499999997
2024-05,Pune,3W,cargo_3w,False,partner_invoice,False,180,100.0,7.65,0.0,0.0,0.0
2024-05,Pune,3W,cargo_3w,False,partner_invoice,True,1204,100.0,7.592192691029901,92.41196013289037,111264.0,63000.031650000004
2024-05,Pune,3W,ecom_logistics,False,partner_invoice,False,20,100.0,12.0,0.0,0.0,0.0
2024-05,Pune,3W,ecom_logistics,False,partner_invoice,True,163,100.0,12.52760736196319,87.47239263803681,14258.0,7744.88964
2024-05,Pune,3W,food_delivery,False,partner_invoice,False,39,100.0,10.35897435897436,0.0,0.0,0.0
2024-05,Pune,3W,food_delivery,False,partner_invoice,True,253,100.0,10.355731225296443,89.64426877470356,22680.0,12421.865070000002
2024-05,Pune,3W,quick_commerce,False,partner_invoice,False,53,100.0,11.830188679245284,0.0,0.0,0.0
2024-05,Pune,3W,quick_commerce,False,partner_invoice,True,242,100.0,11.652892561983471,88.32644628099173,21375.0,11516.70005
2024-06,Bengaluru,2W,Retail,False,partner_invoice,False,341,60.0,0.0,0.0,0.0,0.0
2024-06,Bengaluru,2W,Retail,False,partner_invoice,True,9051,60.0,0.0,59.99558059882886,543020.0,381010.82533
2024-06,Bengaluru,2W,bike_taxi,False,partner_invoice,False,64,60.0,3.215625,0.0,0.0,0.0
2024-06,Bengaluru,2W,bike_taxi,False,partner_invoice,True,1294,60.0,3.2782071097372487,56.72952086553323,73408.0,50234.79738
2024-06,Bengaluru,2W,ecom_logistics,False,partner_invoice,False,126,60.0,8.13809523809524,0.0,0.0,0.0
2024-06,Bengaluru,2W,ecom_logistics,False,partner_invoice,True,3052,60.0,8.154259501965925,51.850655307994764,158248.2,103409.40354999999
2024-06,Bengaluru,2W,food_delivery,False,partner_invoice,False,292,60.0,5.97945205479452,0.0,0.0,0.0
2024-06,Bengaluru,2W,food_delivery,False,partner_invoice,True,6951,60.0,6.032887354337505,53.95704215220832,375055.39999999997,250845.70493
2024-06,Bengaluru,2W,quick_commerce,False,partner_invoice,False,232,60.0,6.718965517241379,0.0,0.0,0.0
2024-06,Bengaluru,2W,quick_commerce,False,partner_invoice,True,5576,60.0,6.7519368723099005,53.25703012912482,296961.20000000007,193814.70080999998
2024-06,Bengaluru,3W,Retail,False,partner_invoice,False,44,100.0,0.0,0.0,0.0,0.0
2024-06,Bengaluru,3W,Retail,False,partner_invoice,True,417,100.0,0.0,100.0,41700.0,24342.74251
2024-06,Bengaluru,3W,bike_taxi,False,partner_invoice,False,13,100.0,5.923076923076923,0.0,0.0,0.0
2024-06,Bengaluru,3W,bike_taxi,False,partner_invoice,True,109,100.0,5.862385321100917,94.13761467889908,10261.0,5621.20387
2024-06,Bengaluru,3W,cargo_3w,False,partner_invoice,False,160,100.0,7.74375,0.0,0.0,0.0
2024-06,Bengaluru,3W,cargo_3w,False,partner_invoice,True,1368,100.0,7.722953216374269,92.29897660818713,126265.0,68803.23973
2024-06,Bengaluru,3W,ecom_logistics,False,partner_invoice,False,27,100.0,13.814814814814815,0.0,0.0,0.0
2024-06,Bengaluru,3W,ecom_logistics,False,partner_invoice,True,305,100.0,13.445901639344262,86.58688524590164,26409.0,13281.67298
2024-06,Bengaluru,3W,food_delivery,False,partner_invoice,False,32,100.0,9.78125,0.0,0.0,0.0
2024-06,Bengaluru,3W,food_delivery,False,partner_invoice,True,379,100.0,10.031662269129287,89.96833773087072,34098.0,18340.88426
2024-06,Bengaluru,3W,quick_commerce,False,partner_invoice,False,44,100.0,11.795454545454545,0.0,0.0,0.0
2024-06,Bengaluru,3W,quick_commerce,False,partner_invoice,True,341,100.0,11.79765395894428,88.17302052785924,30067.0,14987.13635
2024-06,Delhi NCR,2W,Retail,False,partner_invoice,False,1433,60.0,0.0,0.0,0.0,0.0
2024-06,Delhi NCR,2W,Retail,False,partner_invoice,True,7775,60.0,0.0,59.99485530546624,466460.0,326743.55137
2024-06,Delhi NCR,2W,bike_taxi,False,partner_invoice,False,143,60.0,3.423776223776224,0.0,0.0,0.0
2024-06,Delhi NCR,2W,bike_taxi,False,partner_invoice,True,996,60.0,3.38855421686747,56.6214859437751,56394.99999999999,38373.17659999999
2024-06,Delhi NCR,2W,ecom_logistics,False,partner_invoice,False,498,60.0,8.137349397590361,0.0,0.0,0.0
2024-06,Delhi NCR,2W,ecom_logistics,False,partner_invoice,True,3409,60.0,8.216955118803167,51.78011146963919,176518.40000000002,114543.27067
2024-06,Delhi NCR,2W,food_delivery,False,partner_invoice,False,979,60.0,6.0649642492339115,0.0,0.0,0.0
2024-06,Delhi NCR,2W,food_delivery,False,partner_invoice,True,4746,60.0,6.031226295828066,53.96561314791403,256120.8,170744.28809
2024-06,Delhi NCR,2W,quick_commerce,False,partner_invoice,False,851,60.0,6.927144535840188,0.0,0.0,0.0
2024-06,Delhi NCR,2W,quick_commerce,False,partner_invoice,True,4278,60.0,6.912622720897616,53.09088359046283,227122.8,147615.52250999998
2024-06,Delhi NCR,3W,Retail,False,partner_invoice,False,133,100.0,0.0,0.0,0.0,0.0
2024-06,Delhi NCR,3W,Retail,False,partner_invoice,True,495,100.0,0.0,100.01010101010101,49505.0,28877.697399999997
2024-06,Delhi NCR,3W,bike_taxi,False,partner_invoice,False,6,100.0,5.833333333333333,0.0,0.0,0.0
2024-06,Delhi NCR,3W,bike_taxi,False,partner_invoice,True,34,100.0,5.764705882352941,94.23529411764706,3204.0,1774.6766999999998
2024-06,Delhi NCR,3W,cargo_3w,False,partner_invoice,False,209,100.0,7.641148325358851,0.0,0.0,0.0
2024-06,Delhi NCR,3W,cargo_3w,False,partner_invoice,True,1011,100.0,7.678536102868447,92.30662710187933,93322.0,50672.15332
2024-06,Delhi NCR,3W,ecom_logistics,False,partner_invoice,False,25,100.0,13.88,0.0,0.0,0.0
2024-06,Delhi NCR,3W,ecom_logistics,False,partner_invoice,True,168,100.0,13.636904761904763,86.36309523809524,14509.0,7276.1829800000005
2024-06,Delhi NCR,3W,food_delivery,False,partner_invoice,False,87,100.0,9.804597701149426,0.0,0.0,0.0
2024-06,Delhi NCR,3W,food_delivery,False,partner_invoice,True,373,100.0,10.00804289544236,89.99195710455764,33567.0,17855.370929999997
2024-06,Delhi NCR,3W,quick_commerce,False,partner_invoice,False,98,100.0,11.755102040816327,0.0,0.0,0.0
2024-06,Delhi NCR,3W,quick_commerce,False,partner_invoice,True,323,100.0,11.8328173374613,88.16718266253869,28478.0,14459.5376
2024-06,Hyderabad,2W,Retail,False,partner_invoice,False,1249,60.0,0.0,0.0,0.0,0.0
2024-06,Hyderabad,2W,Retail,False,partner_invoice,True,7655,60.0,0.0,59.99869366427172,459290.0,317033.0375
2024-06,Hyderabad,2W,bike_taxi,False,partner_invoice,False,168,60.0,3.2464285714285714,0.0,0.0,0.0
2024-06,Hyderabad,2W,bike_taxi,False,partner_invoice,True,1305,60.0,3.2887356321839083,56.70360153256705,73998.2,49936.885590000005
2024-06,Hyderabad,2W,ecom_logistics,False,partner_invoice,False,340,60.0,8.071764705882353,0.0,0.0,0.0
2024-06,Hyderabad,2W,ecom_logistics,False,partner_invoice,True,2862,60.0,8.172746331236898,51.81851851851852,148304.6,95325.79647
2024-06,Hyderabad,2W,food_delivery,False,partner_invoice,False,856,60.0,6.059579439252336,0.0,0.0,0.0
2024-06,Hyderabad,2W,food_delivery,False,partner_invoice,True,4941,60.0,6.051730418943533,53.94725764015382,266553.39999999997,174839.92130000002
2024-06,Hyderabad,2W,quick_commerce,False,partner_invoice,False,582,60.0,6.810309278350515,0.0,0.0,0.0
2024-06,Hyderabad,2W,quick_commerce,False,partner_invoice,True,3339,60.0,6.787061994609164,53.21293800539083,177678.0,114415.6827
2024-06,Hyderabad,3W,Retail,False,partner_invoice,False,91,100.0,0.0,0.0,0.0,0.0
2024-06,Hyderabad,3W,Retail,False,partner_invoice,True,394,100.0,0.0,99.98730964467005,39395.0,22753.824539999998
2024-06,Hyderabad,3W,bike_taxi,False,partner_invoice,False,9,100.0,6.0,0.0,0.0,0.0
2024-06,Hyderabad,3W,bike_taxi,False,partner_invoice,True,53,100.0,5.528301886792453,94.37735849056604,5002.0,2926.5265299999996
2024-06,Hyderabad,3W,cargo_3w,False,partner_invoice,False,240,100.0,7.7,0.0,0.0,0.0
2024-06,Hyderabad,3W,cargo_3w,False,partner_invoice,True,1196,100.0,7.70819397993311,92.29598662207358,110386.0,58670.57342
2024-06,Hyderabad,3W,ecom_logistics,False,partner_invoice,False,39,100.0,12.974358974358974,0.0,0.0,0.0
2024-06,Hyderabad,3W,ecom_logistics,False,partner_invoice,True,178,100.0,13.067415730337078,86.98876404494382,15484.0,7632.688649999999
2024-06,Hyderabad,3W,food_delivery,False,partner_invoice,False,77,100.0,10.025974025974026,0.0,0.0,0.0
2024-06,Hyderabad,3W,food_delivery,False,partner_invoice,True,381,100.0,10.097112860892388,89.9028871391076,34253.0,17615.98076
2024-06,Hyderabad,3W,quick_commerce,False,partner_invoice,False,29,100.0,11.482758620689655,0.0,0.0,0.0
2024-06,Hyderabad,3W,quick_commerce,False,partner_invoice,True,140,100.0,11.335714285714285,88.66428571428571,12413.0,6425.28227
2024-06,Jaipur,2W,Retail,False,partner_invoice,False,1228,60.0,0.0,0.0,0.0,0.0
2024-06,Jaipur,2W,Retail,False,partner_invoice,True,5172,60.0,0.0,60.000966744006185,310325.0,213131.59437
2024-06,Jaipur,2W,bike_taxi,False,partner_invoice,False,227,60.0,3.338325991189427,0.0,0.0,0.0
2024-06,Jaipur,2W,bike_taxi,False,partner_invoice,True,1225,60.0,3.3311020408163263,56.67297959183673,69424.4,46092.07838
2024-06,Jaipur,2W,ecom_logistics,False,partner_invoice,False,323,60.0,8.126934984520124,0.0,0.0,0.0
2024-06,Jaipur,2W,ecom_logistics,False,partner_invoice,True,2006,60.0,8.185543369890329,51.82193419740778,103954.79999999999,66485.84528000001
2024-06,Jaipur,2W,food_delivery,False,partner_invoice,False,806,60.0,6.096029776674937,0.0,0.0,0.0
2024-06,Jaipur,2W,food_delivery,False,partner_invoice,True,3325,60.0,6.09203007518797,53.91097744360902,179253.99999999997,116497.00962
2024-06,Jaipur,2W,quick_commerce,False,partner_invoice,False,474,60.0,6.8164556962025316,0.0,0.0,0.0
2024-06,Jaipur,2W,quick_commerce,False,partner_invoice,True,1852,60.0,6.8365010799136074,53.160799136069116,98453.79999999999,62490.58147999999
2024-06,Jaipur,3W,Retail,False,partner_invoice,False,103,100.0,0.0,0.0,0.0,0.0
2024-06,Jaipur,3W,Retail,False,partner_invoice,True,281,100.0,0.0,99.94661921708185,28085.0,15708.89272
2024-06,Jaipur,3W,bike_taxi,False,partner_invoice,False,10,100.0,5.0,0.0,0.0,0.0
2024-06,Jaipur,3W,bike_taxi,False,partner_invoice,True,53,100.0,5.0,95.0,5035.0,2661.42497
2024-06,Jaipur,3W,cargo_3w,False,partner_invoice,False,187,100.0,7.711229946524064,0.0,0.0,0.0
2024-06,Jaipur,3W,cargo_3w,False,partner_invoice,True,703,100.0,7.722617354196301,92.2773826458037,64871.0,34259.78051
2024-06,Jaipur,3W,ecom_logistics,False,partner_invoice,False,21,100.0,11.19047619047619,0.0,0.0,0.0
2024-06,Jaipur,3W,ecom_logistics,False,partner_invoice,True,94,100.0,11.861702127659575,88.13829787234043,8285.0,4242.312870000001
2024-06,Jaipur,3W,food_delivery,False,partner_invoice,False,94,100.0,9.425531914893616,0.0,0.0,0.0
2024-06,Jaipur,3W,food_delivery,False,partner_invoice,True,247,100.0,9.720647773279353,90.27935222672065,22299.0,11561.43572
2024-06,Jaipur,3W,quick_commerce,False,partner_invoice,False,57,100.0,11.421052631578947,0.0,0.0,0.0
2024-06,Jaipur,3W,quick_commerce,False,partner_invoice,True,235,100.0,11.272340425531915,88.72765957446809,20851.0,10202.360789999999
2024-06,Mumbai,2W,Retail,False,partner_invoice,False,237,60.0,0.0,0.0,0.0,0.0
2024-06,Mumbai,2W,Retail,False,partner_invoice,True,6139,60.0,0.0,60.00244339468969,368355.0,245669.13676999998
2024-06,Mumbai,2W,bike_taxi,False,partner_invoice,False,49,60.0,3.440816326530612,0.0,0.0,0.0
2024-06,Mumbai,2W,bike_taxi,False,partner_invoice,True,1234,60.0,3.377795786061588,56.64651539708266,69901.79999999999,45699.49729
2024-06,Mumbai,2W,ecom_logistics,False,partner_invoice,False,80,60.0,8.175,0.0,0.0,0.0
2024-06,Mumbai,2W,ecom_logistics,False,partner_invoice,True,1973,60.0,8.256462240243284,51.75874303091739,102120.0,63206.655230000004
2024-06,Mumbai,2W,food_delivery,False,partner_invoice,False,163,60.0,6.0699386503067485,0.0,0.0,0.0
2024-06,Mumbai,2W,food_delivery,False,partner_invoice,True,3772,60.0,6.0397667020148464,53.95493107104984,203518.0,128164.33118000001
2024-06,Mumbai,2W,quick_commerce,False,partner_invoice,False,134,60.0,6.917910447761194,0.0,0.0,0.0
2024-06,Mumbai,2W,quick_commerce,False,partner_invoice,True,3704,60.0,6.903077753779698,53.09422246220302,196660.99999999994,119253.05567
2024-06,Mumbai,3W,Retail,False,partner_invoice,False,30,100.0,0.0,0.0,0.0,0.0
2024-06,Mumbai,3W,Retail,False,partner_invoice,True,407,100.0,0.0,100.02457002457002,40710.0,21930.320780000002
2024-06,Mumbai,3W,bike_taxi,False,partner_invoice,False,5,100.0,5.2,0.0,0.0,0.0
2024-06,Mumbai,3W,bike_taxi,False,partner_invoice,True,45,100.0,5.155555555555556,94.84444444444445,4268.0,2001.2380400000002
2024-06,Mumbai,3W,cargo_3w,False,partner_invoice,False,133,100.0,7.684210526315789,0.0,0.0,0.0
2024-06,Mumbai,3W,cargo_3w,False,partner_invoice,True,1338,100.0,7.755605381165919,92.24439461883408,123423.0,61654.09877
2024-06,Mumbai,3W,ecom_logistics,False,partner_invoice,False,5,100.0,13.8,0.0,0.0,0.0
2024-06,Mumbai,3W,ecom_logistics,False,partner_invoice,True,63,100.0,12.698412698412698,87.3015873015873,5500.0,2419.2067299999994
2024-06,Mumbai,3W,food_delivery,False,partner_invoice,False,36,100.0,10.36111111111111,0.0,0.0,0.0
2024-06,Mumbai,3W,food_delivery,False,partner_invoice,True,312,100.0,10.333333333333334,89.66666666666667,27976.0,13525.00488
2024-06,Mumbai,3W,quick_commerce,False,partner_invoice,False,17,100.0,12.0,0.0,0.0,0.0
2024-06,Mumbai,3W,quick_commerce,False,partner_invoice,True,243,100.0,11.938271604938272,88.06172839506173,21399.0,9807.33524
2024-06,Pune,2W,Retail,False,partner_invoice,False,328,60.0,0.0,0.0,0.0,0.0
2024-06,Pune,2W,Retail,False,partner_invoice,True,6580,60.0,0.0,59.994680851063826,394765.0,282452.74899999995
2024-06,Pune,2W,bike_taxi,False,partner_invoice,False,31,60.0,3.406451612903226,0.0,0.0,0.0
2024-06,Pune,2W,bike_taxi,False,partner_invoice,True,1260,60.0,3.4133333333333336,56.59063492063492,71304.19999999998,49839.35266
2024-06,Pune,2W,ecom_logistics,False,partner_invoice,False,88,60.0,8.25,0.0,0.0,0.0
2024-06,Pune,2W,ecom_logistics,False,partner_invoice,True,2116,60.0,8.282892249527409,51.7241965973535,109448.4,73115.82209
2024-06,Pune,2W,food_delivery,False,partner_invoice,False,222,60.0,5.997297297297297,0.0,0.0,0.0
2024-06,Pune,2W,food_delivery,False,partner_invoice,True,5319,60.0,6.065313028764805,53.92904681331077,286848.6,196663.44457
2024-06,Pune,2W,quick_commerce,False,partner_invoice,False,161,60.0,6.808695652173913,0.0,0.0,0.0
2024-06,Pune,2W,quick_commerce,False,partner_invoice,True,3946,60.0,6.776229092752154,53.21109984794729,209970.99999999997,141689.66053999998
2024-06,Pune,3W,Retail,False,partner_invoice,False,36,100.0,0.0,0.0,0.0,0.0
2024-06,Pune,3W,Retail,False,partner_invoice,True,427,100.0,0.0,100.0,42700.0,25797.21197
2024-06,Pune,3W,bike_taxi,False,partner_invoice,False,9,100.0,5.0,0.0,0.0,0.0
2024-06,Pune,3W,bike_taxi,False,partner_invoice,True,55,100.0,5.0,95.0,5225.0,3155.3841799999996
2024-06,Pune,3W,cargo_3w,False,partner_invoice,False,124,100.0,7.596774193548387,0.0,0.0,0.0
2024-06,Pune,3W,cargo_3w,False,partner_invoice,True,1138,100.0,7.572056239015817,92.41915641476274,105173.0,59688.21207
2024-06,Pune,3W,ecom_logistics,False,partner_invoice,False,17,100.0,12.058823529411764,0.0,0.0,0.0
2024-06,Pune,3W,ecom_logistics,False,partner_invoice,True,193,100.0,12.55958549222798,87.44041450777202,16876.0,9125.63726
2024-06,Pune,3W,food_delivery,False,partner_invoice,False,30,100.0,10.166666666666666,0.0,0.0,0.0
2024-06,Pune,3W,food_delivery,False,partner_invoice,True,283,100.0,10.374558303886927,89.62544169611307,25364.0,13915.989450000001
2024-06,Pune,3W,quick_commerce,False,partner_invoice,False,18,100.0,11.833333333333334,0.0,0.0,0.0
2024-06,Pune,3W,quick_commerce,False,partner_invoice,True,243,100.0,11.703703703703704,88.29629629629629,21456.0,11541.639589999999
2024-07,Bengaluru,2W,Retail,False,partner_invoice,False,395,65.0,0.0,0.0,0.0,0.0
2024-07,Bengaluru,2W,Retail,False,partner_invoice,True,10451,65.0,0.0,64.99904315376519,679305.0,494039.54765
2024-07,Bengaluru,2W,bike_taxi,False,partner_invoice,False,50,65.0,3.562,0.0,0.0,0.0
2024-07,Bengaluru,2W,bike_taxi,False,partner_invoice,True,1391,65.0,3.5542056074766353,61.44219985621855,85466.1,60846.07461
2024-07,Bengaluru,2W,ecom_logistics,False,partner_invoice,False,136,65.0,8.975735294117648,0.0,0.0,0.0
2024-07,Bengaluru,2W,ecom_logistics,False,partner_invoice,True,3608,65.0,8.936058758314855,56.062555432372505,202273.7,138081.39169000002
2024-07,Bengaluru,2W,food_delivery,False,partner_invoice,False,298,65.0,6.563255033557048,0.0,0.0,0.0
2024-07,Bengaluru,2W,food_delivery,False,partner_invoice,True,7629,65.0,6.549501900642286,58.44853191768252,445903.85,310761.42459
2024-07,Bengaluru,2W,quick_commerce,False,partner_invoice,False,219,65.0,7.363698630136986,0.0,0.0,0.0
2024-07,Bengaluru,2W,quick_commerce,False,partner_invoice,True,6246,65.0,7.316402497598463,57.68920108869676,360326.75,245714.89737000002
2024-07,Bengaluru,3W,Retail,False,partner_invoice,False,47,110.0,0.0,0.0,0.0,0.0
2024-07,Bengaluru,3W,Retail,False,partner_invoice,True,510,110.0,0.0,110.00980392156863,56105.0,34647.19696
2024-07,Bengaluru,3W,bike_taxi,False,partner_invoice,False,11,110.0,6.6,0.0,0.0,0.0
2024-07,Bengaluru,3W,bike_taxi,False,partner_invoice,True,109,110.0,6.317431192660551,103.68256880733945,11301.4,6740.255540000002
2024-07,Bengaluru,3W,cargo_3w,False,partner_invoice,False,148,110.0,8.413513513513514,0.0,0.0,0.0
2024-07,Bengaluru,3W,cargo_3w,False,partner_invoice,True,1488,110.0,8.522782258064517,101.4940188172043,151023.10000000003,88943.20310000001
2024-07,Bengaluru,3W,ecom_logistics,False,partner_invoice,False,25,110.0,14.255999999999998,0.0,0.0,0.0
2024-07,Bengaluru,3W,ecom_logistics,False,partner_invoice,True,284,110.0,14.733802816901408,95.26619718309858,27055.6,15135.789099999998
2024-07,Bengaluru,3W,food_delivery,False,partner_invoice,False,35,110.0,10.968571428571428,0.0,0.0,0.0
2024-07,Bengaluru,3W,food_delivery,False,partner_invoice,True,370,110.0,11.044594594594594,98.94189189189188,36608.5,21170.077670000002
2024-07,Bengaluru,3W,quick_commerce,False,partner_invoice,False,42,110.0,12.807142857142857,0.0,0.0,0.0
2024-07,Bengaluru,3W,quick_commerce,False,partner_invoice,True,372,110.0,12.978225806451611,97.02177419354838,36092.09999999999,19816.833680000003
2024-07,Delhi NCR,2W,Retail,False,partner_invoice,False,380,65.0,0.0,0.0,0.0,0.0
2024-07,Delhi NCR,2W,Retail,False,partner_invoice,True,9251,65.0,0.0,64.9962166252297,601280.0,436732.55503000005
2024-07,Delhi NCR,2W,bike_taxi,False,partner_invoice,False,63,65.0,3.6317460317460313,0.0,0.0,0.0
2024-07,Delhi NCR,2W,bike_taxi,False,partner_invoice,True,1292,65.0,3.675619195046439,61.32051083591332,79226.1,55896.76386
2024-07,Delhi NCR,2W,ecom_logistics,False,partner_invoice,False,166,65.0,8.814156626506024,0.0,0.0,0.0
2024-07,Delhi NCR,2W,ecom_logistics,False,partner_invoice,True,4064,65.0,8.82746062992126,56.1663877952756,228260.2,155187.12683000002
2024-07,Delhi NCR,2W,food_delivery,False,partner_invoice,False,222,65.0,6.546846846846847,0.0,0.0,0.0
2024-07,Delhi NCR,2W,food_delivery,False,partner_invoice,True,5980,65.0,6.518369565217391,58.48246655518395,349725.15,243369.7811
2024-07,Delhi NCR,2W,quick_commerce,False,partner_invoice,False,210,65.0,7.484285714285715,0.0,0.0,0.0
2024-07,Delhi NCR,2W,quick_commerce,False,partner_invoice,True,4872,65.0,7.477401477832513,57.5215722495895,280245.1,190275.02012
2024-07,Delhi NCR,3W,Retail,False,partner_invoice,False,50,110.0,0.0,0.0,0.0,0.0
2024-07,Delhi NCR,3W,Retail,False,partner_invoice,True,588,110.0,0.0,109.98299319727892,64670.0,40269.940180000005
2024-07,Delhi NCR,3W,bike_taxi,False,partner_invoice,True,42,110.0,6.102380952380953,103.89761904761905,4363.699999999999,2557.37831
2024-07,Delhi NCR,3W,cargo_3w,False,partner_invoice,False,164,110.0,8.504878048780489,0.0,0.0,0.0
2024-07,Delhi NCR,3W,cargo_3w,False,partner_invoice,True,1392,110.0,8.491020114942529,101.54489942528735,141350.5,83226.83077
2024-07,Delhi NCR,3W,ecom_logistics,False,partner_invoice,False,17,110.0,14.558823529411764,0.0,0.0,0.0
2024-07,Delhi NCR,3W,ecom_logistics,False,partner_invoice,True,226,110.0,14.699115044247788,95.38938053097345,21557.999999999996,12054.01407
2024-07,Delhi NCR,3W,food_delivery,False,partner_invoice,False,40,110.0,11.275,0.0,0.0,0.0
2024-07,Delhi NCR,3W,food_delivery,False,partner_invoice,True,508,110.0,11.132086614173229,98.86791338582677,50224.9,29235.728900000002
2024-07,Delhi NCR,3W,quick_commerce,False,partner_invoice,False,40,110.0,12.9525,0.0,0.0,0.0
2024-07,Delhi NCR,3W,quick_commerce,False,partner_invoice,True,367,110.0,12.939237057220708,97.033514986376,35611.29999999999,19702.85653
2024-07,Hyderabad,2W,Retail,False,partner_invoice,False,371,65.0,0.0,0.0,0.0,0.0
2024-07,Hyderabad,2W,Retail,False,partner_invoice,True,9495,65.0,0.0,64.99894681411268,617165.0,442829.67296
2024-07,Hyderabad,2W,bike_taxi,False,partner_invoice,False,59,65.0,3.602542372881356,0.0,0.0,0.0
2024-07,Hyderabad,2W,bike_taxi,False,partner_invoice,True,1482,65.0,3.585526315789474,61.42459514170041,91031.25,63985.43029
2024-07,Hyderabad,2W,ecom_logistics,False,partner_invoice,False,128,65.0,8.9984375,0.0,0.0,0.0
2024-07,Hyderabad,2W,ecom_logistics,False,partner_invoice,True,3314,65.0,8.854239589619795,56.15481291490645,186097.05,125213.15659999999
2024-07,Hyderabad,2W,food_delivery,False,partner_invoice,False,203,65.0,6.576847290640395,0.0,0.0,0.0
2024-07,Hyderabad,2W,food_delivery,False,partner_invoice,True,5688,65.0,6.546738748241912,58.450624120956405,332467.15,228212.63902
2024-07,Hyderabad,2W,quick_commerce,False,partner_invoice,False,158,65.0,7.405063291139241,0.0,0.0,0.0
2024-07,Hyderabad,2W,quick_commerce,False,partner_invoice,True,4101,65.0,7.421031455742502,57.58018775908315,236136.35000000003,158889.19663999998
2024-07,Hyderabad,3W,Retail,False,partner_invoice,False,43,110.0,0.0,0.0,0.0,0.0
2024-07,Hyderabad,3W,Retail,False,partner_invoice,True,464,110.0,0.0,109.97844827586206,51030.0,31696.76679
2024-07,Hyderabad,3W,bike_taxi,False,partner_invoice,False,10,110.0,5.9399999999999995,0.0,0.0,0.0
2024-07,Hyderabad,3W,bike_taxi,False,partner_invoice,True,61,110.0,6.185245901639345,103.81475409836065,6332.699999999999,3988.15981
2024-07,Hyderabad,3W,cargo_3w,False,partner_invoice,False,143,110.0,8.323076923076924,0.0,0.0,0.0
2024-07,Hyderabad,3W,cargo_3w,False,partner_invoice,True,1530,110.0,8.420392156862746,101.58941176470587,155431.80000000002,89441.03323
2024-07,Hyderabad,3W,ecom_logistics,False,partner_invoice,False,29,110.0,14.413793103448276,0.0,0.0,0.0
2024-07,Hyderabad,3W,ecom_logistics,False,partner_invoice,True,262,110.0,14.64847328244275,95.35152671755725,24982.1,13355.3105
2024-07,Hyderabad,3W,food_delivery,False,partner_invoice,False,42,110.0,10.973809523809523,0.0,0.0,0.0
2024-07,Hyderabad,3W,food_delivery,False,partner_invoice,True,362,110.0,11.054696132596685,98.94530386740333,35818.2,20192.51759
2024-07,Hyderabad,3W,quick_commerce,False,partner_invoice,False,23,110.0,12.482608695652173,0.0,0.0,0.0
2024-07,Hyderabad,3W,quick_commerce,False,partner_invoice,True,253,110.0,12.091304347826087,97.96798418972331,24785.899999999998,13856.076939999999
2024-07,Jaipur,2W,Retail,False,partner_invoice,False,255,65.0,0.0,0.0,0.0,0.0
2024-07,Jaipur,2W,Retail,False,partner_invoice,True,6355,65.0,0.0,65.00314712824547,413095.0,294446.59308
2024-07,Jaipur,2W,bike_taxi,False,partner_invoice,False,61,65.0,3.622950819672131,0.0,0.0,0.0
2024-07,Jaipur,2W,bike_taxi,False,partner_invoice,True,1378,65.0,3.6089622641509433,61.39829462989841,84606.85,58668.09008
2024-07,Jaipur,2W,ecom_logistics,False,partner_invoice,False,96,65.0,8.890104166666667,0.0,0.0,0.0
2024-07,Jaipur,2W,ecom_logistics,False,partner_invoice,True,2246,65.0,8.859505788067676,56.151625111308995,126116.54999999999,84663.4241
2024-07,Jaipur,2W,food_delivery,False,partner_invoice,False,149,65.0,6.630872483221476,0.0,0.0,0.0
2024-07,Jaipur,2W,food_delivery,False,partner_invoice,True,4084,65.0,6.572575905974535,58.434769833496574,238647.6,162622.48554999998
2024-07,Jaipur,2W,quick_commerce,False,partner_invoice,False,91,65.0,7.264285714285713,0.0,0.0,0.0
2024-07,Jaipur,2W,quick_commerce,False,partner_invoice,True,2345,65.0,7.345970149253731,57.658294243070365,135208.7,90171.06329
2024-07,Jaipur,3W,Retail,False,partner_invoice,False,36,110.0,0.0,0.0,0.0,0.0
2024-07,Jaipur,3W,Retail,False,partner_invoice,True,373,110.0,0.0,110.02680965147454,41040.0,24740.16196
2024-07,Jaipur,3W,bike_taxi,False,partner_invoice,False,1,110.0,5.5,0.0,0.0,0.0
2024-07,Jaipur,3W,bike_taxi,False,partner_invoice,True,34,110.0,5.5,104.6470588235294,3558.0,2058.8863
2024-07,Jaipur,3W,cargo_3w,False,partner_invoice,False,65,110.0,8.546153846153846,0.0,0.0,0.0
2024-07,Jaipur,3W,cargo_3w,False,partner_invoice,True,763,110.0,8.47129750982962,101.53525557011795,77471.40000000001,44012.35688000001
2024-07,Jaipur,3W,ecom_logistics,False,partner_invoice,False,13,110.0,15.23076923076923,0.0,0.0,0.0
2024-07,Jaipur,3W,ecom_logistics,False,partner_invoice,True,101,110.0,13.55940594059406,96.44059405940594,9740.5,5365.131780000001
2024-07,Jaipur,3W,food_delivery,False,partner_invoice,False,36,110.0,10.572222222222223,0.0,0.0,0.0
2024-07,Jaipur,3W,food_delivery,False,partner_invoice,True,320,110.0,10.745625,99.20750000000001,31746.399999999998,17861.81667
2024-07,Jaipur,3W,quick_commerce,False,partner_invoice,False,23,110.0,12.339130434782609,0.0,0.0,0.0
2024-07,Jaipur,3W,quick_commerce,False,partner_invoice,True,232,110.0,12.474568965517241,97.48232758620689,22615.899999999994,12047.70623
2024-07,Mumbai,2W,Retail,False,partner_invoice,False,219,65.0,0.0,0.0,0.0,0.0
2024-07,Mumbai,2W,Retail,False,partner_invoice,True,5797,65.0,0.0,64.99482490943592,376775.0,262124.35959
2024-07,Mumbai,2W,bike_taxi,False,partner_invoice,False,44,65.0,3.6340909090909093,0.0,0.0,0.0
2024-07,Mumbai,2W,bike_taxi,False,partner_invoice,True,1093,65.0,3.6579597438243368,61.355763952424525,67061.85,45762.97369
2024-07,Mumbai,2W,ecom_logistics,False,partner_invoice,False,70,65.0,8.756428571428572,0.0,0.0,0.0
2024-07,Mumbai,2W,ecom_logistics,False,partner_invoice,True,1938,65.0,8.939344685242519,56.05033539731682,108625.55,70761.47975999999
2024-07,Mumbai,2W,food_delivery,False,partner_invoice,False,135,65.0,6.538518518518519,0.0,0.0,0.0
2024-07,Mumbai,2W,food_delivery,False,partner_invoice,True,3731,65.0,6.542508710801394,58.45883141248995,218109.90000000002,144457.8596
2024-07,Mumbai,2W,quick_commerce,False,partner_invoice,False,130,65.0,7.35,0.0,0.0,0.0
2024-07,Mumbai,2W,quick_commerce,False,partner_invoice,True,3638,65.0,7.47785871357889,57.523515667949425,209270.55000000005,134047.38561
2024-07,Mumbai,3W,Retail,False,partner_invoice,False,39,110.0,0.0,0.0,0.0,0.0
2024-07,Mumbai,3W,Retail,False,partner_invoice,True,422,110.0,0.0,110.0,46420.0,27295.69356
2024-07,Mumbai,3W,bike_taxi,False,partner_invoice,False,5,110.0,5.5,0.0,0.0,0.0
2024-07,Mumbai,3W,bike_taxi,False,partner_invoice,True,32,110.0,5.5,104.5,3344.0,1770.70851
2024-07,Mumbai,3W,cargo_3w,False,partner_invoice,False,136,110.0,8.525,0.0,0.0,0.0
2024-07,Mumbai,3W,cargo_3w,False,partner_invoice,True,1466,110.0,8.508867667121418,101.50136425648022,148801.0,81552.0236
2024-07,Mumbai,3W,ecom_logistics,False,partner_invoice,False,6,110.0,14.116666666666667,0.0,0.0,0.0
2024-07,Mumbai,3W,ecom_logistics,False,partner_invoice,True,111,110.0,14.835135135135136,95.07477477477477,10553.3,5417.593460000001
2024-07,Mumbai,3W,food_delivery,False,partner_invoice,False,39,110.0,11.564102564102564,0.0,0.0,0.0
2024-07,Mumbai,3W,food_delivery,False,partner_invoice,True,279,110.0,11.382437275985662,98.61756272401433,27514.3,14604.095730000001
2024-07,Mumbai,3W,quick_commerce,False,partner_invoice,False,20,110.0,13.035,0.0,0.0,0.0
2024-07,Mumbai,3W,quick_commerce,False,partner_invoice,True,270,110.0,12.833333333333334,97.12962962962963,26224.999999999996,13610.15491
2024-07,Pune,2W,Retail,False,partner_invoice,False,279,65.0,0.0,0.0,0.0,0.0
2024-07,Pune,2W,Retail,False,partner_invoice,True,7186,65.0,0.0,64.99304202616199,467040.0,345779.68739
2024-07,Pune,2W,bike_taxi,False,partner_invoice,False,52,65.0,3.6624999999999996,0.0,0.0,0.0
2024-07,Pune,2W,bike_taxi,False,partner_invoice,True,1313,65.0,3.698514851485148,61.297677075399854,80483.85,58032.49001000001
2024-07,Pune,2W,ecom_logistics,False,partner_invoice,False,96,65.0,9.025520833333333,0.0,0.0,0.0
2024-07,Pune,2W,ecom_logistics,False,partner_invoice,True,2513,65.0,8.930063668921608,56.06396736967768,140888.75,98317.40759999999
2024-07,Pune,2W,food_delivery,False,partner_invoice,False,224,65.0,6.427455357142857,0.0,0.0,0.0
2024-07,Pune,2W,food_delivery,False,partner_invoice,True,5646,65.0,6.542020899752037,58.46329259652852,330083.75,235109.47507000001
2024-07,Pune,2W,quick_commerce,False,partner_invoice,False,170,65.0,7.341176470588235,0.0,0.0,0.0
2024-07,Pune,2W,quick_commerce,False,partner_invoice,True,4292,65.0,7.341123019571295,57.656547064305684,247461.90000000002,173991.14969000002
2024-07,Pune,3W,Retail,False,partner_invoice,False,64,110.0,0.0,0.0,0.0,0.0
2024-07,Pune,3W,Retail,False,partner_invoice,True,476,110.0,0.0,110.0,52360.0,33457.44091
2024-07,Pune,3W,bike_taxi,False,partner_invoice,False,5,110.0,5.5,0.0,0.0,0.0
2024-07,Pune,3W,bike_taxi,False,partner_invoice,True,65,110.0,5.5,104.5,6792.5,4322.94045
2024-07,Pune,3W,cargo_3w,False,partner_invoice,False,129,110.0,8.416279069767443,0.0,0.0,0.0
2024-07,Pune,3W,cargo_3w,False,partner_invoice,True,1266,110.0,8.394233807266984,101.60576619273301,128632.9,78780.97584999999
2024-07,Pune,3W,ecom_logistics,False,partner_invoice,False,24,110.0,14.391666666666666,0.0,0.0,0.0
2024-07,Pune,3W,ecom_logistics,False,partner_invoice,True,219,110.0,14.134246575342466,95.88858447488583,20999.6,12137.3426
2024-07,Pune,3W,food_delivery,False,partner_invoice,False,30,110.0,11.33,0.0,0.0,0.0
2024-07,Pune,3W,food_delivery,False,partner_invoice,True,276,110.0,11.354710144927537,98.64528985507248,27226.1,16374.9472
2024-07,Pune,3W,quick_commerce,False,partner_invoice,False,23,110.0,12.769565217391303,0.0,0.0,0.0
2024-07,Pune,3W,quick_commerce,False,partner_invoice,True,299,110.0,12.91304347826087,97.08695652173913,29028.999999999996,16836.3606
2024-08,Bengaluru,2W,Retail,False,partner_invoice,False,438,65.0,0.0,0.0,0.0,0.0
2024-08,Bengaluru,2W,Retail,False,partner_invoice,True,11162,65.0,0.0,64.99820820641462,725510.0,529591.27167
2024-08,Bengaluru,2W,bike_taxi,False,partner_invoice,False,65,65.0,3.5700000000000003,0.0,0.0,0.0
2024-08,Bengaluru,2W,bike_taxi,False,partner_invoice,True,1577,65.0,3.559131261889664,61.447209892200384,96902.25000000001,69245.34864
2024-08,Bengaluru,2W,ecom_logistics,False,partner_invoice,False,135,65.0,9.177037037037037,0.0,0.0,0.0
2024-08,Bengaluru,2W,ecom_logistics,False,partner_invoice,True,4037,65.0,8.985682437453553,56.014317562546445,226129.80000000002,155045.635
2024-08,Bengaluru,2W,food_delivery,False,partner_invoice,False,286,65.0,6.575,0.0,0.0,0.0
2024-08,Bengaluru,2W,food_delivery,False,partner_invoice,True,8020,65.0,6.561271820448878,58.4374812967581,468668.6,327969.9358
2024-08,Bengaluru,2W,quick_commerce,False,partner_invoice,False,258,65.0,7.3313953488372094,0.0,0.0,0.0
2024-08,Bengaluru,2W,quick_commerce,False,partner_invoice,True,6815,65.0,7.3493396918561995,57.65359501100514,392909.25,269083.30979
2024-08,Bengaluru,3W,Retail,False,partner_invoice,False,49,110.0,0.0,0.0,0.0,0.0
2024-08,Bengaluru,3W,Retail,False,partner_invoice,True,603,110.0,0.0,110.0,66330.0,41060.25375
2024-08,Bengaluru,3W,bike_taxi,False,partner_invoice,False,15,110.0,5.866666666666666,0.0,0.0,0.0
2024-08,Bengaluru,3W,bike_taxi,False,partner_invoice,True,137,110.0,6.182481751824818,103.81751824817518,14223.0,8537.47176
2024-08,Bengaluru,3W,cargo_3w,False,partner_invoice,False,155,110.0,8.551612903225806,0.0,0.0,0.0
2024-08,Bengaluru,3W,cargo_3w,False,partner_invoice,True,1562,110.0,8.530281690140846,101.46651728553138,158490.7,93639.33254999999
2024-08,Bengaluru,3W,ecom_logistics,False,partner_invoice,False,30,110.0,15.253333333333334,0.0,0.0,0.0
2024-08,Bengaluru,3W,ecom_logistics,False,partner_invoice,True,285,110.0,14.141754385964912,95.85824561403508,27319.6,15401.023140000001
2024-08,Bengaluru,3W,food_delivery,False,partner_invoice,False,39,110.0,11.14102564102564,0.0,0.0,0.0
2024-08,Bengaluru,3W,food_delivery,False,partner_invoice,True,414,110.0,11.063768115942029,98.93623188405796,40959.600000000006,23742.70639
2024-08,Bengaluru,3W,quick_commerce,False,partner_invoice,False,37,110.0,13.02162162162162,0.0,0.0,0.0
2024-08,Bengaluru,3W,quick_commerce,False,partner_invoice,True,429,110.0,13.046153846153844,96.96550116550115,41598.19999999998,23020.416749999997
2024-08,Delhi NCR,2W,Retail,False,partner_invoice,False,390,65.0,0.0,0.0,0.0,0.0
2024-08,Delhi NCR,2W,Retail,False,partner_invoice,True,10326,65.0,0.0,64.99709471237652,671160.0,489504.33863
2024-08,Delhi NCR,2W,bike_taxi,False,partner_invoice,False,60,65.0,3.5966666666666667,0.0,0.0,0.0
2024-08,Delhi NCR,2W,bike_taxi,False,partner_invoice,True,1585,65.0,3.642460567823344,61.34807570977918,97236.70000000001,69112.76777
2024-08,Delhi NCR,2W,ecom_logistics,False,partner_invoice,False,191,65.0,8.786910994764398,0.0,0.0,0.0
2024-08,Delhi NCR,2W,ecom_logistics,False,partner_invoice,True,4572,65.0,8.713013998250219,56.28370516185477,257329.1,176318.47110000002
2024-08,Delhi NCR,2W,food_delivery,False,partner_invoice,False,273,65.0,6.526190476190476,0.0,0.0,0.0
2024-08,Delhi NCR,2W,food_delivery,False,partner_invoice,True,6497,65.0,6.5113052177928274,58.49023395413268,380011.05000000005,265789.82808
2024-08,Delhi NCR,2W,quick_commerce,False,partner_invoice,False,228,65.0,7.534868421052632,0.0,0.0,0.0
2024-08,Delhi NCR,2W,quick_commerce,False,partner_invoice,True,5363,65.0,7.490210702964759,57.50885698303188,308420.0,210563.97383000003
2024-08,Delhi NCR,3W,Retail,False,partner_invoice,False,51,110.0,0.0,0.0,0.0,0.0
2024-08,Delhi NCR,3W,Retail,False,partner_invoice,True,641,110.0,0.0,110.0,70510.0,43951.44112
2024-08,Delhi NCR,3W,bike_taxi,False,partner_invoice,False,4,110.0,6.6,0.0,0.0,0.0
2024-08,Delhi NCR,3W,bike_taxi,False,partner_invoice,True,20,110.0,6.6,103.4,2068.0000000000005,1212.77132
2024-08,Delhi NCR,3W,cargo_3w,False,partner_invoice,False,143,110.0,8.430769230769231,0.0,0.0,0.0
2024-08,Delhi NCR,3W,cargo_3w,False,partner_invoice,True,1629,110.0,8.455616942909762,101.52596685082872,165385.8,97433.94407
2024-08,Delhi NCR,3W,ecom_logistics,False,partner_invoice,False,15,110.0,14.226666666666667,0.0,0.0,0.0
2024-08,Delhi NCR,3W,ecom_logistics,False,partner_invoice,True,254,110.0,14.86299212598425,95.11732283464566,24159.800000000003,13580.684999999998
2024-08,Delhi NCR,3W,food_delivery,False,partner_invoice,False,40,110.0,10.9175,0.0,0.0,0.0
2024-08,Delhi NCR,3W,food_delivery,False,partner_invoice,True,476,110.0,10.882142857142856,99.11785714285713,47180.100000000006,27586.38027
2024-08,Delhi NCR,3W,quick_commerce,False,partner_invoice,False,50,110.0,13.068,0.0,0.0,0.0
2024-08,Delhi NCR,3W,quick_commerce,False,partner_invoice,True,421,110.0,12.839429928741092,97.1605700712589,40904.59999999999,22900.0031
2024-08,Hyderabad,2W,Retail,False,partner_invoice,False,388,65.0,0.0,0.0,0.0,0.0
2024-08,Hyderabad,2W,Retail,False,partner_invoice,True,10058,65.0,0.0,64.99950288327699,653765.0,471501.51901000005
2024-08,Hyderabad,2W,bike_taxi,False,partner_invoice,False,67,65.0,3.6186567164179104,0.0,0.0,0.0
2024-08,Hyderabad,2W,bike_taxi,False,partner_invoice,True,1416,65.0,3.5906073446327684,61.41998587570621,86970.70000000001,61529.410820000005
2024-08,Hyderabad,2W,ecom_logistics,False,partner_invoice,False,148,65.0,8.80135135135135,0.0,0.0,0.0
2024-08,Hyderabad,2W,ecom_logistics,False,partner_invoice,True,3715,65.0,8.903512786002693,56.093795423956934,208388.45,141082.49613
2024-08,Hyderabad,2W,food_delivery,False,partner_invoice,False,238,65.0,6.587394957983193,0.0,0.0,0.0
2024-08,Hyderabad,2W,food_delivery,False,partner_invoice,True,6061,65.0,6.5613430127041745,58.44855634383765,354256.7,244335.01171000002
2024-08,Hyderabad,2W,quick_commerce,False,partner_invoice,False,178,65.0,7.383707865168539,0.0,0.0,0.0
2024-08,Hyderabad,2W,quick_commerce,False,partner_invoice,True,4923,65.0,7.468860450944545,57.53012390818606,283220.80000000005,191936.58782000002
2024-08,Hyderabad,3W,Retail,False,partner_invoice,False,48,110.0,0.0,0.0,0.0,0.0
2024-08,Hyderabad,3W,Retail,False,partner_invoice,True,487,110.0,0.0,110.01026694045174,53575.0,33341.33803
2024-08,Hyderabad,3W,bike_taxi,False,partner_invoice,False,8,110.0,6.6,0.0,0.0,0.0
2024-08,Hyderabad,3W,bike_taxi,False,partner_invoice,True,66,110.0,6.266666666666666,103.73333333333335,6846.4,4246.366970000001
2024-08,Hyderabad,3W,cargo_3w,False,partner_invoice,False,143,110.0,8.376923076923077,0.0,0.0,0.0
2024-08,Hyderabad,3W,cargo_3w,False,partner_invoice,True,1550,110.0,8.379870967741937,101.61690322580645,157506.2,91801.72964
2024-08,Hyderabad,3W,ecom_logistics,False,partner_invoice,False,21,110.0,14.614285714285714,0.0,0.0,0.0
2024-08,Hyderabad,3W,ecom_logistics,False,partner_invoice,True,279,110.0,14.422222222222222,95.57777777777778,26666.199999999997,14411.19127
2024-08,Hyderabad,3W,food_delivery,False,partner_invoice,False,52,110.0,10.682692307692308,0.0,0.0,0.0
2024-08,Hyderabad,3W,food_delivery,False,partner_invoice,True,454,110.0,10.980616740088106,99.0193832599119,44954.8,25323.38931
2024-08,Hyderabad,3W,quick_commerce,False,partner_invoice,False,28,110.0,12.02142857142857,0.0,0.0,0.0
2024-08,Hyderabad,3W,quick_commerce,False,partner_invoice,True,294,110.0,12.066326530612244,97.88265306122449,28777.5,16186.931089999998
2024-08,Jaipur,2W,Retail,False,partner_invoice,False,293,65.0,0.0,0.0,0.0,0.0
2024-08,Jaipur,2W,Retail,False,partner_invoice,True,7088,65.0,0.0,65.00352708803612,460745.0,330520.24753
2024-08,Jaipur,2W,bike_taxi,False,partner_invoice,False,42,65.0,3.683333333333333,0.0,0.0,0.0
2024-08,Jaipur,2W,bike_taxi,False,partner_invoice,True,1455,65.0,3.629725085910653,61.373711340206185,89298.75,62320.12916
2024-08,Jaipur,2W,ecom_logistics,False,partner_invoice,False,93,65.0,9.06505376344086,0.0,0.0,0.0
2024-08,Jaipur,2W,ecom_logistics,False,partner_invoice,True,2349,65.0,8.89855257556407,56.08654746700723,131747.3,88778.12895
2024-08,Jaipur,2W,food_delivery,False,partner_invoice,False,160,65.0,6.577187499999999,0.0,0.0,0.0
2024-08,Jaipur,2W,food_delivery,False,partner_invoice,True,4035,65.0,6.569591078066915,58.44032218091698,235806.7,161349.89150000003
2024-08,Jaipur,2W,quick_commerce,False,partner_invoice,False,119,65.0,7.177310924369748,0.0,0.0,0.0
2024-08,Jaipur,2W,quick_commerce,False,partner_invoice,True,2774,65.0,7.406344628695026,57.600865176640234,159784.8,107297.50635000001
2024-08,Jaipur,3W,Retail,False,partner_invoice,False,37,110.0,0.0,0.0,0.0,0.0
2024-08,Jaipur,3W,Retail,False,partner_invoice,True,384,110.0,0.0,110.0,42240.0,25668.834010000002
2024-08,Jaipur,3W,bike_taxi,False,partner_invoice,False,5,110.0,5.5,0.0,0.0,0.0
2024-08,Jaipur,3W,bike_taxi,False,partner_invoice,True,30,110.0,5.5,104.5,3135.0,1832.1254199999998
2024-08,Jaipur,3W,cargo_3w,False,partner_invoice,False,85,110.0,8.592941176470589,0.0,0.0,0.0
2024-08,Jaipur,3W,cargo_3w,False,partner_invoice,True,924,110.0,8.520238095238096,101.4797619047619,93767.30000000002,53642.73214
2024-08,Jaipur,3W,ecom_logistics,False,partner_invoice,False,11,110.0,15.0,0.0,0.0,0.0
2024-08,Jaipur,3W,ecom_logistics,False,partner_invoice,True,115,110.0,14.013043478260869,95.98695652173913,11038.5,6185.696120000001
2024-08,Jaipur,3W,food_delivery,False,partner_invoice,False,37,110.0,10.613513513513514,0.0,0.0,0.0
2024-08,Jaipur,3W,food_delivery,False,partner_invoice,True,323,110.0,10.802476780185758,99.19752321981424,32040.800000000003,18076.12233
2024-08,Jaipur,3W,quick_commerce,False,partner_invoice,False,21,110.0,12.1,0.0,0.0,0.0
2024-08,Jaipur,3W,quick_commerce,False,partner_invoice,True,257,110.0,12.249805447470816,97.69182879377432,25106.799999999996,13525.02834
2024-08,Mumbai,2W,Retail,False,partner_invoice,False,232,65.0,0.0,0.0,0.0,0.0
2024-08,Mumbai,2W,Retail,False,partner_invoice,True,6144,65.0,0.0,65.00732421875,399405.0,279680.5156
2024-08,Mumbai,2W,bike_taxi,False,partner_invoice,False,34,65.0,3.5558823529411767,0.0,0.0,0.0
2024-08,Mumbai,2W,bike_taxi,False,partner_invoice,True,1329,65.0,3.6329571106094805,61.3783295711061,81571.8,55782.02802
2024-08,Mumbai,2W,ecom_logistics,False,partner_invoice,False,92,65.0,8.916304347826086,0.0,0.0,0.0
2024-08,Mumbai,2W,ecom_logistics,False,partner_invoice,True,2133,65.0,8.980543834974215,56.02414439756212,119499.5,78300.95933
2024-08,Mumbai,2W,food_delivery,False,partner_invoice,False,143,65.0,6.513636363636364,0.0,0.0,0.0
2024-08,Mumbai,2W,food_delivery,False,partner_invoice,True,3937,65.0,6.563068326136652,58.435661671323345,230061.2,153240.05382
2024-08,Mumbai,2W,quick_commerce,False,partner_invoice,False,164,65.0,7.478963414634146,0.0,0.0,0.0
2024-08,Mumbai,2W,quick_commerce,False,partner_invoice,True,4150,65.0,7.490819277108433,57.50797590361446,238658.10000000003,153986.87634000002
2024-08,Mumbai,3W,Retail,False,partner_invoice,False,34,110.0,0.0,0.0,0.0,0.0
2024-08,Mumbai,3W,Retail,False,partner_invoice,True,439,110.0,0.0,110.0113895216401,48295.0,28307.61174
2024-08,Mumbai,3W,bike_taxi,False,partner_invoice,False,2,110.0,6.05,0.0,0.0,0.0
2024-08,Mumbai,3W,bike_taxi,False,partner_invoice,True,48,110.0,5.729166666666667,104.27083333333333,5005.0,2639.12996
2024-08,Mumbai,3W,cargo_3w,False,partner_invoice,False,135,110.0,8.498518518518518,0.0,0.0,0.0
2024-08,Mumbai,3W,cargo_3w,False,partner_invoice,True,1559,110.0,8.530468248877485,101.47273893521488,158196.0,86862.10811
2024-08,Mumbai,3W,ecom_logistics,False,partner_invoice,False,16,110.0,14.85,0.0,0.0,0.0
2024-08,Mumbai,3W,ecom_logistics,False,partner_invoice,True,108,110.0,14.350925925925926,95.64907407407408,10330.099999999999,5314.949799999999
2024-08,Mumbai,3W,food_delivery,False,partner_invoice,False,26,110.0,11.592307692307692,0.0,0.0,0.0
2024-08,Mumbai,3W,food_delivery,False,partner_invoice,True,278,110.0,11.53021582733813,98.4338129496403,27364.6,14603.43289
2024-08,Mumbai,3W,quick_commerce,False,partner_invoice,False,21,110.0,12.885714285714284,0.0,0.0,0.0
2024-08,Mumbai,3W,quick_commerce,False,partner_invoice,True,279,110.0,12.856989247311828,97.14301075268817,27102.899999999998,13942.652919999999
2024-08,Pune,2W,Retail,False,partner_invoice,False,301,65.0,0.0,0.0,0.0,0.0
2024-08,Pune,2W,Retail,False,partner_invoice,True,7685,65.0,0.0,64.99934938191282,499520.0,370195.5723
2024-08,Pune,2W,bike_taxi,False,partner_invoice,False,54,65.0,3.7675925925925924,0.0,0.0,0.0
2024-08,Pune,2W,bike_taxi,False,partner_invoice,True,1374,65.0,3.698944687045124,61.322889374090245,84257.65000000001,60972.795260000006
2024-08,Pune,2W,ecom_logistics,False,partner_invoice,False,103,65.0,8.866504854368932,0.0,0.0,0.0
2024-08,Pune,2W,ecom_logistics,False,partner_invoice,True,2819,65.0,8.90792834338418,56.104487406881866,158158.55,110850.32003999999
2024-08,Pune,2W,food_delivery,False,partner_invoice,False,260,65.0,6.4825,0.0,0.0,0.0
2024-08,Pune,2W,food_delivery,False,partner_invoice,True,6290,65.0,6.536891891891893,58.456748807631165,367692.95,262166.59159
2024-08,Pune,2W,quick_commerce,False,partner_invoice,False,154,65.0,7.242857142857142,0.0,0.0,0.0
2024-08,Pune,2W,quick_commerce,False,partner_invoice,True,4482,65.0,7.347523427041499,57.65805443998215,258423.39999999997,182347.87701
2024-08,Pune,3W,Retail,False,partner_invoice,False,56,110.0,0.0,0.0,0.0,0.0
2024-08,Pune,3W,Retail,False,partner_invoice,True,552,110.0,0.0,110.02717391304348,60735.0,39002.32775
2024-08,Pune,3W,bike_taxi,False,partner_invoice,False,4,110.0,5.5,0.0,0.0,0.0
2024-08,Pune,3W,bike_taxi,False,partner_invoice,True,44,110.0,5.5,104.5,4598.0,2857.74929
2024-08,Pune,3W,cargo_3w,False,partner_invoice,False,128,110.0,8.44765625,0.0,0.0,0.0
2024-08,Pune,3W,cargo_3w,False,partner_invoice,True,1446,110.0,8.424965421853388,101.57157676348548,146872.50000000003,89496.1397
2024-08,Pune,3W,ecom_logistics,False,partner_invoice,False,24,110.0,14.4375,0.0,0.0,0.0
2024-08,Pune,3W,ecom_logistics,False,partner_invoice,True,239,110.0,14.346025104602509,95.65397489539748,22861.299999999996,13333.37041
2024-08,Pune,3W,food_delivery,False,partner_invoice,False,26,110.0,11.296153846153846,0.0,0.0,0.0
2024-08,Pune,3W,food_delivery,False,partner_invoice,True,229,110.0,11.427510917030569,98.55065502183407,22568.1,13314.175020000002
2024-08,Pune,3W,quick_commerce,False,partner_invoice,False,29,110.0,13.086206896551724,0.0,0.0,0.0
2024-08,Pune,3W,quick_commerce,False,partner_invoice,True,260,110.0,13.08576923076923,96.91423076923077,25197.699999999993,14657.14067
2024-09,Bengaluru,2W,Retail,False,partner_invoice,False,476,65.0,0.0,0.0,0.0,0.0
2024-09,Bengaluru,2W,Retail,False,partner_invoice,True,11881,65.0,0.0,64.99705412002356,772230.0,564252.14743
2024-09,Bengaluru,2W,bike_taxi,False,partner_invoice,False,74,65.0,3.6013513513513513,0.0,0.0,0.0
2024-09,Bengaluru,2W,bike_taxi,False,partner_invoice,True,1637,65.0,3.557727550397068,61.43616371411118,100571.0,71946.63637
2024-09,Bengaluru,2W,ecom_logistics,False,partner_invoice,False,180,65.0,8.926666666666666,0.0,0.0,0.0
2024-09,Bengaluru,2W,ecom_logistics,False,partner_invoice,True,4521,65.0,8.969022340190223,56.02987170979871,253311.05000000002,174134.32435
2024-09,Bengaluru,2W,food_delivery,False,partner_invoice,False,319,65.0,6.5692789968652034,0.0,0.0,0.0
2024-09,Bengaluru,2W,food_delivery,False,partner_invoice,True,8391,65.0,6.5547670122750565,58.44821237039685,490438.95,344268.35736
2024-09,Bengaluru,2W,quick_commerce,False,partner_invoice,False,268,65.0,7.392537313432836,0.0,0.0,0.0
2024-09,Bengaluru,2W,quick_commerce,False,partner_invoice,True,7065,65.0,7.36832271762208,57.625307855626325,407122.80000000005,279109.33161
2024-09,Bengaluru,3W,Retail,False,partner_invoice,False,59,110.0,0.0,0.0,0.0,0.0
2024-09,Bengaluru,3W,Retail,False,partner_invoice,True,575,110.0,0.0,110.00869565217391,63255.0,39401.18079
2024-09,Bengaluru,3W,bike_taxi,False,partner_invoice,False,11,110.0,6.3,0.0,0.0,0.0
2024-09,Bengaluru,3W,bike_taxi,False,partner_invoice,True,104,110.0,6.346153846153846,103.65384615384616,10780.000000000002,6436.20932
2024-09,Bengaluru,3W,cargo_3w,False,partner_invoice,False,180,110.0,8.635000000000002,0.0,0.0,0.0
2024-09,Bengaluru,3W,cargo_3w,False,partner_invoice,True,1871,110.0,8.564243719935863,101.43308391234635,189781.30000000002,112340.69467000001
2024-09,Bengaluru,3W,ecom_logistics,False,partner_invoice,False,30,110.0,14.886666666666667,0.0,0.0,0.0
2024-09,Bengaluru,3W,ecom_logistics,False,partner_invoice,True,262,110.0,14.43854961832061,95.56145038167938,25037.1,14304.352190000001
2024-09,Bengaluru,3W,food_delivery,False,partner_invoice,False,48,110.0,11.045833333333334,0.0,0.0,0.0
2024-09,Bengaluru,3W,food_delivery,False,partner_invoice,True,504,110.0,11.231349206349208,98.75873015873016,49774.40000000001,28910.14184
2024-09,Bengaluru,3W,quick_commerce,False,partner_invoice,False,48,110.0,13.13125,0.0,0.0,0.0
2024-09,Bengaluru,3W,quick_commerce,False,partner_invoice,True,421,110.0,12.980522565320666,96.99572446555818,40835.19999999999,22738.735439999997
2024-09,Delhi NCR,2W,Retail,False,partner_invoice,False,485,65.0,0.0,0.0,0.0,0.0
2024-09,Delhi NCR,2W,Retail,False,partner_invoice,True,12124,65.0,0.0,65.00371164632135,788105.0,572814.7811799999
2024-09,Delhi NCR,2W,bike_taxi,False,partner_invoice,False,68,65.0,3.651470588235294,0.0,0.0,0.0
2024-09,Delhi NCR,2W,bike_taxi,False,partner_invoice,True,1881,65.0,3.6373737373737374,61.36794258373206,115433.1,81873.25155
2024-09,Delhi NCR,2W,ecom_logistics,False,partner_invoice,False,204,65.0,8.739950980392157,0.0,0.0,0.0
2024-09,Delhi NCR,2W,ecom_logistics,False,partner_invoice,True,5196,65.0,8.76724403387221,56.23852963818322,292215.4,199087.58066
2024-09,Delhi NCR,2W,food_delivery,False,partner_invoice,False,309,65.0,6.537864077669903,0.0,0.0,0.0
2024-09,Delhi NCR,2W,food_delivery,False,partner_invoice,True,7652,65.0,6.523444851019342,58.468060637741765,447397.60000000003,311793.70317999995
2024-09,Delhi NCR,2W,quick_commerce,False,partner_invoice,False,275,65.0,7.438363636363636,0.0,0.0,0.0
2024-09,Delhi NCR,2W,quick_commerce,False,partner_invoice,True,6182,65.0,7.476366871562601,57.52686832740214,355631.1,242014.29011
2024-09,Delhi NCR,3W,Retail,False,partner_invoice,False,55,110.0,0.0,0.0,0.0,0.0
2024-09,Delhi NCR,3W,Retail,False,partner_invoice,True,628,110.0,0.0,109.99203821656052,69075.0,43272.03814999999
2024-09,Delhi NCR,3W,bike_taxi,False,partner_invoice,False,5,110.0,6.38,0.0,0.0,0.0
2024-09,Delhi NCR,3W,bike_taxi,False,partner_invoice,True,44,110.0,6.5249999999999995,103.47500000000001,4552.899999999999,2677.4529500000003
2024-09,Delhi NCR,3W,cargo_3w,False,partner_invoice,False,202,110.0,8.47871287128713,0.0,0.0,0.0
2024-09,Delhi NCR,3W,cargo_3w,False,partner_invoice,True,1692,110.0,8.434633569739953,101.56536643026006,171848.60000000003,102217.17303
2024-09,Delhi NCR,3W,ecom_logistics,False,partner_invoice,False,26,110.0,14.13076923076923,0.0,0.0,0.0
2024-09,Delhi NCR,3W,ecom_logistics,False,partner_invoice,True,232,110.0,14.494396551724137,95.54870689655172,22167.299999999996,12503.72034
2024-09,Delhi NCR,3W,food_delivery,False,partner_invoice,False,47,110.0,10.321276595744681,0.0,0.0,0.0
2024-09,Delhi NCR,3W,food_delivery,False,partner_invoice,True,459,110.0,10.707625272331155,99.28148148148148,45570.200000000004,26497.16355
2024-09,Delhi NCR,3W,quick_commerce,False,partner_invoice,False,44,110.0,12.9,0.0,0.0,0.0
2024-09,Delhi NCR,3W,quick_commerce,False,partner_invoice,True,430,110.0,12.777906976744186,97.19883720930233,41795.49999999999,23461.058080000003
2024-09,Hyderabad,2W,Retail,False,partner_invoice,False,463,65.0,0.0,0.0,0.0,0.0
2024-09,Hyderabad,2W,Retail,False,partner_invoice,True,11791,65.0,0.0,64.99787973878382,766390.0,553295.6133600001
2024-09,Hyderabad,2W,bike_taxi,False,partner_invoice,False,83,65.0,3.618072289156627,0.0,0.0,0.0
2024-09,Hyderabad,2W,bike_taxi,False,partner_invoice,True,1760,65.0,3.6075,61.39534090909091,108055.80000000002,76135.59853
2024-09,Hyderabad,2W,ecom_logistics,False,partner_invoice,False,183,65.0,8.901092896174864,0.0,0.0,0.0
2024-09,Hyderabad,2W,ecom_logistics,False,partner_invoice,True,4340,65.0,8.870403225806452,56.12844470046083,243597.44999999998,164827.49158
2024-09,Hyderabad,2W,food_delivery,False,partner_invoice,False,331,65.0,6.556948640483383,0.0,0.0,0.0
2024-09,Hyderabad,2W,food_delivery,False,partner_invoice,True,7541,65.0,6.5560270521151045,58.443972947884895,440726.0,303512.78118
2024-09,Hyderabad,2W,quick_commerce,False,partner_invoice,False,233,65.0,7.440128755364807,0.0,0.0,0.0
2024-09,Hyderabad,2W,quick_commerce,False,partner_invoice,True,6341,65.0,7.467875729380223,57.527393155653684,364781.20000000007,247081.63262000002
2024-09,Hyderabad,3W,Retail,False,partner_invoice,False,49,110.0,0.0,0.0,0.0,0.0
2024-09,Hyderabad,3W,Retail,False,partner_invoice,True,571,110.0,0.0,110.0,62810.0,39554.31361
2024-09,Hyderabad,3W,bike_taxi,False,partner_invoice,False,13,110.0,6.43076923076923,0.0,0.0,0.0
2024-09,Hyderabad,3W,bike_taxi,False,partner_invoice,True,102,110.0,6.330392156862745,103.66960784313727,10574.299999999997,6487.93464
2024-09,Hyderabad,3W,cargo_3w,False,partner_invoice,False,162,110.0,8.406172839506175,0.0,0.0,0.0
2024-09,Hyderabad,3W,cargo_3w,False,partner_invoice,True,1642,110.0,8.436236297198539,101.55767356881852,166757.7,98286.51616999999
2024-09,Hyderabad,3W,ecom_logistics,False,partner_invoice,False,30,110.0,13.713333333333333,0.0,0.0,0.0
2024-09,Hyderabad,3W,ecom_logistics,False,partner_invoice,True,264,110.0,14.316666666666666,95.68333333333334,25260.399999999998,13879.251629999999
2024-09,Hyderabad,3W,food_delivery,False,partner_invoice,False,45,110.0,10.95111111111111,0.0,0.0,0.0
2024-09,Hyderabad,3W,food_delivery,False,partner_invoice,True,466,110.0,10.830042918454936,99.15922746781116,46208.200000000004,26386.00958
2024-09,Hyderabad,3W,quick_commerce,False,partner_invoice,False,32,110.0,12.16875,0.0,0.0,0.0
2024-09,Hyderabad,3W,quick_commerce,False,partner_invoice,True,323,110.0,12.484829721362228,97.51517027863777,31497.399999999998,17742.66106
2024-09,Jaipur,2W,Retail,False,partner_invoice,False,320,65.0,0.0,0.0,0.0,0.0
2024-09,Jaipur,2W,Retail,False,partner_invoice,True,8103,65.0,0.0,65.00740466493892,526755.0,378700.68763
2024-09,Jaipur,2W,bike_taxi,False,partner_invoice,False,71,65.0,3.607042253521127,0.0,0.0,0.0
2024-09,Jaipur,2W,bike_taxi,False,partner_invoice,True,1767,65.0,3.6281550650820598,61.371844934917945,108444.05000000002,75859.12962
2024-09,Jaipur,2W,ecom_logistics,False,partner_invoice,False,90,65.0,9.143333333333333,0.0,0.0,0.0
2024-09,Jaipur,2W,ecom_logistics,False,partner_invoice,True,2838,65.0,8.940821000704721,56.05565539112051,159085.95,107712.86915
2024-09,Jaipur,2W,food_delivery,False,partner_invoice,False,164,65.0,6.551524390243903,0.0,0.0,0.0
2024-09,Jaipur,2W,food_delivery,False,partner_invoice,True,4719,65.0,6.579752066115703,58.42660521296885,275715.15,189282.5473
2024-09,Jaipur,2W,quick_commerce,False,partner_invoice,False,159,65.0,7.407547169811321,0.0,0.0,0.0
2024-09,Jaipur,2W,quick_commerce,False,partner_invoice,True,3873,65.0,7.456119287374128,57.54129873483088,222857.45000000004,149854.97334000003
2024-09,Jaipur,3W,Retail,False,partner_invoice,False,34,110.0,0.0,0.0,0.0,0.0
2024-09,Jaipur,3W,Retail,False,partner_invoice,True,330,110.0,0.0,110.01515151515152,36305.0,22333.11161
2024-09,Jaipur,3W,bike_taxi,False,partner_invoice,False,3,110.0,5.5,0.0,0.0,0.0
2024-09,Jaipur,3W,bike_taxi,False,partner_invoice,True,53,110.0,5.728301886792453,104.46037735849056,5536.4,3234.1597800000004
2024-09,Jaipur,3W,cargo_3w,False,partner_invoice,False,75,110.0,8.565333333333335,0.0,0.0,0.0
2024-09,Jaipur,3W,cargo_3w,False,partner_invoice,True,975,110.0,8.545025641025642,101.47548717948719,98938.6,57205.54542
2024-09,Jaipur,3W,ecom_logistics,False,partner_invoice,False,17,110.0,14.235294117647058,0.0,0.0,0.0
2024-09,Jaipur,3W,ecom_logistics,False,partner_invoice,True,121,110.0,14.181818181818182,95.81818181818181,11594.0,6562.120190000001
2024-09,Jaipur,3W,food_delivery,False,partner_invoice,False,37,110.0,11.0,0.0,0.0,0.0
2024-09,Jaipur,3W,food_delivery,False,partner_invoice,True,355,110.0,10.810985915492958,99.18901408450704,35212.100000000006,20099.701510000003
2024-09,Jaipur,3W,quick_commerce,False,partner_invoice,False,28,110.0,12.139285714285714,0.0,0.0,0.0
2024-09,Jaipur,3W,quick_commerce,False,partner_invoice,True,229,110.0,12.162445414847161,97.83755458515283,22404.799999999996,12142.71776
2024-09,Mumbai,2W,Retail,False,partner_invoice,False,309,65.0,0.0,0.0,0.0,0.0
2024-09,Mumbai,2W,Retail,False,partner_invoice,True,7596,65.0,0.0,65.00197472353871,493755.0,347476.07882
2024-09,Mumbai,2W,bike_taxi,False,partner_invoice,False,69,65.0,3.6644927536231884,0.0,0.0,0.0
2024-09,Mumbai,2W,bike_taxi,False,partner_invoice,True,1441,65.0,3.648299791811242,61.355170020818875,88412.8,60883.9126
2024-09,Mumbai,2W,ecom_logistics,False,partner_invoice,False,107,65.0,8.917757009345795,0.0,0.0,0.0
2024-09,Mumbai,2W,ecom_logistics,False,partner_invoice,True,2675,65.0,9.054560747663551,55.94170093457944,149644.05,98554.80322999999
2024-09,Mumbai,2W,food_delivery,False,partner_invoice,False,165,65.0,6.531515151515152,0.0,0.0,0.0
2024-09,Mumbai,2W,food_delivery,False,partner_invoice,True,4839,65.0,6.551715230419508,58.43691878487291,282776.25,189269.51169
2024-09,Mumbai,2W,quick_commerce,False,partner_invoice,False,177,65.0,7.458474576271185,0.0,0.0,0.0
2024-09,Mumbai,2W,quick_commerce,False,partner_invoice,True,4773,65.0,7.507888120678818,57.48582652419862,274379.85,177873.06977
2024-09,Mumbai,3W,Retail,False,partner_invoice,False,53,110.0,0.0,0.0,0.0,0.0
2024-09,Mumbai,3W,Retail,False,partner_invoice,True,556,110.0,0.0,110.0,61160.0,36157.75684
2024-09,Mumbai,3W,bike_taxi,False,partner_invoice,False,6,110.0,5.683333333333334,0.0,0.0,0.0
2024-09,Mumbai,3W,bike_taxi,False,partner_invoice,True,53,110.0,5.935849056603773,104.06415094339624,5515.4,2903.63962
2024-09,Mumbai,3W,cargo_3w,False,partner_invoice,False,150,110.0,8.521333333333333,0.0,0.0,0.0
2024-09,Mumbai,3W,cargo_3w,False,partner_invoice,True,1711,110.0,8.494623027469316,101.5082992402104,173680.7,96221.26413
2024-09,Mumbai,3W,ecom_logistics,False,partner_invoice,False,9,110.0,12.466666666666667,0.0,0.0,0.0
2024-09,Mumbai,3W,ecom_logistics,False,partner_invoice,True,131,110.0,14.509923664122137,95.49007633587787,12509.199999999999,6531.9453699999995
2024-09,Mumbai,3W,food_delivery,False,partner_invoice,False,28,110.0,11.667857142857143,0.0,0.0,0.0
2024-09,Mumbai,3W,food_delivery,False,partner_invoice,True,295,110.0,11.566779661016948,98.43322033898305,29037.799999999996,15516.42703
2024-09,Mumbai,3W,quick_commerce,False,partner_invoice,False,36,110.0,12.833333333333334,0.0,0.0,0.0
2024-09,Mumbai,3W,quick_commerce,False,partner_invoice,True,291,110.0,12.632989690721649,97.36701030927834,28333.799999999996,14470.196939999998
2024-09,Pune,2W,Retail,False,partner_invoice,False,338,65.0,0.0,0.0,0.0,0.0
2024-09,Pune,2W,Retail,False,partner_invoice,True,8361,65.0,0.0,64.99521588326755,543425.0,402152.72510000004
2024-09,Pune,2W,bike_taxi,False,partner_invoice,False,48,65.0,3.669791666666667,0.0,0.0,0.0
2024-09,Pune,2W,bike_taxi,False,partner_invoice,True,1431,65.0,3.710587002096436,61.296401118099226,87715.15000000001,63112.42461
2024-09,Pune,2W,ecom_logistics,False,partner_invoice,False,134,65.0,8.881716417910448,0.0,0.0,0.0
2024-09,Pune,2W,ecom_logistics,False,partner_invoice,True,3129,65.0,8.93381271971876,56.074177053371685,175456.1,122496.89475
2024-09,Pune,2W,food_delivery,False,partner_invoice,False,284,65.0,6.48169014084507,0.0,0.0,0.0
2024-09,Pune,2W,food_delivery,False,partner_invoice,True,6859,65.0,6.5322204402974196,58.47288234436507,401065.5,285253.2485
2024-09,Pune,2W,quick_commerce,False,partner_invoice,False,199,65.0,7.388442211055276,0.0,0.0,0.0
2024-09,Pune,2W,quick_commerce,False,partner_invoice,True,4744,65.0,7.344150505902193,57.6537415682968,273509.35,193024.41656
2024-09,Pune,3W,Retail,False,partner_invoice,False,56,110.0,0.0,0.0,0.0,0.0
2024-09,Pune,3W,Retail,False,partner_invoice,True,558,110.0,0.0,110.0,61380.0,38934.81495
2024-09,Pune,3W,bike_taxi,False,partner_invoice,False,4,110.0,5.5,0.0,0.0,0.0
2024-09,Pune,3W,bike_taxi,False,partner_invoice,True,28,110.0,5.5,104.5,2926.0,1879.4169099999997
2024-09,Pune,3W,cargo_3w,False,partner_invoice,False,139,110.0,8.507194244604317,0.0,0.0,0.0
2024-09,Pune,3W,cargo_3w,False,partner_invoice,True,1505,110.0,8.457940199335548,101.5287707641196,152800.80000000002,92589.62695
2024-09,Pune,3W,ecom_logistics,False,partner_invoice,False,29,110.0,14.186206896551724,0.0,0.0,0.0
2024-09,Pune,3W,ecom_logistics,False,partner_invoice,True,291,110.0,14.409621993127146,95.59037800687285,27816.799999999996,16064.717859999999
2024-09,Pune,3W,food_delivery,False,partner_invoice,False,23,110.0,11.430434782608694,0.0,0.0,0.0
2024-09,Pune,3W,food_delivery,False,partner_invoice,True,235,110.0,11.416595744680851,98.60468085106383,23172.100000000006,13508.447400000001
2024-09,Pune,3W,quick_commerce,False,partner_invoice,False,30,110.0,13.09,0.0,0.0,0.0
2024-09,Pune,3W,quick_commerce,False,partner_invoice,True,291,110.0,12.905154639175256,97.07766323024055,28249.599999999995,16487.01984
2024-10,Bengaluru,2W,Retail,False,partner_invoice,False,168,65.0,0.0,0.0,0.0,0.0
2024-10,Bengaluru,2W,Retail,False,partner_invoice,True,3856,65.0,0.0,64.99740663900415,250630.0,183574.73926
2024-10,Bengaluru,2W,Retail,True,partner_invoice,False,414,65.0,0.0,0.0,0.0,0.0
2024-10,Bengaluru,2W,Retail,True,partner_invoice,True,9947,65.0,0.0,75.93817231326028,755357.0,582274.28887
2024-10,Bengaluru,2W,bike_taxi,False,partner_invoice,False,77,65.0,3.5032467532467533,0.0,0.0,0.0
2024-10,Bengaluru,2W,bike_taxi,False,partner_invoice,True,1991,65.0,3.564389753892516,64.84093420391763,129098.3,94254.28322000001
2024-10,Bengaluru,2W,ecom_logistics,False,partner_invoice,False,225,65.0,9.042222222222222,0.0,0.0,0.0
2024-10,Bengaluru,2W,ecom_logistics,False,partner_invoice,True,5635,65.0,8.886486246672582,56.92842058562556,320791.65,222446.38244
2024-10,Bengaluru,2W,food_delivery,False,partner_invoice,False,373,65.0,6.508713136729223,0.0,0.0,0.0
2024-10,Bengaluru,2W,food_delivery,False,partner_invoice,True,9905,65.0,6.535436648157496,65.40570418980313,647843.5,475913.89628
2024-10,Bengaluru,2W,quick_commerce,False,partner_invoice,False,316,65.0,7.349525316455695,0.0,0.0,0.0
2024-10,Bengaluru,2W,quick_commerce,False,partner_invoice,True,7545,65.0,7.376660039761432,59.67025844930418,450212.1000000001,313529.80046000006
2024-10,Bengaluru,3W,Retail,False,partner_invoice,False,18,110.0,0.0,0.0,0.0,0.0
2024-10,Bengaluru,3W,Retail,False,partner_invoice,True,170,110.0,0.0,110.0,18700.0,11637.33767
2024-10,Bengaluru,3W,Retail,True,partner_invoice,False,50,110.0,0.0,0.0,0.0,0.0
2024-10,Bengaluru,3W,Retail,True,partner_invoice,True,470,110.0,0.0,121.41702127659575,57066.0,37544.84463
2024-10,Bengaluru,3W,bike_taxi,False,partner_invoice,False,11,110.0,6.3,0.0,0.0,0.0
2024-10,Bengaluru,3W,bike_taxi,False,partner_invoice,True,144,110.0,6.416666666666667,107.38194444444444,15463.0,9455.85655
2024-10,Bengaluru,3W,cargo_3w,False,partner_invoice,False,201,110.0,8.608457711442787,0.0,0.0,0.0
2024-10,Bengaluru,3W,cargo_3w,False,partner_invoice,True,2053,110.0,8.571212859230394,101.55104724792987,208484.30000000005,123179.36763000001
2024-10,Bengaluru,3W,ecom_logistics,False,partner_invoice,False,37,110.0,15.013513513513514,0.0,0.0,0.0
2024-10,Bengaluru,3W,ecom_logistics,False,partner_invoice,True,322,110.0,14.57329192546584,96.25590062111802,30994.399999999994,17850.38658
2024-10,Bengaluru,3W,food_delivery,False,partner_invoice,False,54,110.0,11.325925925925926,0.0,0.0,0.0
2024-10,Bengaluru,3W,food_delivery,False,partner_invoice,True,574,110.0,11.147560975609755,106.40296167247388,61075.299999999996,37407.10443000001
2024-10,Bengaluru,3W,quick_commerce,False,partner_invoice,False,33,110.0,13.099999999999998,0.0,0.0,0.0
2024-10,Bengaluru,3W,quick_commerce,False,partner_invoice,True,401,110.0,13.06009975062344,97.52593516209477,39107.899999999994,22046.07212
2024-10,Delhi NCR,2W,Retail,False,partner_invoice,False,574,65.0,0.0,0.0,0.0,0.0
2024-10,Delhi NCR,2W,Retail,False,partner_invoice,True,14326,65.0,0.0,65.00174507887756,931215.0,680386.2467499999
2024-10,Delhi NCR,2W,bike_taxi,False,partner_invoice,False,110,65.0,3.6104545454545454,0.0,0.0,0.0
2024-10,Delhi NCR,2W,bike_taxi,False,partner_invoice,True,2315,65.0,3.6223110151187905,61.37552915766739,142084.34999999998,101595.44644
2024-10,Delhi NCR,2W,ecom_logistics,False,partner_invoice,False,263,65.0,8.657604562737642,0.0,0.0,0.0
2024-10,Delhi NCR,2W,ecom_logistics,False,partner_invoice,True,6284,65.0,8.77748249522597,56.22490451941438,353317.3,242617.92169
2024-10,Delhi NCR,2W,food_delivery,False,partner_invoice,False,375,65.0,6.572800000000001,0.0,0.0,0.0
2024-10,Delhi NCR,2W,food_delivery,False,partner_invoice,True,9204,65.0,6.549152542372881,58.45519339417644,538021.6,377025.39428
2024-10,Delhi NCR,2W,quick_commerce,False,partner_invoice,False,285,65.0,7.409999999999999,0.0,0.0,0.0
2024-10,Delhi NCR,2W,quick_commerce,False,partner_invoice,True,7450,65.0,7.47020134228188,57.5344966442953,428632.00000000006,293341.98834000004
2024-10,Delhi NCR,3W,Retail,False,partner_invoice,False,79,110.0,0.0,0.0,0.0,0.0
2024-10,Delhi NCR,3W,Retail,False,partner_invoice,True,758,110.0,0.0,110.0,83380.0,52542.57868
2024-10,Delhi NCR,3W,bike_taxi,False,partner_invoice,False,6,110.0,6.599999999999999,0.0,0.0,0.0
2024-10,Delhi NCR,3W,bike_taxi,False,partner_invoice,True,72,110.0,6.2027777777777775,103.79722222222223,7473.4,4526.499890000001
2024-10,Delhi NCR,3W,cargo_3w,False,partner_invoice,False,200,110.0,8.3655,0.0,0.0,0.0
2024-10,Delhi NCR,3W,cargo_3w,False,partner_invoice,True,2104,110.0,8.439781368821292,101.56021863117871,213682.7,128268.27843
2024-10,Delhi NCR,3W,ecom_logistics,False,partner_invoice,False,22,110.0,14.7,0.0,0.0,0.0
2024-10,Delhi NCR,3W,ecom_logistics,False,partner_invoice,True,280,110.0,14.551428571428572,95.46642857142857,26730.6,15397.796849999999
2024-10,Delhi NCR,3W,food_delivery,False,partner_invoice,False,43,110.0,10.206976744186047,0.0,0.0,0.0
2024-10,Delhi NCR,3W,food_delivery,False,partner_invoice,True,445,110.0,10.705842696629214,99.2941573033708,44185.9,26045.98673
2024-10,Delhi NCR,3W,quick_commerce,False,partner_invoice,False,34,110.0,12.423529411764704,0.0,0.0,0.0
2024-10,Delhi NCR,3W,quick_commerce,False,partner_invoice,True,462,110.0,12.664285714285713,97.33571428571429,44969.09999999999,25588.439539999996
2024-10,Hyderabad,2W,Retail,False,partner_invoice,False,501,65.0,0.0,0.0,0.0,0.0
2024-10,Hyderabad,2W,Retail,False,partner_invoice,True,13352,65.0,0.0,65.00112342720192,867895.0,630918.11442
2024-10,Hyderabad,2W,bike_taxi,False,partner_invoice,False,86,65.0,3.6808139534883724,0.0,0.0,0.0
2024-10,Hyderabad,2W,bike_taxi,False,partner_invoice,True,2004,65.0,3.617814371257485,61.38967065868264,123024.90000000001,87759.14984
2024-10,Hyderabad,2W,ecom_logistics,False,partner_invoice,False,187,65.0,9.023529411764706,0.0,0.0,0.0
2024-10,Hyderabad,2W,ecom_logistics,False,partner_invoice,True,5125,65.0,8.957570731707317,56.04340487804878,287222.45,195634.71941000002
2024-10,Hyderabad,2W,food_delivery,False,partner_invoice,False,347,65.0,6.588040345821327,0.0,0.0,0.0
2024-10,Hyderabad,2W,food_delivery,False,partner_invoice,True,9223,65.0,6.544611297842351,58.45701507101811,539149.05,375164.28500000003
2024-10,Hyderabad,2W,quick_commerce,False,partner_invoice,False,281,65.0,7.425266903914591,0.0,0.0,0.0
2024-10,Hyderabad,2W,quick_commerce,False,partner_invoice,True,7601,65.0,7.454690172345744,57.55254571766873,437456.9000000001,298112.23091000004
2024-10,Hyderabad,3W,Retail,False,partner_invoice,False,70,110.0,0.0,0.0,0.0,0.0
2024-10,Hyderabad,3W,Retail,False,partner_invoice,True,727,110.0,0.0,109.99312242090784,79965.0,50651.92039
2024-10,Hyderabad,3W,bike_taxi,False,partner_invoice,False,8,110.0,6.1875,0.0,0.0,0.0
2024-10,Hyderabad,3W,bike_taxi,False,partner_invoice,True,119,110.0,6.304201680672269,103.69579831932774,12339.799999999997,7601.08619
2024-10,Hyderabad,3W,cargo_3w,False,partner_invoice,False,192,110.0,8.467708333333334,0.0,0.0,0.0
2024-10,Hyderabad,3W,cargo_3w,False,partner_invoice,True,1756,110.0,8.477391799544419,101.51691343963554,178263.7,106524.46048000001
2024-10,Hyderabad,3W,ecom_logistics,False,partner_invoice,False,33,110.0,14.4,0.0,0.0,0.0
2024-10,Hyderabad,3W,ecom_logistics,False,partner_invoice,True,307,110.0,14.077850162866449,95.93843648208468,29453.1,16559.35353
2024-10,Hyderabad,3W,food_delivery,False,partner_invoice,False,54,110.0,10.816666666666666,0.0,0.0,0.0
2024-10,Hyderabad,3W,food_delivery,False,partner_invoice,True,496,110.0,10.776008064516128,99.20383064516129,49205.1,28700.17539
2024-10,Hyderabad,3W,quick_commerce,False,partner_invoice,False,35,110.0,12.351428571428572,0.0,0.0,0.0
2024-10,Hyderabad,3W,quick_commerce,False,partner_invoice,True,405,110.0,12.385185185185184,97.61481481481482,39533.99999999999,22578.5027
2024-10,Jaipur,2W,Retail,False,partner_invoice,False,347,65.0,0.0,0.0,0.0,0.0
2024-10,Jaipur,2W,Retail,False,partner_invoice,True,9435,65.0,0.0,65.0,613275.0,443325.85419
2024-10,Jaipur,2W,bike_taxi,False,partner_invoice,False,85,65.0,3.6247058823529414,0.0,0.0,0.0
2024-10,Jaipur,2W,bike_taxi,False,partner_invoice,True,1902,65.0,3.604048370136698,61.390694006309154,116765.1,82215.6691
2024-10,Jaipur,2W,ecom_logistics,False,partner_invoice,False,166,65.0,8.868975903614459,0.0,0.0,0.0
2024-10,Jaipur,2W,ecom_logistics,False,partner_invoice,True,3568,65.0,8.944969170403589,56.05783352017937,200014.34999999998,136329.06855000003
2024-10,Jaipur,2W,food_delivery,False,partner_invoice,False,237,65.0,6.648101265822786,0.0,0.0,0.0
2024-10,Jaipur,2W,food_delivery,False,partner_invoice,True,5737,65.0,6.583728429492766,58.413656963569814,335119.15,230990.02565
2024-10,Jaipur,2W,quick_commerce,False,partner_invoice,False,176,65.0,7.478693181818182,0.0,0.0,0.0
2024-10,Jaipur,2W,quick_commerce,False,partner_invoice,True,4653,65.0,7.433720180528691,57.57057812164196,267875.9,181400.85129000002
2024-10,Jaipur,3W,Retail,False,partner_invoice,False,40,110.0,0.0,0.0,0.0,0.0
2024-10,Jaipur,3W,Retail,False,partner_invoice,True,427,110.0,0.0,109.98829039812647,46965.0,29245.090650000002
2024-10,Jaipur,3W,bike_taxi,False,partner_invoice,False,6,110.0,5.5,0.0,0.0,0.0
2024-10,Jaipur,3W,bike_taxi,False,partner_invoice,True,74,110.0,5.93108108108108,104.06891891891892,7701.099999999999,4569.14823
2024-10,Jaipur,3W,cargo_3w,False,partner_invoice,False,140,110.0,8.501428571428571,0.0,0.0,0.0
2024-10,Jaipur,3W,cargo_3w,False,partner_invoice,True,1338,110.0,8.501569506726458,101.5059043348281,135814.90000000002,79368.05583
2024-10,Jaipur,3W,ecom_logistics,False,partner_invoice,False,16,110.0,15.125,0.0,0.0,0.0
2024-10,Jaipur,3W,ecom_logistics,False,partner_invoice,True,129,110.0,14.496124031007753,95.5813953488372,12330.0,7032.348840000001
2024-10,Jaipur,3W,food_delivery,False,partner_invoice,False,38,110.0,11.173684210526316,0.0,0.0,0.0
2024-10,Jaipur,3W,food_delivery,False,partner_invoice,True,442,110.0,10.932805429864255,99.06719457013575,43787.7,25288.388010000002
2024-10,Jaipur,3W,quick_commerce,False,partner_invoice,False,26,110.0,12.692307692307692,0.0,0.0,0.0
2024-10,Jaipur,3W,quick_commerce,False,partner_invoice,True,367,110.0,12.363760217983652,97.60899182561307,35822.49999999999,20092.37363
2024-10,Mumbai,2W,Retail,False,partner_invoice,False,329,65.0,0.0,0.0,0.0,0.0
2024-10,Mumbai,2W,Retail,False,partner_invoice,True,9177,65.0,0.0,65.00817260542661,596580.0,421205.90887
2024-10,Mumbai,2W,bike_taxi,False,partner_invoice,False,73,65.0,3.6506849315068495,0.0,0.0,0.0
2024-10,Mumbai,2W,bike_taxi,False,partner_invoice,True,1834,65.0,3.662186477644493,61.33236095965104,112483.55000000002,77734.06874
2024-10,Mumbai,2W,ecom_logistics,False,partner_invoice,False,130,65.0,8.98,0.0,0.0,0.0
2024-10,Mumbai,2W,ecom_logistics,False,partner_invoice,True,3226,65.0,9.067157470551768,55.935942343459395,180449.35,119082.72899
2024-10,Mumbai,2W,food_delivery,False,partner_invoice,False,259,65.0,6.557722007722008,0.0,0.0,0.0
2024-10,Mumbai,2W,food_delivery,False,partner_invoice,True,6091,65.0,6.532014447545559,58.464702019372844,356108.5,239716.29849000002
2024-10,Mumbai,2W,quick_commerce,False,partner_invoice,False,210,65.0,7.456428571428571,0.0,0.0,0.0
2024-10,Mumbai,2W,quick_commerce,False,partner_invoice,True,5872,65.0,7.4689117847411435,57.52683072207084,337797.55000000005,220418.71714000002
2024-10,Mumbai,3W,Retail,False,partner_invoice,False,69,110.0,0.0,0.0,0.0,0.0
2024-10,Mumbai,3W,Retail,False,partner_invoice,True,640,110.0,0.0,110.0,70400.0,41503.05649
2024-10,Mumbai,3W,bike_taxi,False,partner_invoice,False,10,110.0,6.05,0.0,0.0,0.0
2024-10,Mumbai,3W,bike_taxi,False,partner_invoice,True,105,110.0,6.139047619047619,103.86095238095238,10905.400000000001,5865.24387
2024-10,Mumbai,3W,cargo_3w,False,partner_invoice,False,223,110.0,8.538565022421526,0.0,0.0,0.0
2024-10,Mumbai,3W,cargo_3w,False,partner_invoice,True,1971,110.0,8.492491121258245,101.50497209538305,200066.30000000002,111569.62781
2024-10,Mumbai,3W,ecom_logistics,False,partner_invoice,False,12,110.0,15.766666666666666,0.0,0.0,0.0
2024-10,Mumbai,3W,ecom_logistics,False,partner_invoice,True,140,110.0,14.85,95.15,13321.0,7092.274079999999
2024-10,Mumbai,3W,food_delivery,False,partner_invoice,False,43,110.0,11.511627906976743,0.0,0.0,0.0
2024-10,Mumbai,3W,food_delivery,False,partner_invoice,True,436,110.0,11.539908256880732,98.46009174311926,42928.600000000006,23073.60774
2024-10,Mumbai,3W,quick_commerce,False,partner_invoice,False,29,110.0,12.517241379310345,0.0,0.0,0.0
2024-10,Mumbai,3W,quick_commerce,False,partner_invoice,True,329,110.0,12.688449848024316,97.32674772036474,32020.499999999993,16572.44769
2024-10,Pune,2W,Retail,False,partner_invoice,False,110,65.0,0.0,0.0,0.0,0.0
2024-10,Pune,2W,Retail,False,partner_invoice,True,2582,65.0,0.0,65.00193648334624,167835.0,124249.14662
2024-10,Pune,2W,Retail,True,partner_invoice,False,301,65.0,0.0,0.0,0.0,0.0
2024-10,Pune,2W,Retail,True,partner_invoice,True,6702,65.0,0.0,75.83079677708147,508218.0,395121.14817000006
2024-10,Pune,2W,bike_taxi,False,partner_invoice,False,59,65.0,3.635593220338983,0.0,0.0,0.0
2024-10,Pune,2W,bike_taxi,False,partner_invoice,True,1655,65.0,3.7004833836858007,64.08864048338368,106066.70000000001,77875.12144999999
2024-10,Pune,2W,ecom_logistics,False,partner_invoice,False,128,65.0,8.88671875,0.0,0.0,0.0
2024-10,Pune,2W,ecom_logistics,False,partner_invoice,True,3490,65.0,8.972421203438396,56.80952722063037,198265.25,139180.60461
2024-10,Pune,2W,food_delivery,False,partner_invoice,False,329,65.0,6.541489361702128,0.0,0.0,0.0
2024-10,Pune,2W,food_delivery,False,partner_invoice,True,7820,65.0,6.554111253196931,65.25906010230179,510325.85000000003,378084.64472
2024-10,Pune,2W,quick_commerce,False,partner_invoice,False,218,65.0,7.469036697247707,0.0,0.0,0.0
2024-10,Pune,2W,quick_commerce,False,partner_invoice,True,5539,65.0,7.405000902690015,59.54878136847807,329840.70000000007,236518.60608
2024-10,Pune,3W,Retail,False,partner_invoice,False,21,110.0,0.0,0.0,0.0,0.0
2024-10,Pune,3W,Retail,False,partner_invoice,True,168,110.0,0.0,110.0,18480.0,11821.97983
2024-10,Pune,3W,Retail,True,partner_invoice,False,59,110.0,0.0,0.0,0.0,0.0
2024-10,Pune,3W,Retail,True,partner_invoice,True,451,110.0,0.0,121.02217294900221,54581.0,36527.84057
2024-10,Pune,3W,bike_taxi,False,partner_invoice,False,3,110.0,5.866666666666667,0.0,0.0,0.0
2024-10,Pune,3W,bike_taxi,False,partner_invoice,True,32,110.0,5.9468749999999995,106.36562500000001,3403.7,2149.35871
2024-10,Pune,3W,cargo_3w,False,partner_invoice,False,174,110.0,8.420689655172414,0.0,0.0,0.0
2024-10,Pune,3W,cargo_3w,False,partner_invoice,True,1527,110.0,8.447740667976424,101.94060248853961,155663.30000000002,93978.68643999999
2024-10,Pune,3W,ecom_logistics,False,partner_invoice,False,33,110.0,14.466666666666667,0.0,0.0,0.0
2024-10,Pune,3W,ecom_logistics,False,partner_invoice,True,336,110.0,14.597916666666666,95.80386904761905,32190.1,18771.73056
2024-10,Pune,3W,food_delivery,False,partner_invoice,False,19,110.0,11.463157894736844,0.0,0.0,0.0
2024-10,Pune,3W,food_delivery,False,partner_invoice,True,249,110.0,11.362248995983935,105.58152610441766,26289.800000000003,16218.211430000001
2024-10,Pune,3W,quick_commerce,False,partner_invoice,False,27,110.0,13.2,0.0,0.0,0.0
2024-10,Pune,3W,quick_commerce,False,partner_invoice,True,275,110.0,13.2,96.8,26619.999999999993,15683.223419999998
2024-11,Bengaluru,2W,Retail,False,partner_invoice,False,181,65.0,0.0,0.0,0.0,0.0
2024-11,Bengaluru,2W,Retail,False,partner_invoice,True,4018,65.0,0.0,65.00497760079642,261190.0,192488.89896999998
2024-11,Bengaluru,2W,Retail,True,partner_invoice,False,398,65.0,0.0,0.0,0.0,0.0
2024-11,Bengaluru,2W,Retail,True,partner_invoice,True,10257,65.0,0.0,75.90747782002535,778583.0,602828.61094
2024-11,Bengaluru,2W,bike_taxi,False,partner_invoice,False,75,65.0,3.484,0.0,0.0,0.0
2024-11,Bengaluru,2W,bike_taxi,False,partner_invoice,True,2087,65.0,3.5580258744609488,64.84206995687589,135325.4,99446.11914
2024-11,Bengaluru,2W,ecom_logistics,False,partner_invoice,False,200,65.0,8.84975,0.0,0.0,0.0
2024-11,Bengaluru,2W,ecom_logistics,False,partner_invoice,True,5768,65.0,8.837768723994452,56.96476248266297,328572.75,229366.01407
2024-11,Bengaluru,2W,food_delivery,False,partner_invoice,False,386,65.0,6.567357512953368,0.0,0.0,0.0
2024-11,Bengaluru,2W,food_delivery,False,partner_invoice,True,10125,65.0,6.525679012345679,65.66355555555556,664843.5,491184.55145
2024-11,Bengaluru,2W,quick_commerce,False,partner_invoice,False,266,65.0,15.414285714285713,0.0,0.0,0.0
2024-11,Bengaluru,2W,quick_commerce,False,partner_invoice,True,7805,65.0,15.50214606021781,51.639301729660474,403044.7499999999,263347.22753000003
2024-11,Bengaluru,3W,Retail,False,partner_invoice,False,21,110.0,0.0,0.0,0.0,0.0
2024-11,Bengaluru,3W,Retail,False,partner_invoice,True,206,110.0,0.0,110.0,22660.0,14287.521410000001
2024-11,Bengaluru,3W,Retail,True,partner_invoice,False,56,110.0,0.0,0.0,0.0,0.0
2024-11,Bengaluru,3W,Retail,True,partner_invoice,True,495,110.0,0.0,120.86464646464647,59828.0,39370.229699999996
2024-11,Bengaluru,3W,bike_taxi,False,partner_invoice,False,9,110.0,6.6,0.0,0.0,0.0
2024-11,Bengaluru,3W,bike_taxi,False,partner_invoice,True,143,110.0,6.484615384615385,106.94195804195805,15292.699999999997,9437.918800000001
2024-11,Bengaluru,3W,cargo_3w,False,partner_invoice,False,232,110.0,8.567672413793103,0.0,0.0,0.0
2024-11,Bengaluru,3W,cargo_3w,False,partner_invoice,True,2150,110.0,8.539581395348838,101.77297674418604,218811.90000000002,129785.12335000001
2024-11,Bengaluru,3W,ecom_logistics,False,partner_invoice,False,32,110.0,14.025,0.0,0.0,0.0
2024-11,Bengaluru,3W,ecom_logistics,False,partner_invoice,True,407,110.0,14.578378378378378,96.29385749385749,39191.6,22651.7472
2024-11,Bengaluru,3W,food_delivery,False,partner_invoice,False,52,110.0,11.10576923076923,0.0,0.0,0.0
2024-11,Bengaluru,3W,food_delivery,False,partner_invoice,True,519,110.0,11.135645472061656,105.19961464354527,54598.600000000006,33368.05132
2024-11,Bengaluru,3W,quick_commerce,False,partner_invoice,False,49,110.0,30.8,0.0,0.0,0.0
2024-11,Bengaluru,3W,quick_commerce,False,partner_invoice,True,445,110.0,30.8,79.2,35244.000000000015,16479.571600000003
2024-11,Delhi NCR,2W,Retail,False,partner_invoice,False,625,65.0,0.0,0.0,0.0,0.0
2024-11,Delhi NCR,2W,Retail,False,partner_invoice,True,15023,65.0,0.0,65.00099846901418,976510.0,718709.26336
2024-11,Delhi NCR,2W,bike_taxi,False,partner_invoice,False,90,65.0,3.618333333333333,0.0,0.0,0.0
2024-11,Delhi NCR,2W,bike_taxi,False,partner_invoice,True,2623,65.0,3.6155165840640486,61.38257720167747,161006.5,116088.66074
2024-11,Delhi NCR,2W,ecom_logistics,False,partner_invoice,False,251,65.0,8.690836653386455,0.0,0.0,0.0
2024-11,Delhi NCR,2W,ecom_logistics,False,partner_invoice,True,6301,65.0,8.759268370099985,56.239938105062684,354367.85,245703.89246
2024-11,Delhi NCR,2W,food_delivery,False,partner_invoice,False,334,65.0,6.496107784431137,0.0,0.0,0.0
2024-11,Delhi NCR,2W,food_delivery,False,partner_invoice,True,9866,65.0,6.526089600648692,58.47745793634705,576938.6000000001,407524.43718999997
2024-11,Delhi NCR,2W,quick_commerce,False,partner_invoice,False,330,65.0,16.141666666666666,0.0,0.0,0.0
2024-11,Delhi NCR,2W,quick_commerce,False,partner_invoice,True,8241,65.0,16.05999271933018,48.93879383569955,403304.5999999999,256597.48051999998
2024-11,Delhi NCR,3W,Retail,False,partner_invoice,False,79,110.0,0.0,0.0,0.0,0.0
2024-11,Delhi NCR,3W,Retail,False,partner_invoice,True,805,110.0,0.0,109.99378881987577,88545.0,56203.4226
2024-11,Delhi NCR,3W,bike_taxi,False,partner_invoice,False,7,110.0,6.285714285714286,0.0,0.0,0.0
2024-11,Delhi NCR,3W,bike_taxi,False,partner_invoice,True,108,110.0,6.141666666666667,103.90462962962964,11221.7,6848.476070000001
2024-11,Delhi NCR,3W,cargo_3w,False,partner_invoice,False,193,110.0,8.395336787564768,0.0,0.0,0.0
2024-11,Delhi NCR,3W,cargo_3w,False,partner_invoice,True,1987,110.0,8.398641167589332,101.5887770508304,201856.90000000002,121702.77197
2024-11,Delhi NCR,3W,ecom_logistics,False,partner_invoice,False,21,110.0,13.880952380952381,0.0,0.0,0.0
2024-11,Delhi NCR,3W,ecom_logistics,False,partner_invoice,True,259,110.0,14.694980694980694,95.34362934362935,24694.0,14198.85263
2024-11,Delhi NCR,3W,food_delivery,False,partner_invoice,False,33,110.0,10.666666666666666,0.0,0.0,0.0
2024-11,Delhi NCR,3W,food_delivery,False,partner_invoice,True,477,110.0,10.71635220125786,99.28364779874214,47358.3,28006.16068
2024-11,Delhi NCR,3W,quick_commerce,False,partner_invoice,False,56,110.0,24.82857142857143,0.0,0.0,0.0
2024-11,Delhi NCR,3W,quick_commerce,False,partner_invoice,True,456,110.0,27.041666666666668,82.95833333333333,37829.00000000001,18662.938540000003
2024-11,Hyderabad,2W,Retail,False,partner_invoice,False,504,65.0,0.0,0.0,0.0,0.0
2024-11,Hyderabad,2W,Retail,False,partner_invoice,True,13356,65.0,0.0,64.99775381850854,868110.0,637411.5175700001
2024-11,Hyderabad,2W,bike_taxi,False,partner_invoice,False,85,65.0,3.6247058823529414,0.0,0.0,0.0
2024-11,Hyderabad,2W,bike_taxi,False,partner_invoice,True,2078,65.0,3.607531280076997,61.387656400384984,127563.55000000002,92129.24131
2024-11,Hyderabad,2W,ecom_logistics,False,partner_invoice,False,189,65.0,8.97962962962963,0.0,0.0,0.0
2024-11,Hyderabad,2W,ecom_logistics,False,partner_invoice,True,5250,65.0,8.942885714285715,56.055209523809516,294289.85,203788.41746
2024-11,Hyderabad,2W,food_delivery,False,partner_invoice,False,382,65.0,6.557853403141361,0.0,0.0,0.0
2024-11,Hyderabad,2W,food_delivery,False,partner_invoice,True,9497,65.0,6.5302516584184485,58.46501000315889,555242.2,391308.90145
2024-11,Hyderabad,2W,quick_commerce,False,partner_invoice,False,291,65.0,15.908247422680413,0.0,0.0,0.0
2024-11,Hyderabad,2W,quick_commerce,False,partner_invoice,True,7742,65.0,15.788065099457505,49.212580728493926,381003.79999999993,242166.47986999998
2024-11,Hyderabad,3W,Retail,False,partner_invoice,False,67,110.0,0.0,0.0,0.0,0.0
2024-11,Hyderabad,3W,Retail,False,partner_invoice,True,724,110.0,0.0,110.00690607734806,79645.0,50812.52647
2024-11,Hyderabad,3W,bike_taxi,False,partner_invoice,False,10,110.0,6.159999999999999,0.0,0.0,0.0
2024-11,Hyderabad,3W,bike_taxi,False,partner_invoice,True,156,110.0,6.071153846153846,103.92884615384615,16212.899999999998,10167.22805
2024-11,Hyderabad,3W,cargo_3w,False,partner_invoice,False,156,110.0,8.496794871794872,0.0,0.0,0.0
2024-11,Hyderabad,3W,cargo_3w,False,partner_invoice,True,1698,110.0,8.483863368669022,101.5190812720848,172379.40000000002,103874.22588
2024-11,Hyderabad,3W,ecom_logistics,False,partner_invoice,False,29,110.0,14.375862068965516,0.0,0.0,0.0
2024-11,Hyderabad,3W,ecom_logistics,False,partner_invoice,True,301,110.0,13.982059800664453,95.98471760797342,28891.4,16213.36536
2024-11,Hyderabad,3W,food_delivery,False,partner_invoice,False,58,110.0,10.658620689655173,0.0,0.0,0.0
2024-11,Hyderabad,3W,food_delivery,False,partner_invoice,True,529,110.0,10.792060491493384,99.20793950850661,52481.0,31199.06074
2024-11,Hyderabad,3W,quick_commerce,False,partner_invoice,False,42,110.0,24.33095238095238,0.0,0.0,0.0
2024-11,Hyderabad,3W,quick_commerce,False,partner_invoice,True,428,110.0,25.37967289719626,84.6553738317757,36232.500000000015,18194.391559999996
2024-11,Jaipur,2W,Retail,False,partner_invoice,False,359,65.0,0.0,0.0,0.0,0.0
2024-11,Jaipur,2W,Retail,False,partner_invoice,True,9845,65.0,0.0,65.0,639925.0,467014.5513
2024-11,Jaipur,2W,bike_taxi,False,partner_invoice,False,83,65.0,3.618072289156627,0.0,0.0,0.0
2024-11,Jaipur,2W,bike_taxi,False,partner_invoice,True,1996,65.0,3.6056112224448897,61.389378757515026,122533.20000000001,87289.58847
2024-11,Jaipur,2W,ecom_logistics,False,partner_invoice,False,126,65.0,8.898809523809524,0.0,0.0,0.0
2024-11,Jaipur,2W,ecom_logistics,False,partner_invoice,True,3658,65.0,8.920352651722252,56.078280481137234,205134.35,141249.59265
2024-11,Jaipur,2W,food_delivery,False,partner_invoice,False,227,65.0,6.58590308370044,0.0,0.0,0.0
2024-11,Jaipur,2W,food_delivery,False,partner_invoice,True,5829,65.0,6.562334877337451,58.43938068279294,340643.15,237821.55769000002
2024-11,Jaipur,2W,quick_commerce,False,partner_invoice,False,204,65.0,15.838970588235295,0.0,0.0,0.0
2024-11,Jaipur,2W,quick_commerce,False,partner_invoice,True,4954,65.0,15.911485668146952,49.0915421881308,243199.5,153363.56897999998
2024-11,Jaipur,3W,Retail,False,partner_invoice,False,46,110.0,0.0,0.0,0.0,0.0
2024-11,Jaipur,3W,Retail,False,partner_invoice,True,491,110.0,0.0,110.010183299389,54015.0,34019.53651
2024-11,Jaipur,3W,bike_taxi,False,partner_invoice,False,6,110.0,6.233333333333333,0.0,0.0,0.0
2024-11,Jaipur,3W,bike_taxi,False,partner_invoice,True,77,110.0,5.857142857142857,104.27272727272727,8028.999999999999,4768.972269999999
2024-11,Jaipur,3W,cargo_3w,False,partner_invoice,False,142,110.0,8.474647887323945,0.0,0.0,0.0
2024-11,Jaipur,3W,cargo_3w,False,partner_invoice,True,1513,110.0,8.496100462656972,101.49729015201586,153565.40000000002,90731.85498
2024-11,Jaipur,3W,ecom_logistics,False,partner_invoice,False,19,110.0,13.894736842105264,0.0,0.0,0.0
2024-11,Jaipur,3W,ecom_logistics,False,partner_invoice,True,126,110.0,14.273809523809524,95.72619047619048,12061.5,6858.576220000001
2024-11,Jaipur,3W,food_delivery,False,partner_invoice,False,41,110.0,11.241463414634145,0.0,0.0,0.0
2024-11,Jaipur,3W,food_delivery,False,partner_invoice,True,455,110.0,11.009670329670328,98.96835164835164,45030.6,26100.84664
2024-11,Jaipur,3W,quick_commerce,False,partner_invoice,False,38,110.0,25.85,0.0,0.0,0.0
2024-11,Jaipur,3W,quick_commerce,False,partner_invoice,True,351,110.0,26.0960113960114,83.90398860398861,29450.300000000003,14754.90934
2024-11,Mumbai,2W,Retail,False,partner_invoice,False,371,65.0,0.0,0.0,0.0,0.0
2024-11,Mumbai,2W,Retail,False,partner_invoice,True,9324,65.0,0.0,64.99249249249249,605990.0,430449.17136000004
2024-11,Mumbai,2W,bike_taxi,False,partner_invoice,False,85,65.0,3.6629411764705884,0.0,0.0,0.0
2024-11,Mumbai,2W,bike_taxi,False,partner_invoice,True,1958,65.0,3.677579162410623,61.3402962206333,120104.30000000002,83303.15399
2024-11,Mumbai,2W,ecom_logistics,False,partner_invoice,False,128,65.0,8.942578125,0.0,0.0,0.0
2024-11,Mumbai,2W,ecom_logistics,False,partner_invoice,True,3376,65.0,9.004502369668247,55.996978672985776,189045.8,125690.09666
2024-11,Mumbai,2W,food_delivery,False,partner_invoice,False,254,65.0,6.515354330708662,0.0,0.0,0.0
2024-11,Mumbai,2W,food_delivery,False,partner_invoice,True,6552,65.0,6.52390873015873,58.47685439560439,383140.35,259293.74897000002
2024-11,Mumbai,2W,quick_commerce,False,partner_invoice,False,206,65.0,15.981796116504855,0.0,0.0,0.0
2024-11,Mumbai,2W,quick_commerce,False,partner_invoice,True,6194,65.0,16.16625766871166,48.826477236034876,302431.2,180717.0688
2024-11,Mumbai,3W,Retail,False,partner_invoice,False,74,110.0,0.0,0.0,0.0,0.0
2024-11,Mumbai,3W,Retail,False,partner_invoice,True,719,110.0,0.0,109.99304589707927,79085.0,47207.73462
2024-11,Mumbai,3W,bike_taxi,False,partner_invoice,False,17,110.0,6.276470588235293,0.0,0.0,0.0
2024-11,Mumbai,3W,bike_taxi,False,partner_invoice,True,134,110.0,6.173134328358208,103.8268656716418,13912.8,7638.977000000001
2024-11,Mumbai,3W,cargo_3w,False,partner_invoice,False,205,110.0,8.515609756097561,0.0,0.0,0.0
2024-11,Mumbai,3W,cargo_3w,False,partner_invoice,True,1996,110.0,8.507364729458919,101.49263527054107,202579.30000000002,113202.68914
2024-11,Mumbai,3W,ecom_logistics,False,partner_invoice,False,11,110.0,14.7,0.0,0.0,0.0
2024-11,Mumbai,3W,ecom_logistics,False,partner_invoice,True,152,110.0,14.994736842105262,95.00526315789473,14440.8,7711.16892
2024-11,Mumbai,3W,food_delivery,False,partner_invoice,False,57,110.0,11.405263157894737,0.0,0.0,0.0
2024-11,Mumbai,3W,food_delivery,False,partner_invoice,True,526,110.0,11.453802281368821,98.54619771863119,51835.3,28194.98986
2024-11,Mumbai,3W,quick_commerce,False,partner_invoice,False,35,110.0,29.60571428571429,0.0,0.0,0.0
2024-11,Mumbai,3W,quick_commerce,False,partner_invoice,True,350,110.0,28.11285714285714,81.90142857142857,28665.500000000004,12457.16955
2024-11,Pune,2W,Retail,False,partner_invoice,False,135,65.0,0.0,0.0,0.0,0.0
2024-11,Pune,2W,Retail,False,partner_invoice,True,2691,65.0,0.0,65.0018580453363,174920.0,129915.88936
2024-11,Pune,2W,Retail,True,partner_invoice,False,269,65.0,0.0,0.0,0.0,0.0
2024-11,Pune,2W,Retail,True,partner_invoice,True,7077,65.0,0.0,75.78960011304225,536363.0,417863.22996
2024-11,Pune,2W,bike_taxi,False,partner_invoice,False,63,65.0,3.7039682539682537,0.0,0.0,0.0
2024-11,Pune,2W,bike_taxi,False,partner_invoice,True,1748,65.0,3.707379862700229,64.75143020594966,113185.5,83491.67847
2024-11,Pune,2W,ecom_logistics,False,partner_invoice,False,127,65.0,8.838976377952756,0.0,0.0,0.0
2024-11,Pune,2W,ecom_logistics,False,partner_invoice,True,3523,65.0,8.861070110701107,56.87296338347999,200363.45,141444.55085
2024-11,Pune,2W,food_delivery,False,partner_invoice,False,338,65.0,6.5576923076923075,0.0,0.0,0.0
2024-11,Pune,2W,food_delivery,False,partner_invoice,True,8028,65.0,6.548175137020428,65.21714623816642,523563.25,388742.52021
2024-11,Pune,2W,quick_commerce,False,partner_invoice,False,198,65.0,15.642676767676768,0.0,0.0,0.0
2024-11,Pune,2W,quick_commerce,False,partner_invoice,True,5626,65.0,15.987273373622466,50.67323142552435,285087.6,190641.03640999997
2024-11,Pune,3W,Retail,False,partner_invoice,False,24,110.0,0.0,0.0,0.0,0.0
2024-11,Pune,3W,Retail,False,partner_invoice,True,167,110.0,0.0,110.0,18370.0,11702.15212
2024-11,Pune,3W,Retail,True,partner_invoice,False,47,110.0,0.0,0.0,0.0,0.0
2024-11,Pune,3W,Retail,True,partner_invoice,True,486,110.0,0.0,121.57613168724279,59086.0,39847.08008
2024-11,Pune,3W,bike_taxi,False,partner_invoice,False,6,110.0,6.05,0.0,0.0,0.0
2024-11,Pune,3W,bike_taxi,False,partner_invoice,True,49,110.0,6.106122448979591,107.97551020408163,5290.799999999999,3327.7712899999997
2024-11,Pune,3W,cargo_3w,False,partner_invoice,False,154,110.0,8.435714285714287,0.0,0.0,0.0
2024-11,Pune,3W,cargo_3w,False,partner_invoice,True,1665,110.0,8.448528528528529,102.05297297297298,169918.2,103058.81419
2024-11,Pune,3W,ecom_logistics,False,partner_invoice,False,26,110.0,15.399999999999999,0.0,0.0,0.0
2024-11,Pune,3W,ecom_logistics,False,partner_invoice,True,317,110.0,14.591482649842272,96.79652996845427,30684.5,18003.63502
2024-11,Pune,3W,food_delivery,False,partner_invoice,False,24,110.0,11.183333333333332,0.0,0.0,0.0
2024-11,Pune,3W,food_delivery,False,partner_invoice,True,310,110.0,11.344193548387096,105.70741935483872,32769.299999999996,20447.30446
2024-11,Pune,3W,quick_commerce,False,partner_invoice,False,28,110.0,30.8,0.0,0.0,0.0
2024-11,Pune,3W,quick_commerce,False,partner_invoice,True,260,110.0,30.8,79.2,20592.0,10253.6613
2024-12,Bengaluru,2W,Retail,False,partner_invoice,False,183,65.0,0.0,0.0,0.0,0.0
2024-12,Bengaluru,2W,Retail,False,partner_invoice,True,4542,65.0,0.0,65.00440334654337,295250.0,218425.32083
2024-12,Bengaluru,2W,Retail,True,partner_invoice,False,465,65.0,0.0,0.0,0.0,0.0
2024-12,Bengaluru,2W,Retail,True,partner_invoice,True,11367,65.0,0.0,76.11005542359462,865143.0,673055.72377
2024-12,Bengaluru,2W,bike_taxi,False,partner_invoice,False,76,65.0,3.5407894736842107,0.0,0.0,0.0
2024-12,Bengaluru,2W,bike_taxi,False,partner_invoice,True,2097,65.0,3.547877920839294,64.78831664282308,135861.10000000003,100348.16516
2024-12,Bengaluru,2W,ecom_logistics,False,partner_invoice,False,224,65.0,8.821428571428571,0.0,0.0,0.0
2024-12,Bengaluru,2W,ecom_logistics,False,partner_invoice,True,5991,65.0,8.84036888666333,57.02175763645468,341617.35,239929.87311
2024-12,Bengaluru,2W,food_delivery,False,partner_invoice,False,443,65.0,6.5,0.0,0.0,0.0
2024-12,Bengaluru,2W,food_delivery,False,partner_invoice,True,11288,65.0,6.538926293408929,65.45699858256556,738878.6,548134.4085299999
2024-12,Bengaluru,2W,quick_commerce,False,partner_invoice,False,346,65.0,15.7371387283237,0.0,0.0,0.0
2024-12,Bengaluru,2W,quick_commerce,False,partner_invoice,True,8835,65.0,15.630752688172041,51.325104697226934,453457.30000000005,297064.16896000004
2024-12,Bengaluru,3W,Retail,False,partner_invoice,False,21,110.0,0.0,0.0,0.0,0.0
2024-12,Bengaluru,3W,Retail,False,partner_invoice,True,215,110.0,0.0,110.0,23650.0,15090.991430000002
2024-12,Bengaluru,3W,Retail,True,partner_invoice,False,53,110.0,0.0,0.0,0.0,0.0
2024-12,Bengaluru,3W,Retail,True,partner_invoice,True,604,110.0,0.0,120.9635761589404,73062.0,48571.61988
2024-12,Bengaluru,3W,bike_taxi,False,partner_invoice,False,19,110.0,6.4263157894736835,0.0,0.0,0.0
2024-12,Bengaluru,3W,bike_taxi,False,partner_invoice,True,168,110.0,6.442857142857142,106.27142857142859,17853.6,11163.744020000002
2024-12,Bengaluru,3W,cargo_3w,False,partner_invoice,False,296,110.0,8.521283783783785,0.0,0.0,0.0
2024-12,Bengaluru,3W,cargo_3w,False,partner_invoice,True,2452,110.0,8.552814029363784,102.18331973898859,250553.50000000003,149873.80797000002
2024-12,Bengaluru,3W,ecom_logistics,False,partner_invoice,False,50,110.0,14.607999999999999,0.0,0.0,0.0
2024-12,Bengaluru,3W,ecom_logistics,False,partner_invoice,True,467,110.0,14.811134903640257,95.40728051391862,44555.2,25664.67065
2024-12,Bengaluru,3W,food_delivery,False,partner_invoice,False,50,110.0,10.934000000000001,0.0,0.0,0.0
2024-12,Bengaluru,3W,food_delivery,False,partner_invoice,True,576,110.0,11.087847222222223,105.76979166666666,60923.399999999994,37711.51842000001
2024-12,Bengaluru,3W,quick_commerce,False,partner_invoice,False,58,110.0,30.439655172413794,0.0,0.0,0.0
2024-12,Bengaluru,3W,quick_commerce,False,partner_invoice,True,584,110.0,30.513698630136986,79.64041095890411,46510.00000000001,22105.13001
2024-12,Delhi NCR,2W,Retail,False,partner_invoice,False,616,65.0,0.0,0.0,0.0,0.0
2024-12,Delhi NCR,2W,Retail,False,partner_invoice,True,16323,65.0,0.0,65.0024505299271,1061035.0,786783.21748
2024-12,Delhi NCR,2W,bike_taxi,False,partner_invoice,False,137,65.0,3.62007299270073,0.0,0.0,0.0
2024-12,Delhi NCR,2W,bike_taxi,False,partner_invoice,True,3006,65.0,3.6208416500332667,61.375831669993346,184495.75000000003,134215.12962999998
2024-12,Delhi NCR,2W,ecom_logistics,False,partner_invoice,False,276,65.0,8.8856884057971,0.0,0.0,0.0
2024-12,Delhi NCR,2W,ecom_logistics,False,partner_invoice,True,7060,65.0,8.774447592067988,56.229093484419266,396977.4,277800.66121000005
2024-12,Delhi NCR,2W,food_delivery,False,partner_invoice,False,446,65.0,6.555381165919283,0.0,0.0,0.0
2024-12,Delhi NCR,2W,food_delivery,False,partner_invoice,True,11193,65.0,6.532578397212543,58.466974895023675,654420.85,466691.37428
2024-12,Delhi NCR,2W,quick_commerce,False,partner_invoice,False,386,65.0,16.088341968911916,0.0,0.0,0.0
2024-12,Delhi NCR,2W,quick_commerce,False,partner_invoice,True,9198,65.0,16.047678843226787,48.95558273537725,450293.45,289222.01253999997
2024-12,Delhi NCR,3W,Retail,False,partner_invoice,False,88,110.0,0.0,0.0,0.0,0.0
2024-12,Delhi NCR,3W,Retail,False,partner_invoice,True,803,110.0,0.0,110.00622665006226,88335.0,56316.26795
2024-12,Delhi NCR,3W,bike_taxi,False,partner_invoice,False,13,110.0,6.176923076923076,0.0,0.0,0.0
2024-12,Delhi NCR,3W,bike_taxi,False,partner_invoice,True,150,110.0,6.306666666666667,103.72666666666667,15558.999999999998,9466.99299
2024-12,Delhi NCR,3W,cargo_3w,False,partner_invoice,False,226,110.0,8.449557522123895,0.0,0.0,0.0
2024-12,Delhi NCR,3W,cargo_3w,False,partner_invoice,True,2220,110.0,8.405585585585586,101.60117117117117,225554.60000000003,136644.41186
2024-12,Delhi NCR,3W,ecom_logistics,False,partner_invoice,False,32,110.0,14.85,0.0,0.0,0.0
2024-12,Delhi NCR,3W,ecom_logistics,False,partner_invoice,True,279,110.0,14.828315412186381,95.17168458781363,26552.9,15364.72608
2024-12,Delhi NCR,3W,food_delivery,False,partner_invoice,False,43,110.0,10.616279069767442,0.0,0.0,0.0
2024-12,Delhi NCR,3W,food_delivery,False,partner_invoice,True,644,110.0,10.774534161490683,99.22546583850932,63901.2,38171.49058
2024-12,Delhi NCR,3W,quick_commerce,False,partner_invoice,False,51,110.0,27.521568627450982,0.0,0.0,0.0
2024-12,Delhi NCR,3W,quick_commerce,False,partner_invoice,True,472,110.0,27.434745762711866,82.58644067796611,38980.80000000001,19127.88821
2024-12,Hyderabad,2W,Retail,False,partner_invoice,False,575,65.0,0.0,0.0,0.0,0.0
2024-12,Hyderabad,2W,Retail,False,partner_invoice,True,14814,65.0,0.0,64.9983124071824,962885.0,712784.20251
2024-12,Hyderabad,2W,bike_taxi,False,partner_invoice,False,92,65.0,3.567934782608696,0.0,0.0,0.0
2024-12,Hyderabad,2W,bike_taxi,False,partner_invoice,True,2290,65.0,3.6275109170305675,61.355021834061134,140503.0,102220.28442000001
2024-12,Hyderabad,2W,ecom_logistics,False,partner_invoice,False,215,65.0,8.963953488372093,0.0,0.0,0.0
2024-12,Hyderabad,2W,ecom_logistics,False,partner_invoice,True,5992,65.0,8.867857142857142,56.13381174899866,336353.8,235313.62062
2024-12,Hyderabad,2W,food_delivery,False,partner_invoice,False,424,65.0,6.5459905660377355,0.0,0.0,0.0
2024-12,Hyderabad,2W,food_delivery,False,partner_invoice,True,10470,65.0,6.543767908309456,58.454799426934095,612021.75,435610.20532999997
2024-12,Hyderabad,2W,quick_commerce,False,partner_invoice,False,309,65.0,15.522168284789641,0.0,0.0,0.0
2024-12,Hyderabad,2W,quick_commerce,False,partner_invoice,True,8327,65.0,15.570415515792002,49.43258676594211,411625.14999999997,265331.72589999996
2024-12,Hyderabad,3W,Retail,False,partner_invoice,False,74,110.0,0.0,0.0,0.0,0.0
2024-12,Hyderabad,3W,Retail,False,partner_invoice,True,692,110.0,0.0,110.0,76120.0,48855.32117
2024-12,Hyderabad,3W,bike_taxi,False,partner_invoice,False,19,110.0,6.136842105263158,0.0,0.0,0.0
2024-12,Hyderabad,3W,bike_taxi,False,partner_invoice,True,147,110.0,5.941496598639455,104.05850340136055,15296.599999999999,9372.96025
2024-12,Hyderabad,3W,cargo_3w,False,partner_invoice,False,168,110.0,8.45952380952381,0.0,0.0,0.0
2024-12,Hyderabad,3W,cargo_3w,False,partner_invoice,True,1917,110.0,8.483255086071988,101.49848721961398,194572.60000000003,117515.82615000001
2024-12,Hyderabad,3W,ecom_logistics,False,partner_invoice,False,36,110.0,14.636111111111111,0.0,0.0,0.0
2024-12,Hyderabad,3W,ecom_logistics,False,partner_invoice,True,307,110.0,13.841368078175897,96.15863192182411,29520.699999999997,16792.15885
2024-12,Hyderabad,3W,food_delivery,False,partner_invoice,False,59,110.0,10.85084745762712,0.0,0.0,0.0
2024-12,Hyderabad,3W,food_delivery,False,partner_invoice,True,591,110.0,10.804568527918782,99.19543147208122,58624.5,34980.916339999996
2024-12,Hyderabad,3W,quick_commerce,False,partner_invoice,False,70,110.0,24.53,0.0,0.0,0.0
2024-12,Hyderabad,3W,quick_commerce,False,partner_invoice,True,543,110.0,25.334438305709025,84.66556169429097,45973.40000000001,23373.1321
2024-12,Jaipur,2W,Retail,False,partner_invoice,False,442,65.0,0.0,0.0,0.0,0.0
2024-12,Jaipur,2W,Retail,False,partner_invoice,True,10574,65.0,0.0,64.99479856251182,687255.0,505070.25288
2024-12,Jaipur,2W,bike_taxi,False,partner_invoice,False,96,65.0,3.615625,0.0,0.0,0.0
2024-12,Jaipur,2W,bike_taxi,False,partner_invoice,True,2230,65.0,3.6242600896860986,61.380224215246635,136877.90000000002,98440.78513
2024-12,Jaipur,2W,ecom_logistics,False,partner_invoice,False,179,65.0,8.809497206703911,0.0,0.0,0.0
2024-12,Jaipur,2W,ecom_logistics,False,partner_invoice,True,3935,65.0,8.93118170266836,56.06881829733164,220630.8,153351.89566
2024-12,Jaipur,2W,food_delivery,False,partner_invoice,False,273,65.0,6.616666666666667,0.0,0.0,0.0
2024-12,Jaipur,2W,food_delivery,False,partner_invoice,True,6813,65.0,6.564780566563922,58.43815499779833,398139.15,280349.11018
2024-12,Jaipur,2W,quick_commerce,False,partner_invoice,False,216,65.0,15.569907407407406,0.0,0.0,0.0
2024-12,Jaipur,2W,quick_commerce,False,partner_invoice,True,5614,65.0,15.773557178482365,49.22020840755255,276322.25,176579.00556999998
2024-12,Jaipur,3W,Retail,False,partner_invoice,False,39,110.0,0.0,0.0,0.0,0.0
2024-12,Jaipur,3W,Retail,False,partner_invoice,True,525,110.0,0.0,109.99047619047619,57745.0,36614.87132
2024-12,Jaipur,3W,bike_taxi,False,partner_invoice,False,5,110.0,5.720000000000001,0.0,0.0,0.0
2024-12,Jaipur,3W,bike_taxi,False,partner_invoice,True,62,110.0,5.748387096774193,104.25161290322582,6463.6,3899.7799800000007
2024-12,Jaipur,3W,cargo_3w,False,partner_invoice,False,181,110.0,8.556906077348067,0.0,0.0,0.0
2024-12,Jaipur,3W,cargo_3w,False,partner_invoice,True,1609,110.0,8.536793039154755,101.46320696084524,163254.30000000002,97490.1024
2024-12,Jaipur,3W,ecom_logistics,False,partner_invoice,False,25,110.0,14.3,0.0,0.0,0.0
2024-12,Jaipur,3W,ecom_logistics,False,partner_invoice,True,184,110.0,14.557065217391305,95.4429347826087,17561.5,9925.10447
2024-12,Jaipur,3W,food_delivery,False,partner_invoice,False,47,110.0,11.046808510638298,0.0,0.0,0.0
2024-12,Jaipur,3W,food_delivery,False,partner_invoice,True,508,110.0,11.002165354330709,98.9978346456693,50290.90000000001,29533.32181
2024-12,Jaipur,3W,quick_commerce,False,partner_invoice,False,40,110.0,27.142500000000002,0.0,0.0,0.0
2024-12,Jaipur,3W,quick_commerce,False,partner_invoice,True,419,110.0,27.75727923627685,82.21885441527445,34449.70000000001,17077.21667
2024-12,Mumbai,2W,Retail,False,partner_invoice,False,444,65.0,0.0,0.0,0.0,0.0
2024-12,Mumbai,2W,Retail,False,partner_invoice,True,10531,65.0,0.0,65.0,684515.0,489201.77038
2024-12,Mumbai,2W,bike_taxi,False,partner_invoice,False,70,65.0,3.649285714285714,0.0,0.0,0.0
2024-12,Mumbai,2W,bike_taxi,False,partner_invoice,True,2204,65.0,3.6643602540834848,61.32883393829401,135168.75,94346.86394
2024-12,Mumbai,2W,ecom_logistics,False,partner_invoice,False,162,65.0,8.795061728395062,0.0,0.0,0.0
2024-12,Mumbai,2W,ecom_logistics,False,partner_invoice,True,3725,65.0,8.918174496644294,56.08719463087248,208924.8,139960.28377
2024-12,Mumbai,2W,food_delivery,False,partner_invoice,False,281,65.0,6.5023131672597865,0.0,0.0,0.0
2024-12,Mumbai,2W,food_delivery,False,partner_invoice,True,6991,65.0,6.510320411958232,58.487533972250034,408886.35000000003,278722.78545
2024-12,Mumbai,2W,quick_commerce,False,partner_invoice,False,274,65.0,16.261861313868614,0.0,0.0,0.0
2024-12,Mumbai,2W,quick_commerce,False,partner_invoice,True,6902,65.0,16.215625905534626,48.785822949869605,336719.74999999994,202733.32665999996
2024-12,Mumbai,3W,Retail,False,partner_invoice,False,90,110.0,0.0,0.0,0.0,0.0
2024-12,Mumbai,3W,Retail,False,partner_invoice,True,866,110.0,0.0,109.98267898383372,95245.0,57178.464179999995
2024-12,Mumbai,3W,bike_taxi,False,partner_invoice,False,17,110.0,6.147058823529412,0.0,0.0,0.0
2024-12,Mumbai,3W,bike_taxi,False,partner_invoice,True,134,110.0,6.205970149253732,103.79402985074627,13908.399999999998,7672.383010000001
2024-12,Mumbai,3W,cargo_3w,False,partner_invoice,False,216,110.0,8.494444444444445,0.0,0.0,0.0
2024-12,Mumbai,3W,cargo_3w,False,partner_invoice,True,2199,110.0,8.497362437471578,101.50945884492951,223219.30000000002,125964.67154000001
2024-12,Mumbai,3W,ecom_logistics,False,partner_invoice,False,15,110.0,14.373333333333333,0.0,0.0,0.0
2024-12,Mumbai,3W,ecom_logistics,False,partner_invoice,True,150,110.0,14.835333333333335,95.16466666666668,14274.7,7667.04346
2024-12,Mumbai,3W,food_delivery,False,partner_invoice,False,55,110.0,11.4,0.0,0.0,0.0
2024-12,Mumbai,3W,food_delivery,False,partner_invoice,True,502,110.0,11.411952191235061,98.58804780876495,49491.200000000004,27325.954190000004
2024-12,Mumbai,3W,quick_commerce,False,partner_invoice,False,35,110.0,29.60571428571429,0.0,0.0,0.0
2024-12,Mumbai,3W,quick_commerce,False,partner_invoice,True,390,110.0,29.13871794871795,80.83564102564102,31525.9,13454.578080000001
2024-12,Pune,2W,Retail,False,partner_invoice,False,120,65.0,0.0,0.0,0.0,0.0
2024-12,Pune,2W,Retail,False,partner_invoice,True,3153,65.0,0.0,65.0,204945.0,152916.42409
2024-12,Pune,2W,Retail,True,partner_invoice,False,265,65.0,0.0,0.0,0.0,0.0
2024-12,Pune,2W,Retail,True,partner_invoice,True,7904,65.0,0.0,75.95457995951416,600345.0,469245.35748
2024-12,Pune,2W,bike_taxi,False,partner_invoice,False,86,65.0,3.718604651162791,0.0,0.0,0.0
2024-12,Pune,2W,bike_taxi,False,partner_invoice,True,1890,65.0,3.715661375661375,64.51291005291004,121929.40000000002,90285.94975999999
2024-12,Pune,2W,ecom_logistics,False,partner_invoice,False,155,65.0,8.630322580645162,0.0,0.0,0.0
2024-12,Pune,2W,ecom_logistics,False,partner_invoice,True,3671,65.0,8.786420593843639,57.013089076545896,209295.05000000002,148699.8983
2024-12,Pune,2W,food_delivery,False,partner_invoice,False,326,65.0,6.507975460122699,0.0,0.0,0.0
2024-12,Pune,2W,food_delivery,False,partner_invoice,True,8468,65.0,6.530166509211148,65.41090576287199,553899.55,413183.26653
2024-12,Pune,2W,quick_commerce,False,partner_invoice,False,262,65.0,15.843129770992364,0.0,0.0,0.0
2024-12,Pune,2W,quick_commerce,False,partner_invoice,True,6437,65.0,16.0953006058723,50.45247009476464,324762.54999999993,217405.7159
2024-12,Pune,3W,Retail,False,partner_invoice,False,20,110.0,0.0,0.0,0.0,0.0
2024-12,Pune,3W,Retail,False,partner_invoice,True,220,110.0,0.0,110.0,24200.0,15638.22345
2024-12,Pune,3W,Retail,True,partner_invoice,False,46,110.0,0.0,0.0,0.0,0.0
2024-12,Pune,3W,Retail,True,partner_invoice,True,533,110.0,0.0,121.03001876172608,64509.0,43641.30678
2024-12,Pune,3W,bike_taxi,False,partner_invoice,False,4,110.0,6.05,0.0,0.0,0.0
2024-12,Pune,3W,bike_taxi,False,partner_invoice,True,69,110.0,6.026086956521739,107.4086956521739,7411.199999999999,4818.11955
2024-12,Pune,3W,cargo_3w,False,partner_invoice,False,215,110.0,8.44186046511628,0.0,0.0,0.0
2024-12,Pune,3W,cargo_3w,False,partner_invoice,True,2022,110.0,8.457270029673591,102.23412462908011,206717.40000000002,126617.80186
2024-12,Pune,3W,ecom_logistics,False,partner_invoice,False,38,110.0,14.38684210526316,0.0,0.0,0.0
2024-12,Pune,3W,ecom_logistics,False,partner_invoice,True,305,110.0,14.812131147540983,96.35508196721311,29388.299999999996,17329.260779999997
2024-12,Pune,3W,food_delivery,False,partner_invoice,False,32,110.0,11.309375,0.0,0.0,0.0
2024-12,Pune,3W,food_delivery,False,partner_invoice,True,363,110.0,11.393939393939394,105.28099173553719,38217.0,23838.15105
2024-12,Pune,3W,quick_commerce,False,partner_invoice,False,33,110.0,27.633333333333333,0.0,0.0,0.0
2024-12,Pune,3W,quick_commerce,False,partner_invoice,True,222,110.0,28.163963963963965,82.93963963963965,18412.600000000006,9482.092190000001
2025-01,Bengaluru,2W,Retail,False,partner_invoice,False,193,65.0,0.0,0.0,0.0,0.0
2025-01,Bengaluru,2W,Retail,False,partner_invoice,True,4834,65.0,0.0,64.99379395945387,314180.0,233482.56495
2025-01,Bengaluru,2W,Retail,True,partner_invoice,False,468,65.0,0.0,0.0,0.0,0.0
2025-01,Bengaluru,2W,Retail,True,partner_invoice,True,12114,65.0,0.0,75.98233448902097,920450.0,718449.76106
2025-01,Bengaluru,2W,bike_taxi,False,partner_invoice,False,96,65.0,3.49375,0.0,0.0,0.0
2025-01,Bengaluru,2W,bike_taxi,False,partner_invoice,True,2400,65.0,3.5354583333333336,64.84204166666666,155620.90000000002,115626.84115
2025-01,Bengaluru,2W,ecom_logistics,False,partner_invoice,False,235,65.0,8.853829787234043,0.0,0.0,0.0
2025-01,Bengaluru,2W,ecom_logistics,False,partner_invoice,True,6407,65.0,8.833689714374902,56.944521616981426,364843.55000000005,257479.11568
2025-01,Bengaluru,2W,food_delivery,False,partner_invoice,False,478,65.0,6.567991631799163,0.0,0.0,0.0
2025-01,Bengaluru,2W,food_delivery,False,partner_invoice,True,12340,65.0,6.537662074554295,65.39329416531605,806953.25,601501.25642
2025-01,Bengaluru,2W,quick_commerce,False,partner_invoice,False,396,65.0,15.829797979797979,0.0,0.0,0.0
2025-01,Bengaluru,2W,quick_commerce,False,partner_invoice,True,9622,65.0,15.740781542298897,51.24310954063604,493061.20000000007,325394.07158999995
2025-01,Bengaluru,3W,Retail,False,partner_invoice,False,23,110.0,0.0,0.0,0.0,0.0
2025-01,Bengaluru,3W,Retail,False,partner_invoice,True,246,110.0,0.0,110.0,27060.0,17222.920639999997
2025-01,Bengaluru,3W,Retail,True,partner_invoice,False,71,110.0,0.0,0.0,0.0,0.0
2025-01,Bengaluru,3W,Retail,True,partner_invoice,True,575,110.0,0.0,120.91130434782609,69524.0,46537.99915
2025-01,Bengaluru,3W,bike_taxi,False,partner_invoice,False,21,110.0,6.233333333333333,0.0,0.0,0.0
2025-01,Bengaluru,3W,bike_taxi,False,partner_invoice,True,181,110.0,6.253591160220994,106.25469613259669,19232.1,11992.28388
2025-01,Bengaluru,3W,cargo_3w,False,partner_invoice,False,304,110.0,8.564802631578948,0.0,0.0,0.0
2025-01,Bengaluru,3W,cargo_3w,False,partner_invoice,True,2621,110.0,8.544410530331936,101.9534910339565,267220.10000000003,160825.33428
2025-01,Bengaluru,3W,ecom_logistics,False,partner_invoice,False,47,110.0,14.674468085106383,0.0,0.0,0.0
2025-01,Bengaluru,3W,ecom_logistics,False,partner_invoice,True,544,110.0,14.870220588235293,95.43676470588235,51917.59999999999,30046.253339999996
2025-01,Bengaluru,3W,food_delivery,False,partner_invoice,False,53,110.0,11.166037735849056,0.0,0.0,0.0
2025-01,Bengaluru,3W,food_delivery,False,partner_invoice,True,585,110.0,11.09025641025641,106.49435897435899,62299.2,38925.78302
2025-01,Bengaluru,3W,quick_commerce,False,partner_invoice,False,52,110.0,30.800000000000004,0.0,0.0,0.0
2025-01,Bengaluru,3W,quick_commerce,False,partner_invoice,True,550,110.0,30.8,79.17272727272727,43545.0,20823.43288
2025-01,Delhi NCR,2W,Retail,False,partner_invoice,False,666,65.0,0.0,0.0,0.0,0.0
2025-01,Delhi NCR,2W,Retail,False,partner_invoice,True,17662,65.0,0.0,65.0025478428264,1148075.0,858684.2127
2025-01,Delhi NCR,2W,bike_taxi,False,partner_invoice,False,120,65.0,3.6075,0.0,0.0,0.0
2025-01,Delhi NCR,2W,bike_taxi,False,partner_invoice,True,3048,65.0,3.630446194225722,61.369553805774274,187054.40000000002,137115.43965000001
2025-01,Delhi NCR,2W,ecom_logistics,False,partner_invoice,False,320,65.0,8.7221875,0.0,0.0,0.0
2025-01,Delhi NCR,2W,ecom_logistics,False,partner_invoice,True,7319,65.0,8.79804618117229,56.20263697226397,411347.10000000003,290811.54258999997
2025-01,Delhi NCR,2W,food_delivery,False,partner_invoice,False,480,65.0,6.509479166666667,0.0,0.0,0.0
2025-01,Delhi NCR,2W,food_delivery,False,partner_invoice,True,11974,65.0,6.536587606480708,58.465917821947556,700070.9,504453.50605
2025-01,Delhi NCR,2W,quick_commerce,False,partner_invoice,False,399,65.0,16.095238095238095,0.0,0.0,0.0
2025-01,Delhi NCR,2W,quick_commerce,False,partner_invoice,True,10017,65.0,16.10159728461615,48.8979035639413,489810.30000000005,318955.8993899999
2025-01,Delhi NCR,3W,Retail,False,partner_invoice,False,81,110.0,0.0,0.0,0.0,0.0
2025-01,Delhi NCR,3W,Retail,False,partner_invoice,True,938,110.0,0.0,110.02132196162047,103200.0,66097.72856999999
2025-01,Delhi NCR,3W,bike_taxi,False,partner_invoice,False,14,110.0,6.364285714285714,0.0,0.0,0.0
2025-01,Delhi NCR,3W,bike_taxi,False,partner_invoice,True,139,110.0,6.283453237410072,103.71654676258993,14416.599999999999,8917.18155
2025-01,Delhi NCR,3W,cargo_3w,False,partner_invoice,False,211,110.0,8.393364928909953,0.0,0.0,0.0
2025-01,Delhi NCR,3W,cargo_3w,False,partner_invoice,True,2493,110.0,8.448776574408345,101.54921780986763,253162.20000000004,154606.07898999998
2025-01,Delhi NCR,3W,ecom_logistics,False,partner_invoice,False,27,110.0,15.237037037037036,0.0,0.0,0.0
2025-01,Delhi NCR,3W,ecom_logistics,False,partner_invoice,True,272,110.0,15.242279411764704,94.75772058823529,25774.1,14986.16778
2025-01,Delhi NCR,3W,food_delivery,False,partner_invoice,False,62,110.0,10.41451612903226,0.0,0.0,0.0
2025-01,Delhi NCR,3W,food_delivery,False,partner_invoice,True,693,110.0,10.66825396825397,99.32453102453101,68831.9,41313.869810000004
2025-01,Delhi NCR,3W,quick_commerce,False,partner_invoice,False,54,110.0,28.477777777777778,0.0,0.0,0.0
2025-01,Delhi NCR,3W,quick_commerce,False,partner_invoice,True,508,110.0,27.673228346456693,82.31692913385827,41817.0,20735.7192
2025-01,Hyderabad,2W,Retail,False,partner_invoice,False,641,65.0,0.0,0.0,0.0,0.0
2025-01,Hyderabad,2W,Retail,False,partner_invoice,True,15829,65.0,0.0,64.99684124076063,1028835.0,768594.3803
2025-01,Hyderabad,2W,bike_taxi,False,partner_invoice,False,80,65.0,3.5668750000000005,0.0,0.0,0.0
2025-01,Hyderabad,2W,bike_taxi,False,partner_invoice,True,2378,65.0,3.6266610597140456,61.37544154751892,145950.80000000002,107348.21071000001
2025-01,Hyderabad,2W,ecom_logistics,False,partner_invoice,False,242,65.0,8.842148760330579,0.0,0.0,0.0
2025-01,Hyderabad,2W,ecom_logistics,False,partner_invoice,True,6238,65.0,8.80407181789035,56.199134337928825,350570.20000000007,247702.15818
2025-01,Hyderabad,2W,food_delivery,False,partner_invoice,False,469,65.0,6.536034115138593,0.0,0.0,0.0
2025-01,Hyderabad,2W,food_delivery,False,partner_invoice,True,10904,65.0,6.538091526045489,58.46603539985327,637513.65,458153.64696
2025-01,Hyderabad,2W,quick_commerce,False,partner_invoice,False,334,65.0,15.463772455089819,0.0,0.0,0.0
2025-01,Hyderabad,2W,quick_commerce,False,partner_invoice,True,9024,65.0,15.72425199468085,49.276302083333334,444669.35,289948.29140999995
2025-01,Hyderabad,3W,Retail,False,partner_invoice,False,70,110.0,0.0,0.0,0.0,0.0
2025-01,Hyderabad,3W,Retail,False,partner_invoice,True,646,110.0,0.0,110.015479876161,71070.0,45703.88879
2025-01,Hyderabad,3W,bike_taxi,False,partner_invoice,False,11,110.0,5.8,0.0,0.0,0.0
2025-01,Hyderabad,3W,bike_taxi,False,partner_invoice,True,115,110.0,5.9113043478260865,104.08869565217393,11970.2,7209.36703
2025-01,Hyderabad,3W,cargo_3w,False,partner_invoice,False,212,110.0,8.48867924528302,0.0,0.0,0.0
2025-01,Hyderabad,3W,cargo_3w,False,partner_invoice,True,2142,110.0,8.484173669467788,101.51115779645191,217436.9,131911.65644
2025-01,Hyderabad,3W,ecom_logistics,False,partner_invoice,False,38,110.0,14.50263157894737,0.0,0.0,0.0
2025-01,Hyderabad,3W,ecom_logistics,False,partner_invoice,True,322,110.0,14.474223602484471,95.4947204968944,30749.3,17456.102680000004
2025-01,Hyderabad,3W,food_delivery,False,partner_invoice,False,65,110.0,10.864615384615385,0.0,0.0,0.0
2025-01,Hyderabad,3W,food_delivery,False,partner_invoice,True,621,110.0,11.005314009661836,98.9866344605475,61470.7,36682.326460000004
2025-01,Hyderabad,3W,quick_commerce,False,partner_invoice,False,51,110.0,26.701960784313723,0.0,0.0,0.0
2025-01,Hyderabad,3W,quick_commerce,False,partner_invoice,True,591,110.0,25.955160744500844,84.04483925549916,49670.5,25278.206700000002
2025-01,Jaipur,2W,Retail,False,partner_invoice,False,403,65.0,0.0,0.0,0.0,0.0
2025-01,Jaipur,2W,Retail,False,partner_invoice,True,11261,65.0,0.0,64.99911197939792,731955.0,543106.55725
2025-01,Jaipur,2W,bike_taxi,False,partner_invoice,False,80,65.0,3.62375,0.0,0.0,0.0
2025-01,Jaipur,2W,bike_taxi,False,partner_invoice,True,2300,65.0,3.627847826086956,61.36128260869566,141130.95,102589.95045
2025-01,Jaipur,2W,ecom_logistics,False,partner_invoice,False,151,65.0,8.807284768211922,0.0,0.0,0.0
2025-01,Jaipur,2W,ecom_logistics,False,partner_invoice,True,4044,65.0,8.860509396636994,56.151854599406526,227078.1,159427.66172
2025-01,Jaipur,2W,food_delivery,False,partner_invoice,False,269,65.0,6.555576208178439,0.0,0.0,0.0
2025-01,Jaipur,2W,food_delivery,False,partner_invoice,True,7495,65.0,6.578052034689793,58.42528352234823,437897.5,311586.24883
2025-01,Jaipur,2W,quick_commerce,False,partner_invoice,False,212,65.0,16.21933962264151,0.0,0.0,0.0
2025-01,Jaipur,2W,quick_commerce,False,partner_invoice,True,5938,65.0,15.72500842034355,49.26909733917143,292559.89999999997,189370.39257
2025-01,Jaipur,3W,Retail,False,partner_invoice,False,52,110.0,0.0,0.0,0.0,0.0
2025-01,Jaipur,3W,Retail,False,partner_invoice,True,551,110.0,0.0,109.98185117967333,60600.0,38594.99888
2025-01,Jaipur,3W,bike_taxi,False,partner_invoice,False,4,110.0,5.5,0.0,0.0,0.0
2025-01,Jaipur,3W,bike_taxi,False,partner_invoice,True,24,110.0,5.5,104.5,2508.0,1482.38622
2025-01,Jaipur,3W,cargo_3w,False,partner_invoice,False,178,110.0,8.565168539325844,0.0,0.0,0.0
2025-01,Jaipur,3W,cargo_3w,False,partner_invoice,True,1582,110.0,8.555941845764854,101.44721871049305,160489.5,96038.69801
2025-01,Jaipur,3W,ecom_logistics,False,partner_invoice,False,15,110.0,15.766666666666667,0.0,0.0,0.0
2025-01,Jaipur,3W,ecom_logistics,False,partner_invoice,True,228,110.0,14.570175438596491,95.47368421052632,21768.0,12371.58874
2025-01,Jaipur,3W,food_delivery,False,partner_invoice,False,37,110.0,10.881081081081081,0.0,0.0,0.0
2025-01,Jaipur,3W,food_delivery,False,partner_invoice,True,496,110.0,11.064314516129032,98.94576612903225,49077.100000000006,28969.787500000002
2025-01,Jaipur,3W,quick_commerce,False,partner_invoice,False,47,110.0,26.79787234042553,0.0,0.0,0.0
2025-01,Jaipur,3W,quick_commerce,False,partner_invoice,True,357,110.0,27.521568627450982,82.47843137254901,29444.800000000003,14775.878270000001
2025-01,Mumbai,2W,Retail,False,partner_invoice,False,468,65.0,0.0,0.0,0.0,0.0
2025-01,Mumbai,2W,Retail,False,partner_invoice,True,11388,65.0,0.0,65.00043905865823,740225.0,531887.86734
2025-01,Mumbai,2W,bike_taxi,False,partner_invoice,False,89,65.0,3.6443820224719103,0.0,0.0,0.0
2025-01,Mumbai,2W,bike_taxi,False,partner_invoice,True,2303,65.0,3.660660008684325,61.34151107251411,141269.5,99206.34924000001
2025-01,Mumbai,2W,ecom_logistics,False,partner_invoice,False,180,65.0,8.883333333333333,0.0,0.0,0.0
2025-01,Mumbai,2W,ecom_logistics,False,partner_invoice,True,3979,65.0,8.926514199547624,56.0697160090475,223101.40000000002,150624.44559000002
2025-01,Mumbai,2W,food_delivery,False,partner_invoice,False,251,65.0,6.489641434262949,0.0,0.0,0.0
2025-01,Mumbai,2W,food_delivery,False,partner_invoice,True,7693,65.0,6.528558429741324,58.470141687248145,449810.8,309125.96826
2025-01,Mumbai,2W,quick_commerce,False,partner_invoice,False,296,65.0,16.489358108108107,0.0,0.0,0.0
2025-01,Mumbai,2W,quick_commerce,False,partner_invoice,True,7125,65.0,16.17373333333333,48.83328421052631,347937.14999999997,211997.54538999998
2025-01,Mumbai,3W,Retail,False,partner_invoice,False,94,110.0,0.0,0.0,0.0,0.0
2025-01,Mumbai,3W,Retail,False,partner_invoice,True,953,110.0,0.0,110.0,104830.0,63215.29357
2025-01,Mumbai,3W,bike_taxi,False,partner_invoice,False,11,110.0,6.2,0.0,0.0,0.0
2025-01,Mumbai,3W,bike_taxi,False,partner_invoice,True,135,110.0,6.257777777777777,103.66814814814815,13995.199999999997,7689.16999
2025-01,Mumbai,3W,cargo_3w,False,partner_invoice,False,239,110.0,8.464016736401675,0.0,0.0,0.0
2025-01,Mumbai,3W,cargo_3w,False,partner_invoice,True,2293,110.0,8.485782817269953,101.51639773222853,232777.1,132181.09574000002
2025-01,Mumbai,3W,ecom_logistics,False,partner_invoice,False,21,110.0,15.138095238095238,0.0,0.0,0.0
2025-01,Mumbai,3W,ecom_logistics,False,partner_invoice,True,147,110.0,14.958503401360545,95.04149659863945,13971.099999999999,7551.972599999999
2025-01,Mumbai,3W,food_delivery,False,partner_invoice,False,51,110.0,11.258823529411766,0.0,0.0,0.0
2025-01,Mumbai,3W,food_delivery,False,partner_invoice,True,569,110.0,11.34604569420035,98.68910369068541,56154.1,31067.614370000003
2025-01,Mumbai,3W,quick_commerce,False,partner_invoice,False,38,110.0,30.8,0.0,0.0,0.0
2025-01,Mumbai,3W,quick_commerce,False,partner_invoice,True,425,110.0,30.8,79.18823529411765,33655.0,14363.86492
2025-01,Pune,2W,Retail,False,partner_invoice,False,125,65.0,0.0,0.0,0.0,0.0
2025-01,Pune,2W,Retail,False,partner_invoice,True,3356,65.0,0.0,64.99553039332538,218125.0,163296.24849
2025-01,Pune,2W,Retail,True,partner_invoice,False,327,65.0,0.0,0.0,0.0,0.0
2025-01,Pune,2W,Retail,True,partner_invoice,True,8662,65.0,0.0,76.08924036019395,659085.0,517726.79223
2025-01,Pune,2W,bike_taxi,False,partner_invoice,False,71,65.0,3.6802816901408453,0.0,0.0,0.0
2025-01,Pune,2W,bike_taxi,False,partner_invoice,True,1932,65.0,3.697800207039337,64.40002587991718,124420.85,92493.15919
2025-01,Pune,2W,ecom_logistics,False,partner_invoice,False,158,65.0,8.807911392405064,0.0,0.0,0.0
2025-01,Pune,2W,ecom_logistics,False,partner_invoice,True,4186,65.0,8.768012422360249,57.08650262780698,238964.1,170829.59686
2025-01,Pune,2W,food_delivery,False,partner_invoice,False,321,65.0,6.493925233644861,0.0,0.0,0.0
2025-01,Pune,2W,food_delivery,False,partner_invoice,True,8424,65.0,6.539274691358025,65.37359330484331,550707.15,412963.82249
2025-01,Pune,2W,quick_commerce,False,partner_invoice,False,244,65.0,16.02356557377049,0.0,0.0,0.0
2025-01,Pune,2W,quick_commerce,False,partner_invoice,True,7014,65.0,15.916288850869687,50.829790419161675,356520.14999999997,240508.06911
2025-01,Pune,3W,Retail,False,partner_invoice,False,26,110.0,0.0,0.0,0.0,0.0
2025-01,Pune,3W,Retail,False,partner_invoice,True,249,110.0,0.0,110.0,27390.0,17783.13538
2025-01,Pune,3W,Retail,True,partner_invoice,False,62,110.0,0.0,0.0,0.0,0.0
2025-01,Pune,3W,Retail,True,partner_invoice,True,587,110.0,0.0,120.77683134582624,70896.0,48147.38996
2025-01,Pune,3W,bike_taxi,False,partner_invoice,False,8,110.0,6.1875,0.0,0.0,0.0
2025-01,Pune,3W,bike_taxi,False,partner_invoice,True,66,110.0,6.25,106.12878787878788,7004.5,4449.753270000001
2025-01,Pune,3W,cargo_3w,False,partner_invoice,False,220,110.0,8.485,0.0,0.0,0.0
2025-01,Pune,3W,cargo_3w,False,partner_invoice,True,2184,110.0,8.469093406593407,101.97229853479854,222707.50000000003,137246.00043000001
2025-01,Pune,3W,ecom_logistics,False,partner_invoice,False,30,110.0,14.446666666666665,0.0,0.0,0.0
2025-01,Pune,3W,ecom_logistics,False,partner_invoice,True,342,110.0,14.41578947368421,95.85321637426901,32781.799999999996,19421.29759
2025-01,Pune,3W,food_delivery,False,partner_invoice,False,42,110.0,11.654761904761905,0.0,0.0,0.0
2025-01,Pune,3W,food_delivery,False,partner_invoice,True,421,110.0,11.425890736342042,103.9351543942993,43756.7,27339.336560000003
2025-01,Pune,3W,quick_commerce,False,partner_invoice,False,23,110.0,29.891304347826086,0.0,0.0,0.0
2025-01,Pune,3W,quick_commerce,False,partner_invoice,True,229,110.0,28.062008733624452,83.24366812227073,19062.800000000003,9913.91517
2025-02,Bengaluru,2W,Retail,False,partner_invoice,False,172,65.0,0.0,0.0,0.0,0.0
2025-02,Bengaluru,2W,Retail,False,partner_invoice,True,4354,65.0,0.0,65.00344510794672,283025.0,211750.65584
2025-02,Bengaluru,2W,Retail,True,partner_invoice,False,454,65.0,0.0,0.0,0.0,0.0
2025-02,Bengaluru,2W,Retail,True,partner_invoice,True,11380,65.0,0.0,75.97038664323374,864543.0,677871.1340399999
2025-02,Bengaluru,2W,bike_taxi,False,partner_invoice,False,113,65.0,3.5491150442477877,0.0,0.0,0.0
2025-02,Bengaluru,2W,bike_taxi,False,partner_invoice,True,2347,65.0,3.5452279505752022,64.58387302939923,151578.34999999998,112979.76856
2025-02,Bengaluru,2W,ecom_logistics,False,partner_invoice,False,237,65.0,8.918987341772153,0.0,0.0,0.0
2025-02,Bengaluru,2W,ecom_logistics,False,partner_invoice,True,5866,65.0,8.889021479713604,56.88015683600409,333659.0,237046.78658
2025-02,Bengaluru,2W,food_delivery,False,partner_invoice,False,461,65.0,6.512689804772234,0.0,0.0,0.0
2025-02,Bengaluru,2W,food_delivery,False,partner_invoice,True,11677,65.0,6.522989637749422,65.51845936456282,765059.05,573835.22006
2025-02,Bengaluru,2W,quick_commerce,False,partner_invoice,False,340,65.0,15.51205882352941,0.0,0.0,0.0
2025-02,Bengaluru,2W,quick_commerce,False,partner_invoice,True,8907,65.0,15.812361064331423,51.053474795104975,454733.30000000005,301952.26735999994
2025-02,Bengaluru,3W,Retail,False,partner_invoice,False,30,110.0,0.0,0.0,0.0,0.0
2025-02,Bengaluru,3W,Retail,False,partner_invoice,True,235,110.0,0.0,110.0,25850.0,16486.26413
2025-02,Bengaluru,3W,Retail,True,partner_invoice,False,49,110.0,0.0,0.0,0.0,0.0
2025-02,Bengaluru,3W,Retail,True,partner_invoice,True,581,110.0,0.0,120.79518072289157,70182.0,47151.13669
2025-02,Bengaluru,3W,bike_taxi,False,partner_invoice,False,19,110.0,5.905263157894737,0.0,0.0,0.0
2025-02,Bengaluru,3W,bike_taxi,False,partner_invoice,True,193,110.0,6.144041450777202,106.97512953367875,20646.2,12931.986990000001
2025-02,Bengaluru,3W,cargo_3w,False,partner_invoice,False,220,110.0,8.56,0.0,0.0,0.0
2025-02,Bengaluru,3W,cargo_3w,False,partner_invoice,True,2541,110.0,8.544155844155844,102.1236914600551,259496.30000000005,158300.25129
2025-02,Bengaluru,3W,ecom_logistics,False,partner_invoice,False,44,110.0,14.65,0.0,0.0,0.0
2025-02,Bengaluru,3W,ecom_logistics,False,partner_invoice,True,485,110.0,14.83979381443299,95.73134020618556,46429.7,27280.8802
2025-02,Bengaluru,3W,food_delivery,False,partner_invoice,False,58,110.0,10.98103448275862,0.0,0.0,0.0
2025-02,Bengaluru,3W,food_delivery,False,partner_invoice,True,607,110.0,11.085172981878088,106.08121911037891,64391.299999999996,40240.21807
2025-02,Bengaluru,3W,quick_commerce,False,partner_invoice,False,50,110.0,29.128,0.0,0.0,0.0
2025-02,Bengaluru,3W,quick_commerce,False,partner_invoice,True,477,110.0,29.87987421383648,80.58134171907757,38437.30000000002,19011.83515
2025-02,Delhi NCR,2W,Retail,False,partner_invoice,False,630,65.0,0.0,0.0,0.0,0.0
2025-02,Delhi NCR,2W,Retail,False,partner_invoice,True,16953,65.0,0.0,64.99498613814664,1101860.0,832081.58143
2025-02,Delhi NCR,2W,bike_taxi,False,partner_invoice,False,102,65.0,3.645098039215686,0.0,0.0,0.0
2025-02,Delhi NCR,2W,bike_taxi,False,partner_invoice,True,2787,65.0,3.6287585217079297,61.373035522066736,171046.65000000002,126651.20568
2025-02,Delhi NCR,2W,ecom_logistics,False,partner_invoice,False,269,65.0,8.836617100371749,0.0,0.0,0.0
2025-02,Delhi NCR,2W,ecom_logistics,False,partner_invoice,True,6740,65.0,8.755519287833827,56.246706231454006,379102.80000000005,271161.51438
2025-02,Delhi NCR,2W,food_delivery,False,partner_invoice,False,443,65.0,6.54841986455982,0.0,0.0,0.0
2025-02,Delhi NCR,2W,food_delivery,False,partner_invoice,True,11951,65.0,6.552648313948623,58.452372186427915,698564.3,508483.59459
2025-02,Delhi NCR,2W,quick_commerce,False,partner_invoice,False,365,65.0,15.493150684931507,0.0,0.0,0.0
2025-02,Delhi NCR,2W,quick_commerce,False,partner_invoice,True,9384,65.0,16.05743819266837,48.94682438192668,459317.0,304055.4832799999
2025-02,Delhi NCR,3W,Retail,False,partner_invoice,False,88,110.0,0.0,0.0,0.0,0.0
2025-02,Delhi NCR,3W,Retail,False,partner_invoice,True,938,110.0,0.0,110.01066098081023,103190.0,66745.13827
2025-02,Delhi NCR,3W,bike_taxi,False,partner_invoice,False,20,110.0,6.38,0.0,0.0,0.0
2025-02,Delhi NCR,3W,bike_taxi,False,partner_invoice,True,167,110.0,6.369461077844312,103.63053892215568,17306.299999999996,10804.01139
2025-02,Delhi NCR,3W,cargo_3w,False,partner_invoice,False,248,110.0,8.467338709677419,0.0,0.0,0.0
2025-02,Delhi NCR,3W,cargo_3w,False,partner_invoice,True,2518,110.0,8.463185067513901,101.52887212073074,255649.7,157487.11051
2025-02,Delhi NCR,3W,ecom_logistics,False,partner_invoice,False,37,110.0,14.716216216216216,0.0,0.0,0.0
2025-02,Delhi NCR,3W,ecom_logistics,False,partner_invoice,True,284,110.0,14.900352112676055,95.09964788732394,27008.299999999996,15943.65179
2025-02,Delhi NCR,3W,food_delivery,False,partner_invoice,False,75,110.0,10.677333333333333,0.0,0.0,0.0
2025-02,Delhi NCR,3W,food_delivery,False,partner_invoice,True,659,110.0,10.722913505311077,99.29226100151745,65433.6,39642.159270000004
2025-02,Delhi NCR,3W,quick_commerce,False,partner_invoice,False,51,110.0,28.341176470588238,0.0,0.0,0.0
2025-02,Delhi NCR,3W,quick_commerce,False,partner_invoice,True,530,110.0,27.44811320754717,82.56132075471699,43757.50000000001,21956.51774
2025-02,Hyderabad,2W,Retail,False,partner_invoice,False,577,65.0,0.0,0.0,0.0,0.0
2025-02,Hyderabad,2W,Retail,False,partner_invoice,True,15502,65.0,0.0,64.99741968778223,1007590.0,760057.77138
2025-02,Hyderabad,2W,bike_taxi,False,partner_invoice,False,78,65.0,3.65,0.0,0.0,0.0
2025-02,Hyderabad,2W,bike_taxi,False,partner_invoice,True,2288,65.0,3.659090909090909,61.34090909090909,140348.0,104229.88180999999
2025-02,Hyderabad,2W,ecom_logistics,False,partner_invoice,False,223,65.0,8.779372197309417,0.0,0.0,0.0
2025-02,Hyderabad,2W,ecom_logistics,False,partner_invoice,True,6029,65.0,8.810631945596285,56.187709404544705,338755.7,242269.70023000002
2025-02,Hyderabad,2W,food_delivery,False,partner_invoice,False,408,65.0,6.543014705882354,0.0,0.0,0.0
2025-02,Hyderabad,2W,food_delivery,False,partner_invoice,True,10046,65.0,6.532739398765678,58.46825602229743,587372.1,426676.29246
2025-02,Hyderabad,2W,quick_commerce,False,partner_invoice,False,336,65.0,15.957886904761903,0.0,0.0,0.0
2025-02,Hyderabad,2W,quick_commerce,False,partner_invoice,True,8629,65.0,15.723988874724764,49.27427280101981,425187.69999999995,281695.69427
2025-02,Hyderabad,3W,Retail,False,partner_invoice,False,64,110.0,0.0,0.0,0.0,0.0
2025-02,Hyderabad,3W,Retail,False,partner_invoice,True,656,110.0,0.0,110.0076219512195,72165.0,46834.5855
2025-02,Hyderabad,3W,bike_taxi,False,partner_invoice,False,13,110.0,5.923076923076923,0.0,0.0,0.0
2025-02,Hyderabad,3W,bike_taxi,False,partner_invoice,True,90,110.0,6.001111111111111,103.99888888888889,9359.900000000001,5582.534390000001
2025-02,Hyderabad,3W,cargo_3w,False,partner_invoice,False,195,110.0,8.450256410256411,0.0,0.0,0.0
2025-02,Hyderabad,3W,cargo_3w,False,partner_invoice,True,1993,110.0,8.469944806823884,101.53256397390868,202354.40000000002,124048.09109
2025-02,Hyderabad,3W,ecom_logistics,False,partner_invoice,False,40,110.0,14.190000000000001,0.0,0.0,0.0
2025-02,Hyderabad,3W,ecom_logistics,False,partner_invoice,True,319,110.0,14.406896551724138,95.59310344827587,30494.199999999997,17559.04738
2025-02,Hyderabad,3W,food_delivery,False,partner_invoice,False,60,110.0,10.981666666666666,0.0,0.0,0.0
2025-02,Hyderabad,3W,food_delivery,False,partner_invoice,True,589,110.0,11.02988115449915,98.9786078098472,58298.399999999994,35039.72363000001
2025-02,Hyderabad,3W,quick_commerce,False,partner_invoice,False,61,110.0,24.632786885245903,0.0,0.0,0.0
2025-02,Hyderabad,3W,quick_commerce,False,partner_invoice,True,659,110.0,25.725644916540215,84.2743550834598,55536.8,28637.12544
2025-02,Jaipur,2W,Retail,False,partner_invoice,False,391,65.0,0.0,0.0,0.0,0.0
2025-02,Jaipur,2W,Retail,False,partner_invoice,True,11010,65.0,0.0,65.00045413260672,715655.0,537264.66765
2025-02,Jaipur,2W,bike_taxi,False,partner_invoice,False,80,65.0,3.52625,0.0,0.0,0.0
2025-02,Jaipur,2W,bike_taxi,False,partner_invoice,True,1967,65.0,3.618784951703101,61.38375699034062,120741.85,88762.37049
2025-02,Jaipur,2W,ecom_logistics,False,partner_invoice,False,152,65.0,8.766447368421053,0.0,0.0,0.0
2025-02,Jaipur,2W,ecom_logistics,False,partner_invoice,True,3804,65.0,8.875131440588854,56.12092534174553,213484.0,152188.78332
2025-02,Jaipur,2W,food_delivery,False,partner_invoice,False,295,65.0,6.577118644067797,0.0,0.0,0.0
2025-02,Jaipur,2W,food_delivery,False,partner_invoice,True,7232,65.0,6.572082411504425,58.43137444690266,422575.70000000007,305542.01808
2025-02,Jaipur,2W,quick_commerce,False,partner_invoice,False,236,65.0,15.792796610169491,0.0,0.0,0.0
2025-02,Jaipur,2W,quick_commerce,False,partner_invoice,True,5493,65.0,15.74259056981613,49.26651192426725,270620.95,178511.67928999997
2025-02,Jaipur,3W,Retail,False,partner_invoice,False,53,110.0,0.0,0.0,0.0,0.0
2025-02,Jaipur,3W,Retail,False,partner_invoice,True,507,110.0,0.0,110.00986193293886,55775.0,36019.52494
2025-02,Jaipur,3W,bike_taxi,False,partner_invoice,False,3,110.0,5.5,0.0,0.0,0.0
2025-02,Jaipur,3W,bike_taxi,False,partner_invoice,True,33,110.0,5.5,104.1969696969697,3438.5,2092.7522200000003
2025-02,Jaipur,3W,cargo_3w,False,partner_invoice,False,119,110.0,8.559663865546218,0.0,0.0,0.0
2025-02,Jaipur,3W,cargo_3w,False,partner_invoice,True,1409,110.0,8.5236337828247,101.49056068133429,143000.2,86863.41058
2025-02,Jaipur,3W,ecom_logistics,False,partner_invoice,False,19,110.0,15.631578947368421,0.0,0.0,0.0
2025-02,Jaipur,3W,ecom_logistics,False,partner_invoice,True,245,110.0,15.108163265306123,94.89183673469388,23248.5,13317.19067
2025-02,Jaipur,3W,food_delivery,False,partner_invoice,False,53,110.0,10.958490566037735,0.0,0.0,0.0
2025-02,Jaipur,3W,food_delivery,False,partner_invoice,True,444,110.0,11.061936936936936,98.93806306306307,43928.5,26442.33576
2025-02,Jaipur,3W,quick_commerce,False,partner_invoice,False,33,110.0,26.366666666666667,0.0,0.0,0.0
2025-02,Jaipur,3W,quick_commerce,False,partner_invoice,True,379,110.0,27.215567282321903,82.7712401055409,31370.300000000003,15846.19418
2025-02,Mumbai,2W,Retail,False,partner_invoice,False,451,65.0,0.0,0.0,0.0,0.0
2025-02,Mumbai,2W,Retail,False,partner_invoice,True,10838,65.0,0.0,64.99861598080827,704455.0,509556.31990999996
2025-02,Mumbai,2W,bike_taxi,False,partner_invoice,False,90,65.0,3.64,0.0,0.0,0.0
2025-02,Mumbai,2W,bike_taxi,False,partner_invoice,True,2246,65.0,3.663557435440784,61.34979964381122,137791.65000000002,97352.42241
2025-02,Mumbai,2W,ecom_logistics,False,partner_invoice,False,148,65.0,8.884797297297297,0.0,0.0,0.0
2025-02,Mumbai,2W,ecom_logistics,False,partner_invoice,True,4042,65.0,8.883869371598218,56.11241959426027,226806.40000000002,154403.47548999998
2025-02,Mumbai,2W,food_delivery,False,partner_invoice,False,272,65.0,6.535845588235294,0.0,0.0,0.0
2025-02,Mumbai,2W,food_delivery,False,partner_invoice,True,7357,65.0,6.540994970776131,58.46376240315346,430117.9,297783.10563
2025-02,Mumbai,2W,quick_commerce,False,partner_invoice,False,232,65.0,15.804525862068964,0.0,0.0,0.0
2025-02,Mumbai,2W,quick_commerce,False,partner_invoice,True,6740,65.0,16.08730712166172,48.917885756676554,329706.54999999993,203357.85838
2025-02,Mumbai,3W,Retail,False,partner_invoice,False,90,110.0,0.0,0.0,0.0,0.0
2025-02,Mumbai,3W,Retail,False,partner_invoice,True,853,110.0,0.0,109.98241500586167,93815.0,56808.26548
2025-02,Mumbai,3W,bike_taxi,False,partner_invoice,False,15,110.0,6.233333333333333,0.0,0.0,0.0
2025-02,Mumbai,3W,bike_taxi,False,partner_invoice,True,133,110.0,6.252631578947368,103.74736842105263,13798.399999999998,7639.855850000001
2025-02,Mumbai,3W,cargo_3w,False,partner_invoice,False,204,110.0,8.519607843137255,0.0,0.0,0.0
2025-02,Mumbai,3W,cargo_3w,False,partner_invoice,True,2177,110.0,8.507946715663758,101.49664676159854,220958.2,126757.35127
2025-02,Mumbai,3W,ecom_logistics,False,partner_invoice,False,15,110.0,14.520000000000001,0.0,0.0,0.0
2025-02,Mumbai,3W,ecom_logistics,False,partner_invoice,True,149,110.0,14.536241610738255,95.39664429530201,14214.1,7916.58207
2025-02,Mumbai,3W,food_delivery,False,partner_invoice,False,64,110.0,11.0859375,0.0,0.0,0.0
2025-02,Mumbai,3W,food_delivery,False,partner_invoice,True,536,110.0,11.26679104477612,98.73320895522389,52921.0,29566.52682
2025-02,Mumbai,3W,quick_commerce,False,partner_invoice,False,36,110.0,30.799999999999997,0.0,0.0,0.0
2025-02,Mumbai,3W,quick_commerce,False,partner_invoice,True,396,110.0,30.800000000000004,79.21262626262626,31368.20000000001,13414.241370000002
2025-02,Pune,2W,Retail,False,partner_invoice,False,126,65.0,0.0,0.0,0.0,0.0
2025-02,Pune,2W,Retail,False,partner_invoice,True,3272,65.0,0.0,65.00458435207824,212695.0,160247.65367
2025-02,Pune,2W,Retail,True,partner_invoice,False,313,65.0,0.0,0.0,0.0,0.0
2025-02,Pune,2W,Retail,True,partner_invoice,True,8341,65.0,0.0,75.91367941493826,633196.0,499386.17668
2025-02,Pune,2W,bike_taxi,False,partner_invoice,False,74,65.0,3.6716216216216213,0.0,0.0,0.0
2025-02,Pune,2W,bike_taxi,False,partner_invoice,True,1813,65.0,3.6924158852730278,64.3335079977937,116636.65000000002,87272.95280999999
2025-02,Pune,2W,ecom_logistics,False,partner_invoice,False,157,65.0,8.752229299363057,0.0,0.0,0.0
2025-02,Pune,2W,ecom_logistics,False,partner_invoice,True,4029,65.0,8.804926780838919,56.99105237031522,229616.95,165192.55406
2025-02,Pune,2W,food_delivery,False,partner_invoice,False,340,65.0,6.587941176470588,0.0,0.0,0.0
2025-02,Pune,2W,food_delivery,False,partner_invoice,True,7730,65.0,6.532794307891333,65.33512289780077,505040.5,381110.33039
2025-02,Pune,2W,quick_commerce,False,partner_invoice,False,263,65.0,16.086882129277566,0.0,0.0,0.0
2025-02,Pune,2W,quick_commerce,False,partner_invoice,True,6575,65.0,15.966669201520912,50.706182509505695,333393.15,226337.83776999998
2025-02,Pune,3W,Retail,False,partner_invoice,False,18,110.0,0.0,0.0,0.0,0.0
2025-02,Pune,3W,Retail,False,partner_invoice,True,224,110.0,0.0,110.0,24640.0,16077.31809
2025-02,Pune,3W,Retail,True,partner_invoice,False,54,110.0,0.0,0.0,0.0,0.0
2025-02,Pune,3W,Retail,True,partner_invoice,True,506,110.0,0.0,121.54545454545455,61502.0,42070.389989999996
2025-02,Pune,3W,bike_taxi,False,partner_invoice,False,9,110.0,6.355555555555555,0.0,0.0,0.0
2025-02,Pune,3W,bike_taxi,False,partner_invoice,True,56,110.0,6.167857142857143,107.83214285714287,6038.6,3936.3180500000008
2025-02,Pune,3W,cargo_3w,False,partner_invoice,False,180,110.0,8.433333333333334,0.0,0.0,0.0
2025-02,Pune,3W,cargo_3w,False,partner_invoice,True,1913,110.0,8.448092002090958,102.1138525875588,195343.80000000002,121139.04105
2025-02,Pune,3W,ecom_logistics,False,partner_invoice,False,34,110.0,14.81764705882353,0.0,0.0,0.0
2025-02,Pune,3W,ecom_logistics,False,partner_invoice,True,285,110.0,14.427368421052632,96.26385964912281,27435.199999999997,16323.13527
2025-02,Pune,3W,food_delivery,False,partner_invoice,False,46,110.0,11.478260869565217,0.0,0.0,0.0
2025-02,Pune,3W,food_delivery,False,partner_invoice,True,436,110.0,11.368348623853212,103.90688073394496,45303.40000000001,28453.010240000003
2025-02,Pune,3W,quick_commerce,False,partner_invoice,False,15,110.0,29.40666666666667,0.0,0.0,0.0
2025-02,Pune,3W,quick_commerce,False,partner_invoice,True,213,110.0,28.445070422535213,82.40469483568076,17552.200000000008,9218.29539
2025-03,Bengaluru,2W,Retail,False,partner_invoice,False,179,65.0,0.0,0.0,0.0,0.0
2025-03,Bengaluru,2W,Retail,False,partner_invoice,True,4999,65.0,0.0,65.00800160032006,324975.0,245012.00339000003
2025-03,Bengaluru,2W,Retail,True,partner_invoice,False,500,65.0,0.0,0.0,0.0,0.0
2025-03,Bengaluru,2W,Retail,True,partner_invoice,True,12714,65.0,0.0,76.08706937234544,967371.0,763820.08583
2025-03,Bengaluru,2W,bike_taxi,False,partner_invoice,False,106,65.0,3.556603773584906,0.0,0.0,0.0
2025-03,Bengaluru,2W,bike_taxi,False,partner_invoice,True,2636,65.0,3.595220030349014,64.600531107739,170287.0,127760.47235
2025-03,Bengaluru,2W,ecom_logistics,False,partner_invoice,False,227,65.0,8.96828193832599,0.0,0.0,0.0
2025-03,Bengaluru,2W,ecom_logistics,False,partner_invoice,True,6754,65.0,8.859305596683447,56.999148652650284,384972.25,276421.38006999996
2025-03,Bengaluru,2W,food_delivery,False,partner_invoice,False,539,65.0,6.534972170686456,0.0,0.0,0.0
2025-03,Bengaluru,2W,food_delivery,False,partner_invoice,True,13577,65.0,6.514889150769685,65.53976209766516,889833.3500000001,672974.0730000001
2025-03,Bengaluru,2W,quick_commerce,False,partner_invoice,False,396,65.0,15.517929292929292,0.0,0.0,0.0
2025-03,Bengaluru,2W,quick_commerce,False,partner_invoice,True,9974,65.0,15.6604120713856,51.3589382394225,512254.05000000005,345613.03089999995
2025-03,Bengaluru,3W,Retail,False,partner_invoice,False,22,110.0,0.0,0.0,0.0,0.0
2025-03,Bengaluru,3W,Retail,False,partner_invoice,True,254,110.0,0.0,109.98031496062993,27935.0,18028.338709999996
2025-03,Bengaluru,3W,Retail,True,partner_invoice,False,63,110.0,0.0,0.0,0.0,0.0
2025-03,Bengaluru,3W,Retail,True,partner_invoice,True,725,110.0,0.0,120.67448275862068,87489.0,59265.82576
2025-03,Bengaluru,3W,bike_taxi,False,partner_invoice,False,26,110.0,6.2192307692307685,0.0,0.0,0.0
2025-03,Bengaluru,3W,bike_taxi,False,partner_invoice,True,226,110.0,6.079203539823008,106.8278761061947,24143.100000000002,15162.522920000003
2025-03,Bengaluru,3W,cargo_3w,False,partner_invoice,False,269,110.0,8.51375464684015,0.0,0.0,0.0
2025-03,Bengaluru,3W,cargo_3w,False,partner_invoice,True,2682,110.0,8.538739746457868,101.59175988068604,272469.10000000003,168032.42228
2025-03,Bengaluru,3W,ecom_logistics,False,partner_invoice,False,56,110.0,15.105357142857143,0.0,0.0,0.0
2025-03,Bengaluru,3W,ecom_logistics,False,partner_invoice,True,492,110.0,14.691260162601624,95.9428861788618,47203.899999999994,27854.64853
2025-03,Bengaluru,3W,food_delivery,False,partner_invoice,False,93,110.0,11.2247311827957,0.0,0.0,0.0
2025-03,Bengaluru,3W,food_delivery,False,partner_invoice,True,793,110.0,11.123455233291299,105.41500630517025,83594.1,52898.713820000004
2025-03,Bengaluru,3W,quick_commerce,False,partner_invoice,False,46,110.0,30.8,0.0,0.0,0.0
2025-03,Bengaluru,3W,quick_commerce,False,partner_invoice,True,524,110.0,29.842748091603053,80.65152671755726,42261.40000000001,20992.544370000003
2025-03,Delhi NCR,2W,Retail,False,partner_invoice,False,750,65.0,0.0,0.0,0.0,0.0
2025-03,Delhi NCR,2W,Retail,False,partner_invoice,True,19069,65.0,0.0,65.00026220567413,1239490.0,944593.78534
2025-03,Delhi NCR,2W,bike_taxi,False,partner_invoice,False,143,65.0,3.6545454545454548,0.0,0.0,0.0
2025-03,Delhi NCR,2W,bike_taxi,False,partner_invoice,True,3445,65.0,3.6507547169811323,61.35359941944847,211363.15000000002,158099.14411
2025-03,Delhi NCR,2W,ecom_logistics,False,partner_invoice,False,306,65.0,8.8281045751634,0.0,0.0,0.0
2025-03,Delhi NCR,2W,ecom_logistics,False,partner_invoice,True,7592,65.0,8.75265410958904,56.24537012644889,427014.85000000003,309008.92189
2025-03,Delhi NCR,2W,food_delivery,False,partner_invoice,False,523,65.0,6.542256214149139,0.0,0.0,0.0
2025-03,Delhi NCR,2W,food_delivery,False,partner_invoice,True,13811,65.0,6.531156324668743,58.47101585692563,807543.2,594582.0344100001
2025-03,Delhi NCR,2W,quick_commerce,False,partner_invoice,False,433,65.0,15.747113163972287,0.0,0.0,0.0
2025-03,Delhi NCR,2W,quick_commerce,False,partner_invoice,True,10623,65.0,15.86206815400546,49.13699049232797,521982.25,350828.53628999996
2025-03,Delhi NCR,3W,Retail,False,partner_invoice,False,96,110.0,0.0,0.0,0.0,0.0
2025-03,Delhi NCR,3W,Retail,False,partner_invoice,True,1073,110.0,0.0,109.99534016775397,118025.0,76534.44122000001
2025-03,Delhi NCR,3W,bike_taxi,False,partner_invoice,False,25,110.0,6.4239999999999995,0.0,0.0,0.0
2025-03,Delhi NCR,3W,bike_taxi,False,partner_invoice,True,181,110.0,6.375138121546961,103.62486187845305,18756.1,11908.4117
2025-03,Delhi NCR,3W,cargo_3w,False,partner_invoice,False,280,110.0,8.418928571428571,0.0,0.0,0.0
2025-03,Delhi NCR,3W,cargo_3w,False,partner_invoice,True,2667,110.0,8.444469441319836,101.55553055868016,270848.6,167704.25491999998
2025-03,Delhi NCR,3W,ecom_logistics,False,partner_invoice,False,25,110.0,15.84,0.0,0.0,0.0
2025-03,Delhi NCR,3W,ecom_logistics,False,partner_invoice,True,290,110.0,15.714827586206898,94.31965517241379,27352.699999999997,16210.434919999998
2025-03,Delhi NCR,3W,food_delivery,False,partner_invoice,False,69,110.0,10.76086956521739,0.0,0.0,0.0
2025-03,Delhi NCR,3W,food_delivery,False,partner_invoice,True,704,110.0,10.793750000000001,99.19204545454545,69831.20000000001,42431.09689
2025-03,Delhi NCR,3W,quick_commerce,False,partner_invoice,False,71,110.0,24.91267605633803,0.0,0.0,0.0
2025-03,Delhi NCR,3W,quick_commerce,False,partner_invoice,True,621,110.0,27.06425120772947,82.9196457326892,51493.100000000006,26036.4467
2025-03,Hyderabad,2W,Retail,False,partner_invoice,False,711,65.0,0.0,0.0,0.0,0.0
2025-03,Hyderabad,2W,Retail,False,partner_invoice,True,18163,65.0,0.0,65.00220227935914,1180635.0,900314.58861
2025-03,Hyderabad,2W,bike_taxi,False,partner_invoice,False,112,65.0,3.696875,0.0,0.0,0.0
2025-03,Hyderabad,2W,bike_taxi,False,partner_invoice,True,2497,65.0,3.667801361633961,61.33219863836604,153146.5,114937.83245
2025-03,Hyderabad,2W,ecom_logistics,False,partner_invoice,False,265,65.0,8.680566037735849,0.0,0.0,0.0
2025-03,Hyderabad,2W,ecom_logistics,False,partner_invoice,True,6630,65.0,8.781176470588235,56.220331825037704,372740.80000000005,270088.06447
2025-03,Hyderabad,2W,food_delivery,False,partner_invoice,False,454,65.0,6.510022026431718,0.0,0.0,0.0
2025-03,Hyderabad,2W,food_delivery,False,partner_invoice,True,11166,65.0,6.5081497402830015,58.49364141142755,653140.0,481103.90529
2025-03,Hyderabad,2W,quick_commerce,False,partner_invoice,False,382,65.0,15.775261780104712,0.0,0.0,0.0
2025-03,Hyderabad,2W,quick_commerce,False,partner_invoice,True,10223,65.0,15.835826078450552,49.16857576053996,502650.35,338396.29857
2025-03,Hyderabad,3W,Retail,False,partner_invoice,False,100,110.0,0.0,0.0,0.0,0.0
2025-03,Hyderabad,3W,Retail,False,partner_invoice,True,851,110.0,0.0,109.97062279670975,93585.0,61400.22988
2025-03,Hyderabad,3W,bike_taxi,False,partner_invoice,False,12,110.0,5.866666666666667,0.0,0.0,0.0
2025-03,Hyderabad,3W,bike_taxi,False,partner_invoice,True,93,110.0,5.748387096774194,104.2516129032258,9695.4,5972.94026
2025-03,Hyderabad,3W,cargo_3w,False,partner_invoice,False,233,110.0,8.512017167381975,0.0,0.0,0.0
2025-03,Hyderabad,3W,cargo_3w,False,partner_invoice,True,2341,110.0,8.50632208457924,101.49367791542076,237596.7,147383.2387
2025-03,Hyderabad,3W,ecom_logistics,False,partner_invoice,False,37,110.0,14.151351351351352,0.0,0.0,0.0
2025-03,Hyderabad,3W,ecom_logistics,False,partner_invoice,True,373,110.0,13.975603217158175,96.01099195710455,35812.1,21053.132899999997
2025-03,Hyderabad,3W,food_delivery,False,partner_invoice,False,49,110.0,10.977551020408162,0.0,0.0,0.0
2025-03,Hyderabad,3W,food_delivery,False,partner_invoice,True,635,110.0,10.941102362204726,99.03527559055118,62887.4,38281.997030000006
2025-03,Hyderabad,3W,quick_commerce,False,partner_invoice,False,80,110.0,23.485,0.0,0.0,0.0
2025-03,Hyderabad,3W,quick_commerce,False,partner_invoice,True,754,110.0,25.11763925729443,84.86909814323607,63991.30000000002,34036.06942
2025-03,Jaipur,2W,Retail,False,partner_invoice,False,488,65.0,0.0,0.0,0.0,0.0
2025-03,Jaipur,2W,Retail,False,partner_invoice,True,12630,65.0,0.0,64.99524940617577,820890.0,626473.7874400001
2025-03,Jaipur,2W,bike_taxi,False,partner_invoice,False,91,65.0,3.65,0.0,0.0,0.0
2025-03,Jaipur,2W,bike_taxi,False,partner_invoice,True,2099,65.0,3.626560266793711,61.371057646498336,128817.85000000002,96312.2868
2025-03,Jaipur,2W,ecom_logistics,False,partner_invoice,False,162,65.0,8.967592592592593,0.0,0.0,0.0
2025-03,Jaipur,2W,ecom_logistics,False,partner_invoice,True,3995,65.0,8.941526908635796,56.06097622027534,223963.6,161932.40748
2025-03,Jaipur,2W,food_delivery,False,partner_invoice,False,323,65.0,6.558359133126935,0.0,0.0,0.0
2025-03,Jaipur,2W,food_delivery,False,partner_invoice,True,8441,65.0,6.543661888401848,58.45574576471982,493424.95000000007,363530.59039
2025-03,Jaipur,2W,quick_commerce,False,partner_invoice,False,245,65.0,15.629183673469386,0.0,0.0,0.0
2025-03,Jaipur,2W,quick_commerce,False,partner_invoice,True,6202,65.0,15.597379877458884,49.40100773943889,306385.04999999993,207642.30271999998
2025-03,Jaipur,3W,Retail,False,partner_invoice,False,55,110.0,0.0,0.0,0.0,0.0
2025-03,Jaipur,3W,Retail,False,partner_invoice,True,584,110.0,0.0,109.99143835616438,64235.0,41965.643500000006
2025-03,Jaipur,3W,bike_taxi,False,partner_invoice,False,8,110.0,5.5,0.0,0.0,0.0
2025-03,Jaipur,3W,bike_taxi,False,partner_invoice,True,48,110.0,5.5,104.5,5016.0,3100.31048
2025-03,Jaipur,3W,cargo_3w,False,partner_invoice,False,173,110.0,8.45664739884393,0.0,0.0,0.0
2025-03,Jaipur,3W,cargo_3w,False,partner_invoice,True,1623,110.0,8.520764017252002,101.4823166974738,164705.8,102147.89532000001
2025-03,Jaipur,3W,ecom_logistics,False,partner_invoice,False,37,110.0,15.31081081081081,0.0,0.0,0.0
2025-03,Jaipur,3W,ecom_logistics,False,partner_invoice,True,283,110.0,14.886925795053003,95.113074204947,26917.0,16181.154830000001
2025-03,Jaipur,3W,food_delivery,False,partner_invoice,False,58,110.0,10.98103448275862,0.0,0.0,0.0
2025-03,Jaipur,3W,food_delivery,False,partner_invoice,True,536,110.0,11.080037313432834,98.91996268656716,53021.100000000006,32543.828120000002
2025-03,Jaipur,3W,quick_commerce,False,partner_invoice,False,47,110.0,27.242553191489364,0.0,0.0,0.0
2025-03,Jaipur,3W,quick_commerce,False,partner_invoice,True,493,110.0,27.62048681541582,82.36937119675456,40608.100000000006,21207.99523
2025-03,Mumbai,2W,Retail,False,partner_invoice,False,515,65.0,0.0,0.0,0.0,0.0
2025-03,Mumbai,2W,Retail,False,partner_invoice,True,12239,65.0,0.0,64.99959146989133,795530.0,579521.66
2025-03,Mumbai,2W,bike_taxi,False,partner_invoice,False,92,65.0,3.666847826086957,0.0,0.0,0.0
2025-03,Mumbai,2W,bike_taxi,False,partner_invoice,True,2458,65.0,3.6773393002441006,61.31859235150529,150721.1,107270.72237999999
2025-03,Mumbai,2W,ecom_logistics,False,partner_invoice,False,169,65.0,8.803846153846154,0.0,0.0,0.0
2025-03,Mumbai,2W,ecom_logistics,False,partner_invoice,True,4514,65.0,8.855494018608772,56.14561364643332,253441.3,174050.20655
2025-03,Mumbai,2W,food_delivery,False,partner_invoice,False,332,65.0,6.543072289156627,0.0,0.0,0.0
2025-03,Mumbai,2W,food_delivery,False,partner_invoice,True,8259,65.0,6.549424869838964,58.44996972999152,482738.30000000005,337252.62477
2025-03,Mumbai,2W,quick_commerce,False,partner_invoice,False,297,65.0,15.663468013468014,0.0,0.0,0.0
2025-03,Mumbai,2W,quick_commerce,False,partner_invoice,True,7792,65.0,16.118948921971253,48.87784265913757,380856.1499999999,237266.95619999996
2025-03,Mumbai,3W,Retail,False,partner_invoice,False,104,110.0,0.0,0.0,0.0,0.0
2025-03,Mumbai,3W,Retail,False,partner_invoice,True,943,110.0,0.0,109.98939554612937,103720.0,63419.73578
2025-03,Mumbai,3W,bike_taxi,False,partner_invoice,False,8,110.0,6.05,0.0,0.0,0.0
2025-03,Mumbai,3W,bike_taxi,False,partner_invoice,True,160,110.0,6.1118749999999995,103.88812500000002,16622.1,9418.98716
2025-03,Mumbai,3W,cargo_3w,False,partner_invoice,False,233,110.0,8.46008583690987,0.0,0.0,0.0
2025-03,Mumbai,3W,cargo_3w,False,partner_invoice,True,2454,110.0,8.46919315403423,101.52061939690302,249131.60000000003,144439.47478999998
2025-03,Mumbai,3W,ecom_logistics,False,partner_invoice,False,19,110.0,15.4,0.0,0.0,0.0
2025-03,Mumbai,3W,ecom_logistics,False,partner_invoice,True,203,110.0,14.598029556650246,95.45123152709358,19376.6,10809.631130000002
2025-03,Mumbai,3W,food_delivery,False,partner_invoice,False,61,110.0,11.306557377049181,0.0,0.0,0.0
2025-03,Mumbai,3W,food_delivery,False,partner_invoice,True,593,110.0,11.230016863406407,98.76155143338954,58565.600000000006,32920.445739999996
2025-03,Mumbai,3W,quick_commerce,False,partner_invoice,False,50,110.0,30.8,0.0,0.0,0.0
2025-03,Mumbai,3W,quick_commerce,False,partner_invoice,True,428,110.0,30.8,79.2,33897.600000000006,14466.507360000001
2025-03,Pune,2W,Retail,False,partner_invoice,False,157,65.0,0.0,0.0,0.0,0.0
2025-03,Pune,2W,Retail,False,partner_invoice,True,3660,65.0,0.0,65.0068306010929,237925.0,180153.33929
2025-03,Pune,2W,Retail,True,partner_invoice,False,380,65.0,0.0,0.0,0.0,0.0
2025-03,Pune,2W,Retail,True,partner_invoice,True,9291,65.0,0.0,76.08567430847056,706912.0,560209.81371
2025-03,Pune,2W,bike_taxi,False,partner_invoice,False,81,65.0,3.6993827160493824,0.0,0.0,0.0
2025-03,Pune,2W,bike_taxi,False,partner_invoice,True,2136,65.0,3.7088951310861424,64.45589887640449,137677.8,103796.90007
2025-03,Pune,2W,ecom_logistics,False,partner_invoice,False,157,65.0,8.756369426751592,0.0,0.0,0.0
2025-03,Pune,2W,ecom_logistics,False,partner_invoice,True,4452,65.0,8.770911949685534,57.046922731356695,253972.9,184061.97133000003
2025-03,Pune,2W,food_delivery,False,partner_invoice,False,355,65.0,6.576901408450705,0.0,0.0,0.0
2025-03,Pune,2W,food_delivery,False,partner_invoice,True,8612,65.0,6.552455875522527,65.39296911286577,563164.25,427082.33926000004
2025-03,Pune,2W,quick_commerce,False,partner_invoice,False,312,65.0,15.5875,0.0,0.0,0.0
2025-03,Pune,2W,quick_commerce,False,partner_invoice,True,7178,65.0,16.23859013652828,50.30835887433825,361113.39999999997,246204.52230999997
2025-03,Pune,3W,Retail,False,partner_invoice,False,20,110.0,0.0,0.0,0.0,0.0
2025-03,Pune,3W,Retail,False,partner_invoice,True,269,110.0,0.0,110.0,29590.0,19414.27757
2025-03,Pune,3W,Retail,True,partner_invoice,False,61,110.0,0.0,0.0,0.0,0.0
2025-03,Pune,3W,Retail,True,partner_invoice,True,625,110.0,0.0,121.5408,75963.0,52341.73254
2025-03,Pune,3W,bike_taxi,False,partner_invoice,False,2,110.0,6.6,0.0,0.0,0.0
2025-03,Pune,3W,bike_taxi,False,partner_invoice,True,56,110.0,6.442857142857142,106.71785714285716,5976.2,3748.3400600000004
2025-03,Pune,3W,cargo_3w,False,partner_invoice,False,225,110.0,8.462666666666667,0.0,0.0,0.0
2025-03,Pune,3W,cargo_3w,False,partner_invoice,True,2157,110.0,8.454242002781642,102.07102457116366,220167.2,137677.99884999997
2025-03,Pune,3W,ecom_logistics,False,partner_invoice,False,35,110.0,14.205714285714285,0.0,0.0,0.0
2025-03,Pune,3W,ecom_logistics,False,partner_invoice,True,297,110.0,14.64074074074074,95.65892255892255,28410.699999999997,17020.00918
2025-03,Pune,3W,food_delivery,False,partner_invoice,False,43,110.0,11.409302325581395,0.0,0.0,0.0
2025-03,Pune,3W,food_delivery,False,partner_invoice,True,493,110.0,11.43286004056795,103.60162271805274,51075.600000000006,32406.83533
2025-03,Pune,3W,quick_commerce,False,partner_invoice,False,26,110.0,29.996153846153845,0.0,0.0,0.0
2025-03,Pune,3W,quick_commerce,False,partner_invoice,True,272,110.0,28.87904411764706,82.07316176470589,22323.9,11471.375970000001
2025-04,Bengaluru,2W,Retail,False,partner_invoice,False,194,65.0,0.0,0.0,0.0,0.0
2025-04,Bengaluru,2W,Retail,False,partner_invoice,True,5017,65.0,0.0,64.99701016543752,326090.0,246922.63163000002
2025-04,Bengaluru,2W,Retail,True,partner_invoice,False,523,65.0,0.0,0.0,0.0,0.0
2025-04,Bengaluru,2W,Retail,True,partner_invoice,True,12825,65.0,0.0,75.83165692007798,972541.0,770510.39326
2025-04,Bengaluru,2W,bike_taxi,False,partner_invoice,False,106,65.0,3.654716981132075,0.0,0.0,0.0
2025-04,Bengaluru,2W,bike_taxi,False,partner_invoice,True,2578,65.0,3.610298681148177,64.65541117145074,166681.65000000002,125477.15054999999
2025-04,Bengaluru,2W,ecom_logistics,False,partner_invoice,False,256,65.0,8.8765625,0.0,0.0,0.0
2025-04,Bengaluru,2W,ecom_logistics,False,partner_invoice,True,6793,65.0,8.815810393051672,56.89168261445606,386465.2,278963.46389
2025-04,Bengaluru,2W,food_delivery,False,partner_invoice,False,549,65.0,6.526047358834244,0.0,0.0,0.0
2025-04,Bengaluru,2W,food_delivery,False,partner_invoice,True,13703,65.0,6.508443406553309,65.58679121360287,898735.8,683418.40233
2025-04,Bengaluru,2W,quick_commerce,False,partner_invoice,False,396,65.0,15.58030303030303,0.0,0.0,0.0
2025-04,Bengaluru,2W,quick_commerce,False,partner_invoice,True,9782,65.0,15.783530975260684,51.10810672664077,499939.5,339453.68129
2025-04,Bengaluru,3W,Retail,False,partner_invoice,False,26,110.0,0.0,0.0,0.0,0.0
2025-04,Bengaluru,3W,Retail,False,partner_invoice,True,282,110.0,0.0,110.0,31020.0,20121.77428
2025-04,Bengaluru,3W,Retail,True,partner_invoice,False,63,110.0,0.0,0.0,0.0,0.0
2025-04,Bengaluru,3W,Retail,True,partner_invoice,True,733,110.0,0.0,121.0150068212824,88704.0,60401.086939999994
2025-04,Bengaluru,3W,bike_taxi,False,partner_invoice,False,22,110.0,6.05,0.0,0.0,0.0
2025-04,Bengaluru,3W,bike_taxi,False,partner_invoice,True,216,110.0,6.065277777777777,106.05046296296297,22906.9,14451.642800000001
2025-04,Bengaluru,3W,cargo_3w,False,partner_invoice,False,300,110.0,8.565333333333335,0.0,0.0,0.0
2025-04,Bengaluru,3W,cargo_3w,False,partner_invoice,True,2711,110.0,8.526521578753227,101.9862043526374,276484.60000000003,172084.54651000001
2025-04,Bengaluru,3W,ecom_logistics,False,partner_invoice,False,47,110.0,14.346808510638297,0.0,0.0,0.0
2025-04,Bengaluru,3W,ecom_logistics,False,partner_invoice,True,522,110.0,14.569731800766283,96.27509578544061,50255.6,30161.370079999997
2025-04,Bengaluru,3W,food_delivery,False,partner_invoice,False,79,110.0,11.083544303797469,0.0,0.0,0.0
2025-04,Bengaluru,3W,food_delivery,False,partner_invoice,True,840,110.0,11.193809523809524,105.80738095238095,88878.20000000001,56803.49783
2025-04,Bengaluru,3W,quick_commerce,False,partner_invoice,False,70,110.0,29.307142857142857,0.0,0.0,0.0
2025-04,Bengaluru,3W,quick_commerce,False,partner_invoice,True,495,110.0,29.871111111111112,80.41777777777779,39806.8,20138.286939999998
2025-04,Delhi NCR,2W,Retail,False,partner_invoice,False,1852,65.0,0.0,0.0,0.0,0.0
2025-04,Delhi NCR,2W,Retail,False,partner_invoice,True,18669,65.0,0.0,65.00401735497348,1213560.0,932939.22832
2025-04,Delhi NCR,2W,bike_taxi,False,partner_invoice,False,312,65.0,3.695833333333333,0.0,0.0,0.0
2025-04,Delhi NCR,2W,bike_taxi,False,partner_invoice,True,3448,65.0,3.6931989559164733,61.30825116009281,211390.85000000003,159754.7496
2025-04,Delhi NCR,2W,ecom_logistics,False,partner_invoice,False,655,65.0,8.674274809160305,0.0,0.0,0.0
2025-04,Delhi NCR,2W,ecom_logistics,False,partner_invoice,True,7462,65.0,8.763937282229966,56.23874296435272,419653.5,307073.07424
2025-04,Delhi NCR,2W,food_delivery,False,partner_invoice,False,1418,65.0,6.516043723554302,0.0,0.0,0.0
2025-04,Delhi NCR,2W,food_delivery,False,partner_invoice,True,13500,65.0,6.524459259259259,58.47776296296296,789449.8,587529.20331
2025-04,Delhi NCR,2W,quick_commerce,False,partner_invoice,False,1067,65.0,16.023992502343017,0.0,0.0,0.0
2025-04,Delhi NCR,2W,quick_commerce,False,partner_invoice,True,9966,65.0,15.689353802929963,49.30412402167369,491364.9,336023.44057
2025-04,Delhi NCR,3W,Retail,False,partner_invoice,False,148,110.0,0.0,0.0,0.0,0.0
2025-04,Delhi NCR,3W,Retail,False,partner_invoice,True,1037,110.0,0.0,109.98553519768564,114055.0,74512.75968999999
2025-04,Delhi NCR,3W,bike_taxi,False,partner_invoice,False,33,110.0,6.266666666666666,0.0,0.0,0.0
2025-04,Delhi NCR,3W,bike_taxi,False,partner_invoice,True,202,110.0,6.36039603960396,103.63960396039604,20935.2,13309.152660000002
2025-04,Delhi NCR,3W,cargo_3w,False,partner_invoice,False,395,110.0,8.415696202531647,0.0,0.0,0.0
2025-04,Delhi NCR,3W,cargo_3w,False,partner_invoice,True,2859,110.0,8.453725078698845,101.54802378454005,290325.80000000005,181093.73583999998
2025-04,Delhi NCR,3W,ecom_logistics,False,partner_invoice,False,44,110.0,15.825,0.0,0.0,0.0
2025-04,Delhi NCR,3W,ecom_logistics,False,partner_invoice,True,318,110.0,15.866981132075471,94.14874213836478,29939.299999999996,17896.98968
2025-04,Delhi NCR,3W,food_delivery,False,partner_invoice,False,108,110.0,10.959259259259259,0.0,0.0,0.0
2025-04,Delhi NCR,3W,food_delivery,False,partner_invoice,True,679,110.0,10.884977908689248,99.12974963181149,67309.1,40948.19575
2025-04,Delhi NCR,3W,quick_commerce,False,partner_invoice,False,111,110.0,26.845945945945946,0.0,0.0,0.0
2025-04,Delhi NCR,3W,quick_commerce,False,partner_invoice,True,609,110.0,26.544499178981937,83.44729064039409,50819.40000000001,26400.3986
2025-04,Hyderabad,2W,Retail,False,partner_invoice,False,972,65.0,0.0,0.0,0.0,0.0
2025-04,Hyderabad,2W,Retail,False,partner_invoice,True,18738,65.0,0.0,65.00293521186893,1218025.0,939328.7468300001
2025-04,Hyderabad,2W,bike_taxi,False,partner_invoice,False,130,65.0,3.695,0.0,0.0,0.0
2025-04,Hyderabad,2W,bike_taxi,False,partner_invoice,True,2637,65.0,3.667311338642397,61.34027303754266,161754.30000000002,122814.01308
2025-04,Hyderabad,2W,ecom_logistics,False,partner_invoice,False,358,65.0,8.922067039106144,0.0,0.0,0.0
2025-04,Hyderabad,2W,ecom_logistics,False,partner_invoice,True,6813,65.0,8.769323352414501,56.228474974313805,383084.60000000003,281343.88326000003
2025-04,Hyderabad,2W,food_delivery,False,partner_invoice,False,640,65.0,6.5132031249999995,0.0,0.0,0.0
2025-04,Hyderabad,2W,food_delivery,False,partner_invoice,True,11855,65.0,6.523741037536904,58.47878954027837,693266.05,516510.60721
2025-04,Hyderabad,2W,quick_commerce,False,partner_invoice,False,599,65.0,16.138230383973287,0.0,0.0,0.0
2025-04,Hyderabad,2W,quick_commerce,False,partner_invoice,True,10560,65.0,15.953375946969697,49.04804450757575,517947.35,353634.37662999996
2025-04,Hyderabad,3W,Retail,False,partner_invoice,False,99,110.0,0.0,0.0,0.0,0.0
2025-04,Hyderabad,3W,Retail,False,partner_invoice,True,812,110.0,0.0,110.0,89320.0,59196.89766
2025-04,Hyderabad,3W,bike_taxi,False,partner_invoice,False,10,110.0,5.83,0.0,0.0,0.0
2025-04,Hyderabad,3W,bike_taxi,False,partner_invoice,True,83,110.0,5.963855421686747,104.03614457831326,8635.0,5176.84933
2025-04,Hyderabad,3W,cargo_3w,False,partner_invoice,False,271,110.0,8.548339483394836,0.0,0.0,0.0
2025-04,Hyderabad,3W,cargo_3w,False,partner_invoice,True,2509,110.0,8.494420087684336,101.50159426066162,254667.5,159686.59558000002
2025-04,Hyderabad,3W,ecom_logistics,False,partner_invoice,False,28,110.0,14.535714285714286,0.0,0.0,0.0
2025-04,Hyderabad,3W,ecom_logistics,False,partner_invoice,True,357,110.0,14.204481792717086,95.80952380952381,34204.0,20394.685989999998
2025-04,Hyderabad,3W,food_delivery,False,partner_invoice,False,71,110.0,11.0,0.0,0.0,0.0
2025-04,Hyderabad,3W,food_delivery,False,partner_invoice,True,567,110.0,10.926278659611993,99.08253968253969,56179.799999999996,34296.797439999995
2025-04,Hyderabad,3W,quick_commerce,False,partner_invoice,False,94,110.0,25.019148936170215,0.0,0.0,0.0
2025-04,Hyderabad,3W,quick_commerce,False,partner_invoice,True,757,110.0,25.112549537648615,84.88084544253633,64254.80000000001,34389.186740000005
2025-04,Jaipur,2W,Retail,False,partner_invoice,False,1187,65.0,0.0,0.0,0.0,0.0
2025-04,Jaipur,2W,Retail,False,partner_invoice,True,12469,65.0,0.0,64.99759403320235,810455.0,624709.74645
2025-04,Jaipur,2W,bike_taxi,False,partner_invoice,False,181,65.0,3.655801104972376,0.0,0.0,0.0
2025-04,Jaipur,2W,bike_taxi,False,partner_invoice,True,1986,65.0,3.622129909365559,61.37535246727089,121891.45000000001,92159.86897000001
2025-04,Jaipur,2W,ecom_logistics,False,partner_invoice,False,302,65.0,8.912748344370861,0.0,0.0,0.0
2025-04,Jaipur,2W,ecom_logistics,False,partner_invoice,True,3879,65.0,9.047383346223254,55.953905645785,217045.2,158994.8825
2025-04,Jaipur,2W,food_delivery,False,partner_invoice,False,835,65.0,6.527245508982036,0.0,0.0,0.0
2025-04,Jaipur,2W,food_delivery,False,partner_invoice,True,8301,65.0,6.552306950969763,58.44648837489459,485164.30000000005,361694.00241
2025-04,Jaipur,2W,quick_commerce,False,partner_invoice,False,638,65.0,16.18683385579937,0.0,0.0,0.0
2025-04,Jaipur,2W,quick_commerce,False,partner_invoice,True,5849,65.0,15.738023593776713,49.26112155924089,288128.3,197375.21613
2025-04,Jaipur,3W,Retail,False,partner_invoice,False,93,110.0,0.0,0.0,0.0,0.0
2025-04,Jaipur,3W,Retail,False,partner_invoice,True,584,110.0,0.0,109.98287671232876,64230.0,42417.74794
2025-04,Jaipur,3W,bike_taxi,False,partner_invoice,False,6,110.0,5.5,0.0,0.0,0.0
2025-04,Jaipur,3W,bike_taxi,False,partner_invoice,True,45,110.0,5.5,104.5,4702.5,2951.3680099999997
2025-04,Jaipur,3W,cargo_3w,False,partner_invoice,False,231,110.0,8.480952380952381,0.0,0.0,0.0
2025-04,Jaipur,3W,cargo_3w,False,partner_invoice,True,1711,110.0,8.497837521917008,101.50508474576272,173675.2,108715.64948000001
2025-04,Jaipur,3W,ecom_logistics,False,partner_invoice,False,41,110.0,15.13170731707317,0.0,0.0,0.0
2025-04,Jaipur,3W,ecom_logistics,False,partner_invoice,True,276,110.0,15.049275362318841,94.95072463768116,26206.4,15542.179349999999
2025-04,Jaipur,3W,food_delivery,False,partner_invoice,False,79,110.0,10.972151898734177,0.0,0.0,0.0
2025-04,Jaipur,3W,food_delivery,False,partner_invoice,True,488,110.0,11.07438524590164,98.94610655737706,48285.700000000004,29731.44542
2025-04,Jaipur,3W,quick_commerce,False,partner_invoice,False,67,110.0,28.616417910447762,0.0,0.0,0.0
2025-04,Jaipur,3W,quick_commerce,False,partner_invoice,True,445,110.0,27.465393258426968,82.53460674157304,36727.90000000001,19321.37994
2025-04,Mumbai,2W,Retail,False,partner_invoice,False,519,65.0,0.0,0.0,0.0,0.0
2025-04,Mumbai,2W,Retail,False,partner_invoice,True,12621,65.0,0.0,64.9964345139054,820320.0,602164.1982
2025-04,Mumbai,2W,bike_taxi,False,partner_invoice,False,96,65.0,3.65625,0.0,0.0,0.0
2025-04,Mumbai,2W,bike_taxi,False,partner_invoice,True,2562,65.0,3.6769906323185015,61.32496096799375,157114.55000000002,113029.42619000001
2025-04,Mumbai,2W,ecom_logistics,False,partner_invoice,False,203,65.0,8.674137931034481,0.0,0.0,0.0
2025-04,Mumbai,2W,ecom_logistics,False,partner_invoice,True,4791,65.0,8.84100396576915,56.16212690461282,269072.75,186375.59655
2025-04,Mumbai,2W,food_delivery,False,partner_invoice,False,326,65.0,6.553834355828221,0.0,0.0,0.0
2025-04,Mumbai,2W,food_delivery,False,partner_invoice,True,8736,65.0,6.549776785714285,58.45194024725275,510636.15,359838.17002
2025-04,Mumbai,2W,quick_commerce,False,partner_invoice,False,305,65.0,16.377868852459017,0.0,0.0,0.0
2025-04,Mumbai,2W,quick_commerce,False,partner_invoice,True,7817,65.0,16.10822566201868,48.89689139055904,382226.99999999994,241189.97827999998
2025-04,Mumbai,3W,Retail,False,partner_invoice,False,86,110.0,0.0,0.0,0.0,0.0
2025-04,Mumbai,3W,Retail,False,partner_invoice,True,864,110.0,0.0,109.99421296296296,95035.0,58745.0045
2025-04,Mumbai,3W,bike_taxi,False,partner_invoice,False,21,110.0,6.39047619047619,0.0,0.0,0.0
2025-04,Mumbai,3W,bike_taxi,False,partner_invoice,True,142,110.0,6.034507042253521,103.96549295774648,14763.099999999999,8518.505120000002
2025-04,Mumbai,3W,cargo_3w,False,partner_invoice,False,239,110.0,8.413389121338913,0.0,0.0,0.0
2025-04,Mumbai,3W,cargo_3w,False,partner_invoice,True,2591,110.0,8.483288305673485,101.52057120802779,263039.8,154610.82965
2025-04,Mumbai,3W,ecom_logistics,False,partner_invoice,False,21,110.0,14.038095238095238,0.0,0.0,0.0
2025-04,Mumbai,3W,ecom_logistics,False,partner_invoice,True,268,110.0,14.460074626865673,95.52126865671642,25599.699999999997,14411.42128
2025-04,Mumbai,3W,food_delivery,False,partner_invoice,False,56,110.0,11.05892857142857,0.0,0.0,0.0
2025-04,Mumbai,3W,food_delivery,False,partner_invoice,True,633,110.0,11.145971563981043,98.85402843601895,62574.6,35560.082850000006
2025-04,Mumbai,3W,quick_commerce,False,partner_invoice,False,43,110.0,30.313953488372093,0.0,0.0,0.0
2025-04,Mumbai,3W,quick_commerce,False,partner_invoice,True,469,110.0,29.641364605543714,80.3586353944563,37688.20000000001,16709.97366
2025-04,Pune,2W,Retail,False,partner_invoice,False,155,65.0,0.0,0.0,0.0,0.0
2025-04,Pune,2W,Retail,False,partner_invoice,True,3818,65.0,0.0,65.00261917234154,248180.0,189289.14821999997
2025-04,Pune,2W,Retail,True,partner_invoice,False,432,65.0,0.0,0.0,0.0,0.0
2025-04,Pune,2W,Retail,True,partner_invoice,True,9911,65.0,0.0,75.96549288669155,752894.0,600056.1335
2025-04,Pune,2W,bike_taxi,False,partner_invoice,False,69,65.0,3.6644927536231884,0.0,0.0,0.0
2025-04,Pune,2W,bike_taxi,False,partner_invoice,True,2042,65.0,3.7188785504407442,64.65134671890303,132018.05000000002,100339.46313
2025-04,Pune,2W,ecom_logistics,False,partner_invoice,False,189,65.0,8.78015873015873,0.0,0.0,0.0
2025-04,Pune,2W,ecom_logistics,False,partner_invoice,True,4809,65.0,8.734113121231024,57.195186109378255,275051.64999999997,201250.45515
2025-04,Pune,2W,food_delivery,False,partner_invoice,False,372,65.0,6.571639784946237,0.0,0.0,0.0
2025-04,Pune,2W,food_delivery,False,partner_invoice,True,8567,65.0,6.552883156297421,65.34673164468308,559825.45,426850.45857
2025-04,Pune,2W,quick_commerce,False,partner_invoice,False,279,65.0,16.252329749103943,0.0,0.0,0.0
2025-04,Pune,2W,quick_commerce,False,partner_invoice,True,7120,65.0,16.13068117977528,50.51384129213483,359658.54999999993,247758.89337
2025-04,Pune,3W,Retail,False,partner_invoice,False,26,110.0,0.0,0.0,0.0,0.0
2025-04,Pune,3W,Retail,False,partner_invoice,True,269,110.0,0.0,109.9814126394052,29585.0,19587.68215
2025-04,Pune,3W,Retail,True,partner_invoice,False,65,110.0,0.0,0.0,0.0,0.0
2025-04,Pune,3W,Retail,True,partner_invoice,True,645,110.0,0.0,120.23720930232558,77553.0,53500.08329
2025-04,Pune,3W,bike_taxi,False,partner_invoice,False,7,110.0,6.285714285714286,0.0,0.0,0.0
2025-04,Pune,3W,bike_taxi,False,partner_invoice,True,73,110.0,6.464383561643835,106.27534246575343,7758.0999999999985,4959.51569
2025-04,Pune,3W,cargo_3w,False,partner_invoice,False,253,110.0,8.517391304347827,0.0,0.0,0.0
2025-04,Pune,3W,cargo_3w,False,partner_invoice,True,2356,110.0,8.479711375212224,101.72699490662139,239668.8,150992.03454000002
2025-04,Pune,3W,ecom_logistics,False,partner_invoice,False,42,110.0,14.797619047619047,0.0,0.0,0.0
2025-04,Pune,3W,ecom_logistics,False,partner_invoice,True,360,110.0,14.516944444444446,96.21361111111112,34636.899999999994,21076.061560000002
2025-04,Pune,3W,food_delivery,False,partner_invoice,False,51,110.0,11.582352941176472,0.0,0.0,0.0
2025-04,Pune,3W,food_delivery,False,partner_invoice,True,549,110.0,11.490892531876138,103.16120218579235,56635.5,36037.43909
2025-04,Pune,3W,quick_commerce,False,partner_invoice,False,25,110.0,29.128,0.0,0.0,0.0
2025-04,Pune,3W,quick_commerce,False,partner_invoice,True,277,110.0,28.536462093862816,82.41660649819495,22829.4,11955.64698
2025-05,Bengaluru,2W,Retail,False,partner_invoice,False,265,65.0,0.0,0.0,0.0,0.0
2025-05,Bengaluru,2W,Retail,False,partner_invoice,True,5568,65.0,0.0,65.0017959770115,361930.0,276384.0417
2025-05,Bengaluru,2W,Retail,True,partner_invoice,False,730,65.0,0.0,0.0,0.0,0.0
2025-05,Bengaluru,2W,Retail,True,partner_invoice,True,14093,65.0,0.0,75.92457248279288,1070005.0,853116.77576
2025-05,Bengaluru,2W,bike_taxi,False,partner_invoice,False,134,65.0,3.58955223880597,0.0,0.0,0.0
2025-05,Bengaluru,2W,bike_taxi,False,partner_invoice,True,3028,65.0,3.6080581241743728,64.59306472919418,195587.80000000005,148298.40970999998
2025-05,Bengaluru,2W,ecom_logistics,False,partner_invoice,False,351,65.0,8.722222222222221,0.0,0.0,0.0
2025-05,Bengaluru,2W,ecom_logistics,False,partner_invoice,True,7495,65.0,8.852575050033355,56.97771180787191,427047.95,311065.97279
2025-05,Bengaluru,2W,food_delivery,False,partner_invoice,False,755,65.0,6.5043046357615895,0.0,0.0,0.0
2025-05,Bengaluru,2W,food_delivery,False,partner_invoice,True,14902,65.0,6.517796268957187,65.55789826868877,976943.8,747802.2123100001
2025-05,Bengaluru,2W,quick_commerce,False,partner_invoice,False,553,65.0,15.810397830018083,0.0,0.0,0.0
2025-05,Bengaluru,2W,quick_commerce,False,partner_invoice,True,11166,65.0,15.8441429339065,51.051791151710546,570044.3,390930.09368
2025-05,Bengaluru,3W,Retail,False,partner_invoice,False,32,110.0,0.0,0.0,0.0,0.0
2025-05,Bengaluru,3W,Retail,False,partner_invoice,True,360,110.0,0.0,110.0,39600.0,26090.75843
2025-05,Bengaluru,3W,Retail,True,partner_invoice,False,77,110.0,0.0,0.0,0.0,0.0
2025-05,Bengaluru,3W,Retail,True,partner_invoice,True,817,110.0,0.0,121.11505507955937,98951.0,68156.82909
2025-05,Bengaluru,3W,bike_taxi,False,partner_invoice,False,35,110.0,6.128571428571429,0.0,0.0,0.0
2025-05,Bengaluru,3W,bike_taxi,False,partner_invoice,True,248,110.0,6.10766129032258,106.87620967741935,26505.300000000003,16980.52011
2025-05,Bengaluru,3W,cargo_3w,False,partner_invoice,False,342,110.0,8.526608187134505,0.0,0.0,0.0
2025-05,Bengaluru,3W,cargo_3w,False,partner_invoice,True,3345,110.0,8.531988041853515,101.95799701046337,341049.5,213581.71267000004
2025-05,Bengaluru,3W,ecom_logistics,False,partner_invoice,False,55,110.0,14.959999999999999,0.0,0.0,0.0
2025-05,Bengaluru,3W,ecom_logistics,False,partner_invoice,True,539,110.0,14.971428571428572,95.19554730983303,51310.399999999994,30955.978580000003
2025-05,Bengaluru,3W,food_delivery,False,partner_invoice,False,109,110.0,11.28256880733945,0.0,0.0,0.0
2025-05,Bengaluru,3W,food_delivery,False,partner_invoice,True,889,110.0,11.216535433070867,105.62260967379078,93898.5,60450.34532000001
2025-05,Bengaluru,3W,quick_commerce,False,partner_invoice,False,63,110.0,28.80952380952381,0.0,0.0,0.0
2025-05,Bengaluru,3W,quick_commerce,False,partner_invoice,True,634,110.0,28.525394321766566,82.49668769716088,52302.90000000001,27449.75826
2025-05,Delhi NCR,2W,Retail,False,partner_invoice,False,2898,65.0,0.0,0.0,0.0,0.0
2025-05,Delhi NCR,2W,Retail,False,partner_invoice,True,19230,65.0,0.0,65.00208008320332,1249990.0,971482.8728100001
2025-05,Delhi NCR,2W,bike_taxi,False,partner_invoice,False,470,65.0,3.6911702127659574,0.0,0.0,0.0
2025-05,Delhi NCR,2W,bike_taxi,False,partner_invoice,True,3416,65.0,3.687265807962529,61.311270491803285,209439.30000000002,160079.23181
2025-05,Delhi NCR,2W,ecom_logistics,False,partner_invoice,False,900,65.0,8.72011111111111,0.0,0.0,0.0
2025-05,Delhi NCR,2W,ecom_logistics,False,partner_invoice,True,7575,65.0,8.764831683168318,56.23978877887789,426016.4,315877.70859
2025-05,Delhi NCR,2W,food_delivery,False,partner_invoice,False,2139,65.0,6.523702664796634,0.0,0.0,0.0
2025-05,Delhi NCR,2W,food_delivery,False,partner_invoice,True,13479,65.0,6.506558350025967,58.49307070257437,788428.1000000001,593815.8177499999
2025-05,Delhi NCR,2W,quick_commerce,False,partner_invoice,False,1666,65.0,16.013175270108043,0.0,0.0,0.0
2025-05,Delhi NCR,2W,quick_commerce,False,partner_invoice,True,9663,65.0,15.835568663975991,49.16339646072648,475065.9,329982.99124999996
2025-05,Delhi NCR,3W,Retail,False,partner_invoice,False,240,110.0,0.0,0.0,0.0,0.0
2025-05,Delhi NCR,3W,Retail,False,partner_invoice,True,1064,110.0,0.0,109.9953007518797,117035.0,77177.48178999999
2025-05,Delhi NCR,3W,bike_taxi,False,partner_invoice,False,36,110.0,6.294444444444444,0.0,0.0,0.0
2025-05,Delhi NCR,3W,bike_taxi,False,partner_invoice,True,223,110.0,6.333632286995515,103.66636771300449,23117.600000000002,14811.947440000002
2025-05,Delhi NCR,3W,cargo_3w,False,partner_invoice,False,506,110.0,8.447826086956523,0.0,0.0,0.0
2025-05,Delhi NCR,3W,cargo_3w,False,partner_invoice,True,2958,110.0,8.463826910074374,101.5395537525355,300354.0,189151.04546
2025-05,Delhi NCR,3W,ecom_logistics,False,partner_invoice,False,47,110.0,15.797872340425531,0.0,0.0,0.0
2025-05,Delhi NCR,3W,ecom_logistics,False,partner_invoice,True,374,110.0,15.705882352941176,94.3475935828877,35286.0,21225.637909999998
2025-05,Delhi NCR,3W,food_delivery,False,partner_invoice,False,167,110.0,10.927544910179641,0.0,0.0,0.0
2025-05,Delhi NCR,3W,food_delivery,False,partner_invoice,True,703,110.0,11.07823613086771,98.92176386913229,69542.0,42853.18983
2025-05,Delhi NCR,3W,quick_commerce,False,partner_invoice,False,154,110.0,25.642857142857142,0.0,0.0,0.0
2025-05,Delhi NCR,3W,quick_commerce,False,partner_invoice,True,592,110.0,26.669425675675676,83.32212837837838,49326.700000000004,26097.93043
2025-05,Hyderabad,2W,Retail,False,partner_invoice,False,2877,65.0,0.0,0.0,0.0,0.0
2025-05,Hyderabad,2W,Retail,False,partner_invoice,True,18595,65.0,0.0,65.00080666845926,1208690.0,943896.91386
2025-05,Hyderabad,2W,bike_taxi,False,partner_invoice,False,368,65.0,3.6650815217391304,0.0,0.0,0.0
2025-05,Hyderabad,2W,bike_taxi,False,partner_invoice,True,2725,65.0,3.659798165137615,61.33102752293578,167127.05000000002,128665.40519
2025-05,Hyderabad,2W,ecom_logistics,False,partner_invoice,False,837,65.0,8.806451612903226,0.0,0.0,0.0
2025-05,Hyderabad,2W,ecom_logistics,False,partner_invoice,True,7344,65.0,8.777478213507626,56.22320261437908,412903.19999999995,307403.5704
2025-05,Hyderabad,2W,food_delivery,False,partner_invoice,False,1989,65.0,6.5316993464052295,0.0,0.0,0.0
2025-05,Hyderabad,2W,food_delivery,False,partner_invoice,True,12104,65.0,6.52674322538004,58.47738764044944,707810.3,534728.70705
2025-05,Hyderabad,2W,quick_commerce,False,partner_invoice,False,1855,65.0,16.13611859838275,0.0,0.0,0.0
2025-05,Hyderabad,2W,quick_commerce,False,partner_invoice,True,10218,65.0,16.0558524173028,48.94023292229399,500071.3,347521.81091999996
2025-05,Hyderabad,3W,Retail,False,partner_invoice,False,208,110.0,0.0,0.0,0.0,0.0
2025-05,Hyderabad,3W,Retail,False,partner_invoice,True,866,110.0,0.0,110.0,95260.0,63792.260460000005
2025-05,Hyderabad,3W,bike_taxi,False,partner_invoice,False,14,110.0,5.971428571428571,0.0,0.0,0.0
2025-05,Hyderabad,3W,bike_taxi,False,partner_invoice,True,88,110.0,5.825,104.175,9167.399999999998,5717.4008
2025-05,Hyderabad,3W,cargo_3w,False,partner_invoice,False,444,110.0,8.453153153153155,0.0,0.0,0.0
2025-05,Hyderabad,3W,cargo_3w,False,partner_invoice,True,2422,110.0,8.453014037985136,101.53666391412055,245921.80000000002,156095.76453000001
2025-05,Hyderabad,3W,ecom_logistics,False,partner_invoice,False,65,110.0,13.741538461538463,0.0,0.0,0.0
2025-05,Hyderabad,3W,ecom_logistics,False,partner_invoice,True,389,110.0,14.359383033419023,95.64061696658096,37204.2,22517.8226
2025-05,Hyderabad,3W,food_delivery,False,partner_invoice,False,149,110.0,11.036912751677852,0.0,0.0,0.0
2025-05,Hyderabad,3W,food_delivery,False,partner_invoice,True,561,110.0,11.02156862745098,98.97843137254903,55526.899999999994,34454.17659
2025-05,Hyderabad,3W,quick_commerce,False,partner_invoice,False,195,110.0,23.72615384615385,0.0,0.0,0.0
2025-05,Hyderabad,3W,quick_commerce,False,partner_invoice,True,712,110.0,23.843117977528088,86.17794943820225,61358.70000000001,34170.25949
2025-05,Jaipur,2W,Retail,False,partner_invoice,False,1880,65.0,0.0,0.0,0.0,0.0
2025-05,Jaipur,2W,Retail,False,partner_invoice,True,12537,65.0,0.0,65.0003988194943,814910.0,634848.2241700001
2025-05,Jaipur,2W,bike_taxi,False,partner_invoice,False,301,65.0,3.6149501661129566,0.0,0.0,0.0
2025-05,Jaipur,2W,bike_taxi,False,partner_invoice,True,2039,65.0,3.5993869543894066,61.39325649828348,125180.85000000002,95579.32087
2025-05,Jaipur,2W,ecom_logistics,False,partner_invoice,False,516,65.0,8.985368217054264,0.0,0.0,0.0
2025-05,Jaipur,2W,ecom_logistics,False,partner_invoice,True,4153,65.0,9.005778954972309,55.99542499398026,232549.0,173049.15983999998
2025-05,Jaipur,2W,food_delivery,False,partner_invoice,False,1353,65.0,6.5686991869918705,0.0,0.0,0.0
2025-05,Jaipur,2W,food_delivery,False,partner_invoice,True,8471,65.0,6.551487427694488,58.45264431590131,495152.35,373782.12065
2025-05,Jaipur,2W,quick_commerce,False,partner_invoice,False,1100,65.0,16.167863636363634,0.0,0.0,0.0
2025-05,Jaipur,2W,quick_commerce,False,partner_invoice,True,5926,65.0,16.19307289908876,48.80102092473844,289194.85,200912.49774999998
2025-05,Jaipur,3W,Retail,False,partner_invoice,False,186,110.0,0.0,0.0,0.0,0.0
2025-05,Jaipur,3W,Retail,False,partner_invoice,True,693,110.0,0.0,110.0,76230.0,50895.89438
2025-05,Jaipur,3W,bike_taxi,False,partner_invoice,False,11,110.0,5.5,0.0,0.0,0.0
2025-05,Jaipur,3W,bike_taxi,False,partner_invoice,True,41,110.0,5.5,104.5,4284.5,2752.30187
2025-05,Jaipur,3W,cargo_3w,False,partner_invoice,False,316,110.0,8.545886075949367,0.0,0.0,0.0
2025-05,Jaipur,3W,cargo_3w,False,partner_invoice,True,1761,110.0,8.518285065303806,101.47035775127767,178689.30000000002,112979.17086000001
2025-05,Jaipur,3W,ecom_logistics,False,partner_invoice,False,49,110.0,15.938775510204081,0.0,0.0,0.0
2025-05,Jaipur,3W,ecom_logistics,False,partner_invoice,True,264,110.0,15.020833333333334,94.97916666666667,25074.5,15260.404740000002
2025-05,Jaipur,3W,food_delivery,False,partner_invoice,False,122,110.0,11.045081967213115,0.0,0.0,0.0
2025-05,Jaipur,3W,food_delivery,False,partner_invoice,True,507,110.0,11.206114398422091,98.80374753451676,50093.5,31531.53821
2025-05,Jaipur,3W,quick_commerce,False,partner_invoice,False,118,110.0,27.611864406779663,0.0,0.0,0.0
2025-05,Jaipur,3W,quick_commerce,False,partner_invoice,True,393,110.0,26.173282442748093,83.82671755725191,32943.90000000001,18169.44762
2025-05,Mumbai,2W,Retail,False,partner_invoice,False,561,65.0,0.0,0.0,0.0,0.0
2025-05,Mumbai,2W,Retail,False,partner_invoice,True,13801,65.0,0.0,64.99782624447504,897035.0,664881.14424
2025-05,Mumbai,2W,bike_taxi,False,partner_invoice,False,98,65.0,3.681122448979592,0.0,0.0,0.0
2025-05,Mumbai,2W,bike_taxi,False,partner_invoice,True,2667,65.0,3.6818710161229844,61.3237532808399,163550.45,118931.27586000001
2025-05,Mumbai,2W,ecom_logistics,False,partner_invoice,False,196,65.0,8.897704081632654,0.0,0.0,0.0
2025-05,Mumbai,2W,ecom_logistics,False,partner_invoice,True,4942,65.0,8.758822339133953,56.2310602994739,277893.89999999997,194888.94828
2025-05,Mumbai,2W,food_delivery,False,partner_invoice,False,448,65.0,6.576897321428572,0.0,0.0,0.0
2025-05,Mumbai,2W,food_delivery,False,partner_invoice,True,9823,65.0,6.550422477858088,58.45670365468797,574220.2,409633.79438
2025-05,Mumbai,2W,quick_commerce,False,partner_invoice,False,311,65.0,16.333601286173632,0.0,0.0,0.0
2025-05,Mumbai,2W,quick_commerce,False,partner_invoice,True,8289,65.0,15.975539872119677,49.02687296416938,406383.7499999999,261113.54168
2025-05,Mumbai,3W,Retail,False,partner_invoice,False,87,110.0,0.0,0.0,0.0,0.0
2025-05,Mumbai,3W,Retail,False,partner_invoice,True,920,110.0,0.0,110.0,101200.0,63250.585510000004
2025-05,Mumbai,3W,bike_taxi,False,partner_invoice,False,28,110.0,6.089285714285714,0.0,0.0,0.0
2025-05,Mumbai,3W,bike_taxi,False,partner_invoice,True,190,110.0,6.229473684210526,103.77052631578948,19716.4,11675.364250000002
2025-05,Mumbai,3W,cargo_3w,False,partner_invoice,False,284,110.0,8.505633802816902,0.0,0.0,0.0
2025-05,Mumbai,3W,cargo_3w,False,partner_invoice,True,2699,110.0,8.469877732493517,101.52271211559837,274009.80000000005,162750.5026
2025-05,Mumbai,3W,ecom_logistics,False,partner_invoice,False,23,110.0,15.065217391304348,0.0,0.0,0.0
2025-05,Mumbai,3W,ecom_logistics,False,partner_invoice,True,263,110.0,14.33764258555133,95.66235741444868,25159.199999999997,14433.23746
2025-05,Mumbai,3W,food_delivery,False,partner_invoice,False,72,110.0,10.984722222222222,0.0,0.0,0.0
2025-05,Mumbai,3W,food_delivery,False,partner_invoice,True,779,110.0,11.175096277278561,98.81848523748396,76979.6,44600.79423
2025-05,Mumbai,3W,quick_commerce,False,partner_invoice,False,49,110.0,30.3734693877551,0.0,0.0,0.0
2025-05,Mumbai,3W,quick_commerce,False,partner_invoice,True,513,110.0,29.537037037037038,80.47270955165692,41282.50000000001,18724.76491
2025-05,Pune,2W,Retail,False,partner_invoice,False,299,65.0,0.0,0.0,0.0,0.0
2025-05,Pune,2W,Retail,False,partner_invoice,True,4154,65.0,0.0,64.99037072701012,269970.0,207199.19676999998
2025-05,Pune,2W,Retail,True,partner_invoice,False,863,65.0,0.0,0.0,0.0,0.0
2025-05,Pune,2W,Retail,True,partner_invoice,True,10508,65.0,0.0,75.93414541301865,797916.0,639254.83247
2025-05,Pune,2W,bike_taxi,False,partner_invoice,False,170,65.0,3.7011764705882357,0.0,0.0,0.0
2025-05,Pune,2W,bike_taxi,False,partner_invoice,True,2325,65.0,3.711569892473118,64.40886021505376,149750.60000000003,114774.24807999999
2025-05,Pune,2W,ecom_logistics,False,partner_invoice,False,364,65.0,8.751785714285715,0.0,0.0,0.0
2025-05,Pune,2W,ecom_logistics,False,partner_invoice,True,5339,65.0,8.694100018730099,56.874545795092715,303653.2,223341.9131
2025-05,Pune,2W,food_delivery,False,partner_invoice,False,760,65.0,6.519671052631579,0.0,0.0,0.0
2025-05,Pune,2W,food_delivery,False,partner_invoice,True,8952,65.0,6.525848972296694,65.44264968722074,585842.6000000001,450198.08139
2025-05,Pune,2W,quick_commerce,False,partner_invoice,False,684,65.0,16.502777777777776,0.0,0.0,0.0
2025-05,Pune,2W,quick_commerce,False,partner_invoice,True,7610,65.0,16.03509855453351,50.63336399474375,385319.8999999999,268487.16530999995
2025-05,Pune,3W,Retail,False,partner_invoice,False,29,110.0,0.0,0.0,0.0,0.0
2025-05,Pune,3W,Retail,False,partner_invoice,True,282,110.0,0.0,110.0,31020.0,20593.56695
2025-05,Pune,3W,Retail,True,partner_invoice,False,116,110.0,0.0,0.0,0.0,0.0
2025-05,Pune,3W,Retail,True,partner_invoice,True,695,110.0,0.0,120.66474820143885,83862.0,58328.50839
2025-05,Pune,3W,bike_taxi,False,partner_invoice,False,13,110.0,6.515384615384614,0.0,0.0,0.0
2025-05,Pune,3W,bike_taxi,False,partner_invoice,True,83,110.0,6.334939759036144,105.97831325301206,8796.199999999999,5599.671220000001
2025-05,Pune,3W,cargo_3w,False,partner_invoice,False,326,110.0,8.449079754601227,0.0,0.0,0.0
2025-05,Pune,3W,cargo_3w,False,partner_invoice,True,2550,110.0,8.527803921568628,101.8376862745098,259686.10000000003,164746.02746
2025-05,Pune,3W,ecom_logistics,False,partner_invoice,False,53,110.0,14.279245283018867,0.0,0.0,0.0
2025-05,Pune,3W,ecom_logistics,False,partner_invoice,True,348,110.0,14.293678160919539,96.60000000000001,33616.799999999996,20773.95246
2025-05,Pune,3W,food_delivery,False,partner_invoice,False,74,110.0,11.564864864864864,0.0,0.0,0.0
2025-05,Pune,3W,food_delivery,False,partner_invoice,True,561,110.0,11.435294117647059,103.94081996434939,58310.799999999996,37581.102190000005
2025-05,Pune,3W,quick_commerce,False,partner_invoice,False,38,110.0,30.25,0.0,0.0,0.0
2025-05,Pune,3W,quick_commerce,False,partner_invoice,True,281,110.0,27.899288256227756,83.21103202846975,23382.300000000003,12453.672630000001
2025-06,Bengaluru,2W,Retail,False,partner_invoice,False,246,65.0,0.0,0.0,0.0,0.0
2025-06,Bengaluru,2W,Retail,False,partner_invoice,True,5512,65.0,0.0,65.00453555878084,358305.0,275682.31769999996
2025-06,Bengaluru,2W,Retail,True,partner_invoice,False,609,65.0,0.0,0.0,0.0,0.0
2025-06,Bengaluru,2W,Retail,True,partner_invoice,True,13849,65.0,0.0,75.93811827568777,1051667.0,843661.75148
2025-06,Bengaluru,2W,bike_taxi,False,partner_invoice,False,148,65.0,3.6320945945945944,0.0,0.0,0.0
2025-06,Bengaluru,2W,bike_taxi,False,partner_invoice,True,3157,65.0,3.617722521381058,64.55174216027875,203789.85000000003,155794.00697
2025-06,Bengaluru,2W,ecom_logistics,False,partner_invoice,False,310,65.0,8.758225806451614,0.0,0.0,0.0
2025-06,Bengaluru,2W,ecom_logistics,False,partner_invoice,True,7399,65.0,8.902338153804568,56.77802405730504,420100.60000000003,308365.75292
2025-06,Bengaluru,2W,food_delivery,False,partner_invoice,False,635,65.0,6.48771653543307,0.0,0.0,0.0
2025-06,Bengaluru,2W,food_delivery,False,partner_invoice,True,15372,65.0,6.505370153525892,65.52195225084569,1007203.45,776384.1685200001
2025-06,Bengaluru,2W,quick_commerce,False,partner_invoice,False,520,65.0,16.03875,0.0,0.0,0.0
2025-06,Bengaluru,2W,quick_commerce,False,partner_invoice,True,11528,65.0,15.902051526717559,50.91456887578071,586943.1500000001,406133.54224
2025-06,Bengaluru,3W,Retail,False,partner_invoice,False,25,110.0,0.0,0.0,0.0,0.0
2025-06,Bengaluru,3W,Retail,False,partner_invoice,True,309,110.0,0.0,110.0,33990.0,22545.69052
2025-06,Bengaluru,3W,Retail,True,partner_invoice,False,79,110.0,0.0,0.0,0.0,0.0
2025-06,Bengaluru,3W,Retail,True,partner_invoice,True,785,110.0,0.0,120.83949044585987,94859.0,65874.19631
2025-06,Bengaluru,3W,bike_taxi,False,partner_invoice,False,30,110.0,5.976666666666666,0.0,0.0,0.0
2025-06,Bengaluru,3W,bike_taxi,False,partner_invoice,True,250,110.0,6.1204,107.3996,26849.9,17396.145180000003
2025-06,Bengaluru,3W,cargo_3w,False,partner_invoice,False,402,110.0,8.509950248756219,0.0,0.0,0.0
2025-06,Bengaluru,3W,cargo_3w,False,partner_invoice,True,3610,110.0,8.517229916897508,102.02819944598338,368321.80000000005,233584.29817000002
2025-06,Bengaluru,3W,ecom_logistics,False,partner_invoice,False,55,110.0,15.26,0.0,0.0,0.0
2025-06,Bengaluru,3W,ecom_logistics,False,partner_invoice,True,494,110.0,14.983603238866396,95.80384615384615,47327.1,28986.721410000002
2025-06,Bengaluru,3W,food_delivery,False,partner_invoice,False,82,110.0,11.067073170731707,0.0,0.0,0.0
2025-06,Bengaluru,3W,food_delivery,False,partner_invoice,True,841,110.0,11.185731272294888,105.67277051129608,88870.8,57766.35802
2025-06,Bengaluru,3W,quick_commerce,False,partner_invoice,False,62,110.0,28.440322580645162,0.0,0.0,0.0
2025-06,Bengaluru,3W,quick_commerce,False,partner_invoice,True,591,110.0,28.92571912013537,81.8424703891709,48368.899999999994,25614.786330000003
2025-06,Delhi NCR,2W,Retail,False,partner_invoice,False,2774,65.0,0.0,0.0,0.0,0.0
2025-06,Delhi NCR,2W,Retail,False,partner_invoice,True,19697,65.0,0.0,65.00279230339646,1280360.0,1006367.07302
2025-06,Delhi NCR,2W,bike_taxi,False,partner_invoice,False,414,65.0,3.678623188405797,0.0,0.0,0.0
2025-06,Delhi NCR,2W,bike_taxi,False,partner_invoice,True,3327,65.0,3.6913435527502254,61.31917643522693,204008.90000000002,157939.79112
2025-06,Delhi NCR,2W,ecom_logistics,False,partner_invoice,False,885,65.0,8.8054802259887,0.0,0.0,0.0
2025-06,Delhi NCR,2W,ecom_logistics,False,partner_invoice,True,7542,65.0,8.7706046141607,56.22806947759215,424072.10000000003,318673.15316
2025-06,Delhi NCR,2W,food_delivery,False,partner_invoice,False,2045,65.0,6.5066748166259165,0.0,0.0,0.0
2025-06,Delhi NCR,2W,food_delivery,False,partner_invoice,True,13614,65.0,6.529124430733069,58.47014103129132,796012.5,607726.9079100001
2025-06,Delhi NCR,2W,quick_commerce,False,partner_invoice,False,1439,65.0,15.874183460736623,0.0,0.0,0.0
2025-06,Delhi NCR,2W,quick_commerce,False,partner_invoice,True,9689,65.0,15.629048405408195,49.36579110331303,478305.15,337858.74645
2025-06,Delhi NCR,3W,Retail,False,partner_invoice,False,214,110.0,0.0,0.0,0.0,0.0
2025-06,Delhi NCR,3W,Retail,False,partner_invoice,True,1089,110.0,0.0,109.99540863177226,119785.0,79502.86828
2025-06,Delhi NCR,3W,bike_taxi,False,partner_invoice,False,52,110.0,6.346153846153846,0.0,0.0,0.0
2025-06,Delhi NCR,3W,bike_taxi,False,partner_invoice,True,260,110.0,6.282692307692308,103.7173076923077,26966.5,17373.10657
2025-06,Delhi NCR,3W,cargo_3w,False,partner_invoice,False,481,110.0,8.422661122661124,0.0,0.0,0.0
2025-06,Delhi NCR,3W,cargo_3w,False,partner_invoice,True,2978,110.0,8.47568838146407,101.51927468099396,302324.4,192243.97997
2025-06,Delhi NCR,3W,ecom_logistics,False,partner_invoice,False,60,110.0,15.876666666666667,0.0,0.0,0.0
2025-06,Delhi NCR,3W,ecom_logistics,False,partner_invoice,True,363,110.0,15.484848484848484,94.52892561983471,34314.0,20945.33124
2025-06,Delhi NCR,3W,food_delivery,False,partner_invoice,False,147,110.0,10.977551020408164,0.0,0.0,0.0
2025-06,Delhi NCR,3W,food_delivery,False,partner_invoice,True,717,110.0,11.10739191073919,98.89958158995816,70911.0,44107.03888
2025-06,Delhi NCR,3W,quick_commerce,False,partner_invoice,False,129,110.0,26.101550387596898,0.0,0.0,0.0
2025-06,Delhi NCR,3W,quick_commerce,False,partner_invoice,True,535,110.0,25.838691588785046,84.15196261682243,45021.30000000001,24360.85124
2025-06,Hyderabad,2W,Retail,False,partner_invoice,False,1978,65.0,0.0,0.0,0.0,0.0
2025-06,Hyderabad,2W,Retail,False,partner_invoice,True,18885,65.0,0.0,64.99682287529785,1227465.0,969002.34279
2025-06,Hyderabad,2W,bike_taxi,False,partner_invoice,False,296,65.0,3.64527027027027,0.0,0.0,0.0
2025-06,Hyderabad,2W,bike_taxi,False,partner_invoice,True,2933,65.0,3.6555574497101944,61.34103307194,179913.25000000003,140149.73320000002
2025-06,Hyderabad,2W,ecom_logistics,False,partner_invoice,False,730,65.0,8.767876712328768,0.0,0.0,0.0
2025-06,Hyderabad,2W,ecom_logistics,False,partner_invoice,True,7503,65.0,8.751999200319872,56.24666799946688,422018.75,319017.3663
2025-06,Hyderabad,2W,food_delivery,False,partner_invoice,False,1367,65.0,6.522823701536211,0.0,0.0,0.0
2025-06,Hyderabad,2W,food_delivery,False,partner_invoice,True,12360,65.0,6.531395631067961,58.46658171521035,722646.95,552880.7577
2025-06,Hyderabad,2W,quick_commerce,False,partner_invoice,False,1291,65.0,16.325019364833462,0.0,0.0,0.0
2025-06,Hyderabad,2W,quick_commerce,False,partner_invoice,True,10211,65.0,16.211614925080795,48.77761237880716,498068.2,351512.68710999994
2025-06,Hyderabad,3W,Retail,False,partner_invoice,False,147,110.0,0.0,0.0,0.0,0.0
2025-06,Hyderabad,3W,Retail,False,partner_invoice,True,814,110.0,0.0,110.0,89540.0,59785.093949999995
2025-06,Hyderabad,3W,bike_taxi,False,partner_invoice,False,12,110.0,6.05,0.0,0.0,0.0
2025-06,Hyderabad,3W,bike_taxi,False,partner_invoice,True,112,110.0,5.873214285714285,104.12678571428572,11662.2,7310.78976
2025-06,Hyderabad,3W,cargo_3w,False,partner_invoice,False,401,110.0,8.459850374064839,0.0,0.0,0.0
2025-06,Hyderabad,3W,cargo_3w,False,partner_invoice,True,2609,110.0,8.441625143733232,101.55262552702185,264950.8,169241.93111
2025-06,Hyderabad,3W,ecom_logistics,False,partner_invoice,False,54,110.0,14.157407407407407,0.0,0.0,0.0
2025-06,Hyderabad,3W,ecom_logistics,False,partner_invoice,True,326,110.0,14.394478527607363,95.57484662576688,31157.4,19135.03616
2025-06,Hyderabad,3W,food_delivery,False,partner_invoice,False,129,110.0,11.042635658914728,0.0,0.0,0.0
2025-06,Hyderabad,3W,food_delivery,False,partner_invoice,True,606,110.0,11.107095709570956,98.89290429042904,59929.1,37787.478440000006
2025-06,Hyderabad,3W,quick_commerce,False,partner_invoice,False,132,110.0,26.208333333333332,0.0,0.0,0.0
2025-06,Hyderabad,3W,quick_commerce,False,partner_invoice,True,602,110.0,25.765946843853822,84.20083056478406,50688.90000000001,27750.57772
2025-06,Jaipur,2W,Retail,False,partner_invoice,False,1926,65.0,0.0,0.0,0.0,0.0
2025-06,Jaipur,2W,Retail,False,partner_invoice,True,12220,65.0,0.0,64.99549918166939,794245.0,626250.79822
2025-06,Jaipur,2W,bike_taxi,False,partner_invoice,False,276,65.0,3.6903985507246375,0.0,0.0,0.0
2025-06,Jaipur,2W,bike_taxi,False,partner_invoice,True,1782,65.0,3.638832772166105,61.35836139169473,109340.60000000002,84417.62234999999
2025-06,Jaipur,2W,ecom_logistics,False,partner_invoice,False,482,65.0,8.946265560165976,0.0,0.0,0.0
2025-06,Jaipur,2W,ecom_logistics,False,partner_invoice,True,4252,65.0,8.941627469426153,56.05837253057385,238360.2,179949.62514000002
2025-06,Jaipur,2W,food_delivery,False,partner_invoice,False,1423,65.0,6.558924806746311,0.0,0.0,0.0
2025-06,Jaipur,2W,food_delivery,False,partner_invoice,True,8440,65.0,6.561688388625592,58.43890402843601,493224.35,377685.58068
2025-06,Jaipur,2W,quick_commerce,False,partner_invoice,False,1098,65.0,16.46785063752277,0.0,0.0,0.0
2025-06,Jaipur,2W,quick_commerce,False,partner_invoice,True,6035,65.0,16.225227837613918,48.77560066280033,294360.75,208589.86663999996
2025-06,Jaipur,3W,Retail,False,partner_invoice,False,181,110.0,0.0,0.0,0.0,0.0
2025-06,Jaipur,3W,Retail,False,partner_invoice,True,764,110.0,0.0,110.0065445026178,84045.0,56642.089759999995
2025-06,Jaipur,3W,bike_taxi,False,partner_invoice,False,12,110.0,5.7749999999999995,0.0,0.0,0.0
2025-06,Jaipur,3W,bike_taxi,False,partner_invoice,True,54,110.0,5.785185185185185,104.21481481481482,5627.5999999999985,3570.3350300000006
2025-06,Jaipur,3W,cargo_3w,False,partner_invoice,False,350,110.0,8.520285714285714,0.0,0.0,0.0
2025-06,Jaipur,3W,cargo_3w,False,partner_invoice,True,1720,110.0,8.52436046511628,101.47563953488373,174538.10000000003,111069.53754
2025-06,Jaipur,3W,ecom_logistics,False,partner_invoice,False,58,110.0,15.551724137931034,0.0,0.0,0.0
2025-06,Jaipur,3W,ecom_logistics,False,partner_invoice,True,273,110.0,15.15018315018315,94.84981684981685,25894.0,15887.07907
2025-06,Jaipur,3W,food_delivery,False,partner_invoice,False,126,110.0,11.017460317460317,0.0,0.0,0.0
2025-06,Jaipur,3W,food_delivery,False,partner_invoice,True,532,110.0,11.196428571428571,98.80357142857143,52563.5,33400.45541
2025-06,Jaipur,3W,quick_commerce,False,partner_invoice,False,110,110.0,28.14,0.0,0.0,0.0
2025-06,Jaipur,3W,quick_commerce,False,partner_invoice,True,428,110.0,26.795794392523366,83.22757009345794,35621.40000000001,19559.44476
2025-06,Mumbai,2W,Retail,False,partner_invoice,False,480,65.0,0.0,0.0,0.0,0.0
2025-06,Mumbai,2W,Retail,False,partner_invoice,True,12627,65.0,0.0,65.00356379187456,820800.0,614020.97937
2025-06,Mumbai,2W,bike_taxi,False,partner_invoice,False,91,65.0,3.7357142857142858,0.0,0.0,0.0
2025-06,Mumbai,2W,bike_taxi,False,partner_invoice,True,2395,65.0,3.6880375782881005,61.309874739039664,146837.15,107874.33022
2025-06,Mumbai,2W,ecom_logistics,False,partner_invoice,False,168,65.0,8.720833333333333,0.0,0.0,0.0
2025-06,Mumbai,2W,ecom_logistics,False,partner_invoice,True,4434,65.0,8.7920049616599,56.205739738385205,249216.25,176604.25259
2025-06,Mumbai,2W,food_delivery,False,partner_invoice,False,378,65.0,6.546428571428572,0.0,0.0,0.0
2025-06,Mumbai,2W,food_delivery,False,partner_invoice,True,9129,65.0,6.547989922225874,58.44708073173404,533563.4,384153.09697
2025-06,Mumbai,2W,quick_commerce,False,partner_invoice,False,299,65.0,16.217391304347824,0.0,0.0,0.0
2025-06,Mumbai,2W,quick_commerce,False,partner_invoice,True,8016,65.0,15.909025698602795,49.09346931137725,393533.2499999999,256516.0759
2025-06,Mumbai,3W,Retail,False,partner_invoice,False,82,110.0,0.0,0.0,0.0,0.0
2025-06,Mumbai,3W,Retail,False,partner_invoice,True,837,110.0,0.0,110.01194743130227,92080.0,58072.893560000004
2025-06,Mumbai,3W,bike_taxi,False,partner_invoice,False,15,110.0,6.526666666666666,0.0,0.0,0.0
2025-06,Mumbai,3W,bike_taxi,False,partner_invoice,True,198,110.0,6.25,103.75,20542.5,12219.568760000002
2025-06,Mumbai,3W,cargo_3w,False,partner_invoice,False,236,110.0,8.483050847457628,0.0,0.0,0.0
2025-06,Mumbai,3W,cargo_3w,False,partner_invoice,True,2501,110.0,8.45033986405438,101.5516593362655,253980.7,152039.65396000003
2025-06,Mumbai,3W,ecom_logistics,False,partner_invoice,False,23,110.0,14.682608695652174,0.0,0.0,0.0
2025-06,Mumbai,3W,ecom_logistics,False,partner_invoice,True,253,110.0,14.28695652173913,95.71304347826087,24215.4,14050.37293
2025-06,Mumbai,3W,food_delivery,False,partner_invoice,False,62,110.0,11.0,0.0,0.0,0.0
2025-06,Mumbai,3W,food_delivery,False,partner_invoice,True,691,110.0,11.122575976845152,98.88465991316933,68329.29999999999,40207.176569999996
2025-06,Mumbai,3W,quick_commerce,False,partner_invoice,False,38,110.0,30.8,0.0,0.0,0.0
2025-06,Mumbai,3W,quick_commerce,False,partner_invoice,True,448,110.0,30.193526785714287,79.80647321428572,35753.3,16614.30837
2025-06,Pune,2W,Retail,False,partner_invoice,False,175,65.0,0.0,0.0,0.0,0.0
2025-06,Pune,2W,Retail,False,partner_invoice,True,4267,65.0,0.0,64.99648464963674,277340.0,214617.97692
2025-06,Pune,2W,Retail,True,partner_invoice,False,470,65.0,0.0,0.0,0.0,0.0
2025-06,Pune,2W,Retail,True,partner_invoice,True,10785,65.0,0.0,76.09281409364858,820661.0,661715.19471
2025-06,Pune,2W,bike_taxi,False,partner_invoice,False,96,65.0,3.7375000000000003,0.0,0.0,0.0
2025-06,Pune,2W,bike_taxi,False,partner_invoice,True,2456,65.0,3.705741042345277,64.37528501628665,158105.7,121956.2844
2025-06,Pune,2W,ecom_logistics,False,partner_invoice,False,229,65.0,8.864410480349346,0.0,0.0,0.0
2025-06,Pune,2W,ecom_logistics,False,partner_invoice,True,5332,65.0,8.65553263315829,57.354782445611406,305815.7,227588.11521
2025-06,Pune,2W,food_delivery,False,partner_invoice,False,407,65.0,6.578255528255528,0.0,0.0,0.0
2025-06,Pune,2W,food_delivery,False,partner_invoice,True,9219,65.0,6.543714068771016,65.27307734027552,601752.5,465260.57352000003
2025-06,Pune,2W,quick_commerce,False,partner_invoice,False,353,65.0,15.960906515580737,0.0,0.0,0.0
2025-06,Pune,2W,quick_commerce,False,partner_invoice,True,7741,65.0,15.953675235757654,50.853584808164314,393657.6,277753.34057
2025-06,Pune,3W,Retail,False,partner_invoice,False,39,110.0,0.0,0.0,0.0,0.0
2025-06,Pune,3W,Retail,False,partner_invoice,True,289,110.0,0.0,110.03460207612457,31800.0,21412.29344
2025-06,Pune,3W,Retail,True,partner_invoice,False,77,110.0,0.0,0.0,0.0,0.0
2025-06,Pune,3W,Retail,True,partner_invoice,True,715,110.0,0.0,121.3902097902098,86794.0,60903.88485
2025-06,Pune,3W,bike_taxi,False,partner_invoice,False,11,110.0,6.3,0.0,0.0,0.0
2025-06,Pune,3W,bike_taxi,False,partner_invoice,True,111,110.0,6.203603603603604,108.33693693693694,12025.4,7903.918840000001
2025-06,Pune,3W,cargo_3w,False,partner_invoice,False,256,110.0,8.490625,0.0,0.0,0.0
2025-06,Pune,3W,cargo_3w,False,partner_invoice,True,2553,110.0,8.532001566784176,102.01363102232668,260440.80000000005,167465.89547
2025-06,Pune,3W,ecom_logistics,False,partner_invoice,False,36,110.0,14.758333333333333,0.0,0.0,0.0
2025-06,Pune,3W,ecom_logistics,False,partner_invoice,True,370,110.0,14.124594594594596,96.58621621621622,35736.899999999994,22325.595110000002
2025-06,Pune,3W,food_delivery,False,partner_invoice,False,50,110.0,11.308,0.0,0.0,0.0
2025-06,Pune,3W,food_delivery,False,partner_invoice,True,547,110.0,11.386106032906763,104.34515539305302,57076.799999999996,37146.93024
2025-06,Pune,3W,quick_commerce,False,partner_invoice,False,29,110.0,28.637931034482758,0.0,0.0,0.0
2025-06,Pune,3W,quick_commerce,False,partner_invoice,True,310,110.0,27.361612903225808,84.00290322580646,26040.9,14131.74703
