rider_id,segment,flag_high_early_failure,flag_poor_csat,flag_churned_with_tickets
RD-1000000,Fleet,False,False,False
RD-1000001,Fleet,False,False,False
RD-1000002,Fleet,False,False,False
RD-1000003,Fleet,False,False,False
RD-1000004,Fleet,False,False,False
RD-1000005,Retail,False,False,False
RD-1000006,Retail,False,True,False
RD-1000007,Retail,False,False,False
RD-1000008,Fleet,False,False,False
RD-1000009,Fleet,False,False,False
RD-1000010,Fleet,False,False,False
RD-1000011,Retail,False,False,False
RD-1000012,Retail,False,False,False
RD-1000013,Retail,False,False,False
RD-1000014,Retail,False,False,False
RD-1000015,Fleet,False,False,False
RD-1000016,Fleet,False,False,False
RD-1000017,Retail,False,False,False
RD-1000018,Fleet,False,False,False
RD-1000019,Fleet,False,False,False
RD-1000020,Fleet,False,False,False
RD-1000021,Fleet,False,False,False
RD-1000022,Retail,False,False,False
RD-1000023,Fleet,False,False,False
RD-1000024,Fleet,False,False,False
RD-1000025,Fleet,False,False,False
RD-1000026,Fleet,False,False,False
RD-1000027,Retail,False,False,False
RD-1000028,Fleet,False,False,False
RD-1000029,Fleet,False,False,False
RD-1000030,Fleet,False,False,False
RD-1000031,Retail,False,False,False
RD-1000032,Fleet,False,False,False
RD-1000033,Fleet,False,False,False
RD-1000034,Fleet,False,False,False
RD-1000035,Fleet,False,False,False
RD-1000036,Retail,False,False,False
RD-1000037,Retail,False,False,False
RD-1000038,Fleet,False,False,False
RD-1000039,Fleet,False,False,False
RD-1000040,Fleet,False,False,False
RD-1000041,Fleet,False,False,False
RD-1000042,Retail,False,False,False
RD-1000043,Fleet,False,False,False
RD-1000044,Fleet,False,False,False
RD-1000045,Fleet,False,False,False
RD-1000046,Fleet,False,False,False
RD-1000047,Retail,False,False,False
RD-1000048,Fleet,False,False,False
RD-1000049,Fleet,False,False,False
RD-1000050,Fleet,False,False,False
RD-1000051,Fleet,False,False,False
RD-1000052,Fleet,False,False,False
RD-1000053,Fleet,False,False,False
RD-1000054,Fleet,False,False,False
RD-1000055,Fleet,False,False,False
RD-1000056,Fleet,False,False,False
RD-1000057,Retail,False,False,False
RD-1000058,Fleet,False,False,False
RD-1000059,Retail,False,False,False
RD-1000060,Retail,False,False,False
RD-1000061,Fleet,True,False,False
RD-1000062,Fleet,False,False,False
RD-1000063,Fleet,False,False,False
RD-1000064,Retail,False,False,False
RD-1000065,Fleet,False,False,False
RD-1000066,Retail,False,True,False
RD-1000067,Fleet,True,False,False
RD-1000068,Fleet,False,False,False
RD-1000069,Retail,False,True,False
RD-1000070,Retail,False,False,False
RD-1000071,Fleet,False,False,False
RD-1000072,Retail,False,False,False
RD-1000073,Retail,False,False,False
RD-1000074,Fleet,False,False,False
RD-1000075,Fleet,False,False,False
RD-1000076,Retail,False,False,False
RD-1000077,Retail,False,False,False
RD-1000078,Fleet,False,False,False
RD-1000079,Retail,False,False,False
RD-1000080,Fleet,False,False,False
RD-1000081,Retail,False,False,False
RD-1000082,Fleet,False,True,False
RD-1000083,Fleet,False,False,False
RD-1000084,Fleet,False,False,False
RD-1000085,Fleet,False,False,False
RD-1000086,Fleet,False,False,False
RD-1000087,Fleet,False,False,False
RD-1000088,Retail,False,False,False
RD-1000089,Fleet,False,False,False
RD-1000090,Fleet,False,False,False
RD-1000091,Retail,False,False,False
RD-1000092,Fleet,False,False,False
RD-1000093,Retail,False,True,False
RD-1000094,Fleet,False,False,False
RD-1000095,Retail,False,False,False
RD-1000096,Retail,False,False,False
RD-1000097,Fleet,False,False,False
RD-1000098,Retail,False,False,False
RD-1000099,Fleet,False,False,False
RD-1000100,Fleet,False,False,False
RD-1000101,Fleet,False,False,False
RD-1000102,Fleet,False,False,False
RD-1000103,Retail,False,False,False
RD-1000104,Fleet,False,False,False
RD-1000105,Fleet,False,False,False
RD-1000106,Retail,False,False,False
RD-1000107,Fleet,False,True,False
RD-1000108,Fleet,False,False,False
RD-1000109,Retail,False,False,False
RD-1000110,Fleet,False,False,False
RD-1000111,Retail,False,False,False
RD-1000112,Fleet,False,False,False
RD-1000113,Fleet,False,False,False
RD-1000114,Retail,False,False,False
RD-1000115,Fleet,False,False,False
RD-1000116,Fleet,False,False,False
RD-1000117,Fleet,False,False,False
RD-1000118,Fleet,False,False,False
RD-1000119,Fleet,False,False,False
RD-1000120,Fleet,False,False,False
RD-1000121,Retail,False,False,False
RD-1000122,Fleet,False,False,False
RD-1000123,Retail,False,False,False
RD-1000124,Fleet,False,False,False
RD-1000125,Retail,False,False,False
RD-1000126,Fleet,False,False,False
RD-1000127,Fleet,False,False,False
RD-1000128,Fleet,False,False,False
RD-1000129,Fleet,False,False,False
RD-1000130,Fleet,False,False,False
RD-1000131,Retail,False,False,False
RD-1000132,Retail,False,False,False
RD-1000133,Retail,False,False,False
RD-1000134,Retail,False,False,False
RD-1000135,Retail,False,False,False
RD-1000136,Fleet,False,False,False
RD-1000137,Fleet,False,False,False
RD-1000138,Fleet,False,False,False
RD-1000139,Fleet,False,False,False
RD-1000140,Fleet,False,False,False
RD-1000141,Fleet,False,False,False
RD-1000142,Retail,False,False,False
RD-1000143,Retail,False,False,False
RD-1000144,Fleet,False,False,False
RD-1000145,Fleet,False,False,False
RD-1000146,Fleet,False,False,False
RD-1000147,Retail,False,False,False
RD-1000148,Fleet,False,False,False
RD-1000149,Retail,False,False,False
RD-1000150,Retail,False,False,False
RD-1000151,Fleet,False,False,False
RD-1000152,Retail,False,False,False
RD-1000153,Fleet,False,False,False
RD-1000154,Retail,False,False,False
RD-1000155,Retail,False,False,False
RD-1000156,Fleet,False,False,False
RD-1000157,Fleet,False,False,False
RD-1000158,Fleet,False,False,False
RD-1000159,Retail,False,False,False
RD-1000160,Fleet,False,False,False
RD-1000161,Fleet,False,False,False
RD-1000162,Retail,False,True,False
RD-1000163,Fleet,False,False,False
RD-1000164,Fleet,False,False,False
RD-1000165,Retail,False,False,False
RD-1000166,Fleet,False,False,False
RD-1000167,Fleet,False,True,False
RD-1000168,Fleet,False,False,False
RD-1000169,Fleet,False,False,False
RD-1000170,Retail,False,False,False
RD-1000171,Fleet,False,False,False
RD-1000172,Fleet,False,False,False
RD-1000173,Retail,False,False,False
RD-1000174,Fleet,False,False,False
RD-1000175,Retail,False,False,False
RD-1000176,Retail,False,False,False
RD-1000177,Fleet,False,True,False
RD-1000178,Fleet,False,False,False
RD-1000179,Fleet,False,False,False
RD-1000180,Fleet,False,False,False
RD-1000181,Retail,False,False,False
RD-1000182,Retail,False,False,False
RD-1000183,Retail,False,False,False
RD-1000184,Fleet,False,False,False
RD-1000185,Fleet,False,False,False
RD-1000186,Retail,False,False,False
RD-1000187,Retail,False,False,False
RD-1000188,Fleet,False,False,False
RD-1000189,Fleet,False,True,False
RD-1000190,Fleet,False,False,False
RD-1000191,Fleet,False,False,False
RD-1000192,Retail,False,False,False
RD-1000193,Fleet,False,False,False
RD-1000194,Fleet,False,False,False
RD-1000195,Fleet,False,False,False
RD-1000196,Fleet,False,False,False
RD-1000197,Fleet,False,False,False
RD-1000198,Fleet,False,False,False
RD-1000199,Fleet,False,False,False
RD-1000200,Fleet,False,False,False
RD-1000201,Fleet,False,False,False
RD-1000202,Fleet,False,False,False
RD-1000203,Fleet,False,True,False
RD-1000204,Retail,False,False,False
RD-1000205,Retail,False,False,False
RD-1000206,Fleet,False,False,False
RD-1000207,Fleet,False,False,False
RD-1000208,Fleet,False,True,False
RD-1000209,Fleet,False,False,False
RD-1000210,Retail,False,False,False
RD-1000211,Fleet,False,False,False
RD-1000212,Fleet,False,False,False
RD-1000213,Fleet,False,False,False
RD-1000214,Fleet,False,False,False
RD-1000215,Retail,False,False,False
RD-1000216,Retail,False,False,False
RD-1000217,Retail,False,False,False
RD-1000218,Fleet,False,False,False
RD-1000219,Retail,False,False,False
RD-1000220,Fleet,False,False,False
RD-1000221,Fleet,False,False,False
RD-1000222,Fleet,False,False,False
RD-1000223,Retail,False,False,False
RD-1000224,Retail,False,False,False
RD-1000225,Fleet,False,False,False
RD-1000226,Retail,False,False,False
RD-1000227,Fleet,False,False,False
RD-1000228,Fleet,False,True,False
RD-1000229,Fleet,False,False,False
RD-1000230,Fleet,False,False,False
RD-1000231,Fleet,False,False,False
RD-1000232,Fleet,False,False,False
RD-1000233,Fleet,False,False,False
RD-1000234,Retail,False,False,False
RD-1000235,Retail,False,False,False
RD-1000236,Retail,False,False,False
RD-1000237,Retail,False,False,False
RD-1000238,Fleet,False,False,False
RD-1000239,Fleet,False,False,False
RD-1000240,Retail,False,False,False
RD-1000241,Retail,False,False,False
RD-1000242,Retail,False,False,False
RD-1000243,Fleet,False,False,False
RD-1000244,Retail,False,True,False
RD-1000245,Retail,False,True,False
RD-1000246,Fleet,False,True,False
RD-1000247,Retail,False,False,False
RD-1000248,Fleet,False,False,False
RD-1000249,Fleet,False,False,False
RD-1000250,Retail,False,False,False
RD-1000251,Fleet,False,False,False
RD-1000252,Retail,False,False,False
RD-1000253,Retail,False,True,False
RD-1000254,Fleet,False,False,False
RD-1000255,Retail,False,False,False
RD-1000256,Fleet,False,False,False
RD-1000257,Fleet,False,False,False
RD-1000258,Fleet,False,False,False
RD-1000259,Fleet,False,True,False
RD-1000260,Retail,False,False,False
RD-1000261,Fleet,False,False,False
RD-1000262,Fleet,False,True,False
RD-1000263,Fleet,False,False,False
RD-1000264,Fleet,False,False,False
RD-1000265,Fleet,False,False,False
RD-1000266,Retail,False,True,False
RD-1000267,Retail,False,False,False
RD-1000268,Fleet,False,False,False
RD-1000269,Fleet,False,False,False
RD-1000270,Fleet,False,False,False
RD-1000271,Fleet,False,False,False
RD-1000272,Fleet,False,False,False
RD-1000273,Retail,False,False,False
RD-1000274,Fleet,False,False,False
RD-1000275,Retail,False,False,False
RD-1000276,Fleet,False,False,False
RD-1000277,Fleet,False,False,False
RD-1000278,Fleet,False,False,False
RD-1000279,Fleet,False,False,False
RD-1000280,Retail,False,False,False
RD-1000281,Fleet,False,False,False
RD-1000282,Retail,False,False,False
RD-1000283,Retail,False,False,False
RD-1000284,Fleet,False,False,False
RD-1000285,Fleet,False,True,False
RD-1000286,Retail,False,False,False
RD-1000287,Fleet,False,False,False
RD-1000288,Fleet,False,False,False
RD-1000289,Fleet,False,False,False
RD-1000290,Fleet,False,False,False
RD-1000291,Retail,False,False,False
RD-1000292,Fleet,False,False,False
RD-1000293,Retail,False,False,False
RD-1000294,Fleet,False,False,False
RD-1000295,Fleet,False,False,False
RD-1000296,Fleet,False,False,False
RD-1000297,Fleet,False,False,False
RD-1000298,Retail,False,False,False
RD-1000299,Fleet,False,False,False
RD-1000300,Retail,False,False,False
RD-1000301,Fleet,False,False,False
RD-1000302,Fleet,False,False,False
RD-1000303,Fleet,False,False,False
RD-1000304,Fleet,False,False,False
RD-1000305,Fleet,False,False,False
RD-1000306,Retail,False,False,False
RD-1000307,Fleet,False,False,False
RD-1000308,Retail,False,False,False
RD-1000309,Fleet,False,True,False
RD-1000310,Retail,False,True,False
RD-1000311,Fleet,True,False,False
RD-1000312,Retail,False,False,False
RD-1000313,Retail,False,False,False
RD-1000314,Fleet,False,False,False
RD-1000315,Fleet,False,True,False
RD-1000316,Retail,False,False,False
RD-1000317,Retail,False,False,False
RD-1000318,Fleet,False,False,False
RD-1000319,Fleet,False,True,False
RD-1000320,Fleet,False,False,False
RD-1000321,Retail,False,False,False
RD-1000322,Retail,False,False,False
RD-1000323,Fleet,False,False,False
RD-1000324,Fleet,False,False,False
RD-1000325,Retail,False,False,False
RD-1000326,Fleet,False,False,False
RD-1000327,Fleet,False,False,False
RD-1000328,Fleet,False,False,False
RD-1000329,Retail,False,False,False
RD-1000330,Retail,False,True,False
RD-1000331,Fleet,False,False,False
RD-1000332,Fleet,False,False,False
RD-1000333,Fleet,True,False,False
RD-1000334,Fleet,False,False,False
RD-1000335,Retail,False,False,False
RD-1000336,Fleet,False,False,False
RD-1000337,Retail,False,False,False
RD-1000338,Fleet,False,False,False
RD-1000339,Fleet,False,False,False
RD-1000340,Retail,False,False,False
RD-1000341,Fleet,False,True,False
RD-1000342,Retail,False,False,False
RD-1000343,Retail,False,False,False
RD-1000344,Fleet,False,False,False
RD-1000345,Fleet,False,False,False
RD-1000346,Retail,False,False,False
RD-1000347,Fleet,False,True,False
RD-1000348,Fleet,False,False,False
RD-1000349,Retail,False,False,False
RD-1000350,Retail,False,False,False
RD-1000351,Fleet,False,False,False
RD-1000352,Fleet,False,False,False
RD-1000353,Fleet,False,False,False
RD-1000354,Retail,False,False,False
RD-1000355,Fleet,False,False,False
RD-1000356,Retail,False,False,False
RD-1000357,Retail,False,False,False
RD-1000358,Fleet,False,False,False
RD-1000359,Retail,False,False,False
RD-1000360,Fleet,False,False,False
RD-1000361,Retail,False,False,False
RD-1000362,Fleet,False,False,False
RD-1000363,Fleet,False,False,False
RD-1000364,Retail,False,False,False
RD-1000365,Fleet,False,False,False
RD-1000366,Retail,False,False,False
RD-1000367,Retail,False,False,False
RD-1000368,Fleet,False,False,False
RD-1000369,Retail,False,False,False
RD-1000370,Fleet,False,True,False
RD-1000371,Fleet,False,False,False
RD-1000372,Retail,False,False,False
RD-1000373,Retail,False,False,False
RD-1000374,Retail,False,False,False
RD-1000375,Fleet,False,False,False
RD-1000376,Fleet,False,False,False
RD-1000377,Fleet,False,False,False
RD-1000378,Retail,False,False,False
RD-1000379,Retail,False,False,False
RD-1000380,Fleet,False,False,False
RD-1000381,Fleet,False,False,False
RD-1000382,Retail,False,False,False
RD-1000383,Fleet,False,False,False
RD-1000384,Retail,True,False,False
RD-1000385,Fleet,False,False,False
RD-1000386,Fleet,False,True,False
RD-1000387,Retail,False,False,False
RD-1000388,Retail,False,False,False
RD-1000389,Fleet,False,False,False
RD-1000390,Fleet,False,False,False
RD-1000391,Retail,False,False,False
RD-1000392,Retail,False,False,False
RD-1000393,Fleet,False,False,False
RD-1000394,Fleet,False,False,False
RD-1000395,Retail,False,False,False
RD-1000396,Retail,False,False,False
RD-1000397,Fleet,True,False,False
RD-1000398,Fleet,False,False,False
RD-1000399,Fleet,False,False,False
RD-1000400,Fleet,False,False,False
RD-1000401,Fleet,False,False,False
RD-1000402,Fleet,False,True,False
RD-1000403,Fleet,False,False,False
RD-1000404,Fleet,False,True,False
RD-1000405,Fleet,False,False,False
RD-1000406,Retail,False,False,False
RD-1000407,Retail,False,False,False
RD-1000408,Retail,False,False,False
RD-1000409,Fleet,False,False,False
RD-1000410,Fleet,False,False,False
RD-1000411,Fleet,False,False,False
RD-1000412,Retail,False,False,False
RD-1000413,Fleet,False,False,False
RD-1000414,Retail,False,False,False
RD-1000415,Fleet,False,False,False
RD-1000416,Retail,False,False,False
RD-1000417,Retail,False,False,False
RD-1000418,Fleet,False,False,False
RD-1000419,Retail,False,False,False
RD-1000420,Fleet,False,False,False
RD-1000421,Fleet,False,False,False
RD-1000422,Fleet,False,True,False
RD-1000423,Retail,False,True,False
RD-1000424,Retail,False,False,False
RD-1000425,Fleet,False,False,False
RD-1000426,Fleet,False,False,False
RD-1000427,Fleet,False,True,False
RD-1000428,Retail,False,False,False
RD-1000429,Fleet,False,False,False
RD-1000430,Retail,False,False,False
RD-1000431,Fleet,False,False,False
RD-1000432,Fleet,True,False,False
RD-1000433,Fleet,False,False,False
RD-1000434,Fleet,False,False,False
RD-1000435,Fleet,False,False,False
RD-1000436,Retail,False,False,False
RD-1000437,Fleet,False,False,False
RD-1000438,Fleet,False,False,False
RD-1000439,Fleet,False,False,False
RD-1000440,Fleet,False,False,False
RD-1000441,Fleet,False,False,False
RD-1000442,Fleet,False,False,False
RD-1000443,Fleet,False,False,False
RD-1000444,Fleet,False,False,False
RD-1000445,Retail,False,False,False
RD-1000446,Fleet,False,False,False
RD-1000447,Fleet,False,False,False
RD-1000448,Retail,False,False,False
RD-1000449,Fleet,False,False,False
RD-1000450,Fleet,False,False,False
RD-1000451,Retail,False,True,False
RD-1000452,Fleet,False,False,False
RD-1000453,Retail,False,False,False
RD-1000454,Fleet,False,False,False
RD-1000455,Fleet,False,False,False
RD-1000456,Fleet,False,False,False
RD-1000457,Retail,False,False,False
RD-1000458,Fleet,False,False,False
RD-1000459,Fleet,False,False,False
RD-1000460,Fleet,False,True,False
RD-1000461,Fleet,False,False,False
RD-1000462,Fleet,False,False,False
RD-1000463,Fleet,False,False,False
RD-1000464,Fleet,False,True,False
RD-1000465,Fleet,False,False,False
RD-1000466,Fleet,False,False,False
RD-1000467,Fleet,False,False,False
RD-1000468,Retail,False,False,False
RD-1000469,Fleet,False,False,False
RD-1000470,Fleet,False,False,False
RD-1000471,Retail,False,False,False
RD-1000472,Fleet,False,False,False
RD-1000473,Retail,False,False,False
RD-1000474,Fleet,False,False,False
RD-1000475,Fleet,False,False,False
RD-1000476,Retail,False,False,False
RD-1000477,Retail,False,False,False
RD-1000478,Retail,False,False,False
RD-1000479,Fleet,False,False,False
RD-1000480,Fleet,False,False,False
RD-1000481,Fleet,False,False,False
RD-1000482,Retail,False,False,False
RD-1000483,Fleet,False,False,False
RD-1000484,Retail,False,False,False
RD-1000485,Fleet,True,False,False
RD-1000486,Fleet,False,False,False
RD-1000487,Retail,False,False,False
RD-1000488,Fleet,False,False,False
RD-1000489,Fleet,False,False,False
RD-1000490,Fleet,False,False,False
RD-1000491,Retail,False,False,False
RD-1000492,Retail,False,False,False
RD-1000493,Fleet,False,False,False
RD-1000494,Fleet,False,False,False
RD-1000495,Fleet,False,False,False
RD-1000496,Fleet,False,False,False
RD-1000497,Fleet,False,False,False
RD-1000498,Fleet,False,False,False
RD-1000499,Retail,False,False,False
RD-1000500,Fleet,False,False,False
RD-1000501,Fleet,False,False,False
RD-1000502,Retail,False,False,False
RD-1000503,Fleet,False,False,False
RD-1000504,Retail,False,False,False
RD-1000505,Retail,False,False,False
RD-1000506,Fleet,False,False,False
RD-1000507,Retail,False,False,False
RD-1000508,Retail,False,False,False
RD-1000509,Fleet,False,False,False
RD-1000510,Fleet,False,False,False
RD-1000511,Fleet,False,False,False
RD-1000512,Fleet,False,False,False
RD-1000513,Fleet,False,False,False
RD-1000514,Retail,False,False,False
RD-1000515,Fleet,False,False,False
RD-1000516,Fleet,False,False,False
RD-1000517,Fleet,False,False,False
RD-1000518,Fleet,False,False,False
RD-1000519,Fleet,False,False,False
RD-1000520,Retail,False,False,False
RD-1000521,Retail,False,False,False
RD-1000522,Retail,False,False,False
RD-1000523,Fleet,False,False,False
RD-1000524,Fleet,False,False,False
RD-1000525,Fleet,False,False,False
RD-1000526,Fleet,False,False,False
RD-1000527,Fleet,False,False,False
RD-1000528,Fleet,False,False,False
RD-1000529,Fleet,False,False,False
RD-1000530,Retail,False,True,False
RD-1000531,Fleet,False,True,False
RD-1000532,Retail,False,False,False
RD-1000533,Fleet,False,False,False
RD-1000534,Fleet,False,False,False
RD-1000535,Retail,False,False,False
RD-1000536,Fleet,True,False,False
RD-1000537,Fleet,False,False,False
RD-1000538,Fleet,False,False,False
RD-1000539,Retail,False,False,False
RD-1000540,Retail,False,False,False
RD-1000541,Fleet,False,False,False
RD-1000542,Fleet,False,False,False
RD-1000543,Fleet,False,False,False
RD-1000544,Fleet,False,True,False
RD-1000545,Fleet,False,False,False
RD-1000546,Retail,False,True,False
RD-1000547,Retail,False,True,False
RD-1000548,Fleet,False,False,False
RD-1000549,Fleet,False,False,False
RD-1000550,Fleet,False,False,False
RD-1000551,Fleet,False,False,False
RD-1000552,Fleet,False,False,False
RD-1000553,Retail,False,False,False
RD-1000554,Retail,False,False,False
RD-1000555,Fleet,False,False,False
RD-1000556,Fleet,False,False,False
RD-1000557,Fleet,False,False,False
RD-1000558,Fleet,False,False,False
RD-1000559,Fleet,False,False,False
RD-1000560,Fleet,False,False,False
RD-1000561,Fleet,False,False,False
RD-1000562,Fleet,False,False,False
RD-1000563,Fleet,False,False,False
RD-1000564,Fleet,False,False,False
RD-1000565,Retail,True,True,False
RD-1000566,Retail,False,False,False
RD-1000567,Fleet,False,False,False
RD-1000568,Fleet,False,False,False
RD-1000569,Retail,False,False,False
RD-1000570,Retail,False,False,False
RD-1000571,Retail,False,False,False
RD-1000572,Retail,False,False,False
RD-1000573,Retail,False,False,False
RD-1000574,Fleet,False,False,False
RD-1000575,Fleet,False,False,False
RD-1000576,Fleet,False,False,False
RD-1000577,Fleet,False,False,False
RD-1000578,Fleet,False,False,False
RD-1000579,Fleet,False,False,False
RD-1000580,Fleet,False,False,False
RD-1000581,Fleet,False,False,False
RD-1000582,Retail,False,True,False
RD-1000583,Retail,False,False,False
RD-1000584,Retail,False,False,False
RD-1000585,Retail,False,False,False
RD-1000586,Retail,False,False,False
RD-1000587,Fleet,False,False,False
RD-1000588,Fleet,False,False,False
RD-1000589,Fleet,False,False,False
RD-1000590,Retail,False,False,False
RD-1000591,Fleet,False,False,False
RD-1000592,Fleet,False,True,False
RD-1000593,Fleet,False,False,False
RD-1000594,Fleet,False,False,False
RD-1000595,Retail,False,False,False
RD-1000596,Retail,False,True,False
RD-1000597,Fleet,False,True,False
RD-1000598,Retail,False,False,False
RD-1000599,Retail,False,False,False
RD-1000600,Retail,False,False,False
RD-1000601,Fleet,False,False,False
RD-1000602,Retail,False,False,False
RD-1000603,Fleet,False,False,False
RD-1000604,Retail,False,False,False
RD-1000605,Fleet,False,False,False
RD-1000606,Retail,False,False,False
RD-1000607,Fleet,False,False,False
RD-1000608,Retail,False,False,False
RD-1000609,Retail,False,False,False
RD-1000610,Fleet,False,False,False
RD-1000611,Retail,False,False,False
RD-1000612,Retail,True,False,False
RD-1000613,Fleet,False,False,False
RD-1000614,Retail,False,False,False
RD-1000615,Fleet,False,True,False
RD-1000616,Fleet,True,False,False
RD-1000617,Retail,False,False,False
RD-1000618,Fleet,False,False,False
RD-1000619,Fleet,False,False,False
RD-1000620,Fleet,False,False,False
RD-1000621,Fleet,False,False,False
RD-1000622,Retail,False,False,False
RD-1000623,Retail,False,False,False
RD-1000624,Fleet,False,False,False
RD-1000625,Retail,False,False,False
RD-1000626,Fleet,False,False,False
RD-1000627,Retail,False,False,False
RD-1000628,Fleet,False,False,False
RD-1000629,Fleet,False,False,False
RD-1000630,Fleet,False,False,False
RD-1000631,Retail,False,False,False
RD-1000632,Retail,False,False,False
RD-1000633,Retail,False,False,False
RD-1000634,Fleet,False,False,False
RD-1000635,Fleet,False,False,False
RD-1000636,Fleet,False,False,False
RD-1000637,Fleet,False,False,False
RD-1000638,Fleet,False,False,False
RD-1000639,Fleet,False,False,False
RD-1000640,Fleet,False,False,False
RD-1000641,Retail,False,False,False
RD-1000642,Fleet,False,False,False
RD-1000643,Fleet,False,False,False
RD-1000644,Fleet,False,False,False
RD-1000645,Fleet,False,False,False
RD-1000646,Retail,False,False,False
RD-1000647,Fleet,False,False,False
RD-1000648,Fleet,False,False,False
RD-1000649,Fleet,False,False,False
RD-1000650,Fleet,False,False,False
RD-1000651,Fleet,False,False,False
RD-1000652,Fleet,False,False,False
RD-1000653,Retail,False,False,False
RD-1000654,Retail,False,False,False
RD-1000655,Fleet,False,False,False
RD-1000656,Retail,False,False,False
RD-1000657,Fleet,False,False,False
RD-1000658,Fleet,False,False,False
RD-1000659,Retail,False,False,False
RD-1000660,Fleet,False,False,False
RD-1000661,Fleet,False,False,False
RD-1000662,Fleet,False,False,False
RD-1000663,Fleet,False,True,False
RD-1000664,Fleet,False,False,False
RD-1000665,Fleet,False,False,False
RD-1000666,Fleet,False,False,False
RD-1000667,Retail,False,False,False
RD-1000668,Fleet,False,False,False
RD-1000669,Retail,False,False,False
RD-1000670,Retail,False,False,False
RD-1000671,Retail,False,False,False
RD-1000672,Retail,False,False,False
RD-1000673,Fleet,False,False,False
RD-1000674,Fleet,False,False,False
RD-1000675,Fleet,False,False,False
RD-1000676,Fleet,False,False,False
RD-1000677,Fleet,False,False,False
RD-1000678,Fleet,False,False,False
RD-1000679,Fleet,False,False,False
RD-1000680,Retail,False,False,False
RD-1000681,Fleet,False,False,False
RD-1000682,Fleet,False,False,False
RD-1000683,Retail,False,True,False
RD-1000684,Retail,False,False,False
RD-1000685,Retail,False,True,False
RD-1000686,Retail,False,True,False
RD-1000687,Retail,False,False,False
RD-1000688,Fleet,False,False,False
RD-1000689,Fleet,False,False,False
RD-1000690,Retail,False,False,False
RD-1000691,Retail,False,False,False
RD-1000692,Retail,False,False,False
RD-1000693,Fleet,False,False,False
RD-1000694,Fleet,False,False,False
RD-1000695,Fleet,False,False,False
RD-1000696,Fleet,False,False,False
RD-1000697,Fleet,False,False,False
RD-1000698,Fleet,False,False,False
RD-1000699,Retail,False,False,False
RD-1000700,Fleet,False,False,False
RD-1000701,Retail,False,False,False
RD-1000702,Retail,False,False,False
RD-1000703,Fleet,False,False,False
RD-1000704,Fleet,False,False,False
RD-1000705,Fleet,False,False,False
RD-1000706,Fleet,False,False,False
RD-1000707,Fleet,False,False,False
RD-1000708,Fleet,False,False,False
RD-1000709,Fleet,False,False,False
RD-1000710,Fleet,False,False,False
RD-1000711,Fleet,False,True,False
RD-1000712,Fleet,False,False,False
RD-1000713,Fleet,False,False,False
RD-1000714,Fleet,False,False,False
RD-1000715,Retail,False,False,False
RD-1000716,Fleet,False,False,False
RD-1000717,Retail,False,False,False
RD-1000718,Retail,False,True,False
RD-1000719,Retail,False,False,False
RD-1000720,Retail,False,False,False
RD-1000721,Fleet,False,False,False
RD-1000722,Fleet,False,True,False
RD-1000723,Fleet,False,False,False
RD-1000724,Fleet,False,False,False
RD-1000725,Fleet,False,False,False
RD-1000726,Retail,False,False,False
RD-1000727,Fleet,False,False,False
RD-1000728,Retail,False,True,False
RD-1000729,Fleet,False,False,False
RD-1000730,Retail,False,False,False
RD-1000731,Retail,False,True,False
RD-1000732,Retail,False,False,False
RD-1000733,Fleet,False,True,False
RD-1000734,Fleet,False,False,False
RD-1000735,Retail,False,False,False
RD-1000736,Fleet,False,False,False
RD-1000737,Fleet,False,False,False
RD-1000738,Retail,False,True,False
RD-1000739,Retail,False,False,False
RD-1000740,Fleet,False,False,False
RD-1000741,Retail,False,False,False
RD-1000742,Fleet,False,False,False
RD-1000743,Fleet,False,False,False
RD-1000744,Fleet,False,False,False
RD-1000745,Fleet,False,False,False
RD-1000746,Fleet,False,False,False
RD-1000747,Fleet,False,False,False
RD-1000748,Fleet,False,False,False
RD-1000749,Fleet,False,False,False
RD-1000750,Retail,False,False,False
RD-1000751,Fleet,False,False,False
RD-1000752,Fleet,False,False,False
RD-1000753,Fleet,False,False,False
RD-1000754,Retail,False,False,False
RD-1000755,Retail,False,False,False
RD-1000756,Retail,False,False,False
RD-1000757,Retail,False,False,False
RD-1000758,Fleet,False,False,False
RD-1000759,Fleet,False,False,False
RD-1000760,Fleet,False,False,False
RD-1000761,Retail,False,True,False
RD-1000762,Retail,False,False,False
RD-1000763,Retail,False,False,False
RD-1000764,Fleet,False,False,False
RD-1000765,Retail,False,False,False
RD-1000766,Fleet,False,False,False
RD-1000767,Fleet,False,False,False
RD-1000768,Retail,False,False,False
RD-1000769,Fleet,False,False,False
RD-1000770,Fleet,False,False,False
RD-1000771,Fleet,False,False,False
RD-1000772,Fleet,False,False,False
RD-1000773,Fleet,False,False,False
RD-1000774,Retail,False,False,False
RD-1000775,Fleet,False,False,False
RD-1000776,Retail,False,False,False
RD-1000777,Retail,False,False,False
RD-1000778,Retail,False,False,False
RD-1000779,Retail,False,False,False
RD-1000780,Fleet,False,False,False
RD-1000781,Fleet,False,False,False
RD-1000782,Fleet,False,False,False
RD-1000783,Fleet,False,False,False
RD-1000784,Fleet,False,False,False
RD-1000785,Fleet,False,False,False
RD-1000786,Fleet,False,False,False
RD-1000787,Retail,False,False,False
RD-1000788,Fleet,False,True,False
RD-1000789,Fleet,False,False,False
RD-1000790,Fleet,False,False,False
RD-1000791,Retail,False,True,False
RD-1000792,Fleet,True,False,False
RD-1000793,Fleet,False,False,False
RD-1000794,Fleet,False,False,False
RD-1000795,Fleet,False,False,False
RD-1000796,Retail,False,False,False
RD-1000797,Retail,False,False,False
RD-1000798,Fleet,False,False,False
RD-1000799,Fleet,False,False,False
RD-1000800,Retail,False,False,False
RD-1000801,Fleet,False,False,False
RD-1000802,Fleet,False,False,False
RD-1000803,Fleet,False,False,False
RD-1000804,Fleet,False,False,False
RD-1000805,Retail,False,False,False
RD-1000806,Fleet,False,False,False
RD-1000807,Retail,False,False,False
RD-1000808,Fleet,False,False,False
RD-1000809,Retail,False,True,False
RD-1000810,Retail,False,False,False
RD-1000811,Retail,False,False,False
RD-1000812,Fleet,False,False,False
RD-1000813,Retail,False,False,False
RD-1000814,Fleet,False,False,False
RD-1000815,Retail,False,False,False
RD-1000816,Fleet,False,False,False
RD-1000817,Fleet,False,True,False
RD-1000818,Retail,False,False,False
RD-1000819,Fleet,False,False,False
RD-1000820,Fleet,False,True,False
RD-1000821,Fleet,False,False,False
RD-1000822,Fleet,False,False,False
RD-1000823,Fleet,False,False,False
RD-1000824,Retail,False,False,False
RD-1000825,Fleet,False,False,False
RD-1000826,Retail,False,False,False
RD-1000827,Fleet,False,False,False
RD-1000828,Fleet,False,False,False
RD-1000829,Fleet,False,False,False
RD-1000830,Fleet,False,False,False
RD-1000831,Fleet,False,False,False
RD-1000832,Fleet,False,False,False
RD-1000833,Retail,False,False,False
RD-1000834,Retail,False,False,False
RD-1000835,Retail,False,False,False
RD-1000836,Fleet,False,False,False
RD-1000837,Retail,False,False,False
RD-1000838,Fleet,False,False,False
RD-1000839,Fleet,False,False,False
RD-1000840,Fleet,False,False,False
RD-1000841,Fleet,False,False,False
RD-1000842,Retail,False,False,False
RD-1000843,Retail,False,False,False
RD-1000844,Fleet,False,False,False
RD-1000845,Retail,False,False,False
RD-1000846,Fleet,False,False,False
RD-1000847,Fleet,False,False,False
RD-1000848,Fleet,False,False,False
RD-1000849,Fleet,False,False,False
RD-1000850,Retail,False,False,False
RD-1000851,Fleet,False,False,False
RD-1000852,Fleet,False,False,False
RD-1000853,Retail,False,False,False
RD-1000854,Fleet,False,False,False
RD-1000855,Fleet,False,False,False
RD-1000856,Retail,False,False,False
RD-1000857,Retail,False,False,False
RD-1000858,Fleet,False,False,False
RD-1000859,Retail,False,False,False
RD-1000860,Retail,False,False,False
RD-1000861,Retail,False,False,False
RD-1000862,Fleet,False,False,False
RD-1000863,Fleet,False,False,False
RD-1000864,Fleet,False,False,False
RD-1000865,Retail,False,False,False
RD-1000866,Fleet,False,True,False
RD-1000867,Fleet,False,False,False
RD-1000868,Retail,False,False,False
RD-1000869,Fleet,False,False,False
RD-1000870,Retail,False,False,False
RD-1000871,Fleet,False,False,False
RD-1000872,Retail,False,False,False
RD-1000873,Retail,False,False,False
RD-1000874,Fleet,False,False,False
RD-1000875,Fleet,False,False,False
RD-1000876,Fleet,False,False,False
RD-1000877,Retail,False,False,False
RD-1000878,Retail,False,False,False
RD-1000879,Fleet,False,False,False
RD-1000880,Retail,False,False,False
RD-1000881,Retail,False,False,False
RD-1000882,Fleet,False,False,False
RD-1000883,Fleet,False,False,False
RD-1000884,Retail,False,False,False
RD-1000885,Fleet,False,False,False
RD-1000886,Retail,False,False,False
RD-1000887,Fleet,False,True,False
RD-1000888,Retail,False,False,False
RD-1000889,Retail,False,False,False
RD-1000890,Fleet,False,False,False
RD-1000891,Fleet,False,False,False
RD-1000892,Fleet,False,False,False
RD-1000893,Fleet,False,False,False
RD-1000894,Fleet,False,False,False
RD-1000895,Retail,False,True,False
RD-1000896,Fleet,False,False,False
RD-1000897,Fleet,False,False,False
RD-1000898,Fleet,False,False,False
RD-1000899,Retail,False,False,False
RD-1000900,Fleet,False,False,False
RD-1000901,Retail,False,False,False
RD-1000902,Fleet,False,True,False
RD-1000903,Retail,False,False,False
RD-1000904,Retail,False,False,False
RD-1000905,Retail,False,False,False
RD-1000906,Fleet,True,False,False
RD-1000907,Fleet,False,False,False
RD-1000908,Retail,False,False,False
RD-1000909,Retail,False,False,False
RD-1000910,Fleet,False,False,False
RD-1000911,Retail,False,False,False
RD-1000912,Fleet,False,True,False
RD-1000913,Fleet,False,False,False
RD-1000914,Fleet,False,False,False
RD-1000915,Retail,False,False,False
RD-1000916,Retail,False,False,False
RD-1000917,Retail,False,False,False
RD-1000918,Fleet,False,False,False
RD-1000919,Fleet,False,False,False
RD-1000920,Fleet,False,True,False
RD-1000921,Fleet,False,False,False
RD-1000922,Retail,False,False,False
RD-1000923,Retail,False,False,False
RD-1000924,Fleet,False,False,False
RD-1000925,Fleet,False,False,False
RD-1000926,Fleet,False,True,False
RD-1000927,Fleet,False,False,False
RD-1000928,Fleet,False,False,False
RD-1000929,Fleet,True,False,False
RD-1000930,Fleet,False,True,False
RD-1000931,Fleet,False,False,False
RD-1000932,Retail,False,False,False
RD-1000933,Retail,False,False,False
RD-1000934,Fleet,False,False,False
RD-1000935,Fleet,False,False,False
RD-1000936,Fleet,False,False,False
RD-1000937,Retail,False,False,False
RD-1000938,Retail,False,False,False
RD-1000939,Retail,False,False,False
RD-1000940,Fleet,False,False,False
RD-1000941,Fleet,False,False,False
RD-1000942,Fleet,False,False,False
RD-1000943,Fleet,False,False,False
RD-1000944,Fleet,False,False,False
RD-1000945,Fleet,False,False,False
RD-1000946,Retail,False,False,False
RD-1000947,Retail,False,False,False
RD-1000948,Fleet,False,False,False
RD-1000949,Fleet,False,False,False
RD-1000950,Retail,False,False,False
RD-1000951,Fleet,False,False,False
RD-1000952,Fleet,False,False,False
RD-1000953,Fleet,False,False,False
RD-1000954,Fleet,False,False,False
RD-1000955,Fleet,False,False,False
RD-1000956,Retail,False,False,False
RD-1000957,Fleet,False,False,False
RD-1000958,Fleet,False,False,False
RD-1000959,Retail,False,False,False
RD-1000960,Retail,False,False,False
RD-1000961,Fleet,True,False,False
RD-1000962,Fleet,False,False,False
RD-1000963,Retail,False,False,False
RD-1000964,Retail,False,False,False
RD-1000965,Fleet,False,False,False
RD-1000966,Fleet,False,False,False
RD-1000967,Fleet,False,False,False
RD-1000968,Fleet,False,False,False
RD-1000969,Fleet,False,False,False
RD-1000970,Fleet,False,False,False
RD-1000971,Retail,False,False,False
RD-1000972,Fleet,False,False,False
RD-1000973,Retail,False,False,False
RD-1000974,Fleet,False,False,False
RD-1000975,Fleet,False,False,False
RD-1000976,Retail,False,False,False
RD-1000977,Fleet,False,False,False
RD-1000978,Fleet,False,False,False
RD-1000979,Fleet,False,False,False
RD-1000980,Retail,False,False,False
RD-1000981,Fleet,False,False,False
RD-1000982,Fleet,False,False,False
RD-1000983,Fleet,False,False,False
RD-1000984,Retail,False,False,False
RD-1000985,Fleet,False,False,False
RD-1000986,Fleet,False,False,False
RD-1000987,Fleet,False,True,False
RD-1000988,Fleet,False,False,False
RD-1000989,Fleet,False,False,False
RD-1000990,Fleet,False,True,False
RD-1000991,Fleet,False,False,False
RD-1000992,Fleet,False,False,False
RD-1000993,Fleet,False,True,False
RD-1000994,Retail,False,False,False
RD-1000995,Fleet,False,False,False
RD-1000996,Fleet,False,False,False
RD-1000997,Retail,False,False,False
RD-1000998,Fleet,False,False,False
RD-1000999,Fleet,False,False,False
RD-1001000,Fleet,False,False,False
RD-1001001,Fleet,False,False,False
RD-1001002,Fleet,False,False,False
RD-1001003,Retail,False,False,False
RD-1001004,Fleet,False,False,False
RD-1001005,Fleet,False,False,False
RD-1001006,Retail,True,False,False
RD-1001007,Fleet,False,False,False
RD-1001008,Fleet,False,False,False
RD-1001009,Retail,False,False,False
RD-1001010,Fleet,False,False,False
RD-1001011,Fleet,False,False,False
RD-1001012,Retail,False,False,False
RD-1001013,Retail,False,False,False
RD-1001014,Fleet,False,False,False
RD-1001015,Fleet,False,False,False
RD-1001016,Fleet,False,False,False
RD-1001017,Retail,False,False,False
RD-1001018,Fleet,False,False,False
RD-1001019,Fleet,False,False,False
RD-1001020,Fleet,False,False,False
RD-1001021,Retail,False,False,False
RD-1001022,Fleet,False,False,False
RD-1001023,Fleet,False,False,False
RD-1001024,Retail,False,False,False
RD-1001025,Fleet,False,False,False
RD-1001026,Retail,False,False,False
RD-1001027,Fleet,False,False,False
RD-1001028,Fleet,False,False,False
RD-1001029,Fleet,False,False,False
RD-1001030,Fleet,False,False,False
RD-1001031,Fleet,False,False,False
RD-1001032,Fleet,False,False,False
RD-1001033,Fleet,False,False,False
RD-1001034,Fleet,False,False,False
RD-1001035,Fleet,False,False,False
RD-1001036,Fleet,False,True,False
RD-1001037,Fleet,False,False,False
RD-1001038,Fleet,False,False,False
RD-1001039,Fleet,False,False,False
RD-1001040,Fleet,False,False,False
RD-1001041,Fleet,False,False,False
RD-1001042,Retail,False,False,False
RD-1001043,Fleet,False,False,False
RD-1001044,Fleet,False,False,False
RD-1001045,Fleet,False,False,False
RD-1001046,Retail,False,False,False
RD-1001047,Retail,False,False,False
RD-1001048,Fleet,False,False,False
RD-1001049,Retail,False,False,False
RD-1001050,Fleet,False,False,False
RD-1001051,Fleet,False,False,False
RD-1001052,Fleet,False,False,False
RD-1001053,Fleet,False,False,False
RD-1001054,Fleet,False,False,False
RD-1001055,Fleet,False,False,False
RD-1001056,Retail,False,False,False
RD-1001057,Fleet,False,False,False
RD-1001058,Fleet,True,False,False
RD-1001059,Fleet,False,False,False
RD-1001060,Fleet,False,False,False
RD-1001061,Fleet,False,False,False
RD-1001062,Retail,False,False,False
RD-1001063,Retail,False,True,False
RD-1001064,Fleet,False,False,False
RD-1001065,Retail,False,False,False
RD-1001066,Fleet,False,False,False
RD-1001067,Fleet,False,False,False
RD-1001068,Fleet,False,False,False
RD-1001069,Fleet,False,False,False
RD-1001070,Retail,False,False,False
RD-1001071,Retail,False,False,False
RD-1001072,Fleet,False,False,False
RD-1001073,Fleet,False,False,False
RD-1001074,Retail,False,False,False
RD-1001075,Fleet,False,False,False
RD-1001076,Fleet,False,False,False
RD-1001077,Fleet,False,False,False
RD-1001078,Retail,False,False,False
RD-1001079,Fleet,False,False,False
RD-1001080,Retail,False,False,False
RD-1001081,Retail,False,False,False
RD-1001082,Fleet,False,False,False
RD-1001083,Fleet,False,False,False
RD-1001084,Fleet,False,False,False
RD-1001085,Fleet,False,False,False
RD-1001086,Fleet,False,False,False
RD-1001087,Fleet,False,False,False
RD-1001088,Fleet,True,False,False
RD-1001089,Retail,False,False,False
RD-1001090,Fleet,False,False,False
RD-1001091,Retail,False,False,False
RD-1001092,Retail,False,False,False
RD-1001093,Fleet,False,False,False
RD-1001094,Fleet,False,False,False
RD-1001095,Fleet,True,False,False
RD-1001096,Fleet,False,False,False
RD-1001097,Fleet,False,True,False
RD-1001098,Fleet,False,False,False
RD-1001099,Retail,False,False,False
RD-1001100,Retail,False,False,False
RD-1001101,Retail,False,False,False
RD-1001102,Fleet,False,False,False
RD-1001103,Fleet,False,False,False
RD-1001104,Fleet,False,False,False
RD-1001105,Retail,False,False,False
RD-1001106,Fleet,False,False,False
RD-1001107,Fleet,False,False,False
RD-1001108,Fleet,False,False,False
RD-1001109,Fleet,False,False,False
RD-1001110,Fleet,False,False,False
RD-1001111,Retail,False,False,False
RD-1001112,Fleet,False,False,False
RD-1001113,Retail,False,False,False
RD-1001114,Fleet,False,False,False
RD-1001115,Fleet,False,False,False
RD-1001116,Fleet,False,False,False
RD-1001117,Retail,False,False,False
RD-1001118,Fleet,False,False,False
RD-1001119,Retail,False,False,False
RD-1001120,Retail,False,False,False
RD-1001121,Retail,False,False,False
RD-1001122,Fleet,False,True,False
RD-1001123,Retail,False,False,False
RD-1001124,Fleet,False,False,False
RD-1001125,Fleet,False,False,False
RD-1001126,Fleet,False,False,False
RD-1001127,Retail,False,False,False
RD-1001128,Retail,False,False,False
RD-1001129,Retail,False,False,False
RD-1001130,Retail,False,False,False
RD-1001131,Retail,False,False,False
RD-1001132,Fleet,False,False,False
RD-1001133,Retail,False,False,False
RD-1001134,Fleet,False,False,False
RD-1001135,Retail,False,False,False
RD-1001136,Fleet,False,False,False
RD-1001137,Retail,False,False,False
RD-1001138,Fleet,False,False,False
RD-1001139,Retail,False,False,False
RD-1001140,Fleet,False,False,False
RD-1001141,Fleet,False,True,False
RD-1001142,Fleet,False,False,False
RD-1001143,Fleet,False,False,False
RD-1001144,Fleet,False,False,False
RD-1001145,Fleet,False,False,False
RD-1001146,Fleet,False,False,False
RD-1001147,Retail,False,False,False
RD-1001148,Fleet,False,False,False
RD-1001149,Retail,False,False,False
RD-1001150,Fleet,False,False,False
RD-1001151,Fleet,False,False,False
RD-1001152,Fleet,False,False,False
RD-1001153,Fleet,False,False,False
RD-1001154,Retail,False,False,False
RD-1001155,Retail,False,False,False
RD-1001156,Fleet,False,False,False
RD-1001157,Retail,False,False,False
RD-1001158,Retail,False,False,False
RD-1001159,Retail,False,False,False
RD-1001160,Fleet,False,False,False
RD-1001161,Fleet,False,False,False
RD-1001162,Fleet,False,False,False
RD-1001163,Fleet,False,False,False
RD-1001164,Fleet,False,False,False
RD-1001165,Fleet,False,True,False
RD-1001166,Retail,False,False,False
RD-1001167,Retail,False,False,False
RD-1001168,Retail,False,False,False
RD-1001169,Fleet,False,False,False
RD-1001170,Fleet,False,False,False
RD-1001171,Fleet,False,False,False
RD-1001172,Fleet,False,False,False
RD-1001173,Fleet,False,False,False
RD-1001174,Retail,False,False,False
RD-1001175,Retail,False,False,False
RD-1001176,Retail,False,False,False
RD-1001177,Fleet,False,False,False
RD-1001178,Retail,False,False,False
RD-1001179,Fleet,False,False,False
RD-1001180,Fleet,False,False,False
RD-1001181,Fleet,False,False,False
RD-1001182,Retail,False,False,False
RD-1001183,Retail,False,True,False
RD-1001184,Fleet,False,False,False
RD-1001185,Fleet,False,False,False
RD-1001186,Fleet,False,True,False
RD-1001187,Retail,False,False,False
RD-1001188,Fleet,False,False,False
RD-1001189,Fleet,False,False,False
RD-1001190,Fleet,False,False,False
RD-1001191,Fleet,False,False,False
RD-1001192,Fleet,False,False,False
RD-1001193,Retail,False,False,False
RD-1001194,Fleet,False,False,False
RD-1001195,Fleet,False,False,False
RD-1001196,Retail,False,False,False
RD-1001197,Fleet,False,False,False
RD-1001198,Fleet,False,False,False
RD-1001199,Retail,False,False,False
RD-1001200,Fleet,False,False,False
RD-1001201,Retail,False,False,False
RD-1001202,Fleet,False,False,False
RD-1001203,Fleet,False,False,False
RD-1001204,Fleet,False,False,False
RD-1001205,Fleet,True,False,False
RD-1001206,Fleet,False,True,False
RD-1001207,Fleet,False,False,False
RD-1001208,Fleet,False,False,False
RD-1001209,Fleet,False,False,False
RD-1001210,Retail,False,False,False
RD-1001211,Retail,False,False,False
RD-1001212,Fleet,False,False,False
RD-1001213,Fleet,False,False,False
RD-1001214,Fleet,False,False,False
RD-1001215,Fleet,False,False,False
RD-1001216,Fleet,False,False,False
RD-1001217,Retail,False,False,False
RD-1001218,Fleet,False,False,False
RD-1001219,Fleet,False,False,False
RD-1001220,Retail,False,False,False
RD-1001221,Fleet,False,False,False
RD-1001222,Fleet,False,False,False
RD-1001223,Fleet,False,False,False
RD-1001224,Fleet,False,False,False
RD-1001225,Retail,False,False,False
RD-1001226,Fleet,False,False,False
RD-1001227,Retail,False,False,False
RD-1001228,Fleet,False,False,False
RD-1001229,Retail,False,False,False
RD-1001230,Retail,False,False,False
RD-1001231,Retail,False,False,False
RD-1001232,Fleet,False,True,False
RD-1001233,Retail,False,True,False
RD-1001234,Fleet,False,False,False
RD-1001235,Retail,False,False,False
RD-1001236,Retail,False,False,False
RD-1001237,Retail,False,False,False
RD-1001238,Fleet,False,False,False
RD-1001239,Fleet,True,True,False
RD-1001240,Retail,False,False,False
RD-1001241,Retail,False,False,False
RD-1001242,Fleet,False,False,False
RD-1001243,Fleet,False,False,False
RD-1001244,Retail,False,False,False
RD-1001245,Fleet,False,False,False
RD-1001246,Retail,False,False,False
RD-1001247,Fleet,False,False,False
RD-1001248,Retail,False,False,False
RD-1001249,Retail,False,False,False
RD-1001250,Fleet,False,False,False
RD-1001251,Fleet,False,False,False
RD-1001252,Retail,False,False,False
RD-1001253,Fleet,False,False,False
RD-1001254,Fleet,False,False,False
RD-1001255,Fleet,False,False,False
RD-1001256,Retail,False,False,False
RD-1001257,Retail,False,False,False
RD-1001258,Fleet,False,False,False
RD-1001259,Retail,False,False,False
RD-1001260,Retail,False,False,False
RD-1001261,Retail,False,False,False
RD-1001262,Retail,False,False,False
RD-1001263,Fleet,False,True,False
RD-1001264,Retail,False,False,False
RD-1001265,Retail,False,False,False
RD-1001266,Retail,False,False,False
RD-1001267,Retail,False,False,False
RD-1001268,Fleet,False,False,False
RD-1001269,Fleet,False,True,False
RD-1001270,Fleet,False,False,False
RD-1001271,Fleet,False,False,False
RD-1001272,Fleet,False,False,False
RD-1001273,Fleet,False,False,False
RD-1001274,Fleet,False,False,False
RD-1001275,Fleet,False,True,False
RD-1001276,Fleet,False,False,False
RD-1001277,Retail,False,False,False
RD-1001278,Fleet,False,False,False
RD-1001279,Fleet,False,False,False
RD-1001280,Fleet,False,False,False
RD-1001281,Fleet,False,False,False
RD-1001282,Fleet,False,False,False
RD-1001283,Fleet,False,False,False
RD-1001284,Fleet,False,False,False
RD-1001285,Fleet,False,False,False
RD-1001286,Fleet,False,False,False
RD-1001287,Fleet,False,False,False
RD-1001288,Fleet,True,False,False
RD-1001289,Fleet,False,False,False
RD-1001290,Retail,False,False,False
RD-1001291,Fleet,False,False,False
RD-1001292,Retail,False,False,False
RD-1001293,Fleet,False,False,False
RD-1001294,Retail,False,False,False
RD-1001295,Retail,False,False,False
RD-1001296,Fleet,False,False,False
RD-1001297,Retail,False,False,False
RD-1001298,Fleet,False,True,False
RD-1001299,Retail,False,False,False
RD-1001300,Fleet,False,False,False
RD-1001301,Retail,False,False,False
RD-1001302,Fleet,True,False,False
RD-1001303,Fleet,False,False,False
RD-1001304,Fleet,False,False,False
RD-1001305,Retail,False,False,False
RD-1001306,Fleet,False,False,False
RD-1001307,Fleet,False,False,False
RD-1001308,Retail,False,False,False
RD-1001309,Fleet,False,False,False
RD-1001310,Fleet,False,False,False
RD-1001311,Fleet,False,False,False
RD-1001312,Fleet,False,False,False
RD-1001313,Fleet,True,False,False
RD-1001314,Fleet,False,False,False
RD-1001315,Fleet,False,False,False
RD-1001316,Fleet,False,False,False
RD-1001317,Retail,False,False,False
RD-1001318,Retail,False,True,False
RD-1001319,Fleet,False,True,False
RD-1001320,Retail,False,False,False
RD-1001321,Fleet,False,False,False
RD-1001322,Retail,False,False,False
RD-1001323,Retail,False,False,False
RD-1001324,Fleet,False,False,False
RD-1001325,Retail,False,False,False
RD-1001326,Fleet,False,False,False
RD-1001327,Retail,False,False,False
RD-1001328,Fleet,False,False,False
RD-1001329,Retail,False,False,False
RD-1001330,Fleet,False,False,False
RD-1001331,Fleet,False,False,False
RD-1001332,Fleet,False,False,False
RD-1001333,Fleet,False,False,False
RD-1001334,Retail,False,False,False
RD-1001335,Fleet,False,False,False
RD-1001336,Fleet,False,False,False
RD-1001337,Fleet,False,False,False
RD-1001338,Fleet,False,False,False
RD-1001339,Fleet,False,False,False
RD-1001340,Retail,False,False,False
RD-1001341,Fleet,False,False,False
RD-1001342,Fleet,False,False,False
RD-1001343,Fleet,False,False,False
RD-1001344,Fleet,False,False,False
RD-1001345,Retail,False,False,False
RD-1001346,Fleet,False,False,False
RD-1001347,Fleet,True,True,False
RD-1001348,Fleet,False,True,False
RD-1001349,Fleet,False,False,False
RD-1001350,Retail,False,False,False
RD-1001351,Fleet,False,False,False
RD-1001352,Fleet,False,False,False
RD-1001353,Fleet,False,False,False
RD-1001354,Fleet,False,False,False
RD-1001355,Retail,False,False,False
RD-1001356,Fleet,False,False,False
RD-1001357,Fleet,False,False,False
RD-1001358,Retail,False,False,False
RD-1001359,Fleet,False,False,False
RD-1001360,Fleet,False,False,False
RD-1001361,Fleet,False,False,False
RD-1001362,Retail,False,False,False
RD-1001363,Retail,False,False,False
RD-1001364,Fleet,False,False,False
RD-1001365,Fleet,False,False,False
RD-1001366,Retail,False,True,False
RD-1001367,Fleet,False,False,False
RD-1001368,Retail,False,False,False
RD-1001369,Fleet,False,False,False
RD-1001370,Fleet,False,False,False
RD-1001371,Fleet,False,False,False
RD-1001372,Fleet,False,False,False
RD-1001373,Fleet,False,False,False
RD-1001374,Retail,False,False,False
RD-1001375,Fleet,False,False,False
RD-1001376,Fleet,False,False,False
RD-1001377,Fleet,False,False,False
RD-1001378,Fleet,False,False,False
RD-1001379,Fleet,False,False,False
RD-1001380,Retail,False,False,False
RD-1001381,Retail,False,False,False
RD-1001382,Fleet,False,False,False
RD-1001383,Fleet,False,False,False
RD-1001384,Fleet,False,False,False
RD-1001385,Retail,False,False,False
RD-1001386,Fleet,False,False,False
RD-1001387,Fleet,False,False,False
RD-1001388,Retail,False,False,False
RD-1001389,Fleet,False,False,False
RD-1001390,Retail,False,False,False
RD-1001391,Fleet,False,False,False
RD-1001392,Fleet,False,False,False
RD-1001393,Retail,False,False,False
RD-1001394,Retail,False,False,False
RD-1001395,Fleet,False,False,False
RD-1001396,Fleet,False,False,False
RD-1001397,Fleet,False,False,False
RD-1001398,Fleet,False,False,False
RD-1001399,Retail,False,False,False
RD-1001400,Fleet,False,False,False
RD-1001401,Fleet,False,False,False
RD-1001402,Fleet,False,False,False
RD-1001403,Fleet,False,False,False
RD-1001404,Retail,False,False,False
RD-1001405,Retail,False,False,False
RD-1001406,Retail,False,False,False
RD-1001407,Fleet,False,False,False
RD-1001408,Fleet,False,True,False
RD-1001409,Fleet,False,False,False
RD-1001410,Fleet,False,False,False
RD-1001411,Fleet,False,False,False
RD-1001412,Retail,False,False,False
RD-1001413,Fleet,False,False,False
RD-1001414,Fleet,False,False,False
RD-1001415,Retail,False,False,False
RD-1001416,Fleet,False,False,False
RD-1001417,Retail,False,False,False
RD-1001418,Fleet,False,False,False
RD-1001419,Retail,False,False,False
RD-1001420,Retail,False,False,False
RD-1001421,Retail,False,False,False
RD-1001422,Fleet,False,False,False
RD-1001423,Fleet,False,False,False
RD-1001424,Retail,False,False,False
RD-1001425,Fleet,False,False,False
RD-1001426,Fleet,False,False,False
RD-1001427,Retail,False,True,False
RD-1001428,Fleet,False,False,False
RD-1001429,Fleet,False,False,False
RD-1001430,Retail,False,False,False
RD-1001431,Fleet,False,False,False
RD-1001432,Fleet,False,False,False
RD-1001433,Retail,False,False,False
RD-1001434,Retail,False,False,False
RD-1001435,Retail,False,False,False
RD-1001436,Retail,False,False,False
RD-1001437,Fleet,False,False,False
RD-1001438,Fleet,False,False,False
RD-1001439,Retail,False,True,False
RD-1001440,Fleet,False,False,False
RD-1001441,Fleet,False,False,False
RD-1001442,Fleet,False,False,False
RD-1001443,Fleet,False,False,False
RD-1001444,Fleet,False,False,False
RD-1001445,Fleet,False,False,False
RD-1001446,Fleet,False,False,False
RD-1001447,Fleet,False,False,False
RD-1001448,Retail,False,True,False
RD-1001449,Retail,False,False,False
RD-1001450,Retail,False,False,False
RD-1001451,Fleet,False,False,False
RD-1001452,Fleet,False,False,False
RD-1001453,Fleet,False,False,False
RD-1001454,Fleet,False,False,False
RD-1001455,Retail,False,False,False
RD-1001456,Retail,False,True,False
RD-1001457,Fleet,False,False,False
RD-1001458,Fleet,False,False,False
RD-1001459,Retail,False,False,False
RD-1001460,Retail,False,False,False
RD-1001461,Fleet,False,False,False
RD-1001462,Fleet,False,False,False
RD-1001463,Retail,False,True,False
RD-1001464,Fleet,False,False,False
RD-1001465,Fleet,False,False,False
RD-1001466,Fleet,False,False,False
RD-1001467,Retail,False,False,False
RD-1001468,Fleet,False,False,False
RD-1001469,Retail,False,False,False
RD-1001470,Fleet,False,False,False
RD-1001471,Fleet,False,False,False
RD-1001472,Retail,False,False,False
RD-1001473,Fleet,False,False,False
RD-1001474,Fleet,False,False,False
RD-1001475,Fleet,False,False,False
RD-1001476,Retail,False,True,False
RD-1001477,Retail,False,False,False
RD-1001478,Fleet,False,False,False
RD-1001479,Fleet,False,False,False
RD-1001480,Fleet,False,False,False
RD-1001481,Fleet,False,False,False
RD-1001482,Retail,False,False,False
RD-1001483,Retail,False,False,False
RD-1001484,Fleet,False,False,False
RD-1001485,Retail,False,False,False
RD-1001486,Fleet,False,False,False
RD-1001487,Retail,False,False,False
RD-1001488,Fleet,False,False,False
RD-1001489,Fleet,False,True,False
RD-1001490,Fleet,False,False,False
RD-1001491,Fleet,False,False,False
RD-1001492,Fleet,False,True,False
RD-1001493,Fleet,False,False,False
RD-1001494,Fleet,False,False,False
RD-1001495,Retail,False,False,False
RD-1001496,Fleet,False,False,False
RD-1001497,Fleet,False,False,False
RD-1001498,Fleet,False,False,False
RD-1001499,Fleet,False,False,False
RD-1001500,Fleet,False,False,False
RD-1001501,Fleet,False,False,False
RD-1001502,Fleet,False,False,False
RD-1001503,Fleet,False,False,False
RD-1001504,Fleet,False,False,False
RD-1001505,Fleet,True,False,False
RD-1001506,Retail,False,False,False
RD-1001507,Fleet,False,False,False
RD-1001508,Retail,False,False,False
RD-1001509,Fleet,False,False,False
RD-1001510,Fleet,False,False,False
RD-1001511,Fleet,False,True,False
RD-1001512,Fleet,False,False,False
RD-1001513,Retail,False,False,False
RD-1001514,Fleet,False,False,False
RD-1001515,Fleet,False,False,False
RD-1001516,Retail,False,False,False
RD-1001517,Fleet,False,False,False
RD-1001518,Fleet,False,False,False
RD-1001519,Retail,False,False,False
RD-1001520,Fleet,False,False,False
RD-1001521,Retail,False,False,False
RD-1001522,Fleet,False,False,False
RD-1001523,Retail,False,False,False
RD-1001524,Fleet,False,False,False
RD-1001525,Fleet,False,False,False
RD-1001526,Retail,False,True,False
RD-1001527,Fleet,False,False,False
RD-1001528,Fleet,False,False,False
RD-1001529,Retail,False,True,False
RD-1001530,Retail,False,False,False
RD-1001531,Fleet,False,False,False
RD-1001532,Fleet,False,False,False
RD-1001533,Fleet,False,False,False
RD-1001534,Fleet,False,False,False
RD-1001535,Fleet,False,False,False
RD-1001536,Fleet,False,True,False
RD-1001537,Fleet,False,False,False
RD-1001538,Retail,False,False,False
RD-1001539,Fleet,False,False,False
RD-1001540,Fleet,False,False,False
RD-1001541,Fleet,False,False,False
RD-1001542,Fleet,False,False,False
RD-1001543,Fleet,False,False,False
RD-1001544,Fleet,False,False,False
RD-1001545,Fleet,False,False,False
RD-1001546,Retail,False,False,False
RD-1001547,Retail,False,False,False
RD-1001548,Fleet,False,False,False
RD-1001549,Fleet,False,False,False
RD-1001550,Fleet,False,False,False
RD-1001551,Retail,False,False,False
RD-1001552,Fleet,False,False,False
RD-1001553,Fleet,False,True,False
RD-1001554,Fleet,False,False,False
RD-1001555,Fleet,False,False,False
RD-1001556,Fleet,True,False,False
RD-1001557,Fleet,False,False,False
RD-1001558,Fleet,False,False,False
RD-1001559,Fleet,False,False,False
RD-1001560,Retail,False,False,False
RD-1001561,Retail,False,False,False
RD-1001562,Fleet,False,False,False
RD-1001563,Fleet,False,False,False
RD-1001564,Retail,False,False,False
RD-1001565,Fleet,False,False,False
RD-1001566,Fleet,False,False,False
RD-1001567,Retail,False,False,False
RD-1001568,Retail,False,False,False
RD-1001569,Fleet,False,False,False
RD-1001570,Retail,False,False,False
RD-1001571,Fleet,False,False,False
RD-1001572,Fleet,False,False,False
RD-1001573,Fleet,False,False,False
RD-1001574,Retail,False,False,False
RD-1001575,Retail,False,False,False
RD-1001576,Retail,False,False,False
RD-1001577,Fleet,False,False,False
RD-1001578,Fleet,False,False,False
RD-1001579,Fleet,False,True,False
RD-1001580,Retail,False,False,False
RD-1001581,Retail,False,False,False
RD-1001582,Retail,False,False,False
RD-1001583,Fleet,False,False,False
RD-1001584,Fleet,False,False,False
RD-1001585,Fleet,False,False,False
RD-1001586,Retail,False,False,False
RD-1001587,Retail,False,False,False
RD-1001588,Fleet,False,False,False
RD-1001589,Retail,False,False,False
RD-1001590,Fleet,False,False,False
RD-1001591,Fleet,False,False,False
RD-1001592,Retail,False,False,False
RD-1001593,Fleet,False,False,False
RD-1001594,Fleet,False,False,False
RD-1001595,Fleet,False,False,False
RD-1001596,Fleet,False,False,False
RD-1001597,Retail,False,False,False
RD-1001598,Retail,False,False,False
RD-1001599,Fleet,False,False,False
RD-1001600,Fleet,False,False,False
RD-1001601,Fleet,False,False,False
RD-1001602,Retail,False,False,False
RD-1001603,Fleet,False,False,False
RD-1001604,Fleet,False,True,False
RD-1001605,Retail,False,False,False
RD-1001606,Fleet,False,False,False
RD-1001607,Fleet,False,False,False
RD-1001608,Retail,False,False,False
RD-1001609,Retail,False,False,False
RD-1001610,Fleet,False,False,False
RD-1001611,Fleet,False,False,False
RD-1001612,Fleet,False,False,False
RD-1001613,Fleet,False,True,False
RD-1001614,Retail,False,False,False
RD-1001615,Retail,False,False,False
RD-1001616,Fleet,False,False,False
RD-1001617,Fleet,False,True,False
RD-1001618,Fleet,False,False,False
RD-1001619,Retail,False,False,False
RD-1001620,Retail,False,False,False
RD-1001621,Retail,False,False,False
RD-1001622,Fleet,False,False,False
RD-1001623,Fleet,False,False,False
RD-1001624,Retail,False,False,False
RD-1001625,Retail,False,False,False
RD-1001626,Fleet,False,False,False
RD-1001627,Fleet,False,False,False
RD-1001628,Fleet,False,False,False
RD-1001629,Fleet,False,False,False
RD-1001630,Fleet,False,False,False
RD-1001631,Fleet,False,True,False
RD-1001632,Retail,False,False,False
RD-1001633,Fleet,False,False,False
RD-1001634,Fleet,False,False,False
RD-1001635,Retail,False,True,False
RD-1001636,Fleet,False,True,False
RD-1001637,Fleet,False,True,False
RD-1001638,Retail,False,False,False
RD-1001639,Fleet,False,False,False
RD-1001640,Retail,False,False,False
RD-1001641,Fleet,False,False,False
RD-1001642,Fleet,False,False,False
RD-1001643,Retail,False,False,False
RD-1001644,Fleet,False,False,False
RD-1001645,Retail,False,False,False
RD-1001646,Retail,False,False,False
RD-1001647,Retail,False,False,False
RD-1001648,Fleet,False,False,False
RD-1001649,Fleet,False,False,False
RD-1001650,Fleet,False,False,False
RD-1001651,Fleet,False,False,False
RD-1001652,Fleet,False,False,False
RD-1001653,Fleet,False,False,False
RD-1001654,Fleet,False,False,False
RD-1001655,Fleet,False,False,False
RD-1001656,Fleet,False,False,False
RD-1001657,Fleet,False,False,False
RD-1001658,Fleet,False,False,False
RD-1001659,Fleet,False,False,False
RD-1001660,Fleet,False,False,False
RD-1001661,Retail,False,False,False
RD-1001662,Retail,False,False,False
RD-1001663,Retail,False,False,False
RD-1001664,Retail,False,False,False
RD-1001665,Retail,False,False,False
RD-1001666,Retail,False,False,False
RD-1001667,Retail,False,False,False
RD-1001668,Fleet,False,False,False
RD-1001669,Retail,False,False,False
RD-1001670,Retail,False,False,False
RD-1001671,Fleet,False,False,False
RD-1001672,Retail,False,False,False
RD-1001673,Fleet,False,False,False
RD-1001674,Fleet,False,False,False
RD-1001675,Retail,False,False,False
RD-1001676,Fleet,False,False,False
RD-1001677,Fleet,False,False,False
RD-1001678,Retail,False,False,False
RD-1001679,Fleet,False,False,False
RD-1001680,Fleet,False,False,False
RD-1001681,Retail,False,False,False
RD-1001682,Fleet,False,False,False
RD-1001683,Fleet,False,False,False
RD-1001684,Fleet,False,False,False
RD-1001685,Fleet,False,False,False
RD-1001686,Fleet,False,False,False
RD-1001687,Fleet,True,False,False
RD-1001688,Retail,False,False,False
RD-1001689,Fleet,False,False,False
RD-1001690,Fleet,False,False,False
RD-1001691,Retail,False,False,False
RD-1001692,Retail,False,False,False
RD-1001693,Retail,False,False,False
RD-1001694,Fleet,True,False,False
RD-1001695,Fleet,False,False,False
RD-1001696,Fleet,False,False,False
RD-1001697,Fleet,False,False,False
RD-1001698,Retail,False,False,False
RD-1001699,Retail,False,False,False
RD-1001700,Fleet,False,False,False
RD-1001701,Fleet,False,False,False
RD-1001702,Retail,False,False,False
RD-1001703,Retail,False,False,False
RD-1001704,Fleet,False,True,False
RD-1001705,Fleet,False,False,False
RD-1001706,Retail,False,False,False
RD-1001707,Retail,False,False,False
RD-1001708,Fleet,False,False,False
RD-1001709,Fleet,False,False,False
RD-1001710,Fleet,False,False,False
RD-1001711,Fleet,False,False,False
RD-1001712,Retail,False,False,False
RD-1001713,Fleet,False,False,False
RD-1001714,Retail,False,False,False
RD-1001715,Fleet,False,False,False
RD-1001716,Fleet,False,False,False
RD-1001717,Fleet,False,False,False
RD-1001718,Retail,False,False,False
RD-1001719,Fleet,False,False,False
RD-1001720,Retail,False,False,False
RD-1001721,Retail,False,False,False
RD-1001722,Retail,False,False,False
RD-1001723,Fleet,False,False,False
RD-1001724,Retail,False,False,False
RD-1001725,Fleet,False,False,False
RD-1001726,Retail,False,False,False
RD-1001727,Fleet,False,False,False
RD-1001728,Retail,False,False,False
RD-1001729,Fleet,False,False,False
RD-1001730,Fleet,False,False,False
RD-1001731,Fleet,False,False,False
RD-1001732,Fleet,False,False,False
RD-1001733,Fleet,False,False,False
RD-1001734,Fleet,False,False,False
RD-1001735,Retail,False,False,False
RD-1001736,Retail,False,False,False
RD-1001737,Fleet,False,False,False
RD-1001738,Retail,False,False,False
RD-1001739,Retail,False,False,False
RD-1001740,Retail,False,True,False
RD-1001741,Fleet,False,True,False
RD-1001742,Fleet,False,False,False
RD-1001743,Fleet,False,False,False
RD-1001744,Retail,False,True,False
RD-1001745,Fleet,False,False,False
RD-1001746,Retail,False,False,False
RD-1001747,Fleet,False,False,False
RD-1001748,Fleet,False,False,False
RD-1001749,Fleet,False,False,False
RD-1001750,Fleet,False,False,False
RD-1001751,Fleet,False,False,False
RD-1001752,Fleet,False,False,False
RD-1001753,Retail,False,False,False
RD-1001754,Retail,False,False,False
RD-1001755,Fleet,False,False,False
RD-1001756,Retail,False,False,False
RD-1001757,Fleet,False,False,False
RD-1001758,Retail,False,False,False
RD-1001759,Fleet,True,False,False
RD-1001760,Fleet,False,False,False
RD-1001761,Fleet,False,True,False
RD-1001762,Fleet,False,False,False
RD-1001763,Fleet,False,False,False
RD-1001764,Retail,False,True,False
RD-1001765,Retail,False,False,False
RD-1001766,Retail,False,False,False
RD-1001767,Fleet,False,False,False
RD-1001768,Fleet,False,False,False
RD-1001769,Retail,False,False,False
RD-1001770,Fleet,False,True,False
RD-1001771,Retail,False,False,False
RD-1001772,Fleet,False,False,False
RD-1001773,Retail,False,False,False
RD-1001774,Fleet,False,False,False
RD-1001775,Fleet,False,False,False
RD-1001776,Retail,False,False,False
RD-1001777,Fleet,False,False,False
RD-1001778,Retail,False,False,False
RD-1001779,Fleet,False,False,False
RD-1001780,Fleet,False,False,False
RD-1001781,Fleet,False,False,False
RD-1001782,Retail,False,False,False
RD-1001783,Fleet,False,False,False
RD-1001784,Retail,False,False,False
RD-1001785,Fleet,False,False,False
RD-1001786,Fleet,False,False,False
RD-1001787,Fleet,False,False,False
RD-1001788,Fleet,False,False,False
RD-1001789,Retail,False,False,False
RD-1001790,Retail,False,False,False
RD-1001791,Retail,False,False,False
RD-1001792,Retail,False,False,False
RD-1001793,Fleet,False,False,False
RD-1001794,Retail,False,False,False
RD-1001795,Fleet,False,False,False
RD-1001796,Retail,False,False,False
RD-1001797,Retail,False,False,False
RD-1001798,Retail,False,False,False
RD-1001799,Fleet,False,False,False
RD-1001800,Fleet,False,False,False
RD-1001801,Retail,False,False,False
RD-1001802,Fleet,False,False,False
RD-1001803,Fleet,False,False,False
RD-1001804,Retail,False,False,False
RD-1001805,Retail,False,False,False
RD-1001806,Fleet,False,False,False
RD-1001807,Fleet,False,False,False
RD-1001808,Fleet,False,False,False
RD-1001809,Fleet,False,False,False
RD-1001810,Retail,False,False,False
RD-1001811,Retail,False,True,False
RD-1001812,Retail,False,False,False
RD-1001813,Fleet,False,False,False
RD-1001814,Fleet,False,False,False
RD-1001815,Retail,False,False,False
RD-1001816,Fleet,False,False,False
RD-1001817,Retail,False,False,False
RD-1001818,Retail,False,False,False
RD-1001819,Fleet,False,False,False
RD-1001820,Fleet,False,False,False
RD-1001821,Retail,False,False,False
RD-1001822,Retail,False,False,False
RD-1001823,Fleet,False,False,False
RD-1001824,Fleet,False,False,False
RD-1001825,Retail,False,False,False
RD-1001826,Fleet,False,False,False
RD-1001827,Fleet,False,False,False
RD-1001828,Fleet,False,False,False
RD-1001829,Retail,False,False,False
RD-1001830,Fleet,False,False,False
RD-1001831,Retail,False,False,False
RD-1001832,Fleet,False,False,False
RD-1001833,Retail,False,False,False
RD-1001834,Fleet,False,False,False
RD-1001835,Fleet,False,False,False
RD-1001836,Retail,False,False,False
RD-1001837,Fleet,False,False,False
RD-1001838,Fleet,False,False,False
RD-1001839,Retail,False,False,False
RD-1001840,Fleet,True,False,False
RD-1001841,Fleet,False,False,False
RD-1001842,Fleet,False,False,False
RD-1001843,Retail,False,False,False
RD-1001844,Fleet,False,False,False
RD-1001845,Fleet,False,False,False
RD-1001846,Retail,False,False,False
RD-1001847,Fleet,False,False,False
RD-1001848,Fleet,False,False,False
RD-1001849,Fleet,False,False,False
RD-1001850,Fleet,False,False,False
RD-1001851,Fleet,False,False,False
RD-1001852,Fleet,False,False,False
RD-1001853,Retail,False,False,False
RD-1001854,Fleet,False,False,False
RD-1001855,Retail,False,False,False
RD-1001856,Fleet,False,False,False
RD-1001857,Retail,False,True,False
RD-1001858,Retail,False,False,False
RD-1001859,Fleet,False,False,False
RD-1001860,Fleet,False,False,False
RD-1001861,Retail,False,False,False
RD-1001862,Fleet,False,False,False
RD-1001863,Fleet,False,False,False
RD-1001864,Retail,False,False,False
RD-1001865,Fleet,False,False,False
RD-1001866,Fleet,False,False,False
RD-1001867,Fleet,False,False,False
RD-1001868,Retail,False,False,False
RD-1001869,Fleet,False,False,False
RD-1001870,Fleet,False,False,False
RD-1001871,Retail,False,False,False
RD-1001872,Fleet,False,False,False
RD-1001873,Fleet,False,False,False
RD-1001874,Retail,False,False,False
RD-1001875,Fleet,False,False,False
RD-1001876,Retail,False,False,False
RD-1001877,Retail,False,False,False
RD-1001878,Fleet,False,False,False
RD-1001879,Retail,False,False,False
RD-1001880,Fleet,False,False,False
RD-1001881,Retail,False,False,False
RD-1001882,Fleet,False,False,False
RD-1001883,Retail,False,False,False
RD-1001884,Retail,False,False,False
RD-1001885,Fleet,False,False,False
RD-1001886,Retail,False,False,False
RD-1001887,Retail,False,False,False
RD-1001888,Fleet,False,False,False
RD-1001889,Retail,False,False,False
RD-1001890,Retail,False,False,False
RD-1001891,Fleet,False,False,False
RD-1001892,Fleet,False,False,False
RD-1001893,Fleet,False,False,False
RD-1001894,Retail,False,False,False
RD-1001895,Fleet,True,False,False
RD-1001896,Retail,False,False,False
RD-1001897,Retail,False,False,False
RD-1001898,Retail,False,False,False
RD-1001899,Retail,False,False,False
RD-1001900,Fleet,False,False,False
RD-1001901,Fleet,False,False,False
RD-1001902,Fleet,False,False,False
RD-1001903,Fleet,False,False,False
RD-1001904,Retail,False,False,False
RD-1001905,Fleet,False,False,False
RD-1001906,Fleet,False,False,False
RD-1001907,Retail,False,False,False
RD-1001908,Fleet,False,False,False
RD-1001909,Retail,False,False,False
RD-1001910,Retail,False,False,False
RD-1001911,Fleet,False,False,False
RD-1001912,Retail,False,False,False
RD-1001913,Retail,False,False,False
RD-1001914,Fleet,False,False,False
RD-1001915,Retail,False,False,False
RD-1001916,Retail,False,False,False
RD-1001917,Retail,False,False,False
RD-1001918,Fleet,False,False,False
RD-1001919,Retail,False,False,False
RD-1001920,Retail,False,False,False
RD-1001921,Fleet,False,True,False
RD-1001922,Retail,False,False,False
RD-1001923,Fleet,False,False,False
RD-1001924,Fleet,False,False,False
RD-1001925,Fleet,False,False,False
RD-1001926,Fleet,False,False,False
RD-1001927,Fleet,False,False,False
RD-1001928,Fleet,False,False,False
RD-1001929,Retail,False,True,False
RD-1001930,Retail,False,False,False
RD-1001931,Retail,False,False,False
RD-1001932,Fleet,False,False,False
RD-1001933,Fleet,False,True,False
RD-1001934,Fleet,False,False,False
RD-1001935,Retail,False,False,False
RD-1001936,Fleet,False,False,False
RD-1001937,Fleet,False,False,False
RD-1001938,Retail,False,False,False
RD-1001939,Retail,False,False,False
RD-1001940,Fleet,False,False,False
RD-1001941,Fleet,False,False,False
RD-1001942,Fleet,False,False,False
RD-1001943,Fleet,False,False,False
RD-1001944,Retail,False,False,False
RD-1001945,Retail,False,False,False
RD-1001946,Fleet,False,False,False
RD-1001947,Fleet,False,False,False
RD-1001948,Fleet,False,False,False
RD-1001949,Fleet,True,False,False
RD-1001950,Fleet,False,False,False
RD-1001951,Fleet,False,False,False
RD-1001952,Retail,False,False,False
RD-1001953,Retail,False,False,False
RD-1001954,Fleet,False,False,False
RD-1001955,Retail,False,False,False
RD-1001956,Fleet,False,False,False
RD-1001957,Fleet,False,False,False
RD-1001958,Fleet,False,False,False
RD-1001959,Fleet,True,False,False
RD-1001960,Retail,False,True,False
RD-1001961,Fleet,False,False,False
RD-1001962,Retail,False,False,False
RD-1001963,Retail,False,False,False
RD-1001964,Retail,False,False,False
RD-1001965,Retail,False,False,False
RD-1001966,Fleet,False,False,False
RD-1001967,Fleet,False,False,False
RD-1001968,Retail,False,False,False
RD-1001969,Fleet,False,False,False
RD-1001970,Retail,False,True,False
RD-1001971,Fleet,False,False,False
RD-1001972,Fleet,False,False,False
RD-1001973,Fleet,False,False,False
RD-1001974,Fleet,False,False,False
RD-1001975,Retail,False,False,False
RD-1001976,Retail,False,False,False
RD-1001977,Retail,False,True,False
RD-1001978,Fleet,False,False,False
RD-1001979,Fleet,False,True,False
RD-1001980,Retail,False,False,False
RD-1001981,Retail,False,False,False
RD-1001982,Fleet,False,False,False
RD-1001983,Retail,False,False,False
RD-1001984,Retail,False,False,False
RD-1001985,Fleet,False,False,False
RD-1001986,Fleet,False,False,False
RD-1001987,Fleet,False,False,False
RD-1001988,Retail,False,False,False
RD-1001989,Fleet,False,False,False
RD-1001990,Retail,False,False,False
RD-1001991,Fleet,False,False,False
RD-1001992,Retail,False,False,False
RD-1001993,Fleet,False,False,False
RD-1001994,Retail,False,False,False
RD-1001995,Fleet,False,False,False
RD-1001996,Fleet,False,False,False
RD-1001997,Fleet,False,False,False
RD-1001998,Fleet,False,False,False
RD-1001999,Retail,False,False,False
RD-1002000,Retail,False,False,False
RD-1002001,Fleet,False,False,False
RD-1002002,Fleet,False,False,False
RD-1002003,Fleet,False,False,False
RD-1002004,Fleet,False,False,False
RD-1002005,Retail,False,False,False
RD-1002006,Retail,False,False,False
RD-1002007,Retail,False,False,False
RD-1002008,Fleet,False,False,False
RD-1002009,Fleet,False,False,False
RD-1002010,Retail,False,False,False
RD-1002011,Fleet,False,False,False
RD-1002012,Fleet,False,False,False
RD-1002013,Fleet,False,True,False
RD-1002014,Fleet,False,False,False
RD-1002015,Fleet,False,False,False
RD-1002016,Retail,False,False,False
RD-1002017,Retail,False,False,False
RD-1002018,Retail,False,False,False
RD-1002019,Fleet,False,False,False
RD-1002020,Fleet,False,True,False
RD-1002021,Fleet,False,True,False
RD-1002022,Fleet,False,False,False
RD-1002023,Fleet,False,False,False
RD-1002024,Retail,False,False,False
RD-1002025,Fleet,False,False,False
RD-1002026,Fleet,False,False,False
RD-1002027,Fleet,False,False,False
RD-1002028,Fleet,False,False,False
RD-1002029,Fleet,False,False,False
RD-1002030,Retail,True,False,False
RD-1002031,Retail,False,False,False
RD-1002032,Retail,False,False,False
RD-1002033,Fleet,False,False,False
RD-1002034,Retail,False,False,False
RD-1002035,Retail,False,True,False
RD-1002036,Fleet,False,False,False
RD-1002037,Fleet,False,False,False
RD-1002038,Fleet,False,False,False
RD-1002039,Retail,False,False,False
RD-1002040,Fleet,False,False,False
RD-1002041,Fleet,False,False,False
RD-1002042,Fleet,False,False,False
RD-1002043,Fleet,False,False,False
RD-1002044,Fleet,False,False,False
RD-1002045,Fleet,False,False,False
RD-1002046,Fleet,False,False,False
RD-1002047,Fleet,False,False,False
RD-1002048,Fleet,False,False,False
RD-1002049,Retail,False,False,False
RD-1002050,Retail,False,False,False
RD-1002051,Retail,False,False,False
RD-1002052,Fleet,False,True,False
RD-1002053,Fleet,False,False,False
RD-1002054,Fleet,False,False,False
RD-1002055,Retail,False,False,False
RD-1002056,Fleet,False,False,False
RD-1002057,Retail,False,False,False
RD-1002058,Fleet,False,False,False
RD-1002059,Fleet,False,False,False
RD-1002060,Fleet,False,False,False
RD-1002061,Fleet,False,False,False
RD-1002062,Fleet,False,False,False
RD-1002063,Fleet,False,False,False
RD-1002064,Fleet,False,False,False
RD-1002065,Fleet,False,False,False
RD-1002066,Fleet,False,False,False
RD-1002067,Fleet,False,False,False
RD-1002068,Retail,False,False,False
RD-1002069,Fleet,False,False,False
RD-1002070,Retail,False,False,False
RD-1002071,Fleet,False,False,False
RD-1002072,Retail,False,False,False
RD-1002073,Retail,False,False,False
RD-1002074,Retail,False,False,False
RD-1002075,Fleet,False,False,False
RD-1002076,Retail,False,False,False
RD-1002077,Retail,False,False,False
RD-1002078,Retail,False,False,False
RD-1002079,Fleet,False,False,False
RD-1002080,Fleet,False,False,False
RD-1002081,Fleet,False,False,False
RD-1002082,Retail,False,False,False
RD-1002083,Fleet,False,False,False
RD-1002084,Fleet,False,False,False
RD-1002085,Retail,False,False,False
RD-1002086,Fleet,False,False,False
RD-1002087,Fleet,False,False,False
RD-1002088,Retail,False,False,False
RD-1002089,Fleet,False,False,False
RD-1002090,Fleet,False,False,False
RD-1002091,Fleet,False,False,False
RD-1002092,Fleet,False,False,False
RD-1002093,Fleet,False,False,False
RD-1002094,Fleet,False,False,False
RD-1002095,Fleet,False,False,False
RD-1002096,Retail,False,False,False
RD-1002097,Retail,False,False,False
RD-1002098,Retail,False,False,False
RD-1002099,Fleet,False,False,False
RD-1002100,Fleet,False,False,False
RD-1002101,Retail,False,False,False
RD-1002102,Fleet,True,False,False
RD-1002103,Fleet,False,True,False
RD-1002104,Fleet,False,True,False
RD-1002105,Fleet,False,False,False
RD-1002106,Retail,False,False,False
RD-1002107,Retail,False,False,False
RD-1002108,Fleet,False,False,False
RD-1002109,Retail,False,False,False
RD-1002110,Retail,False,False,False
RD-1002111,Retail,False,False,False
RD-1002112,Retail,False,False,False
RD-1002113,Retail,False,False,False
RD-1002114,Fleet,False,False,False
RD-1002115,Fleet,False,False,False
RD-1002116,Retail,False,False,False
RD-1002117,Fleet,False,False,False
RD-1002118,Fleet,False,False,False
RD-1002119,Fleet,False,False,False
RD-1002120,Fleet,False,False,False
RD-1002121,Fleet,False,False,False
RD-1002122,Fleet,False,False,False
RD-1002123,Fleet,False,True,False
RD-1002124,Fleet,False,False,False
RD-1002125,Retail,False,False,False
RD-1002126,Fleet,False,True,False
RD-1002127,Fleet,False,False,False
RD-1002128,Fleet,False,False,False
RD-1002129,Retail,False,False,False
RD-1002130,Fleet,False,False,False
RD-1002131,Retail,False,False,False
RD-1002132,Retail,False,False,False
RD-1002133,Fleet,False,False,False
RD-1002134,Retail,False,False,False
RD-1002135,Fleet,False,False,False
RD-1002136,Fleet,False,False,False
RD-1002137,Retail,False,False,False
RD-1002138,Retail,False,False,False
RD-1002139,Retail,False,False,False
RD-1002140,Fleet,False,False,False
RD-1002141,Retail,False,False,False
RD-1002142,Fleet,False,False,False
RD-1002143,Retail,False,False,False
RD-1002144,Fleet,False,False,False
RD-1002145,Retail,False,False,False
RD-1002146,Retail,False,False,False
RD-1002147,Fleet,False,False,False
RD-1002148,Fleet,False,False,False
RD-1002149,Fleet,False,False,False
RD-1002150,Fleet,False,False,False
RD-1002151,Retail,False,False,False
RD-1002152,Retail,False,False,False
RD-1002153,Fleet,False,False,False
RD-1002154,Fleet,False,False,False
RD-1002155,Retail,False,False,False
RD-1002156,Fleet,False,False,False
RD-1002157,Fleet,False,False,False
RD-1002158,Retail,False,False,False
RD-1002159,Fleet,False,True,False
RD-1002160,Fleet,False,False,False
RD-1002161,Retail,False,False,False
RD-1002162,Retail,False,False,False
RD-1002163,Retail,False,False,False
RD-1002164,Fleet,False,False,False
RD-1002165,Retail,False,False,False
RD-1002166,Fleet,False,False,False
RD-1002167,Fleet,False,False,False
RD-1002168,Fleet,False,False,False
RD-1002169,Retail,False,False,False
RD-1002170,Retail,False,False,False
RD-1002171,Retail,False,False,False
RD-1002172,Fleet,False,False,False
RD-1002173,Fleet,False,False,False
RD-1002174,Retail,True,False,False
RD-1002175,Retail,False,False,False
RD-1002176,Retail,False,False,False
RD-1002177,Retail,False,False,False
RD-1002178,Retail,False,False,False
RD-1002179,Fleet,False,False,False
RD-1002180,Fleet,False,False,False
RD-1002181,Fleet,False,False,False
RD-1002182,Fleet,False,False,False
RD-1002183,Fleet,False,False,False
RD-1002184,Fleet,False,True,False
RD-1002185,Fleet,False,False,False
RD-1002186,Retail,False,False,False
RD-1002187,Fleet,False,False,False
RD-1002188,Fleet,False,False,False
RD-1002189,Retail,False,False,False
RD-1002190,Fleet,False,False,False
RD-1002191,Fleet,False,False,False
RD-1002192,Fleet,False,True,False
RD-1002193,Fleet,False,False,False
RD-1002194,Retail,False,False,False
RD-1002195,Retail,False,True,False
RD-1002196,Retail,False,False,False
RD-1002197,Fleet,False,False,False
RD-1002198,Retail,False,False,False
RD-1002199,Fleet,False,False,False
RD-1002200,Retail,False,False,False
RD-1002201,Fleet,False,False,False
RD-1002202,Fleet,False,False,False
RD-1002203,Fleet,False,False,False
RD-1002204,Fleet,False,False,False
RD-1002205,Fleet,False,False,False
RD-1002206,Fleet,False,False,False
RD-1002207,Fleet,False,False,False
RD-1002208,Retail,False,False,False
RD-1002209,Retail,False,False,False
RD-1002210,Retail,False,False,False
RD-1002211,Fleet,False,False,False
RD-1002212,Retail,False,False,False
RD-1002213,Retail,False,False,False
RD-1002214,Fleet,False,False,False
RD-1002215,Fleet,False,True,False
RD-1002216,Fleet,False,False,False
RD-1002217,Fleet,False,False,False
RD-1002218,Retail,False,False,False
RD-1002219,Retail,False,False,False
RD-1002220,Fleet,False,True,False
RD-1002221,Retail,False,False,False
RD-1002222,Fleet,False,False,False
RD-1002223,Fleet,False,False,False
RD-1002224,Fleet,False,False,False
RD-1002225,Fleet,False,False,False
RD-1002226,Fleet,False,False,False
RD-1002227,Fleet,False,False,False
RD-1002228,Fleet,False,False,False
RD-1002229,Retail,False,False,False
RD-1002230,Fleet,False,False,False
RD-1002231,Fleet,False,False,False
RD-1002232,Retail,False,False,False
RD-1002233,Fleet,False,False,False
RD-1002234,Fleet,False,False,False
RD-1002235,Fleet,False,False,False
RD-1002236,Retail,False,False,False
RD-1002237,Fleet,False,False,False
RD-1002238,Fleet,False,False,False
RD-1002239,Fleet,False,False,False
RD-1002240,Fleet,False,False,False
RD-1002241,Retail,False,False,False
RD-1002242,Retail,False,False,False
RD-1002243,Retail,False,False,False
RD-1002244,Retail,False,False,False
RD-1002245,Fleet,False,False,False
RD-1002246,Retail,False,False,False
RD-1002247,Fleet,False,False,False
RD-1002248,Fleet,False,False,False
RD-1002249,Retail,False,False,False
RD-1002250,Retail,False,False,False
RD-1002251,Retail,False,False,False
RD-1002252,Fleet,False,False,False
RD-1002253,Retail,False,False,False
RD-1002254,Fleet,False,False,False
RD-1002255,Retail,False,False,False
RD-1002256,Fleet,False,False,False
RD-1002257,Retail,False,False,False
RD-1002258,Retail,False,False,False
RD-1002259,Fleet,False,False,False
RD-1002260,Retail,False,False,False
RD-1002261,Retail,False,False,False
RD-1002262,Retail,False,False,False
RD-1002263,Retail,False,False,False
RD-1002264,Retail,False,False,False
RD-1002265,Retail,False,False,False
RD-1002266,Fleet,False,False,False
RD-1002267,Retail,False,False,False
RD-1002268,Fleet,False,False,False
RD-1002269,Retail,False,False,False
RD-1002270,Fleet,False,False,False
RD-1002271,Retail,False,False,False
RD-1002272,Fleet,False,False,False
RD-1002273,Retail,False,False,False
RD-1002274,Fleet,False,False,False
RD-1002275,Retail,False,False,False
RD-1002276,Fleet,False,False,False
RD-1002277,Fleet,False,False,False
RD-1002278,Retail,False,False,False
RD-1002279,Retail,False,False,False
RD-1002280,Fleet,False,False,False
RD-1002281,Fleet,False,False,False
RD-1002282,Fleet,False,True,False
RD-1002283,Retail,False,False,False
RD-1002284,Fleet,False,False,False
RD-1002285,Fleet,False,False,False
RD-1002286,Retail,False,False,False
RD-1002287,Retail,False,False,False
RD-1002288,Fleet,False,False,False
RD-1002289,Fleet,False,False,False
RD-1002290,Fleet,False,False,False
RD-1002291,Fleet,False,False,False
RD-1002292,Fleet,False,False,False
RD-1002293,Retail,False,False,False
RD-1002294,Fleet,False,False,False
RD-1002295,Retail,False,False,False
RD-1002296,Fleet,False,False,False
RD-1002297,Fleet,False,False,False
RD-1002298,Fleet,False,False,False
RD-1002299,Retail,False,False,False
RD-1002300,Fleet,False,False,False
RD-1002301,Retail,False,False,False
RD-1002302,Fleet,False,False,False
RD-1002303,Retail,False,False,False
RD-1002304,Fleet,False,False,False
RD-1002305,Fleet,False,False,False
RD-1002306,Fleet,False,False,False
RD-1002307,Fleet,False,False,False
RD-1002308,Fleet,False,False,False
RD-1002309,Fleet,False,False,False
RD-1002310,Retail,False,False,False
RD-1002311,Fleet,False,False,False
RD-1002312,Fleet,False,False,False
RD-1002313,Retail,False,False,False
RD-1002314,Fleet,False,False,False
RD-1002315,Fleet,False,True,False
RD-1002316,Fleet,False,False,False
RD-1002317,Fleet,False,False,False
RD-1002318,Retail,False,False,False
RD-1002319,Fleet,False,False,False
RD-1002320,Fleet,False,False,False
RD-1002321,Retail,False,False,False
RD-1002322,Retail,False,False,False
RD-1002323,Retail,False,False,False
RD-1002324,Retail,False,False,False
RD-1002325,Fleet,False,False,False
RD-1002326,Retail,False,False,False
RD-1002327,Retail,False,False,False
RD-1002328,Fleet,False,False,False
RD-1002329,Fleet,False,False,False
RD-1002330,Retail,False,False,False
RD-1002331,Retail,False,False,False
RD-1002332,Fleet,False,False,False
RD-1002333,Retail,False,False,False
RD-1002334,Fleet,False,False,False
RD-1002335,Retail,False,False,False
RD-1002336,Fleet,False,False,False
RD-1002337,Fleet,False,False,False
RD-1002338,Fleet,False,False,False
RD-1002339,Fleet,False,False,False
RD-1002340,Fleet,False,False,False
RD-1002341,Fleet,False,False,False
RD-1002342,Fleet,False,False,False
RD-1002343,Fleet,False,False,False
RD-1002344,Retail,False,False,False
RD-1002345,Retail,False,False,False
RD-1002346,Fleet,False,False,False
RD-1002347,Retail,False,True,False
RD-1002348,Fleet,False,False,False
RD-1002349,Fleet,False,False,False
RD-1002350,Fleet,False,False,False
RD-1002351,Retail,False,False,False
RD-1002352,Retail,False,True,False
RD-1002353,Fleet,False,False,False
RD-1002354,Retail,False,False,False
RD-1002355,Fleet,False,False,False
RD-1002356,Fleet,False,False,False
RD-1002357,Fleet,True,False,False
RD-1002358,Fleet,False,False,False
RD-1002359,Fleet,False,False,False
RD-1002360,Fleet,False,False,False
RD-1002361,Retail,False,False,False
RD-1002362,Retail,False,False,False
RD-1002363,Fleet,False,False,False
RD-1002364,Fleet,False,False,False
RD-1002365,Retail,False,False,False
RD-1002366,Fleet,False,True,False
RD-1002367,Fleet,False,False,False
RD-1002368,Fleet,False,False,False
RD-1002369,Fleet,False,False,False
RD-1002370,Retail,False,False,False
RD-1002371,Retail,False,False,False
RD-1002372,Fleet,False,False,False
RD-1002373,Retail,False,True,False
RD-1002374,Fleet,False,False,False
RD-1002375,Fleet,False,False,False
RD-1002376,Fleet,True,False,False
RD-1002377,Fleet,False,False,False
RD-1002378,Fleet,False,False,False
RD-1002379,Fleet,False,False,False
RD-1002380,Retail,False,False,False
RD-1002381,Fleet,False,True,False
RD-1002382,Fleet,False,False,False
RD-1002383,Fleet,False,False,False
RD-1002384,Fleet,False,False,False
RD-1002385,Retail,False,False,False
RD-1002386,Retail,False,False,False
RD-1002387,Retail,False,False,False
RD-1002388,Fleet,False,False,False
RD-1002389,Retail,False,False,False
RD-1002390,Fleet,False,False,False
RD-1002391,Retail,False,False,False
RD-1002392,Fleet,False,False,False
RD-1002393,Retail,False,False,False
RD-1002394,Retail,False,False,False
RD-1002395,Fleet,False,False,False
RD-1002396,Fleet,False,False,False
RD-1002397,Fleet,False,False,False
RD-1002398,Fleet,False,False,False
RD-1002399,Retail,False,False,False
RD-1002400,Retail,False,True,False
RD-1002401,Fleet,False,False,False
RD-1002402,Fleet,False,False,False
RD-1002403,Fleet,False,False,False
RD-1002404,Fleet,False,True,False
RD-1002405,Retail,False,False,False
RD-1002406,Fleet,False,False,False
RD-1002407,Fleet,False,False,False
RD-1002408,Fleet,False,False,False
RD-1002409,Fleet,False,False,False
RD-1002410,Retail,False,False,False
RD-1002411,Fleet,False,False,False
RD-1002412,Fleet,False,True,False
RD-1002413,Fleet,False,False,False
RD-1002414,Retail,False,False,False
RD-1002415,Fleet,False,False,False
RD-1002416,Fleet,False,False,False
RD-1002417,Fleet,False,False,False
RD-1002418,Fleet,False,False,False
RD-1002419,Retail,False,False,False
RD-1002420,Fleet,False,False,False
RD-1002421,Fleet,False,False,False
RD-1002422,Fleet,False,False,False
RD-1002423,Fleet,False,False,False
RD-1002424,Retail,False,False,False
RD-1002425,Retail,False,False,False
RD-1002426,Retail,False,False,False
RD-1002427,Fleet,False,False,False
RD-1002428,Fleet,False,False,False
RD-1002429,Retail,False,False,False
RD-1002430,Retail,False,True,False
RD-1002431,Fleet,False,False,False
RD-1002432,Retail,False,False,False
RD-1002433,Retail,False,False,False
RD-1002434,Fleet,False,False,False
RD-1002435,Retail,False,False,False
RD-1002436,Retail,False,False,False
RD-1002437,Fleet,False,True,False
RD-1002438,Retail,False,False,False
RD-1002439,Fleet,False,False,False
RD-1002440,Retail,False,False,False
RD-1002441,Fleet,False,False,False
RD-1002442,Retail,False,False,False
RD-1002443,Fleet,False,False,False
RD-1002444,Retail,False,False,False
RD-1002445,Retail,False,False,False
RD-1002446,Fleet,False,False,False
RD-1002447,Fleet,False,True,False
RD-1002448,Fleet,False,False,False
RD-1002449,Retail,False,False,False
RD-1002450,Retail,False,False,False
RD-1002451,Fleet,False,False,False
RD-1002452,Retail,False,False,False
RD-1002453,Retail,False,False,False
RD-1002454,Fleet,False,False,False
RD-1002455,Retail,False,False,False
RD-1002456,Fleet,False,False,False
RD-1002457,Fleet,False,False,False
RD-1002458,Fleet,False,False,False
RD-1002459,Fleet,False,False,False
RD-1002460,Fleet,False,False,False
RD-1002461,Retail,False,False,False
RD-1002462,Fleet,False,False,False
RD-1002463,Fleet,False,True,False
RD-1002464,Retail,False,False,False
RD-1002465,Fleet,False,False,False
RD-1002466,Retail,False,True,False
RD-1002467,Fleet,False,False,False
RD-1002468,Retail,False,False,False
RD-1002469,Fleet,False,False,False
RD-1002470,Fleet,False,False,False
RD-1002471,Fleet,False,False,False
RD-1002472,Fleet,False,False,False
RD-1002473,Fleet,False,False,False
RD-1002474,Retail,False,False,False
RD-1002475,Fleet,False,False,False
RD-1002476,Fleet,False,False,False
RD-1002477,Fleet,False,True,False
RD-1002478,Fleet,False,False,False
RD-1002479,Retail,False,False,False
RD-1002480,Retail,False,False,False
RD-1002481,Fleet,False,True,False
RD-1002482,Retail,False,False,False
RD-1002483,Retail,False,False,False
RD-1002484,Retail,False,False,False
RD-1002485,Retail,False,False,False
RD-1002486,Fleet,False,False,False
RD-1002487,Fleet,False,False,False
RD-1002488,Fleet,False,False,False
RD-1002489,Fleet,False,False,False
RD-1002490,Fleet,False,False,False
RD-1002491,Fleet,False,False,False
RD-1002492,Fleet,False,False,False
RD-1002493,Fleet,False,False,False
RD-1002494,Retail,False,False,False
RD-1002495,Fleet,False,False,False
RD-1002496,Retail,False,False,False
RD-1002497,Retail,False,False,False
RD-1002498,Fleet,False,False,False
RD-1002499,Fleet,False,False,False
RD-1002500,Fleet,False,True,False
RD-1002501,Retail,False,False,False
RD-1002502,Fleet,False,False,False
RD-1002503,Retail,False,False,False
RD-1002504,Retail,False,False,False
RD-1002505,Fleet,False,False,False
RD-1002506,Fleet,False,True,False
RD-1002507,Fleet,False,False,False
RD-1002508,Fleet,False,False,False
RD-1002509,Fleet,False,False,False
RD-1002510,Fleet,False,False,False
RD-1002511,Retail,False,False,False
RD-1002512,Fleet,False,False,False
RD-1002513,Fleet,False,False,False
RD-1002514,Fleet,False,False,False
RD-1002515,Fleet,False,False,False
RD-1002516,Fleet,False,True,False
RD-1002517,Fleet,False,False,False
RD-1002518,Fleet,False,False,False
RD-1002519,Retail,False,False,False
RD-1002520,Fleet,False,False,False
RD-1002521,Fleet,False,False,False
RD-1002522,Fleet,False,False,False
RD-1002523,Fleet,False,False,False
RD-1002524,Fleet,False,False,False
RD-1002525,Fleet,False,False,False
RD-1002526,Fleet,False,False,False
RD-1002527,Retail,False,False,False
RD-1002528,Fleet,False,True,False
RD-1002529,Retail,False,False,False
RD-1002530,Retail,False,False,False
RD-1002531,Retail,False,False,False
RD-1002532,Fleet,False,True,False
RD-1002533,Retail,False,False,False
RD-1002534,Fleet,False,False,False
RD-1002535,Fleet,False,False,False
RD-1002536,Fleet,False,False,False
RD-1002537,Fleet,False,False,False
RD-1002538,Retail,False,False,False
RD-1002539,Fleet,False,False,False
RD-1002540,Fleet,False,True,False
RD-1002541,Fleet,False,False,False
RD-1002542,Fleet,False,False,False
RD-1002543,Fleet,False,False,False
RD-1002544,Fleet,False,False,False
RD-1002545,Fleet,False,False,False
RD-1002546,Fleet,False,False,False
RD-1002547,Fleet,False,False,False
RD-1002548,Fleet,False,False,False
RD-1002549,Fleet,False,False,False
RD-1002550,Retail,False,False,False
RD-1002551,Retail,False,False,False
RD-1002552,Retail,False,False,False
RD-1002553,Fleet,False,False,False
RD-1002554,Fleet,False,False,False
RD-1002555,Retail,False,False,False
RD-1002556,Fleet,False,False,False
RD-1002557,Retail,False,False,False
RD-1002558,Fleet,False,False,False
RD-1002559,Fleet,False,False,False
RD-1002560,Fleet,False,False,False
RD-1002561,Fleet,False,False,False
RD-1002562,Retail,False,False,False
RD-1002563,Fleet,False,False,False
RD-1002564,Retail,False,False,False
RD-1002565,Fleet,False,False,False
RD-1002566,Fleet,False,False,False
RD-1002567,Retail,False,False,False
RD-1002568,Fleet,False,True,False
RD-1002569,Retail,False,False,False
RD-1002570,Fleet,False,False,False
RD-1002571,Fleet,False,False,False
RD-1002572,Retail,False,False,False
RD-1002573,Retail,False,False,False
RD-1002574,Fleet,False,False,False
RD-1002575,Fleet,False,False,False
RD-1002576,Fleet,False,False,False
RD-1002577,Fleet,False,False,False
RD-1002578,Fleet,False,False,False
RD-1002579,Fleet,True,False,False
RD-1002580,Fleet,False,False,False
RD-1002581,Retail,False,False,False
RD-1002582,Fleet,False,False,False
RD-1002583,Fleet,False,False,False
RD-1002584,Retail,False,False,False
RD-1002585,Fleet,False,False,False
RD-1002586,Fleet,False,False,False
RD-1002587,Fleet,False,False,False
RD-1002588,Fleet,False,False,False
RD-1002589,Fleet,False,False,False
RD-1002590,Fleet,False,False,False
RD-1002591,Fleet,False,False,False
RD-1002592,Fleet,False,False,False
RD-1002593,Fleet,False,False,False
RD-1002594,Fleet,False,False,False
RD-1002595,Fleet,False,True,False
RD-1002596,Retail,False,False,False
RD-1002597,Fleet,False,False,False
RD-1002598,Fleet,False,False,False
RD-1002599,Retail,False,False,False
RD-1002600,Fleet,False,False,False
RD-1002601,Fleet,False,False,False
RD-1002602,Fleet,False,False,False
RD-1002603,Fleet,False,False,False
RD-1002604,Fleet,False,False,False
RD-1002605,Retail,False,False,False
RD-1002606,Fleet,False,True,False
RD-1002607,Fleet,False,False,False
RD-1002608,Fleet,False,False,False
RD-1002609,Retail,False,False,False
RD-1002610,Fleet,False,False,False
RD-1002611,Retail,False,False,False
RD-1002612,Fleet,False,False,False
RD-1002613,Fleet,False,False,False
RD-1002614,Fleet,True,False,False
RD-1002615,Fleet,False,False,False
RD-1002616,Fleet,False,False,False
RD-1002617,Retail,False,False,False
RD-1002618,Fleet,False,False,False
RD-1002619,Fleet,False,False,False
RD-1002620,Fleet,False,True,False
RD-1002621,Retail,False,False,False
RD-1002622,Retail,False,False,False
RD-1002623,Fleet,False,False,False
RD-1002624,Fleet,False,False,False
RD-1002625,Retail,False,False,False
RD-1002626,Fleet,False,False,False
RD-1002627,Fleet,False,False,False
RD-1002628,Fleet,False,False,False
RD-1002629,Fleet,False,True,False
RD-1002630,Fleet,False,False,False
RD-1002631,Fleet,False,False,False
RD-1002632,Retail,False,False,False
RD-1002633,Fleet,False,False,False
RD-1002634,Retail,False,False,False
RD-1002635,Fleet,False,False,False
RD-1002636,Fleet,False,False,False
RD-1002637,Retail,False,False,False
RD-1002638,Fleet,False,False,False
RD-1002639,Retail,False,False,False
RD-1002640,Retail,False,False,False
RD-1002641,Retail,False,False,False
RD-1002642,Retail,False,False,False
RD-1002643,Fleet,False,False,False
RD-1002644,Retail,False,False,False
RD-1002645,Retail,False,False,False
RD-1002646,Retail,False,False,False
RD-1002647,Fleet,False,False,False
RD-1002648,Retail,False,False,False
RD-1002649,Fleet,False,False,False
RD-1002650,Fleet,False,False,False
RD-1002651,Retail,False,False,False
RD-1002652,Fleet,False,False,False
RD-1002653,Fleet,False,False,False
RD-1002654,Fleet,False,False,False
RD-1002655,Retail,False,False,False
RD-1002656,Fleet,False,False,False
RD-1002657,Fleet,False,False,False
RD-1002658,Retail,False,False,False
RD-1002659,Fleet,False,False,False
RD-1002660,Retail,False,False,False
RD-1002661,Retail,False,False,False
RD-1002662,Fleet,False,False,False
RD-1002663,Fleet,False,True,False
RD-1002664,Fleet,False,False,False
RD-1002665,Fleet,False,False,False
RD-1002666,Fleet,False,False,False
RD-1002667,Fleet,False,False,False
RD-1002668,Fleet,False,False,False
RD-1002669,Fleet,True,False,False
RD-1002670,Fleet,False,False,False
RD-1002671,Fleet,False,False,False
RD-1002672,Fleet,False,False,False
RD-1002673,Fleet,True,False,False
RD-1002674,Fleet,False,False,False
RD-1002675,Retail,False,False,False
RD-1002676,Retail,False,False,False
RD-1002677,Retail,False,False,False
RD-1002678,Retail,False,True,False
RD-1002679,Retail,False,False,False
RD-1002680,Retail,False,False,False
RD-1002681,Retail,False,False,False
RD-1002682,Retail,False,False,False
RD-1002683,Fleet,False,False,False
RD-1002684,Fleet,False,False,False
RD-1002685,Fleet,False,False,False
RD-1002686,Fleet,False,False,False
RD-1002687,Retail,False,False,False
RD-1002688,Fleet,False,False,False
RD-1002689,Fleet,False,False,False
RD-1002690,Fleet,False,False,False
RD-1002691,Fleet,False,False,False
RD-1002692,Fleet,False,False,False
RD-1002693,Retail,False,False,False
RD-1002694,Fleet,False,False,False
RD-1002695,Fleet,False,False,False
RD-1002696,Retail,False,False,False
RD-1002697,Fleet,False,False,False
RD-1002698,Retail,False,False,False
RD-1002699,Fleet,False,False,False
RD-1002700,Retail,False,False,False
RD-1002701,Fleet,False,False,False
RD-1002702,Fleet,False,True,False
RD-1002703,Fleet,False,False,False
RD-1002704,Fleet,False,False,False
RD-1002705,Retail,False,False,False
RD-1002706,Fleet,False,False,False
RD-1002707,Fleet,False,False,False
RD-1002708,Fleet,False,False,False
RD-1002709,Fleet,False,True,False
RD-1002710,Fleet,False,False,False
RD-1002711,Fleet,False,False,False
RD-1002712,Fleet,False,True,False
RD-1002713,Retail,False,False,False
RD-1002714,Retail,False,False,False
RD-1002715,Fleet,False,False,False
RD-1002716,Fleet,False,False,False
RD-1002717,Retail,False,False,False
RD-1002718,Fleet,False,False,False
RD-1002719,Fleet,False,False,False
RD-1002720,Fleet,False,False,False
RD-1002721,Fleet,False,False,False
RD-1002722,Fleet,False,False,False
RD-1002723,Retail,False,False,False
RD-1002724,Fleet,False,False,False
RD-1002725,Retail,False,False,False
RD-1002726,Retail,False,False,False
RD-1002727,Fleet,False,False,False
RD-1002728,Fleet,False,False,False
RD-1002729,Fleet,False,False,False
RD-1002730,Fleet,False,False,False
RD-1002731,Retail,False,False,False
RD-1002732,Retail,False,False,False
RD-1002733,Retail,False,False,False
RD-1002734,Fleet,False,True,False
RD-1002735,Fleet,False,False,False
RD-1002736,Retail,False,False,False
RD-1002737,Retail,False,False,False
RD-1002738,Retail,False,True,False
RD-1002739,Retail,False,False,False
RD-1002740,Fleet,False,False,False
RD-1002741,Fleet,False,False,False
RD-1002742,Fleet,False,False,False
RD-1002743,Retail,False,False,False
RD-1002744,Fleet,False,False,False
RD-1002745,Fleet,False,False,False
RD-1002746,Fleet,False,False,False
RD-1002747,Retail,False,False,False
RD-1002748,Retail,False,False,False
RD-1002749,Fleet,False,False,False
RD-1002750,Fleet,True,False,False
RD-1002751,Fleet,False,False,False
RD-1002752,Fleet,False,False,False
RD-1002753,Fleet,False,False,False
RD-1002754,Retail,False,False,False
RD-1002755,Retail,False,False,False
RD-1002756,Fleet,False,False,False
RD-1002757,Fleet,False,False,False
RD-1002758,Fleet,False,False,False
RD-1002759,Fleet,False,False,False
RD-1002760,Fleet,False,False,False
RD-1002761,Fleet,False,False,False
RD-1002762,Fleet,False,False,False
RD-1002763,Retail,False,False,False
RD-1002764,Fleet,False,False,False
RD-1002765,Fleet,False,False,False
RD-1002766,Fleet,False,False,False
RD-1002767,Fleet,False,False,False
RD-1002768,Fleet,False,False,False
RD-1002769,Fleet,False,False,False
RD-1002770,Fleet,False,False,False
RD-1002771,Fleet,False,False,False
RD-1002772,Retail,False,False,False
RD-1002773,Retail,False,False,False
RD-1002774,Retail,False,True,False
RD-1002775,Retail,False,False,False
RD-1002776,Retail,False,False,False
RD-1002777,Fleet,False,False,False
RD-1002778,Fleet,False,False,False
RD-1002779,Fleet,False,False,False
RD-1002780,Fleet,False,False,False
RD-1002781,Fleet,False,False,False
RD-1002782,Fleet,False,False,False
RD-1002783,Fleet,False,True,False
RD-1002784,Retail,False,False,False
RD-1002785,Fleet,False,False,False
RD-1002786,Fleet,False,False,False
RD-1002787,Fleet,False,False,False
RD-1002788,Fleet,False,False,False
RD-1002789,Fleet,False,False,False
RD-1002790,Fleet,False,False,False
RD-1002791,Fleet,False,False,False
RD-1002792,Retail,False,False,False
RD-1002793,Fleet,False,False,False
RD-1002794,Fleet,False,False,False
RD-1002795,Fleet,False,False,False
RD-1002796,Retail,False,False,False
RD-1002797,Fleet,False,False,False
RD-1002798,Retail,False,False,False
RD-1002799,Retail,False,False,False
RD-1002800,Retail,False,True,False
RD-1002801,Fleet,False,False,False
RD-1002802,Fleet,False,False,False
RD-1002803,Fleet,False,False,False
RD-1002804,Fleet,False,False,False
RD-1002805,Fleet,False,False,False
RD-1002806,Fleet,False,False,False
RD-1002807,Fleet,False,False,False
RD-1002808,Fleet,False,False,False
RD-1002809,Retail,False,False,False
RD-1002810,Fleet,False,True,False
RD-1002811,Fleet,False,True,False
RD-1002812,Retail,False,False,False
RD-1002813,Fleet,False,False,False
RD-1002814,Fleet,False,False,False
RD-1002815,Fleet,False,False,False
RD-1002816,Fleet,False,False,False
RD-1002817,Fleet,False,False,False
RD-1002818,Retail,False,False,False
RD-1002819,Fleet,False,True,False
RD-1002820,Fleet,False,False,False
RD-1002821,Retail,False,False,False
RD-1002822,Fleet,False,False,False
RD-1002823,Retail,False,False,False
RD-1002824,Fleet,False,False,False
RD-1002825,Fleet,False,False,False
RD-1002826,Retail,False,True,False
RD-1002827,Fleet,False,False,False
RD-1002828,Fleet,False,False,False
RD-1002829,Fleet,False,False,False
RD-1002830,Fleet,False,False,False
RD-1002831,Fleet,False,False,False
RD-1002832,Retail,False,True,False
RD-1002833,Fleet,False,False,False
RD-1002834,Fleet,False,True,False
RD-1002835,Fleet,False,False,False
RD-1002836,Retail,False,False,False
RD-1002837,Fleet,False,False,False
RD-1002838,Fleet,False,True,False
RD-1002839,Fleet,False,False,False
RD-1002840,Retail,False,False,False
RD-1002841,Fleet,False,False,False
RD-1002842,Retail,False,False,False
RD-1002843,Fleet,False,False,False
RD-1002844,Retail,False,False,False
RD-1002845,Fleet,False,False,False
RD-1002846,Fleet,False,False,False
RD-1002847,Retail,False,False,False
RD-1002848,Retail,False,False,False
RD-1002849,Retail,False,False,False
RD-1002850,Fleet,False,False,False
RD-1002851,Fleet,False,False,False
RD-1002852,Retail,False,False,False
RD-1002853,Fleet,False,False,False
RD-1002854,Fleet,False,False,False
RD-1002855,Retail,False,False,False
RD-1002856,Retail,False,True,False
RD-1002857,Retail,False,False,False
RD-1002858,Retail,False,False,False
RD-1002859,Retail,False,True,False
RD-1002860,Retail,False,False,False
RD-1002861,Retail,False,False,False
RD-1002862,Fleet,False,False,False
RD-1002863,Retail,False,False,False
RD-1002864,Fleet,False,False,False
RD-1002865,Fleet,False,False,False
RD-1002866,Retail,False,False,False
RD-1002867,Fleet,False,False,False
RD-1002868,Retail,False,False,False
RD-1002869,Retail,False,False,False
RD-1002870,Fleet,False,True,False
RD-1002871,Fleet,False,False,False
RD-1002872,Fleet,False,False,False
RD-1002873,Fleet,False,False,False
RD-1002874,Retail,False,False,False
RD-1002875,Fleet,False,False,False
RD-1002876,Fleet,False,False,False
RD-1002877,Fleet,False,False,False
RD-1002878,Fleet,False,False,False
RD-1002879,Retail,False,False,False
RD-1002880,Retail,False,False,False
RD-1002881,Retail,False,False,False
RD-1002882,Retail,False,False,False
RD-1002883,Retail,False,False,False
RD-1002884,Fleet,False,False,False
RD-1002885,Fleet,False,False,False
RD-1002886,Retail,False,False,False
RD-1002887,Fleet,False,False,False
RD-1002888,Fleet,False,False,False
RD-1002889,Fleet,False,False,False
RD-1002890,Fleet,False,False,False
RD-1002891,Fleet,False,False,False
RD-1002892,Retail,False,False,False
RD-1002893,Retail,False,True,False
RD-1002894,Fleet,False,False,False
RD-1002895,Retail,False,False,False
RD-1002896,Retail,False,False,False
RD-1002897,Retail,False,False,False
RD-1002898,Retail,False,True,False
RD-1002899,Fleet,False,False,False
RD-1002900,Fleet,False,False,False
RD-1002901,Fleet,False,False,False
RD-1002902,Fleet,False,False,False
RD-1002903,Fleet,False,False,False
RD-1002904,Fleet,False,False,False
RD-1002905,Retail,False,False,False
RD-1002906,Retail,False,False,False
RD-1002907,Retail,False,False,False
RD-1002908,Retail,False,False,False
RD-1002909,Retail,False,True,False
RD-1002910,Fleet,False,False,False
RD-1002911,Fleet,False,False,False
RD-1002912,Retail,False,False,False
RD-1002913,Retail,False,True,False
RD-1002914,Fleet,False,False,False
RD-1002915,Retail,False,False,False
RD-1002916,Retail,False,False,False
RD-1002917,Fleet,False,False,False
RD-1002918,Retail,False,False,False
RD-1002919,Fleet,False,False,False
RD-1002920,Retail,False,True,False
RD-1002921,Fleet,False,False,False
RD-1002922,Fleet,False,False,False
RD-1002923,Fleet,False,False,False
RD-1002924,Fleet,False,False,False
RD-1002925,Fleet,False,False,False
RD-1002926,Fleet,False,False,False
RD-1002927,Fleet,False,False,False
RD-1002928,Retail,False,False,False
RD-1002929,Fleet,False,False,False
RD-1002930,Retail,False,False,False
RD-1002931,Fleet,False,False,False
RD-1002932,Retail,False,False,False
RD-1002933,Fleet,False,False,False
RD-1002934,Fleet,False,False,False
RD-1002935,Retail,False,False,False
RD-1002936,Retail,False,False,False
RD-1002937,Fleet,False,False,False
RD-1002938,Fleet,False,False,False
RD-1002939,Fleet,False,False,False
RD-1002940,Retail,False,False,False
RD-1002941,Fleet,False,False,False
RD-1002942,Fleet,True,False,False
RD-1002943,Fleet,False,False,False
RD-1002944,Retail,False,False,False
RD-1002945,Fleet,False,False,False
RD-1002946,Fleet,False,True,False
RD-1002947,Retail,False,False,False
RD-1002948,Fleet,False,False,False
RD-1002949,Fleet,False,False,False
RD-1002950,Fleet,False,False,False
RD-1002951,Fleet,False,False,False
RD-1002952,Fleet,False,False,False
RD-1002953,Fleet,False,False,False
RD-1002954,Retail,False,False,False
RD-1002955,Fleet,False,False,False
RD-1002956,Fleet,False,False,False
RD-1002957,Fleet,False,False,False
RD-1002958,Fleet,True,False,False
RD-1002959,Retail,False,False,False
RD-1002960,Retail,True,False,False
RD-1002961,Fleet,False,False,False
RD-1002962,Fleet,False,False,False
RD-1002963,Retail,False,False,False
RD-1002964,Retail,False,False,False
RD-1002965,Fleet,False,False,False
RD-1002966,Retail,False,True,False
RD-1002967,Fleet,False,False,False
RD-1002968,Retail,False,False,False
RD-1002969,Retail,False,True,False
RD-1002970,Fleet,False,False,False
RD-1002971,Retail,False,False,False
RD-1002972,Retail,False,False,False
RD-1002973,Retail,False,False,False
RD-1002974,Fleet,False,False,False
RD-1002975,Retail,False,False,False
RD-1002976,Fleet,False,False,False
RD-1002977,Fleet,False,False,False
RD-1002978,Fleet,False,False,False
RD-1002979,Fleet,False,False,False
RD-1002980,Fleet,False,False,False
RD-1002981,Fleet,False,False,False
RD-1002982,Fleet,False,False,False
RD-1002983,Fleet,False,False,False
RD-1002984,Fleet,False,False,False
RD-1002985,Fleet,False,False,False
RD-1002986,Fleet,False,False,False
RD-1002987,Fleet,False,False,False
RD-1002988,Retail,False,False,False
RD-1002989,Fleet,False,False,False
RD-1002990,Fleet,False,False,False
RD-1002991,Retail,False,True,False
RD-1002992,Retail,False,False,False
RD-1002993,Retail,False,False,False
RD-1002994,Fleet,False,False,False
RD-1002995,Fleet,False,True,False
RD-1002996,Retail,False,False,False
RD-1002997,Fleet,False,False,False
RD-1002998,Retail,False,False,False
RD-1002999,Retail,False,False,False
RD-1003000,Fleet,False,False,False
RD-1003001,Retail,False,False,False
RD-1003002,Fleet,False,False,False
RD-1003003,Fleet,False,False,False
RD-1003004,Retail,False,False,False
RD-1003005,Retail,False,False,False
RD-1003006,Fleet,False,True,False
RD-1003007,Fleet,False,False,False
RD-1003008,Fleet,False,False,False
RD-1003009,Fleet,False,True,False
RD-1003010,Fleet,False,False,False
RD-1003011,Fleet,False,False,False
RD-1003012,Fleet,False,False,False
RD-1003013,Retail,False,False,False
RD-1003014,Fleet,False,False,False
RD-1003015,Fleet,False,False,False
RD-1003016,Retail,False,False,False
RD-1003017,Fleet,False,False,False
RD-1003018,Fleet,False,False,False
RD-1003019,Fleet,False,False,False
RD-1003020,Fleet,False,False,False
RD-1003021,Retail,False,False,False
RD-1003022,Retail,False,False,False
RD-1003023,Fleet,False,True,False
RD-1003024,Retail,False,False,False
RD-1003025,Retail,False,False,False
RD-1003026,Fleet,False,False,False
RD-1003027,Fleet,False,False,False
RD-1003028,Fleet,False,False,False
RD-1003029,Fleet,False,False,False
RD-1003030,Retail,False,False,False
RD-1003031,Fleet,False,False,False
RD-1003032,Fleet,True,False,False
RD-1003033,Fleet,False,False,False
RD-1003034,Retail,False,False,False
RD-1003035,Fleet,False,False,False
RD-1003036,Retail,False,False,False
RD-1003037,Fleet,False,True,False
RD-1003038,Fleet,False,False,False
RD-1003039,Fleet,False,False,False
RD-1003040,Fleet,False,False,False
RD-1003041,Fleet,False,False,False
RD-1003042,Fleet,False,False,False
RD-1003043,Fleet,False,False,False
RD-1003044,Fleet,False,True,False
RD-1003045,Retail,False,False,False
RD-1003046,Retail,False,False,False
RD-1003047,Retail,False,False,False
RD-1003048,Fleet,False,False,False
RD-1003049,Retail,False,False,False
RD-1003050,Retail,False,False,False
RD-1003051,Fleet,False,False,False
RD-1003052,Fleet,False,False,False
RD-1003053,Fleet,False,False,False
RD-1003054,Retail,False,True,False
RD-1003055,Retail,False,False,False
RD-1003056,Fleet,False,False,False
RD-1003057,Fleet,False,False,False
RD-1003058,Retail,False,False,False
RD-1003059,Fleet,False,False,False
RD-1003060,Fleet,False,False,False
RD-1003061,Fleet,False,False,False
RD-1003062,Fleet,False,False,False
RD-1003063,Retail,False,False,False
RD-1003064,Fleet,False,False,False
RD-1003065,Fleet,False,False,False
RD-1003066,Fleet,False,False,False
RD-1003067,Fleet,False,False,False
RD-1003068,Retail,False,False,False
RD-1003069,Fleet,False,True,False
RD-1003070,Fleet,False,False,False
RD-1003071,Retail,False,False,False
RD-1003072,Retail,False,False,False
RD-1003073,Retail,False,False,False
RD-1003074,Retail,False,False,False
RD-1003075,Fleet,False,False,False
RD-1003076,Fleet,False,False,False
RD-1003077,Retail,False,False,False
RD-1003078,Fleet,False,False,False
RD-1003079,Retail,False,False,False
RD-1003080,Fleet,True,True,False
RD-1003081,Fleet,False,False,False
RD-1003082,Retail,False,False,False
RD-1003083,Retail,False,False,False
RD-1003084,Fleet,False,False,False
RD-1003085,Retail,False,False,False
RD-1003086,Retail,False,False,False
RD-1003087,Retail,False,False,False
RD-1003088,Fleet,False,False,False
RD-1003089,Fleet,False,False,False
RD-1003090,Fleet,False,True,False
RD-1003091,Fleet,False,False,False
RD-1003092,Fleet,False,True,False
RD-1003093,Fleet,False,False,False
RD-1003094,Retail,False,False,False
RD-1003095,Fleet,False,False,False
RD-1003096,Fleet,False,False,False
RD-1003097,Retail,False,False,False
RD-1003098,Fleet,False,True,False
RD-1003099,Fleet,False,False,False
RD-1003100,Retail,False,False,False
RD-1003101,Retail,False,False,False
RD-1003102,Fleet,False,False,False
RD-1003103,Retail,False,False,False
RD-1003104,Fleet,False,False,False
RD-1003105,Fleet,False,True,False
RD-1003106,Retail,False,False,False
RD-1003107,Fleet,False,False,False
RD-1003108,Retail,False,False,False
RD-1003109,Fleet,False,False,False
RD-1003110,Retail,False,False,False
RD-1003111,Retail,False,False,False
RD-1003112,Retail,False,False,False
RD-1003113,Fleet,False,True,False
RD-1003114,Fleet,False,False,False
RD-1003115,Retail,False,False,False
RD-1003116,Fleet,False,False,False
RD-1003117,Fleet,False,False,False
RD-1003118,Fleet,False,False,False
RD-1003119,Retail,False,False,False
RD-1003120,Retail,False,False,False
RD-1003121,Retail,False,False,False
RD-1003122,Retail,False,False,False
RD-1003123,Fleet,False,True,False
RD-1003124,Fleet,False,False,False
RD-1003125,Retail,False,False,False
RD-1003126,Retail,False,False,False
RD-1003127,Retail,False,True,False
RD-1003128,Fleet,False,False,False
RD-1003129,Fleet,False,False,False
RD-1003130,Retail,False,False,False
RD-1003131,Retail,False,False,False
RD-1003132,Retail,False,False,False
RD-1003133,Fleet,False,False,False
RD-1003134,Retail,False,False,False
RD-1003135,Fleet,False,False,False
RD-1003136,Retail,False,False,False
RD-1003137,Retail,False,False,False
RD-1003138,Retail,False,False,False
RD-1003139,Fleet,False,True,False
RD-1003140,Fleet,False,False,False
RD-1003141,Fleet,False,False,False
RD-1003142,Retail,False,False,False
RD-1003143,Fleet,False,True,False
RD-1003144,Fleet,False,False,False
RD-1003145,Fleet,False,False,False
RD-1003146,Fleet,False,False,False
RD-1003147,Fleet,False,False,False
RD-1003148,Retail,False,False,False
RD-1003149,Fleet,False,False,False
RD-1003150,Retail,False,False,False
RD-1003151,Fleet,False,False,False
RD-1003152,Fleet,False,False,False
RD-1003153,Fleet,False,False,False
RD-1003154,Fleet,False,False,False
RD-1003155,Fleet,False,False,False
RD-1003156,Retail,False,False,False
RD-1003157,Retail,False,False,False
RD-1003158,Fleet,False,True,False
RD-1003159,Retail,False,False,False
RD-1003160,Retail,False,False,False
RD-1003161,Retail,False,False,False
RD-1003162,Retail,False,False,False
RD-1003163,Fleet,False,False,False
RD-1003164,Fleet,False,False,False
RD-1003165,Retail,False,False,False
RD-1003166,Fleet,False,False,False
RD-1003167,Fleet,False,False,False
RD-1003168,Retail,False,False,False
RD-1003169,Fleet,False,False,False
RD-1003170,Retail,False,True,False
RD-1003171,Retail,False,True,False
RD-1003172,Fleet,False,False,False
RD-1003173,Retail,False,False,False
RD-1003174,Fleet,False,False,False
RD-1003175,Retail,False,False,False
RD-1003176,Retail,False,False,False
RD-1003177,Fleet,False,False,False
RD-1003178,Fleet,False,False,False
RD-1003179,Fleet,False,True,False
RD-1003180,Retail,False,False,False
RD-1003181,Fleet,False,False,False
RD-1003182,Retail,False,False,False
RD-1003183,Fleet,False,False,False
RD-1003184,Retail,False,True,False
RD-1003185,Retail,False,False,False
RD-1003186,Fleet,False,True,False
RD-1003187,Fleet,False,True,False
RD-1003188,Fleet,False,False,False
RD-1003189,Fleet,False,False,False
RD-1003190,Retail,False,False,False
RD-1003191,Retail,False,False,False
RD-1003192,Fleet,False,False,False
RD-1003193,Retail,False,False,False
RD-1003194,Fleet,False,False,False
RD-1003195,Fleet,False,False,False
RD-1003196,Retail,False,False,False
RD-1003197,Retail,False,False,False
RD-1003198,Fleet,False,False,False
RD-1003199,Fleet,False,False,False
RD-1003200,Retail,False,False,False
RD-1003201,Fleet,False,False,False
RD-1003202,Retail,False,False,False
RD-1003203,Fleet,False,False,False
RD-1003204,Fleet,False,False,False
RD-1003205,Retail,False,False,False
RD-1003206,Fleet,False,False,False
RD-1003207,Retail,False,False,False
RD-1003208,Fleet,False,False,False
RD-1003209,Retail,False,False,False
RD-1003210,Fleet,False,False,False
RD-1003211,Retail,False,False,False
RD-1003212,Fleet,False,False,False
RD-1003213,Retail,False,False,False
RD-1003214,Fleet,False,False,False
RD-1003215,Retail,False,False,False
RD-1003216,Retail,False,False,False
RD-1003217,Fleet,False,False,False
RD-1003218,Fleet,False,False,False
RD-1003219,Retail,False,True,False
RD-1003220,Retail,False,False,False
RD-1003221,Retail,False,False,False
RD-1003222,Retail,False,False,False
RD-1003223,Retail,False,False,False
RD-1003224,Fleet,False,False,False
RD-1003225,Fleet,False,True,False
RD-1003226,Fleet,False,False,False
RD-1003227,Retail,False,False,False
RD-1003228,Fleet,False,False,False
RD-1003229,Fleet,False,False,False
RD-1003230,Fleet,False,False,False
RD-1003231,Fleet,False,False,False
RD-1003232,Fleet,False,True,False
RD-1003233,Fleet,False,False,False
RD-1003234,Fleet,False,False,False
RD-1003235,Retail,False,False,False
RD-1003236,Fleet,False,False,False
RD-1003237,Fleet,False,False,False
RD-1003238,Fleet,False,False,False
RD-1003239,Fleet,False,False,False
RD-1003240,Fleet,False,False,False
RD-1003241,Fleet,False,False,False
RD-1003242,Retail,False,False,False
RD-1003243,Retail,False,False,False
RD-1003244,Fleet,False,False,False
RD-1003245,Retail,False,False,False
RD-1003246,Fleet,False,False,False
RD-1003247,Fleet,False,False,False
RD-1003248,Retail,False,False,False
RD-1003249,Retail,False,False,False
RD-1003250,Retail,False,False,False
RD-1003251,Retail,False,False,False
RD-1003252,Retail,False,False,False
RD-1003253,Fleet,False,False,False
RD-1003254,Fleet,False,False,False
RD-1003255,Fleet,False,False,False
RD-1003256,Retail,False,False,False
RD-1003257,Fleet,False,False,False
RD-1003258,Fleet,False,False,False
RD-1003259,Fleet,False,False,False
RD-1003260,Retail,False,False,False
RD-1003261,Retail,False,False,False
RD-1003262,Fleet,False,False,False
RD-1003263,Fleet,False,False,False
RD-1003264,Retail,False,False,False
RD-1003265,Fleet,True,False,False
RD-1003266,Retail,False,False,False
RD-1003267,Retail,False,False,False
RD-1003268,Fleet,False,False,False
RD-1003269,Retail,False,False,False
RD-1003270,Retail,False,False,False
RD-1003271,Fleet,False,False,False
RD-1003272,Retail,False,False,False
RD-1003273,Fleet,False,False,False
RD-1003274,Retail,False,False,False
RD-1003275,Fleet,False,False,False
RD-1003276,Fleet,False,False,False
RD-1003277,Fleet,False,False,False
RD-1003278,Fleet,False,False,False
RD-1003279,Retail,False,False,False
RD-1003280,Retail,False,False,False
RD-1003281,Fleet,False,False,False
RD-1003282,Retail,False,False,False
RD-1003283,Fleet,False,False,False
RD-1003284,Fleet,False,False,False
RD-1003285,Retail,False,False,False
RD-1003286,Retail,False,True,False
RD-1003287,Retail,False,False,False
RD-1003288,Fleet,False,False,False
RD-1003289,Fleet,False,False,False
RD-1003290,Retail,False,False,False
RD-1003291,Retail,False,False,False
RD-1003292,Retail,False,False,False
RD-1003293,Retail,False,True,False
RD-1003294,Fleet,False,False,False
RD-1003295,Fleet,True,False,False
RD-1003296,Retail,False,False,False
RD-1003297,Retail,False,False,False
RD-1003298,Retail,True,False,False
RD-1003299,Retail,False,False,False
RD-1003300,Fleet,False,True,False
RD-1003301,Fleet,True,False,False
RD-1003302,Fleet,False,False,False
RD-1003303,Fleet,False,False,False
RD-1003304,Fleet,False,False,False
RD-1003305,Retail,False,True,False
RD-1003306,Retail,False,False,False
RD-1003307,Fleet,False,False,False
RD-1003308,Fleet,False,False,False
RD-1003309,Fleet,False,True,False
RD-1003310,Retail,False,False,False
RD-1003311,Fleet,True,False,False
RD-1003312,Retail,False,False,False
RD-1003313,Retail,False,False,False
RD-1003314,Fleet,False,False,False
RD-1003315,Retail,False,False,False
RD-1003316,Retail,False,False,False
RD-1003317,Fleet,False,False,False
RD-1003318,Fleet,False,False,False
RD-1003319,Retail,False,True,False
RD-1003320,Fleet,False,True,False
RD-1003321,Fleet,False,True,False
RD-1003322,Fleet,False,False,False
RD-1003323,Fleet,False,False,False
RD-1003324,Retail,False,False,False
RD-1003325,Retail,False,False,False
RD-1003326,Fleet,False,False,False
RD-1003327,Fleet,False,True,False
RD-1003328,Fleet,False,False,False
RD-1003329,Retail,False,False,False
RD-1003330,Fleet,False,False,False
RD-1003331,Retail,False,False,False
RD-1003332,Retail,False,False,False
RD-1003333,Retail,False,True,False
RD-1003334,Fleet,False,False,False
RD-1003335,Fleet,False,False,False
RD-1003336,Retail,False,False,False
RD-1003337,Fleet,False,False,False
RD-1003338,Fleet,False,False,False
RD-1003339,Retail,False,False,False
RD-1003340,Fleet,False,False,False
RD-1003341,Retail,False,False,False
RD-1003342,Retail,False,False,False
RD-1003343,Fleet,False,False,False
RD-1003344,Retail,False,False,False
RD-1003345,Fleet,False,False,False
RD-1003346,Fleet,False,False,False
RD-1003347,Retail,False,False,False
RD-1003348,Fleet,False,False,False
RD-1003349,Fleet,False,False,False
RD-1003350,Retail,False,False,False
RD-1003351,Fleet,False,False,False
RD-1003352,Fleet,False,False,False
RD-1003353,Fleet,False,False,False
RD-1003354,Retail,False,False,False
RD-1003355,Retail,False,False,False
RD-1003356,Fleet,False,False,False
RD-1003357,Fleet,False,False,False
RD-1003358,Retail,False,False,False
RD-1003359,Retail,False,False,False
RD-1003360,Retail,False,False,False
RD-1003361,Retail,False,False,False
RD-1003362,Fleet,False,False,False
RD-1003363,Fleet,False,False,False
RD-1003364,Fleet,False,False,False
RD-1003365,Fleet,False,False,False
RD-1003366,Fleet,False,False,False
RD-1003367,Fleet,False,False,False
RD-1003368,Retail,False,False,False
RD-1003369,Retail,True,False,False
RD-1003370,Fleet,False,False,False
RD-1003371,Retail,False,True,False
RD-1003372,Retail,False,False,False
RD-1003373,Retail,False,False,False
RD-1003374,Fleet,False,True,False
RD-1003375,Fleet,False,False,False
RD-1003376,Retail,False,False,False
RD-1003377,Fleet,False,False,False
RD-1003378,Fleet,False,False,False
RD-1003379,Retail,False,False,False
RD-1003380,Fleet,False,False,False
RD-1003381,Retail,False,False,False
RD-1003382,Retail,False,False,False
RD-1003383,Retail,False,True,False
RD-1003384,Fleet,False,False,False
RD-1003385,Retail,False,False,False
RD-1003386,Fleet,False,False,False
RD-1003387,Fleet,False,False,False
RD-1003388,Retail,False,False,False
RD-1003389,Fleet,False,False,False
RD-1003390,Fleet,False,False,False
RD-1003391,Retail,False,False,False
RD-1003392,Retail,False,False,False
RD-1003393,Fleet,False,False,False
RD-1003394,Fleet,False,False,False
RD-1003395,Fleet,False,False,False
RD-1003396,Fleet,False,False,False
RD-1003397,Retail,False,False,False
RD-1003398,Fleet,False,False,False
RD-1003399,Retail,False,False,False
RD-1003400,Retail,False,False,False
RD-1003401,Fleet,False,False,False
RD-1003402,Fleet,False,False,False
RD-1003403,Retail,False,False,False
RD-1003404,Retail,False,False,False
RD-1003405,Fleet,False,False,False
RD-1003406,Fleet,False,False,False
RD-1003407,Fleet,False,False,False
RD-1003408,Fleet,False,False,False
RD-1003409,Fleet,False,False,False
RD-1003410,Fleet,False,False,False
RD-1003411,Retail,False,False,False
RD-1003412,Retail,False,False,False
RD-1003413,Fleet,False,False,False
RD-1003414,Retail,False,False,False
RD-1003415,Fleet,False,True,False
RD-1003416,Retail,False,False,False
RD-1003417,Fleet,False,True,False
RD-1003418,Retail,False,False,False
RD-1003419,Fleet,False,False,False
RD-1003420,Fleet,False,False,False
RD-1003421,Retail,False,False,False
RD-1003422,Fleet,False,False,False
RD-1003423,Retail,False,True,False
RD-1003424,Retail,False,False,False
RD-1003425,Retail,False,False,False
RD-1003426,Retail,False,False,False
RD-1003427,Fleet,False,False,False
RD-1003428,Retail,False,False,False
RD-1003429,Fleet,False,False,False
RD-1003430,Retail,False,False,False
RD-1003431,Fleet,False,False,False
RD-1003432,Retail,False,False,False
RD-1003433,Retail,False,False,False
RD-1003434,Retail,False,False,False
RD-1003435,Retail,False,False,False
RD-1003436,Fleet,False,False,False
RD-1003437,Retail,False,False,False
RD-1003438,Fleet,False,False,False
RD-1003439,Retail,False,True,False
RD-1003440,Retail,False,False,False
RD-1003441,Fleet,False,False,False
RD-1003442,Fleet,False,False,False
RD-1003443,Retail,False,False,False
RD-1003444,Fleet,False,True,False
RD-1003445,Fleet,False,True,False
RD-1003446,Fleet,False,False,False
RD-1003447,Retail,False,False,False
RD-1003448,Fleet,False,False,False
RD-1003449,Fleet,False,False,False
RD-1003450,Retail,False,False,False
RD-1003451,Retail,False,False,False
RD-1003452,Fleet,False,True,False
RD-1003453,Retail,False,False,False
RD-1003454,Retail,False,False,False
RD-1003455,Fleet,False,False,False
RD-1003456,Fleet,False,False,False
RD-1003457,Fleet,False,False,False
RD-1003458,Fleet,False,False,False
RD-1003459,Fleet,False,False,False
RD-1003460,Retail,False,False,False
RD-1003461,Fleet,False,False,False
RD-1003462,Retail,False,False,False
RD-1003463,Fleet,False,False,False
RD-1003464,Fleet,False,False,False
RD-1003465,Fleet,False,True,False
RD-1003466,Retail,False,False,False
RD-1003467,Retail,False,False,False
RD-1003468,Fleet,False,False,False
RD-1003469,Retail,False,False,False
RD-1003470,Fleet,False,False,False
RD-1003471,Fleet,False,False,False
RD-1003472,Fleet,False,False,False
RD-1003473,Fleet,False,False,False
RD-1003474,Fleet,False,False,False
RD-1003475,Fleet,False,False,False
RD-1003476,Fleet,False,False,False
RD-1003477,Fleet,False,False,False
RD-1003478,Retail,False,False,False
RD-1003479,Fleet,False,True,False
RD-1003480,Fleet,False,False,False
RD-1003481,Fleet,False,False,False
RD-1003482,Fleet,False,False,False
RD-1003483,Fleet,False,False,False
RD-1003484,Retail,False,False,False
RD-1003485,Retail,False,False,False
RD-1003486,Fleet,False,False,False
RD-1003487,Fleet,False,False,False
RD-1003488,Fleet,False,False,False
RD-1003489,Retail,False,False,False
RD-1003490,Retail,False,False,False
RD-1003491,Retail,False,False,False
RD-1003492,Fleet,False,False,False
RD-1003493,Fleet,False,False,False
RD-1003494,Fleet,False,False,False
RD-1003495,Retail,False,False,False
RD-1003496,Fleet,True,False,False
RD-1003497,Fleet,False,False,False
RD-1003498,Retail,False,False,False
RD-1003499,Fleet,False,False,False
RD-1003500,Fleet,False,True,False
RD-1003501,Fleet,False,True,False
RD-1003502,Retail,False,False,False
RD-1003503,Retail,False,False,False
RD-1003504,Retail,False,False,False
RD-1003505,Fleet,False,False,False
RD-1003506,Retail,False,False,False
RD-1003507,Retail,False,False,False
RD-1003508,Retail,False,False,False
RD-1003509,Fleet,False,False,False
RD-1003510,Retail,False,False,False
RD-1003511,Retail,False,False,False
RD-1003512,Fleet,False,False,False
RD-1003513,Retail,False,False,False
RD-1003514,Fleet,False,False,False
RD-1003515,Fleet,False,False,False
RD-1003516,Fleet,False,False,False
RD-1003517,Retail,False,False,False
RD-1003518,Fleet,False,True,False
RD-1003519,Fleet,False,False,False
RD-1003520,Fleet,False,False,False
RD-1003521,Fleet,False,False,False
RD-1003522,Fleet,False,False,False
RD-1003523,Fleet,False,False,False
RD-1003524,Fleet,False,False,False
RD-1003525,Fleet,False,True,False
RD-1003526,Retail,False,True,False
RD-1003527,Fleet,False,False,False
RD-1003528,Fleet,False,False,False
RD-1003529,Retail,False,False,False
RD-1003530,Fleet,False,False,False
RD-1003531,Fleet,False,False,False
RD-1003532,Fleet,False,False,False
RD-1003533,Retail,False,False,False
RD-1003534,Retail,False,False,False
RD-1003535,Retail,False,False,False
RD-1003536,Fleet,False,False,False
RD-1003537,Fleet,True,False,False
RD-1003538,Retail,False,False,False
RD-1003539,Fleet,False,True,False
RD-1003540,Fleet,False,False,False
RD-1003541,Fleet,False,False,False
RD-1003542,Retail,False,False,False
RD-1003543,Retail,False,False,False
RD-1003544,Fleet,False,False,False
RD-1003545,Fleet,False,False,False
RD-1003546,Fleet,False,False,False
RD-1003547,Retail,False,False,False
RD-1003548,Retail,False,False,False
RD-1003549,Fleet,False,False,False
RD-1003550,Retail,False,False,False
RD-1003551,Retail,False,False,False
RD-1003552,Fleet,False,False,False
RD-1003553,Fleet,False,False,False
RD-1003554,Retail,False,False,False
RD-1003555,Fleet,False,False,False
RD-1003556,Retail,False,False,False
RD-1003557,Fleet,False,False,False
RD-1003558,Retail,False,False,False
RD-1003559,Retail,False,False,False
RD-1003560,Retail,False,False,False
RD-1003561,Retail,False,False,False
RD-1003562,Fleet,False,False,False
RD-1003563,Retail,False,False,False
RD-1003564,Retail,False,False,False
RD-1003565,Fleet,False,False,False
RD-1003566,Fleet,False,False,False
RD-1003567,Retail,False,False,False
RD-1003568,Retail,False,False,False
RD-1003569,Fleet,False,False,False
RD-1003570,Fleet,False,False,False
RD-1003571,Retail,False,False,False
RD-1003572,Retail,False,False,False
RD-1003573,Fleet,True,True,False
RD-1003574,Fleet,False,False,False
RD-1003575,Retail,False,False,False
RD-1003576,Retail,False,True,False
RD-1003577,Fleet,False,False,False
RD-1003578,Fleet,False,False,False
RD-1003579,Fleet,True,False,False
RD-1003580,Retail,False,False,False
RD-1003581,Fleet,False,False,False
RD-1003582,Fleet,False,False,False
RD-1003583,Fleet,False,False,False
RD-1003584,Fleet,False,False,False
RD-1003585,Fleet,False,False,False
RD-1003586,Retail,False,True,False
RD-1003587,Fleet,False,False,False
RD-1003588,Retail,False,False,False
RD-1003589,Fleet,False,True,False
RD-1003590,Fleet,False,False,False
RD-1003591,Fleet,False,False,False
RD-1003592,Fleet,False,False,False
RD-1003593,Fleet,False,False,False
RD-1003594,Fleet,False,False,False
RD-1003595,Fleet,False,False,False
RD-1003596,Fleet,False,False,False
RD-1003597,Fleet,False,False,False
RD-1003598,Fleet,False,False,False
RD-1003599,Retail,False,True,False
RD-1003600,Fleet,False,False,False
RD-1003601,Fleet,False,False,False
RD-1003602,Fleet,False,False,False
RD-1003603,Retail,False,False,False
RD-1003604,Retail,False,False,False
RD-1003605,Retail,False,False,False
RD-1003606,Retail,False,False,False
RD-1003607,Fleet,False,False,False
RD-1003608,Retail,False,False,False
RD-1003609,Retail,False,True,False
RD-1003610,Retail,False,False,False
RD-1003611,Retail,False,False,False
RD-1003612,Fleet,False,False,False
RD-1003613,Fleet,False,True,False
RD-1003614,Retail,False,False,False
RD-1003615,Fleet,False,False,False
RD-1003616,Retail,False,False,False
RD-1003617,Retail,False,False,False
RD-1003618,Fleet,False,False,False
RD-1003619,Retail,False,False,False
RD-1003620,Fleet,False,False,False
RD-1003621,Fleet,False,False,False
RD-1003622,Fleet,False,False,False
RD-1003623,Retail,False,False,False
RD-1003624,Fleet,False,False,False
RD-1003625,Fleet,False,False,False
RD-1003626,Fleet,False,False,False
RD-1003627,Retail,False,False,False
RD-1003628,Retail,False,False,False
RD-1003629,Retail,False,False,False
RD-1003630,Fleet,False,True,False
RD-1003631,Retail,False,False,False
RD-1003632,Fleet,False,False,False
RD-1003633,Fleet,False,False,False
RD-1003634,Retail,False,False,False
RD-1003635,Retail,False,False,False
RD-1003636,Fleet,False,False,False
RD-1003637,Retail,False,False,False
RD-1003638,Retail,False,False,False
RD-1003639,Fleet,False,False,False
RD-1003640,Fleet,False,False,False
RD-1003641,Fleet,False,False,False
RD-1003642,Fleet,False,False,False
RD-1003643,Retail,False,False,False
RD-1003644,Fleet,False,False,False
RD-1003645,Fleet,False,False,False
RD-1003646,Retail,False,False,False
RD-1003647,Retail,False,False,False
RD-1003648,Fleet,False,False,False
RD-1003649,Fleet,False,False,False
RD-1003650,Fleet,False,True,False
RD-1003651,Fleet,False,False,False
RD-1003652,Retail,False,False,False
RD-1003653,Retail,False,False,False
RD-1003654,Fleet,False,False,False
RD-1003655,Retail,False,False,False
RD-1003656,Fleet,False,False,False
RD-1003657,Fleet,False,False,False
RD-1003658,Fleet,False,False,False
RD-1003659,Fleet,False,False,False
RD-1003660,Fleet,False,False,False
RD-1003661,Fleet,False,False,False
RD-1003662,Retail,False,False,False
RD-1003663,Fleet,False,False,False
RD-1003664,Retail,False,False,False
RD-1003665,Retail,False,False,False
RD-1003666,Fleet,False,False,False
RD-1003667,Fleet,False,False,False
RD-1003668,Fleet,False,False,False
RD-1003669,Retail,False,False,False
RD-1003670,Retail,True,False,False
RD-1003671,Fleet,False,False,False
RD-1003672,Retail,False,False,False
RD-1003673,Retail,False,False,False
RD-1003674,Fleet,False,False,False
RD-1003675,Fleet,False,False,False
RD-1003676,Retail,False,True,False
RD-1003677,Fleet,False,False,False
RD-1003678,Fleet,False,False,False
RD-1003679,Fleet,False,False,False
RD-1003680,Fleet,False,False,False
RD-1003681,Fleet,False,False,False
RD-1003682,Retail,False,False,False
RD-1003683,Retail,False,False,False
RD-1003684,Retail,False,False,False
RD-1003685,Retail,False,False,False
RD-1003687,Retail,False,False,False
RD-1003688,Fleet,False,False,False
RD-1003689,Retail,False,False,False
RD-1003690,Retail,False,False,False
RD-1003691,Retail,True,False,False
RD-1003692,Fleet,False,False,False
RD-1003693,Retail,False,False,False
RD-1003694,Fleet,False,False,False
RD-1003695,Fleet,False,False,False
RD-1003696,Fleet,False,False,False
RD-1003697,Fleet,False,False,False
RD-1003698,Retail,False,False,False
RD-1003699,Retail,False,False,False
RD-1003700,Fleet,False,True,False
RD-1003701,Fleet,False,False,False
RD-1003702,Retail,False,False,False
RD-1003703,Retail,False,False,False
RD-1003704,Fleet,False,False,False
RD-1003705,Fleet,False,False,False
RD-1003706,Retail,False,False,False
RD-1003707,Fleet,False,False,False
RD-1003708,Fleet,False,False,False
RD-1003709,Fleet,False,False,False
RD-1003710,Fleet,False,True,False
RD-1003711,Fleet,False,False,False
RD-1003712,Retail,False,False,False
RD-1003713,Fleet,False,False,False
RD-1003714,Fleet,False,False,False
RD-1003715,Retail,False,False,False
RD-1003716,Fleet,True,False,False
RD-1003717,Retail,False,False,False
RD-1003718,Fleet,False,False,False
RD-1003719,Retail,False,False,False
RD-1003720,Fleet,False,False,False
RD-1003721,Retail,False,False,False
RD-1003722,Retail,False,False,False
RD-1003723,Retail,False,False,False
RD-1003724,Fleet,False,False,False
RD-1003725,Fleet,False,False,False
RD-1003726,Retail,False,False,False
RD-1003727,Fleet,False,False,False
RD-1003728,Retail,False,False,False
RD-1003729,Fleet,False,False,False
RD-1003730,Fleet,False,False,False
RD-1003731,Fleet,False,False,False
RD-1003732,Fleet,False,False,False
RD-1003733,Fleet,False,False,False
RD-1003734,Retail,False,False,False
RD-1003735,Fleet,False,False,False
RD-1003736,Retail,False,False,False
RD-1003737,Fleet,False,True,False
RD-1003738,Fleet,False,False,False
RD-1003739,Retail,False,False,False
RD-1003740,Fleet,True,False,False
RD-1003741,Retail,False,False,False
RD-1003742,Retail,False,False,False
RD-1003743,Fleet,False,False,False
RD-1003744,Fleet,False,False,False
RD-1003745,Retail,False,False,False
RD-1003746,Retail,False,True,False
RD-1003747,Retail,False,False,False
RD-1003748,Fleet,False,True,False
RD-1003749,Retail,False,False,False
RD-1003750,Retail,False,True,False
RD-1003751,Retail,False,False,False
RD-1003752,Retail,False,False,False
RD-1003753,Fleet,False,False,False
RD-1003754,Fleet,False,False,False
RD-1003755,Retail,False,False,False
RD-1003756,Fleet,False,False,False
RD-1003757,Fleet,False,False,False
RD-1003758,Fleet,False,False,False
RD-1003759,Fleet,False,True,False
RD-1003760,Fleet,False,False,False
RD-1003761,Fleet,False,False,False
RD-1003762,Fleet,False,True,False
RD-1003763,Retail,False,False,False
RD-1003764,Fleet,False,False,False
RD-1003765,Fleet,False,False,False
RD-1003766,Retail,False,False,False
RD-1003767,Fleet,False,False,False
RD-1003768,Retail,False,False,False
RD-1003769,Retail,False,False,False
RD-1003770,Retail,False,False,False
RD-1003771,Fleet,False,False,False
RD-1003772,Retail,False,True,False
RD-1003773,Fleet,False,False,False
RD-1003774,Fleet,False,False,False
RD-1003775,Retail,False,False,False
RD-1003776,Fleet,False,False,False
RD-1003777,Fleet,False,False,False
RD-1003778,Fleet,False,False,False
RD-1003779,Retail,False,True,False
RD-1003780,Fleet,False,False,False
RD-1003781,Fleet,False,False,False
RD-1003782,Retail,False,False,False
RD-1003783,Retail,False,False,False
RD-1003784,Retail,False,False,False
RD-1003785,Fleet,False,False,False
RD-1003786,Fleet,False,False,False
RD-1003787,Fleet,False,False,False
RD-1003788,Fleet,False,False,False
RD-1003789,Retail,False,False,False
RD-1003790,Retail,False,True,False
RD-1003791,Fleet,False,False,False
RD-1003792,Retail,False,False,False
RD-1003793,Retail,False,False,False
RD-1003794,Retail,False,False,False
RD-1003795,Fleet,False,True,False
RD-1003796,Retail,False,True,False
RD-1003797,Fleet,False,False,False
RD-1003798,Retail,False,False,False
RD-1003799,Fleet,False,False,False
RD-1003800,Fleet,False,False,False
RD-1003801,Retail,False,False,False
RD-1003802,Retail,False,False,False
RD-1003803,Fleet,False,True,False
RD-1003804,Retail,False,False,False
RD-1003805,Fleet,False,False,False
RD-1003806,Retail,False,False,False
RD-1003807,Retail,False,False,False
RD-1003808,Fleet,False,False,False
RD-1003809,Retail,False,False,False
RD-1003810,Retail,False,False,False
RD-1003811,Fleet,False,False,False
RD-1003812,Retail,False,False,False
RD-1003813,Fleet,False,False,False
RD-1003814,Retail,False,False,False
RD-1003815,Retail,False,False,False
RD-1003816,Retail,False,False,False
RD-1003817,Fleet,False,True,False
RD-1003818,Retail,False,False,False
RD-1003819,Fleet,False,False,False
RD-1003820,Fleet,False,False,False
RD-1003821,Retail,False,False,False
RD-1003822,Fleet,False,False,False
RD-1003823,Fleet,False,False,False
RD-1003824,Fleet,False,False,False
RD-1003825,Retail,False,False,False
RD-1003827,Retail,False,False,False
RD-1003828,Fleet,False,False,False
RD-1003829,Fleet,False,False,False
RD-1003830,Retail,False,False,False
RD-1003831,Fleet,False,False,False
RD-1003832,Retail,False,False,False
RD-1003833,Fleet,False,False,False
RD-1003834,Fleet,False,False,False
RD-1003835,Fleet,False,False,False
RD-1003836,Retail,False,False,False
RD-1003837,Fleet,False,False,False
RD-1003838,Fleet,False,False,False
RD-1003839,Retail,False,False,False
RD-1003840,Fleet,False,False,False
RD-1003841,Retail,False,False,False
RD-1003842,Fleet,False,False,False
RD-1003843,Retail,False,False,False
RD-1003844,Fleet,False,False,False
RD-1003845,Fleet,False,False,False
RD-1003846,Fleet,False,True,False
RD-1003847,Retail,False,False,False
RD-1003848,Retail,False,False,False
RD-1003849,Retail,False,False,False
RD-1003850,Retail,False,False,False
RD-1003851,Fleet,False,False,False
RD-1003852,Fleet,False,False,False
RD-1003853,Retail,False,False,False
RD-1003854,Fleet,False,False,False
RD-1003855,Fleet,False,False,False
RD-1003856,Fleet,False,False,False
RD-1003857,Retail,False,False,False
RD-1003858,Fleet,False,False,False
RD-1003859,Retail,False,False,False
RD-1003860,Fleet,False,False,False
RD-1003861,Fleet,False,False,False
RD-1003862,Retail,False,False,False
RD-1003863,Retail,False,False,False
RD-1003864,Retail,False,False,False
RD-1003865,Fleet,False,False,False
RD-1003866,Fleet,False,False,False
RD-1003867,Fleet,False,False,False
RD-1003868,Fleet,False,False,False
RD-1003869,Fleet,False,False,False
RD-1003870,Retail,False,False,False
RD-1003871,Fleet,False,False,False
RD-1003872,Fleet,False,False,False
RD-1003873,Retail,False,False,False
RD-1003874,Fleet,False,False,False
RD-1003875,Fleet,False,False,False
RD-1003876,Fleet,False,False,False
RD-1003877,Retail,False,False,False
RD-1003878,Fleet,False,False,False
RD-1003879,Fleet,False,False,False
RD-1003880,Fleet,False,False,False
RD-1003881,Fleet,False,False,False
RD-1003882,Fleet,False,False,False
RD-1003883,Fleet,False,False,False
RD-1003884,Fleet,False,True,False
RD-1003885,Fleet,False,False,False
RD-1003886,Fleet,False,False,False
RD-1003887,Retail,False,False,False
RD-1003888,Retail,False,False,False
RD-1003889,Fleet,False,False,False
RD-1003890,Fleet,False,False,False
RD-1003891,Fleet,False,False,False
RD-1003892,Fleet,False,False,False
RD-1003893,Fleet,False,False,False
RD-1003894,Fleet,False,False,False
RD-1003895,Retail,False,False,False
RD-1003896,Retail,False,False,False
RD-1003897,Retail,False,False,False
RD-1003898,Retail,False,False,False
RD-1003899,Retail,True,False,False
RD-1003900,Retail,False,False,False
RD-1003901,Retail,False,False,False
RD-1003902,Fleet,False,False,False
RD-1003903,Fleet,False,False,False
RD-1003904,Retail,False,False,False
RD-1003905,Retail,False,False,False
RD-1003906,Fleet,False,False,False
RD-1003907,Fleet,False,False,False
RD-1003908,Retail,False,False,False
RD-1003909,Fleet,False,False,False
RD-1003910,Fleet,False,False,False
RD-1003911,Fleet,False,False,False
RD-1003912,Retail,False,False,False
RD-1003913,Fleet,False,False,False
RD-1003914,Retail,False,False,False
RD-1003915,Fleet,False,False,False
RD-1003916,Fleet,False,False,False
RD-1003917,Fleet,False,False,False
RD-1003918,Fleet,False,False,False
RD-1003919,Fleet,False,False,False
RD-1003920,Retail,False,False,False
RD-1003921,Retail,False,False,False
RD-1003922,Fleet,False,False,False
RD-1003923,Fleet,False,False,False
RD-1003924,Retail,False,False,False
RD-1003925,Retail,False,False,False
RD-1003926,Fleet,False,False,False
RD-1003927,Fleet,False,False,False
RD-1003928,Fleet,False,False,False
RD-1003929,Retail,False,False,False
RD-1003930,Fleet,False,False,False
RD-1003931,Fleet,False,False,False
RD-1003932,Fleet,False,False,False
RD-1003933,Fleet,False,False,False
RD-1003934,Fleet,False,False,False
RD-1003935,Fleet,False,False,False
RD-1003936,Retail,False,False,False
RD-1003937,Fleet,False,False,False
RD-1003938,Fleet,False,False,False
RD-1003939,Retail,False,False,False
RD-1003940,Fleet,False,False,False
RD-1003941,Fleet,False,False,False
RD-1003942,Retail,False,True,False
RD-1003943,Fleet,False,False,False
RD-1003944,Retail,False,False,False
RD-1003945,Fleet,False,False,False
RD-1003946,Fleet,False,False,False
RD-1003947,Fleet,False,False,False
RD-1003948,Retail,False,False,False
RD-1003949,Retail,False,False,False
RD-1003950,Fleet,False,False,False
RD-1003951,Retail,False,False,False
RD-1003952,Fleet,False,False,False
RD-1003953,Fleet,False,False,False
RD-1003954,Fleet,False,False,False
RD-1003955,Fleet,False,False,False
RD-1003956,Fleet,False,False,False
RD-1003957,Fleet,False,False,False
RD-1003958,Fleet,False,False,False
RD-1003959,Retail,False,False,False
RD-1003960,Retail,False,False,False
RD-1003961,Retail,True,False,False
RD-1003962,Fleet,True,False,False
RD-1003963,Fleet,False,False,False
RD-1003964,Fleet,False,False,False
RD-1003965,Retail,False,False,False
RD-1003966,Retail,False,False,False
RD-1003967,Retail,False,False,False
RD-1003968,Fleet,False,False,False
RD-1003969,Retail,False,False,False
RD-1003970,Fleet,False,False,False
RD-1003971,Fleet,False,False,False
RD-1003972,Fleet,False,False,False
RD-1003973,Retail,False,False,False
RD-1003974,Retail,False,False,False
RD-1003975,Retail,False,False,False
RD-1003976,Fleet,False,False,False
RD-1003977,Retail,False,False,False
RD-1003978,Retail,False,False,False
RD-1003979,Fleet,False,False,False
RD-1003980,Retail,False,False,False
RD-1003981,Retail,False,False,False
RD-1003982,Retail,False,False,False
RD-1003983,Fleet,False,False,False
RD-1003984,Retail,False,False,False
RD-1003985,Fleet,False,False,False
RD-1003986,Fleet,False,False,False
RD-1003987,Retail,False,False,False
RD-1003988,Fleet,False,False,False
RD-1003989,Retail,False,False,False
RD-1003990,Fleet,False,False,False
RD-1003991,Fleet,False,False,False
RD-1003992,Fleet,False,False,False
RD-1003993,Fleet,False,False,False
RD-1003994,Fleet,False,False,False
RD-1003995,Retail,False,False,False
RD-1003996,Retail,False,False,False
RD-1003997,Retail,False,False,False
RD-1003998,Fleet,False,False,False
RD-1003999,Fleet,False,False,False
RD-1004000,Fleet,False,False,False
RD-1004001,Retail,False,True,False
RD-1004002,Fleet,False,False,False
RD-1004003,Fleet,False,False,False
RD-1004004,Fleet,False,False,False
RD-1004005,Fleet,False,False,False
RD-1004006,Retail,False,False,False
RD-1004007,Retail,False,False,False
RD-1004008,Fleet,False,False,False
RD-1004009,Retail,False,False,False
RD-1004010,Fleet,False,False,False
RD-1004011,Retail,False,False,False
RD-1004012,Fleet,True,False,False
RD-1004013,Fleet,False,False,False
RD-1004014,Fleet,False,False,False
RD-1004015,Fleet,False,False,False
RD-1004016,Retail,False,True,False
RD-1004017,Retail,False,False,False
RD-1004018,Fleet,False,False,False
RD-1004019,Fleet,False,False,False
RD-1004020,Fleet,False,False,False
RD-1004021,Fleet,False,False,False
RD-1004022,Fleet,False,False,False
RD-1004023,Fleet,False,False,False
RD-1004024,Fleet,False,False,False
RD-1004025,Fleet,False,False,False
RD-1004026,Fleet,False,False,False
RD-1004027,Retail,False,False,False
RD-1004028,Fleet,False,False,False
RD-1004029,Fleet,False,False,False
RD-1004030,Retail,False,False,False
RD-1004031,Retail,False,False,False
RD-1004032,Fleet,False,False,False
RD-1004033,Fleet,False,False,False
RD-1004034,Fleet,False,False,False
RD-1004035,Retail,False,False,False
RD-1004036,Fleet,False,False,False
RD-1004037,Fleet,False,False,False
RD-1004038,Retail,False,False,False
RD-1004039,Retail,False,False,False
RD-1004040,Retail,False,False,False
RD-1004041,Fleet,False,False,False
RD-1004042,Retail,False,False,False
RD-1004043,Retail,False,False,False
RD-1004044,Fleet,False,False,False
RD-1004045,Fleet,False,False,False
RD-1004046,Retail,False,False,False
RD-1004047,Fleet,False,False,False
RD-1004048,Retail,False,False,False
RD-1004049,Fleet,False,False,False
RD-1004050,Fleet,False,False,False
RD-1004051,Retail,False,False,False
RD-1004052,Fleet,False,False,False
RD-1004053,Retail,False,False,False
RD-1004054,Fleet,False,False,False
RD-1004055,Fleet,False,False,False
RD-1004056,Fleet,False,False,False
RD-1004057,Fleet,False,True,False
RD-1004058,Retail,False,False,False
RD-1004059,Fleet,False,False,False
RD-1004060,Fleet,False,False,False
RD-1004061,Fleet,False,False,False
RD-1004062,Retail,False,False,False
RD-1004063,Fleet,False,False,False
RD-1004064,Retail,False,False,False
RD-1004065,Fleet,False,True,False
RD-1004066,Retail,False,False,False
RD-1004067,Fleet,False,False,False
RD-1004068,Fleet,False,False,False
RD-1004069,Fleet,False,False,False
RD-1004070,Fleet,False,False,False
RD-1004071,Fleet,False,True,False
RD-1004072,Fleet,False,False,False
RD-1004073,Fleet,False,False,False
RD-1004074,Fleet,False,False,False
RD-1004075,Fleet,False,False,False
RD-1004076,Fleet,False,False,False
RD-1004077,Fleet,False,False,False
RD-1004078,Fleet,False,False,False
RD-1004079,Fleet,False,False,False
RD-1004080,Fleet,False,False,False
RD-1004081,Retail,False,False,False
RD-1004082,Retail,False,False,False
RD-1004083,Fleet,False,False,False
RD-1004084,Retail,False,False,False
RD-1004085,Fleet,False,False,False
RD-1004086,Fleet,False,True,False
RD-1004087,Fleet,False,False,False
RD-1004088,Fleet,False,False,False
RD-1004089,Retail,False,False,False
RD-1004090,Fleet,False,False,False
RD-1004091,Retail,False,False,False
RD-1004092,Fleet,False,False,False
RD-1004093,Retail,False,False,False
RD-1004094,Retail,False,False,False
RD-1004095,Retail,False,False,False
RD-1004096,Fleet,False,False,False
RD-1004097,Fleet,True,False,False
RD-1004098,Fleet,False,False,False
RD-1004099,Retail,False,False,False
RD-1004100,Retail,False,False,False
RD-1004101,Retail,False,False,False
RD-1004102,Fleet,False,False,False
RD-1004103,Fleet,False,False,False
RD-1004104,Fleet,False,False,False
RD-1004105,Fleet,False,False,False
RD-1004106,Fleet,False,False,False
RD-1004107,Retail,False,False,False
RD-1004108,Retail,False,False,False
RD-1004109,Retail,False,False,False
RD-1004110,Retail,False,False,True
RD-1004111,Fleet,False,False,False
RD-1004112,Retail,False,False,False
RD-1004113,Fleet,False,False,False
RD-1004114,Fleet,False,False,False
RD-1004115,Fleet,False,False,False
RD-1004116,Retail,False,False,False
RD-1004117,Retail,False,False,False
RD-1004118,Retail,False,False,False
RD-1004119,Fleet,False,False,False
RD-1004120,Fleet,False,False,False
RD-1004121,Retail,False,False,False
RD-1004122,Retail,False,True,False
RD-1004123,Fleet,False,False,False
RD-1004124,Retail,False,False,False
RD-1004125,Fleet,False,False,False
RD-1004126,Fleet,False,False,False
RD-1004127,Fleet,False,True,False
RD-1004128,Fleet,False,False,False
RD-1004129,Fleet,False,False,False
RD-1004130,Retail,True,False,False
RD-1004131,Fleet,False,False,False
RD-1004132,Fleet,False,False,False
RD-1004133,Retail,False,False,False
RD-1004134,Retail,False,False,False
RD-1004135,Fleet,False,False,False
RD-1004136,Fleet,False,False,False
RD-1004137,Fleet,False,False,False
RD-1004138,Fleet,False,False,False
RD-1004139,Fleet,False,False,False
RD-1004140,Retail,False,False,False
RD-1004141,Retail,False,False,False
RD-1004142,Retail,False,False,False
RD-1004143,Retail,False,False,False
RD-1004144,Fleet,False,False,False
RD-1004145,Fleet,False,False,False
RD-1004146,Fleet,False,False,False
RD-1004147,Retail,False,False,False
RD-1004148,Fleet,False,False,False
RD-1004149,Retail,False,True,False
RD-1004150,Fleet,False,True,False
RD-1004151,Fleet,False,False,False
RD-1004152,Retail,False,False,False
RD-1004153,Retail,False,False,False
RD-1004154,Retail,False,False,False
RD-1004155,Fleet,False,False,False
RD-1004156,Fleet,False,False,False
RD-1004157,Fleet,False,False,False
RD-1004158,Retail,False,False,False
RD-1004159,Fleet,False,False,False
RD-1004160,Fleet,False,False,False
RD-1004161,Fleet,False,False,False
RD-1004162,Fleet,False,False,False
RD-1004163,Fleet,False,False,False
RD-1004164,Fleet,False,False,False
RD-1004165,Fleet,False,False,False
RD-1004166,Fleet,False,False,False
RD-1004167,Fleet,False,False,False
RD-1004168,Fleet,True,False,False
RD-1004169,Fleet,False,False,False
RD-1004170,Retail,False,False,False
RD-1004171,Retail,False,False,False
RD-1004172,Fleet,False,False,False
RD-1004173,Retail,False,False,False
RD-1004174,Retail,False,False,False
RD-1004175,Retail,False,False,False
RD-1004176,Retail,False,False,False
RD-1004177,Retail,False,False,False
RD-1004178,Fleet,False,False,False
RD-1004179,Fleet,False,False,False
RD-1004180,Retail,False,False,False
RD-1004181,Fleet,False,True,False
RD-1004182,Fleet,False,False,False
RD-1004183,Fleet,False,False,False
RD-1004184,Retail,False,True,False
RD-1004185,Retail,False,False,False
RD-1004186,Fleet,False,False,False
RD-1004187,Retail,False,False,False
RD-1004188,Retail,False,False,False
RD-1004189,Fleet,False,False,False
RD-1004190,Retail,False,True,False
RD-1004191,Fleet,False,False,False
RD-1004192,Retail,False,False,False
RD-1004193,Retail,False,True,False
RD-1004194,Fleet,False,False,False
RD-1004195,Retail,False,False,False
RD-1004196,Fleet,False,False,False
RD-1004197,Fleet,False,False,False
RD-1004198,Fleet,False,False,False
RD-1004199,Fleet,False,False,False
RD-1004200,Fleet,False,False,False
RD-1004201,Retail,False,False,False
RD-1004202,Retail,False,False,False
RD-1004203,Retail,False,False,False
RD-1004204,Fleet,False,False,False
RD-1004205,Retail,False,False,False
RD-1004206,Fleet,False,False,False
RD-1004207,Fleet,False,False,False
RD-1004208,Retail,False,False,False
RD-1004209,Retail,False,False,False
RD-1004210,Retail,False,False,False
RD-1004211,Retail,False,False,False
RD-1004212,Fleet,False,False,False
RD-1004213,Fleet,False,False,False
RD-1004214,Fleet,False,False,False
RD-1004215,Fleet,False,False,False
RD-1004216,Retail,False,False,False
RD-1004217,Fleet,False,False,False
RD-1004218,Fleet,False,False,False
RD-1004219,Fleet,False,False,False
RD-1004220,Retail,False,False,False
RD-1004221,Fleet,False,False,False
RD-1004222,Retail,False,False,False
RD-1004223,Retail,False,False,False
RD-1004224,Fleet,False,False,False
RD-1004225,Fleet,False,False,False
RD-1004226,Retail,False,False,False
RD-1004227,Fleet,False,True,False
RD-1004228,Fleet,False,False,False
RD-1004229,Fleet,False,False,False
RD-1004230,Retail,False,False,False
RD-1004231,Retail,False,False,False
RD-1004232,Fleet,False,False,False
RD-1004233,Fleet,False,False,False
RD-1004234,Retail,False,False,False
RD-1004235,Retail,False,False,False
RD-1004236,Fleet,False,False,False
RD-1004237,Fleet,False,False,False
RD-1004238,Retail,False,False,False
RD-1004239,Retail,False,False,False
RD-1004240,Fleet,False,False,False
RD-1004241,Fleet,False,False,False
RD-1004242,Fleet,False,True,False
RD-1004243,Fleet,False,False,False
RD-1004244,Fleet,False,False,False
RD-1004245,Fleet,False,True,False
RD-1004246,Fleet,False,False,False
RD-1004247,Fleet,False,False,False
RD-1004248,Retail,False,False,False
RD-1004249,Fleet,False,False,False
RD-1004250,Fleet,False,False,False
RD-1004251,Fleet,False,False,False
RD-1004252,Fleet,False,False,False
RD-1004253,Retail,False,False,False
RD-1004254,Retail,False,False,False
RD-1004255,Retail,False,False,False
RD-1004256,Fleet,False,False,False
RD-1004257,Fleet,False,False,False
RD-1004258,Fleet,False,False,False
RD-1004259,Fleet,False,False,False
RD-1004260,Fleet,False,False,False
RD-1004261,Retail,False,False,False
RD-1004262,Retail,False,False,False
RD-1004263,Retail,False,False,False
RD-1004264,Fleet,False,False,False
RD-1004265,Retail,False,False,False
RD-1004267,Fleet,False,False,False
RD-1004268,Retail,False,False,False
RD-1004269,Fleet,False,False,False
RD-1004270,Fleet,False,False,False
RD-1004271,Fleet,False,False,False
RD-1004272,Fleet,False,False,False
RD-1004273,Fleet,False,False,False
RD-1004274,Retail,False,False,False
RD-1004275,Fleet,False,False,False
RD-1004276,Fleet,False,False,False
RD-1004277,Fleet,False,False,False
RD-1004278,Fleet,False,False,False
RD-1004279,Fleet,False,False,False
RD-1004280,Fleet,False,False,False
RD-1004281,Fleet,False,False,False
RD-1004282,Retail,False,False,False
RD-1004283,Fleet,False,False,False
RD-1004284,Retail,False,False,False
RD-1004285,Retail,False,False,False
RD-1004286,Retail,False,False,False
RD-1004287,Fleet,False,False,False
RD-1004288,Retail,False,False,False
RD-1004289,Fleet,False,False,False
RD-1004290,Retail,False,False,False
RD-1004291,Fleet,False,False,False
RD-1004292,Retail,False,False,False
RD-1004293,Fleet,False,False,False
RD-1004294,Retail,False,False,False
RD-1004295,Retail,False,False,False
RD-1004296,Retail,False,False,False
RD-1004297,Fleet,False,False,False
RD-1004298,Fleet,False,False,False
RD-1004299,Retail,False,False,False
RD-1004300,Retail,False,False,False
RD-1004301,Fleet,True,False,False
RD-1004302,Retail,False,False,False
RD-1004303,Retail,False,False,False
RD-1004304,Retail,False,False,False
RD-1004305,Fleet,False,False,False
RD-1004306,Fleet,False,False,False
RD-1004307,Retail,False,False,False
RD-1004308,Retail,False,True,False
RD-1004309,Retail,False,False,False
RD-1004310,Fleet,False,False,False
RD-1004311,Fleet,False,True,False
RD-1004312,Fleet,False,False,False
RD-1004313,Fleet,False,False,False
RD-1004314,Retail,False,False,False
RD-1004315,Fleet,False,False,False
RD-1004316,Retail,False,False,False
RD-1004317,Fleet,False,False,False
RD-1004318,Fleet,False,False,False
RD-1004319,Fleet,False,False,False
RD-1004320,Fleet,False,False,False
RD-1004321,Fleet,False,False,False
RD-1004322,Retail,False,False,False
RD-1004323,Fleet,False,False,False
RD-1004324,Fleet,False,False,False
RD-1004325,Fleet,False,False,False
RD-1004326,Retail,False,False,False
RD-1004327,Retail,False,False,False
RD-1004328,Fleet,False,False,False
RD-1004329,Fleet,False,False,False
RD-1004330,Retail,False,False,False
RD-1004331,Retail,False,False,False
RD-1004332,Retail,False,False,False
RD-1004333,Fleet,False,False,False
RD-1004334,Fleet,False,False,False
RD-1004335,Retail,False,False,False
RD-1004336,Fleet,False,False,False
RD-1004337,Retail,False,False,False
RD-1004338,Fleet,False,False,False
RD-1004339,Retail,False,False,False
RD-1004340,Fleet,False,False,False
RD-1004341,Fleet,False,False,False
RD-1004342,Fleet,False,False,False
RD-1004343,Fleet,False,False,False
RD-1004344,Fleet,False,False,False
RD-1004345,Fleet,False,False,False
RD-1004346,Retail,False,False,False
RD-1004347,Fleet,False,False,False
RD-1004348,Retail,False,False,False
RD-1004349,Retail,False,False,False
RD-1004350,Fleet,False,True,False
RD-1004351,Fleet,False,False,False
RD-1004352,Fleet,False,False,False
RD-1004353,Fleet,False,False,False
RD-1004354,Fleet,False,False,False
RD-1004355,Fleet,False,False,False
RD-1004356,Retail,False,True,False
RD-1004357,Fleet,False,False,False
RD-1004358,Fleet,False,False,False
RD-1004359,Fleet,False,False,False
RD-1004360,Fleet,False,False,False
RD-1004361,Fleet,False,False,False
RD-1004362,Retail,False,False,False
RD-1004363,Fleet,False,False,False
RD-1004364,Fleet,False,False,False
RD-1004365,Fleet,False,False,False
RD-1004366,Fleet,False,False,False
RD-1004367,Fleet,False,False,False
RD-1004368,Retail,False,False,False
RD-1004369,Fleet,False,False,False
RD-1004370,Retail,False,False,False
RD-1004371,Retail,False,False,False
RD-1004372,Fleet,False,False,False
RD-1004373,Retail,False,False,False
RD-1004374,Retail,False,False,False
RD-1004375,Fleet,False,False,False
RD-1004376,Retail,False,False,False
RD-1004377,Fleet,False,False,False
RD-1004378,Fleet,False,True,False
RD-1004379,Retail,False,False,False
RD-1004380,Fleet,False,False,False
RD-1004381,Fleet,False,False,False
RD-1004382,Fleet,False,False,False
RD-1004383,Fleet,False,False,False
RD-1004384,Retail,False,False,False
RD-1004385,Retail,False,True,False
RD-1004386,Fleet,False,False,False
RD-1004387,Fleet,False,False,False
RD-1004388,Fleet,False,False,False
RD-1004389,Retail,False,False,False
RD-1004390,Fleet,False,False,False
RD-1004391,Retail,False,False,False
RD-1004392,Retail,False,False,False
RD-1004393,Retail,False,False,False
RD-1004394,Fleet,False,True,False
RD-1004395,Fleet,False,False,False
RD-1004396,Retail,False,True,False
RD-1004397,Retail,False,False,False
RD-1004398,Fleet,False,False,False
RD-1004399,Retail,False,True,False
RD-1004400,Fleet,False,False,False
RD-1004401,Fleet,False,False,False
RD-1004402,Retail,False,False,False
RD-1004403,Fleet,True,False,False
RD-1004404,Retail,False,False,False
RD-1004405,Retail,False,False,False
RD-1004406,Retail,False,False,False
RD-1004407,Fleet,False,False,False
RD-1004408,Fleet,False,False,False
RD-1004409,Fleet,False,False,False
RD-1004410,Retail,False,False,False
RD-1004411,Fleet,False,True,False
RD-1004412,Fleet,False,False,False
RD-1004413,Retail,False,False,False
RD-1004414,Fleet,False,False,False
RD-1004415,Fleet,True,False,False
RD-1004416,Fleet,False,False,False
RD-1004417,Fleet,False,False,False
RD-1004418,Retail,False,False,False
RD-1004419,Fleet,False,False,False
RD-1004420,Retail,False,False,False
RD-1004421,Fleet,False,False,False
RD-1004422,Fleet,False,False,False
RD-1004423,Fleet,False,False,False
RD-1004424,Fleet,False,False,False
RD-1004425,Retail,False,False,False
RD-1004426,Fleet,False,False,False
RD-1004427,Fleet,False,False,False
RD-1004428,Fleet,False,False,False
RD-1004429,Retail,False,False,False
RD-1004430,Fleet,False,False,False
RD-1004431,Retail,False,False,False
RD-1004432,Retail,False,False,False
RD-1004433,Fleet,False,False,False
RD-1004434,Fleet,False,False,False
RD-1004435,Fleet,False,False,False
RD-1004436,Fleet,False,False,False
RD-1004437,Fleet,False,False,False
RD-1004438,Retail,False,True,False
RD-1004439,Fleet,False,False,False
RD-1004440,Fleet,False,False,False
RD-1004441,Fleet,False,False,False
RD-1004442,Fleet,False,False,False
RD-1004443,Fleet,False,False,False
RD-1004444,Retail,False,False,False
RD-1004445,Fleet,False,False,False
RD-1004446,Fleet,False,False,False
RD-1004447,Retail,False,False,False
RD-1004448,Fleet,False,False,False
RD-1004449,Retail,False,False,False
RD-1004450,Retail,False,False,False
RD-1004451,Fleet,False,False,False
RD-1004452,Fleet,False,False,False
RD-1004453,Fleet,False,False,False
RD-1004454,Retail,False,False,False
RD-1004455,Fleet,False,False,False
RD-1004456,Retail,False,False,False
RD-1004457,Fleet,False,False,False
RD-1004458,Retail,False,False,False
RD-1004459,Retail,False,False,False
RD-1004460,Fleet,False,False,False
RD-1004461,Fleet,False,False,False
RD-1004462,Fleet,False,False,False
RD-1004463,Fleet,False,False,False
RD-1004464,Fleet,False,False,False
RD-1004465,Retail,False,False,False
RD-1004466,Retail,False,True,False
RD-1004467,Fleet,False,False,False
RD-1004468,Fleet,False,False,False
RD-1004469,Fleet,False,False,False
RD-1004470,Fleet,False,False,False
RD-1004471,Retail,True,False,False
RD-1004472,Retail,False,False,False
RD-1004473,Fleet,False,False,False
RD-1004474,Retail,False,False,False
RD-1004475,Retail,False,False,False
RD-1004476,Fleet,False,False,False
RD-1004477,Retail,False,False,False
RD-1004478,Fleet,False,False,False
RD-1004479,Fleet,False,False,False
RD-1004480,Fleet,False,False,False
RD-1004481,Fleet,False,False,False
RD-1004482,Fleet,True,False,False
RD-1004483,Fleet,False,False,False
RD-1004484,Retail,False,False,False
RD-1004485,Retail,False,False,False
RD-1004486,Retail,False,False,False
RD-1004487,Fleet,False,False,False
RD-1004488,Fleet,False,False,False
RD-1004489,Fleet,False,False,False
RD-1004490,Retail,False,False,False
RD-1004491,Fleet,False,False,False
RD-1004492,Retail,False,False,False
RD-1004493,Fleet,False,False,False
RD-1004494,Fleet,False,False,False
RD-1004495,Retail,False,False,False
RD-1004496,Retail,False,False,False
RD-1004497,Fleet,False,False,False
RD-1004498,Retail,False,True,False
RD-1004499,Fleet,False,False,False
RD-1004500,Retail,False,False,False
RD-1004501,Retail,False,True,False
RD-1004502,Retail,False,False,False
RD-1004503,Fleet,False,False,False
RD-1004504,Fleet,False,False,False
RD-1004505,Retail,False,False,False
RD-1004506,Retail,False,False,False
RD-1004507,Retail,False,False,False
RD-1004508,Fleet,False,False,False
RD-1004509,Retail,False,False,False
RD-1004510,Fleet,False,False,False
RD-1004511,Fleet,False,False,False
RD-1004512,Fleet,False,False,False
RD-1004513,Fleet,False,False,False
RD-1004514,Fleet,False,False,False
RD-1004515,Fleet,False,False,False
RD-1004516,Fleet,False,False,False
RD-1004517,Fleet,False,False,False
RD-1004518,Fleet,False,False,False
RD-1004519,Fleet,False,True,False
RD-1004520,Retail,False,False,False
RD-1004521,Retail,False,False,False
RD-1004522,Fleet,False,False,False
RD-1004523,Retail,False,False,False
RD-1004524,Retail,False,False,False
RD-1004525,Fleet,False,False,False
RD-1004526,Retail,False,False,False
RD-1004527,Fleet,False,False,False
RD-1004528,Fleet,False,False,False
RD-1004529,Fleet,False,False,False
RD-1004530,Fleet,False,False,False
RD-1004531,Fleet,False,False,False
RD-1004532,Fleet,False,False,False
RD-1004533,Fleet,False,False,False
RD-1004534,Fleet,False,False,False
RD-1004535,Fleet,False,False,False
RD-1004536,Fleet,False,True,False
RD-1004537,Fleet,False,False,False
RD-1004538,Fleet,False,True,False
RD-1004539,Retail,False,False,False
RD-1004540,Retail,False,False,False
RD-1004541,Fleet,False,False,False
RD-1004542,Fleet,False,False,False
RD-1004543,Retail,False,True,False
RD-1004544,Retail,False,False,False
RD-1004545,Fleet,False,False,False
RD-1004546,Fleet,False,False,False
RD-1004547,Fleet,False,False,False
RD-1004548,Retail,False,False,False
RD-1004549,Retail,False,False,False
RD-1004550,Retail,False,False,False
RD-1004551,Fleet,False,False,False
RD-1004552,Fleet,False,False,False
RD-1004553,Fleet,False,False,False
RD-1004554,Fleet,False,False,False
RD-1004555,Fleet,False,False,False
RD-1004556,Retail,False,False,False
RD-1004557,Retail,False,False,False
RD-1004558,Fleet,False,False,False
RD-1004559,Fleet,False,False,False
RD-1004560,Fleet,False,False,False
RD-1004561,Fleet,False,False,False
RD-1004562,Fleet,False,False,False
RD-1004563,Fleet,False,True,False
RD-1004564,Retail,False,False,False
RD-1004565,Fleet,False,False,False
RD-1004566,Fleet,False,False,False
RD-1004567,Fleet,False,False,False
RD-1004568,Retail,False,False,False
RD-1004569,Retail,False,False,False
RD-1004570,Retail,False,False,False
RD-1004571,Fleet,False,True,False
RD-1004572,Fleet,False,False,False
RD-1004573,Fleet,False,False,False
RD-1004574,Retail,False,False,False
RD-1004575,Retail,False,False,False
RD-1004576,Fleet,False,False,False
RD-1004577,Fleet,False,False,False
RD-1004578,Fleet,False,False,False
RD-1004579,Fleet,False,False,False
RD-1004580,Retail,False,False,False
RD-1004581,Retail,False,True,False
RD-1004582,Fleet,False,False,False
RD-1004583,Fleet,False,False,False
RD-1004584,Retail,False,False,False
RD-1004585,Retail,False,False,False
RD-1004586,Fleet,False,False,False
RD-1004587,Fleet,False,False,False
RD-1004588,Fleet,False,False,False
RD-1004589,Fleet,False,True,False
RD-1004590,Retail,False,True,False
RD-1004591,Retail,False,False,False
RD-1004592,Fleet,False,True,False
RD-1004593,Retail,False,False,False
RD-1004594,Retail,False,False,False
RD-1004595,Retail,False,False,False
RD-1004596,Fleet,False,False,False
RD-1004597,Fleet,False,False,False
RD-1004598,Fleet,False,False,False
RD-1004599,Fleet,False,True,False
RD-1004600,Fleet,False,True,False
RD-1004601,Retail,False,False,False
RD-1004602,Fleet,False,False,False
RD-1004603,Fleet,False,False,False
RD-1004604,Fleet,False,False,False
RD-1004605,Fleet,False,False,False
RD-1004606,Retail,False,False,False
RD-1004607,Fleet,False,False,False
RD-1004608,Retail,False,False,False
RD-1004609,Retail,False,False,False
RD-1004610,Fleet,True,False,False
RD-1004611,Retail,False,False,False
RD-1004612,Fleet,False,False,False
RD-1004613,Fleet,False,False,False
RD-1004614,Fleet,False,False,False
RD-1004615,Fleet,False,False,False
RD-1004616,Retail,False,False,False
RD-1004617,Retail,False,False,False
RD-1004618,Fleet,False,False,False
RD-1004619,Fleet,False,False,False
RD-1004620,Retail,False,False,False
RD-1004621,Fleet,False,False,False
RD-1004622,Fleet,False,False,False
RD-1004623,Fleet,False,False,False
RD-1004624,Retail,False,False,False
RD-1004625,Fleet,False,False,False
RD-1004626,Fleet,False,False,False
RD-1004627,Fleet,False,False,False
RD-1004628,Fleet,False,False,False
RD-1004629,Retail,False,False,False
RD-1004630,Fleet,False,False,False
RD-1004631,Fleet,False,False,False
RD-1004632,Fleet,False,False,False
RD-1004633,Fleet,False,False,False
RD-1004634,Retail,False,False,False
RD-1004635,Retail,False,False,False
RD-1004636,Retail,False,False,False
RD-1004637,Retail,False,False,False
RD-1004638,Retail,False,False,False
RD-1004639,Fleet,False,False,False
RD-1004640,Fleet,False,False,False
RD-1004641,Retail,False,False,False
RD-1004642,Retail,False,False,False
RD-1004643,Retail,False,False,False
RD-1004644,Retail,False,True,False
RD-1004645,Fleet,False,False,False
RD-1004646,Fleet,False,True,False
RD-1004647,Retail,False,False,False
RD-1004648,Retail,False,False,False
RD-1004649,Fleet,False,False,False
RD-1004650,Retail,False,False,False
RD-1004651,Fleet,False,False,False
RD-1004652,Retail,False,True,False
RD-1004653,Fleet,False,False,False
RD-1004654,Retail,False,False,False
RD-1004655,Fleet,False,False,False
RD-1004656,Fleet,False,False,False
RD-1004657,Fleet,False,False,False
RD-1004658,Fleet,False,False,False
RD-1004659,Fleet,False,False,False
RD-1004660,Fleet,True,False,False
RD-1004661,Fleet,False,False,False
RD-1004662,Retail,False,False,False
RD-1004663,Fleet,False,False,False
RD-1004664,Fleet,False,True,False
RD-1004665,Fleet,False,False,False
RD-1004666,Retail,False,False,False
RD-1004667,Fleet,False,False,False
RD-1004668,Retail,False,False,False
RD-1004669,Retail,False,False,False
RD-1004670,Retail,False,False,False
RD-1004671,Fleet,False,False,False
RD-1004672,Fleet,False,False,False
RD-1004673,Retail,False,False,False
RD-1004674,Retail,False,False,False
RD-1004675,Retail,False,False,False
RD-1004676,Fleet,False,False,False
RD-1004677,Fleet,False,False,False
RD-1004678,Retail,False,False,False
RD-1004679,Retail,False,False,False
RD-1004680,Fleet,False,False,False
RD-1004681,Fleet,False,False,False
RD-1004682,Fleet,False,False,False
RD-1004683,Fleet,False,False,False
RD-1004684,Fleet,False,False,False
RD-1004685,Fleet,False,False,False
RD-1004686,Fleet,True,False,False
RD-1004687,Retail,False,False,False
RD-1004688,Retail,False,False,False
RD-1004689,Retail,False,False,False
RD-1004690,Fleet,False,False,False
RD-1004691,Fleet,False,False,False
RD-1004692,Retail,False,False,False
RD-1004693,Fleet,False,False,False
RD-1004694,Fleet,False,False,False
RD-1004695,Fleet,False,False,False
RD-1004696,Retail,False,False,False
RD-1004697,Fleet,False,False,False
RD-1004698,Fleet,False,False,False
RD-1004699,Retail,True,False,False
RD-1004700,Retail,False,False,False
RD-1004701,Fleet,False,False,False
RD-1004702,Fleet,False,False,False
RD-1004703,Retail,False,False,False
RD-1004704,Fleet,False,False,False
RD-1004705,Retail,False,False,False
RD-1004706,Retail,False,False,False
RD-1004707,Retail,False,False,False
RD-1004708,Fleet,False,False,False
RD-1004709,Retail,False,False,False
RD-1004710,Retail,False,False,False
RD-1004711,Fleet,False,False,False
RD-1004712,Fleet,False,False,False
RD-1004713,Retail,False,True,False
RD-1004714,Fleet,False,False,False
RD-1004715,Retail,False,False,False
RD-1004716,Retail,False,False,False
RD-1004717,Fleet,False,False,False
RD-1004718,Fleet,False,False,False
RD-1004719,Fleet,True,False,False
RD-1004720,Fleet,False,True,False
RD-1004721,Fleet,False,False,False
RD-1004722,Fleet,False,False,False
RD-1004723,Fleet,False,False,False
RD-1004724,Fleet,False,False,False
RD-1004725,Fleet,False,False,False
RD-1004726,Retail,False,False,False
RD-1004727,Retail,False,True,False
RD-1004728,Retail,False,False,False
RD-1004729,Retail,False,True,False
RD-1004730,Retail,False,False,False
RD-1004731,Retail,False,False,False
RD-1004732,Fleet,False,False,False
RD-1004733,Retail,False,False,False
RD-1004734,Fleet,False,False,False
RD-1004735,Retail,False,False,False
RD-1004736,Fleet,False,False,False
RD-1004737,Fleet,False,False,False
RD-1004738,Fleet,False,False,False
RD-1004739,Fleet,False,False,False
RD-1004740,Retail,False,False,False
RD-1004741,Fleet,False,False,False
RD-1004742,Fleet,False,False,False
RD-1004743,Retail,False,False,False
RD-1004744,Retail,False,False,False
RD-1004745,Fleet,False,False,False
RD-1004746,Retail,False,False,False
RD-1004747,Fleet,False,False,False
RD-1004748,Retail,False,True,False
RD-1004749,Fleet,False,False,False
RD-1004750,Retail,False,False,False
RD-1004751,Retail,False,False,False
RD-1004752,Retail,False,False,False
RD-1004753,Fleet,False,False,False
RD-1004754,Fleet,False,False,False
RD-1004755,Fleet,True,False,False
RD-1004756,Fleet,False,False,False
RD-1004757,Fleet,False,True,False
RD-1004758,Retail,False,False,False
RD-1004759,Fleet,True,False,False
RD-1004760,Retail,False,False,False
RD-1004761,Fleet,False,False,False
RD-1004762,Retail,False,False,False
RD-1004763,Retail,False,False,False
RD-1004764,Fleet,False,False,False
RD-1004765,Fleet,False,False,False
RD-1004766,Retail,False,False,False
RD-1004767,Retail,False,False,False
RD-1004768,Retail,False,False,False
RD-1004769,Retail,False,False,False
RD-1004770,Fleet,False,False,False
RD-1004771,Fleet,False,False,False
RD-1004772,Retail,False,False,False
RD-1004773,Retail,False,False,False
RD-1004774,Retail,False,False,False
RD-1004775,Fleet,False,False,False
RD-1004776,Fleet,False,False,False
RD-1004777,Retail,False,False,False
RD-1004778,Retail,False,False,False
RD-1004779,Fleet,False,False,False
RD-1004780,Retail,False,False,False
RD-1004781,Fleet,False,False,False
RD-1004782,Fleet,False,False,False
RD-1004783,Fleet,False,False,False
RD-1004784,Fleet,False,False,True
RD-1004785,Retail,False,False,False
RD-1004786,Fleet,False,False,False
RD-1004787,Fleet,False,False,False
RD-1004788,Fleet,False,False,False
RD-1004789,Fleet,False,False,False
RD-1004790,Fleet,False,False,False
RD-1004791,Fleet,False,False,False
RD-1004792,Retail,False,True,False
RD-1004793,Fleet,False,False,False
RD-1004794,Fleet,False,False,False
RD-1004795,Retail,False,False,False
RD-1004796,Retail,False,False,False
RD-1004797,Retail,False,True,False
RD-1004798,Retail,False,False,False
RD-1004799,Fleet,False,False,False
RD-1004800,Retail,False,False,False
RD-1004801,Fleet,False,False,False
RD-1004802,Retail,False,False,False
RD-1004803,Fleet,False,False,False
RD-1004804,Fleet,False,False,False
RD-1004805,Fleet,False,False,False
RD-1004806,Fleet,False,False,False
RD-1004807,Retail,False,False,False
RD-1004808,Fleet,False,False,False
RD-1004809,Fleet,True,False,False
RD-1004810,Retail,False,False,False
RD-1004811,Fleet,False,False,False
RD-1004812,Fleet,False,False,False
RD-1004813,Retail,False,False,False
RD-1004814,Fleet,False,False,False
RD-1004815,Fleet,False,False,False
RD-1004816,Retail,False,False,False
RD-1004817,Fleet,False,False,False
RD-1004818,Fleet,False,False,False
RD-1004819,Fleet,False,False,False
RD-1004820,Fleet,False,False,False
RD-1004821,Retail,False,False,False
RD-1004822,Fleet,False,False,False
RD-1004823,Fleet,False,False,False
RD-1004824,Fleet,False,False,False
RD-1004825,Retail,False,False,False
RD-1004826,Fleet,False,False,False
RD-1004827,Fleet,False,False,False
RD-1004828,Fleet,False,False,False
RD-1004829,Fleet,False,False,False
RD-1004830,Fleet,False,False,False
RD-1004831,Fleet,False,False,False
RD-1004832,Retail,False,False,False
RD-1004833,Fleet,False,False,False
RD-1004834,Fleet,False,False,False
RD-1004835,Fleet,False,False,False
RD-1004836,Fleet,False,False,False
RD-1004837,Retail,False,False,False
RD-1004838,Fleet,False,False,False
RD-1004839,Retail,False,False,False
RD-1004840,Fleet,False,False,False
RD-1004841,Fleet,False,False,False
RD-1004842,Retail,False,True,False
RD-1004843,Fleet,False,False,False
RD-1004844,Fleet,False,False,False
RD-1004845,Fleet,False,False,False
RD-1004846,Fleet,False,True,False
RD-1004847,Fleet,False,False,False
RD-1004848,Fleet,False,True,False
RD-1004849,Fleet,False,False,False
RD-1004850,Retail,False,False,False
RD-1004851,Fleet,False,False,False
RD-1004852,Retail,False,False,False
RD-1004853,Retail,False,False,False
RD-1004854,Retail,False,False,False
RD-1004855,Retail,False,False,False
RD-1004856,Fleet,False,False,False
RD-1004857,Fleet,False,False,False
RD-1004858,Fleet,False,False,False
RD-1004859,Fleet,False,False,False
RD-1004860,Fleet,False,False,False
RD-1004861,Retail,False,False,False
RD-1004862,Fleet,False,False,False
RD-1004863,Fleet,False,False,False
RD-1004864,Fleet,False,False,False
RD-1004865,Fleet,False,False,False
RD-1004866,Retail,False,False,False
RD-1004867,Fleet,False,False,False
RD-1004868,Retail,False,False,False
RD-1004869,Fleet,False,False,True
RD-1004870,Retail,False,False,False
RD-1004871,Retail,False,False,False
RD-1004872,Fleet,False,False,False
RD-1004873,Retail,False,False,False
RD-1004874,Fleet,False,False,False
RD-1004875,Fleet,False,False,False
RD-1004876,Fleet,False,False,False
RD-1004877,Fleet,False,False,False
RD-1004878,Retail,False,True,False
RD-1004879,Retail,False,False,False
RD-1004880,Fleet,False,False,False
RD-1004881,Retail,False,False,False
RD-1004882,Fleet,False,False,False
RD-1004883,Fleet,False,False,False
RD-1004884,Retail,False,False,False
RD-1004885,Fleet,False,False,False
RD-1004886,Fleet,False,False,False
RD-1004887,Fleet,False,True,False
RD-1004888,Fleet,False,False,False
RD-1004889,Fleet,False,False,False
RD-1004890,Retail,False,False,False
RD-1004891,Fleet,False,False,False
RD-1004892,Fleet,False,False,False
RD-1004893,Fleet,False,False,False
RD-1004894,Retail,False,False,False
RD-1004895,Retail,False,False,False
RD-1004896,Retail,False,False,False
RD-1004897,Retail,False,True,False
RD-1004898,Fleet,False,False,False
RD-1004899,Retail,False,False,False
RD-1004900,Fleet,False,True,False
RD-1004901,Retail,False,False,False
RD-1004902,Retail,False,False,False
RD-1004903,Fleet,False,False,False
RD-1004904,Fleet,False,False,False
RD-1004905,Fleet,True,False,False
RD-1004906,Fleet,False,False,False
RD-1004907,Fleet,False,False,False
RD-1004908,Retail,False,True,False
RD-1004909,Retail,True,False,False
RD-1004910,Retail,False,False,False
RD-1004911,Retail,False,False,False
RD-1004912,Fleet,False,False,False
RD-1004913,Retail,False,False,False
RD-1004914,Fleet,False,False,False
RD-1004915,Fleet,False,False,False
RD-1004916,Retail,False,False,False
RD-1004917,Retail,False,False,False
RD-1004918,Retail,False,False,False
RD-1004919,Fleet,False,False,False
RD-1004920,Fleet,False,False,False
RD-1004921,Fleet,False,False,False
RD-1004922,Fleet,False,False,False
RD-1004923,Fleet,False,False,False
RD-1004924,Fleet,False,False,False
RD-1004925,Retail,False,False,False
RD-1004926,Fleet,False,False,False
RD-1004927,Retail,False,False,False
RD-1004928,Retail,False,True,False
RD-1004929,Fleet,False,False,False
RD-1004930,Retail,False,False,False
RD-1004931,Fleet,False,False,False
RD-1004932,Fleet,False,False,False
RD-1004933,Fleet,False,False,False
RD-1004934,Fleet,False,False,False
RD-1004935,Fleet,False,True,False
RD-1004936,Retail,False,True,False
RD-1004937,Fleet,False,False,False
RD-1004938,Retail,False,False,False
RD-1004939,Fleet,False,False,False
RD-1004940,Retail,False,False,False
RD-1004941,Retail,False,True,False
RD-1004942,Retail,False,False,False
RD-1004943,Fleet,False,False,False
RD-1004944,Fleet,False,False,False
RD-1004945,Fleet,False,False,False
RD-1004946,Fleet,False,False,False
RD-1004947,Fleet,False,False,False
RD-1004948,Fleet,False,False,False
RD-1004949,Retail,False,False,False
RD-1004950,Retail,True,False,False
RD-1004951,Fleet,False,False,False
RD-1004952,Fleet,False,False,False
RD-1004953,Fleet,False,False,False
RD-1004954,Fleet,False,False,False
RD-1004955,Retail,False,False,False
RD-1004956,Fleet,False,False,False
RD-1004957,Retail,False,False,False
RD-1004958,Fleet,False,False,False
RD-1004959,Fleet,False,False,False
RD-1004960,Fleet,False,False,False
RD-1004961,Fleet,False,False,False
RD-1004962,Fleet,False,False,False
RD-1004963,Fleet,False,False,False
RD-1004964,Retail,False,False,False
RD-1004965,Fleet,False,False,False
RD-1004966,Fleet,False,False,False
RD-1004967,Fleet,False,False,False
RD-1004968,Retail,False,False,False
RD-1004969,Fleet,False,False,False
RD-1004970,Fleet,False,False,False
RD-1004971,Fleet,False,False,False
RD-1004972,Fleet,False,False,False
RD-1004973,Fleet,False,False,False
RD-1004974,Fleet,False,False,False
RD-1004975,Retail,False,False,False
RD-1004976,Fleet,False,False,False
RD-1004977,Retail,False,False,False
RD-1004978,Fleet,False,False,False
RD-1004979,Retail,False,True,False
RD-1004980,Retail,False,False,False
RD-1004981,Retail,False,False,False
RD-1004982,Retail,False,False,False
RD-1004983,Fleet,False,False,False
RD-1004984,Retail,False,False,False
RD-1004985,Retail,False,False,False
RD-1004986,Fleet,False,False,False
RD-1004987,Fleet,False,False,False
RD-1004988,Fleet,False,False,False
RD-1004989,Fleet,False,False,False
RD-1004990,Retail,False,False,False
RD-1004991,Fleet,False,False,False
RD-1004992,Fleet,False,False,False
RD-1004993,Retail,False,False,False
RD-1004994,Retail,False,True,False
RD-1004995,Retail,False,False,False
RD-1004996,Retail,False,False,False
RD-1004997,Fleet,False,False,False
RD-1004998,Retail,False,False,False
RD-1004999,Fleet,False,False,False
RD-1005000,Retail,False,False,False
RD-1005001,Fleet,False,False,False
RD-1005002,Fleet,False,False,False
RD-1005003,Retail,False,False,False
RD-1005004,Retail,False,False,False
RD-1005005,Fleet,False,False,False
RD-1005006,Retail,False,False,False
RD-1005007,Retail,False,False,False
RD-1005008,Retail,False,False,False
RD-1005009,Fleet,False,False,False
RD-1005010,Retail,False,False,False
RD-1005011,Fleet,False,False,False
RD-1005012,Fleet,False,False,False
RD-1005013,Retail,False,False,False
RD-1005014,Retail,False,False,False
RD-1005015,Retail,False,True,False
RD-1005016,Retail,False,False,False
RD-1005017,Retail,False,False,False
RD-1005018,Retail,False,False,False
RD-1005019,Retail,False,True,False
RD-1005020,Fleet,False,False,False
RD-1005021,Fleet,False,False,False
RD-1005022,Retail,False,False,False
RD-1005023,Retail,False,False,False
RD-1005024,Retail,False,False,False
RD-1005025,Retail,False,False,False
RD-1005026,Fleet,False,False,False
RD-1005027,Fleet,False,False,False
RD-1005028,Retail,False,False,False
RD-1005029,Retail,False,False,False
RD-1005030,Retail,False,False,False
RD-1005031,Retail,False,False,False
RD-1005032,Fleet,False,False,False
RD-1005033,Retail,False,False,False
RD-1005034,Fleet,False,False,False
RD-1005035,Retail,False,False,False
RD-1005036,Fleet,False,False,False
RD-1005037,Fleet,False,False,False
RD-1005038,Fleet,False,False,False
RD-1005039,Fleet,False,False,False
RD-1005040,Fleet,False,False,False
RD-1005041,Fleet,False,False,False
RD-1005042,Fleet,False,False,False
RD-1005043,Fleet,False,False,False
RD-1005044,Fleet,False,False,False
RD-1005045,Fleet,False,False,False
RD-1005046,Fleet,False,False,False
RD-1005047,Retail,False,False,False
RD-1005048,Fleet,False,False,False
RD-1005049,Fleet,False,False,False
RD-1005050,Retail,False,False,False
RD-1005051,Fleet,False,False,False
RD-1005052,Fleet,False,False,False
RD-1005053,Fleet,False,False,False
RD-1005054,Fleet,False,False,False
RD-1005055,Retail,False,False,False
RD-1005056,Retail,False,False,False
RD-1005057,Fleet,False,False,True
RD-1005058,Fleet,False,False,False
RD-1005059,Fleet,False,False,False
RD-1005060,Fleet,False,False,False
RD-1005061,Retail,False,False,False
RD-1005062,Fleet,False,False,False
RD-1005063,Fleet,False,False,False
RD-1005064,Retail,False,False,False
RD-1005065,Fleet,False,False,False
RD-1005066,Fleet,False,True,False
RD-1005067,Fleet,False,False,False
RD-1005068,Fleet,False,False,False
RD-1005069,Fleet,False,False,False
RD-1005070,Fleet,False,False,False
RD-1005071,Fleet,False,True,False
RD-1005072,Retail,False,False,False
RD-1005073,Fleet,False,False,False
RD-1005074,Fleet,False,False,False
RD-1005076,Retail,False,False,False
RD-1005077,Fleet,False,False,False
RD-1005078,Retail,False,False,False
RD-1005079,Retail,False,False,False
RD-1005080,Fleet,False,False,False
RD-1005081,Retail,False,False,False
RD-1005082,Fleet,False,False,False
RD-1005083,Retail,False,False,False
RD-1005084,Retail,False,False,False
RD-1005085,Fleet,False,False,False
RD-1005086,Fleet,False,True,False
RD-1005087,Fleet,False,False,False
RD-1005088,Fleet,False,False,False
RD-1005089,Fleet,False,False,False
RD-1005090,Fleet,False,False,False
RD-1005091,Fleet,False,False,False
RD-1005092,Fleet,False,False,False
RD-1005093,Retail,False,False,False
RD-1005094,Fleet,False,False,False
RD-1005095,Fleet,False,True,False
RD-1005096,Fleet,True,False,False
RD-1005097,Fleet,False,False,False
RD-1005098,Fleet,False,False,False
RD-1005099,Fleet,False,False,False
RD-1005100,Fleet,False,False,False
RD-1005101,Fleet,False,False,False
RD-1005102,Retail,False,False,False
RD-1005103,Fleet,False,False,False
RD-1005104,Fleet,False,False,False
RD-1005105,Retail,False,False,False
RD-1005106,Retail,False,False,False
RD-1005107,Fleet,False,False,False
RD-1005108,Retail,False,False,False
RD-1005109,Fleet,False,False,False
RD-1005110,Fleet,False,False,False
RD-1005111,Fleet,False,False,False
RD-1005112,Fleet,False,False,False
RD-1005113,Retail,False,False,False
RD-1005114,Fleet,False,False,False
RD-1005115,Retail,False,False,False
RD-1005116,Fleet,False,False,False
RD-1005117,Retail,False,False,False
RD-1005118,Retail,False,False,False
RD-1005119,Fleet,False,False,False
RD-1005120,Fleet,False,False,False
RD-1005121,Fleet,True,False,False
RD-1005122,Fleet,False,False,False
RD-1005123,Fleet,False,False,False
RD-1005124,Retail,False,False,False
RD-1005125,Retail,False,False,False
RD-1005126,Fleet,False,False,False
RD-1005127,Retail,False,False,False
RD-1005128,Fleet,False,False,False
RD-1005129,Retail,False,False,False
RD-1005130,Retail,False,False,False
RD-1005131,Fleet,False,False,False
RD-1005132,Fleet,False,False,False
RD-1005133,Fleet,False,False,False
RD-1005134,Retail,False,False,False
RD-1005135,Retail,False,False,False
RD-1005136,Retail,False,False,False
RD-1005137,Retail,False,False,False
RD-1005138,Fleet,False,False,False
RD-1005139,Retail,False,True,False
RD-1005140,Retail,False,False,False
RD-1005141,Retail,True,False,False
RD-1005142,Fleet,False,False,False
RD-1005143,Fleet,False,False,False
RD-1005144,Retail,False,False,False
RD-1005145,Retail,False,False,False
RD-1005146,Fleet,False,False,False
RD-1005147,Retail,False,False,False
RD-1005148,Fleet,False,False,False
RD-1005149,Fleet,False,False,False
RD-1005150,Retail,False,False,False
RD-1005151,Fleet,False,False,False
RD-1005152,Fleet,False,False,False
RD-1005153,Fleet,False,False,False
RD-1005154,Fleet,False,False,False
RD-1005155,Fleet,False,False,False
RD-1005156,Fleet,False,False,False
RD-1005157,Fleet,False,False,False
RD-1005158,Fleet,False,False,False
RD-1005159,Retail,False,False,False
RD-1005160,Retail,False,False,False
RD-1005161,Fleet,False,False,False
RD-1005162,Fleet,False,False,False
RD-1005163,Retail,False,False,False
RD-1005164,Fleet,False,False,False
RD-1005165,Fleet,False,False,False
RD-1005166,Retail,False,False,False
RD-1005167,Retail,False,False,False
RD-1005168,Fleet,False,False,False
RD-1005169,Fleet,True,False,False
RD-1005170,Retail,False,False,False
RD-1005171,Retail,False,False,False
RD-1005172,Retail,False,False,False
RD-1005173,Fleet,False,False,False
RD-1005174,Retail,False,False,False
RD-1005175,Retail,False,False,False
RD-1005176,Retail,False,False,False
RD-1005177,Retail,False,False,False
RD-1005178,Retail,False,False,False
RD-1005179,Retail,False,False,False
RD-1005180,Fleet,False,False,False
RD-1005181,Retail,False,False,False
RD-1005182,Fleet,False,False,False
RD-1005183,Retail,False,True,False
RD-1005184,Retail,False,False,False
RD-1005185,Fleet,False,False,False
RD-1005186,Fleet,False,False,False
RD-1005187,Retail,False,False,False
RD-1005188,Fleet,False,False,False
RD-1005189,Retail,False,False,False
RD-1005190,Fleet,False,False,False
RD-1005191,Fleet,False,False,False
RD-1005192,Retail,False,False,False
RD-1005193,Retail,False,False,False
RD-1005194,Retail,False,False,False
RD-1005195,Retail,False,False,False
RD-1005196,Fleet,False,True,False
RD-1005197,Fleet,False,False,False
RD-1005198,Fleet,False,False,False
RD-1005199,Retail,False,False,False
RD-1005200,Fleet,False,False,False
RD-1005201,Retail,False,True,False
RD-1005202,Fleet,False,False,False
RD-1005203,Fleet,False,True,False
RD-1005204,Fleet,False,False,False
RD-1005205,Fleet,False,False,False
RD-1005206,Fleet,False,False,False
RD-1005207,Retail,False,False,False
RD-1005208,Fleet,False,True,False
RD-1005209,Fleet,False,False,False
RD-1005210,Fleet,False,False,False
RD-1005211,Fleet,False,True,False
RD-1005212,Retail,False,False,False
RD-1005213,Fleet,False,False,False
RD-1005214,Fleet,False,False,False
RD-1005215,Fleet,False,False,False
RD-1005216,Retail,False,False,False
RD-1005217,Retail,False,False,False
RD-1005218,Fleet,False,False,True
RD-1005219,Fleet,False,False,False
RD-1005220,Retail,False,False,False
RD-1005221,Retail,False,False,False
RD-1005222,Fleet,False,False,False
RD-1005223,Fleet,False,False,False
RD-1005224,Fleet,False,False,False
RD-1005225,Fleet,False,False,False
RD-1005226,Retail,False,False,False
RD-1005227,Fleet,False,False,False
RD-1005228,Retail,False,True,False
RD-1005229,Fleet,False,False,False
RD-1005230,Retail,False,False,False
RD-1005231,Retail,False,False,False
RD-1005232,Retail,False,True,False
RD-1005233,Fleet,False,False,False
RD-1005234,Retail,False,False,False
RD-1005235,Fleet,True,True,False
RD-1005236,Retail,False,False,False
RD-1005237,Retail,False,False,False
RD-1005238,Fleet,False,False,False
RD-1005239,Retail,False,False,False
RD-1005240,Fleet,False,False,False
RD-1005241,Fleet,False,False,False
RD-1005242,Fleet,False,False,False
RD-1005243,Fleet,False,False,False
RD-1005244,Retail,False,False,False
RD-1005245,Fleet,False,False,False
RD-1005246,Retail,False,False,False
RD-1005247,Retail,False,False,False
RD-1005248,Fleet,False,False,False
RD-1005249,Retail,False,False,False
RD-1005250,Fleet,False,False,False
RD-1005251,Fleet,False,False,False
RD-1005252,Fleet,False,False,False
RD-1005253,Retail,False,False,False
RD-1005254,Fleet,False,False,False
RD-1005255,Retail,False,True,False
RD-1005256,Fleet,False,True,False
RD-1005257,Fleet,False,False,False
RD-1005258,Retail,False,False,False
RD-1005259,Retail,False,False,False
RD-1005260,Fleet,False,False,False
RD-1005261,Fleet,True,False,False
RD-1005262,Fleet,False,False,False
RD-1005263,Fleet,False,False,False
RD-1005264,Fleet,False,False,False
RD-1005265,Retail,False,False,False
RD-1005266,Fleet,False,False,False
RD-1005267,Retail,False,False,False
RD-1005268,Retail,False,False,False
RD-1005269,Retail,False,False,False
RD-1005270,Retail,False,False,False
RD-1005271,Retail,False,False,False
RD-1005272,Retail,False,False,False
RD-1005273,Fleet,False,False,False
RD-1005274,Retail,False,False,False
RD-1005275,Fleet,False,False,False
RD-1005276,Fleet,False,False,False
RD-1005277,Retail,False,True,False
RD-1005278,Fleet,False,False,False
RD-1005279,Fleet,False,False,False
RD-1005280,Fleet,False,False,False
RD-1005281,Fleet,False,False,False
RD-1005282,Fleet,False,False,False
RD-1005283,Fleet,False,False,False
RD-1005284,Fleet,False,False,False
RD-1005285,Fleet,False,False,False
RD-1005286,Retail,False,False,False
RD-1005287,Fleet,True,False,False
RD-1005288,Fleet,False,False,False
RD-1005289,Fleet,False,False,False
RD-1005290,Fleet,False,False,False
RD-1005291,Fleet,False,False,False
RD-1005292,Retail,False,True,False
RD-1005293,Fleet,False,False,False
RD-1005294,Fleet,False,True,False
RD-1005295,Retail,False,True,False
RD-1005296,Retail,False,False,False
RD-1005297,Fleet,False,True,False
RD-1005298,Retail,False,False,False
RD-1005299,Fleet,False,False,False
RD-1005300,Retail,False,False,False
RD-1005301,Retail,False,False,False
RD-1005302,Fleet,False,False,False
RD-1005303,Retail,False,False,False
RD-1005304,Fleet,False,False,False
RD-1005305,Retail,False,False,False
RD-1005306,Fleet,True,False,False
RD-1005307,Retail,False,False,False
RD-1005308,Fleet,True,False,False
RD-1005309,Retail,False,False,False
RD-1005310,Retail,False,False,False
RD-1005311,Fleet,False,False,False
RD-1005312,Fleet,False,False,False
RD-1005313,Retail,False,False,False
RD-1005314,Retail,False,False,False
RD-1005315,Fleet,False,False,False
RD-1005316,Retail,False,False,False
RD-1005317,Fleet,False,False,False
RD-1005318,Fleet,False,False,False
RD-1005319,Fleet,False,False,False
RD-1005320,Retail,False,False,False
RD-1005321,Fleet,False,False,False
RD-1005322,Retail,False,False,False
RD-1005323,Fleet,False,True,False
RD-1005324,Fleet,False,False,False
RD-1005325,Fleet,False,False,False
RD-1005326,Retail,False,False,False
RD-1005327,Fleet,False,False,False
RD-1005328,Retail,False,False,False
RD-1005329,Retail,False,True,False
RD-1005330,Retail,False,True,False
RD-1005331,Retail,False,False,False
RD-1005332,Fleet,False,False,False
RD-1005333,Fleet,False,False,False
RD-1005334,Fleet,False,False,False
RD-1005335,Fleet,False,False,False
RD-1005336,Retail,False,False,False
RD-1005337,Retail,False,False,False
RD-1005338,Retail,False,False,False
RD-1005339,Fleet,False,False,False
RD-1005340,Fleet,False,True,False
RD-1005341,Retail,False,False,False
RD-1005342,Fleet,False,False,False
RD-1005343,Fleet,False,False,False
RD-1005344,Fleet,False,False,False
RD-1005345,Fleet,False,False,False
RD-1005346,Fleet,False,False,False
RD-1005347,Retail,False,False,False
RD-1005348,Fleet,False,False,False
RD-1005349,Fleet,False,False,False
RD-1005350,Fleet,False,False,False
RD-1005351,Fleet,True,False,False
RD-1005352,Fleet,False,False,False
RD-1005353,Retail,False,False,False
RD-1005354,Fleet,False,False,False
RD-1005355,Retail,False,False,False
RD-1005356,Fleet,False,False,False
RD-1005357,Retail,False,False,False
RD-1005358,Fleet,False,False,False
RD-1005359,Fleet,False,False,False
RD-1005361,Fleet,False,False,False
RD-1005362,Fleet,False,False,False
RD-1005363,Fleet,False,False,False
RD-1005364,Fleet,False,False,False
RD-1005365,Fleet,False,False,False
RD-1005366,Retail,False,False,False
RD-1005367,Fleet,False,False,False
RD-1005368,Fleet,False,False,False
RD-1005369,Retail,False,False,False
RD-1005370,Fleet,False,False,False
RD-1005371,Retail,False,False,False
RD-1005372,Retail,False,False,False
RD-1005373,Fleet,False,False,False
RD-1005374,Fleet,False,False,False
RD-1005375,Fleet,False,False,False
RD-1005376,Fleet,False,False,False
RD-1005377,Fleet,False,False,False
RD-1005378,Retail,False,False,False
RD-1005379,Fleet,False,False,False
RD-1005380,Fleet,False,False,False
RD-1005381,Fleet,False,False,False
RD-1005382,Retail,True,False,False
RD-1005383,Fleet,False,False,False
RD-1005384,Retail,False,False,False
RD-1005385,Fleet,False,False,False
RD-1005386,Fleet,False,False,False
RD-1005387,Fleet,False,False,False
RD-1005388,Retail,False,False,False
RD-1005389,Retail,False,False,False
RD-1005390,Retail,True,False,False
RD-1005391,Fleet,False,False,False
RD-1005392,Fleet,False,False,False
RD-1005393,Retail,False,False,False
RD-1005394,Retail,False,False,False
RD-1005395,Fleet,False,False,False
RD-1005396,Fleet,False,False,False
RD-1005397,Fleet,False,True,False
RD-1005398,Fleet,False,False,False
RD-1005399,Fleet,False,False,False
RD-1005400,Retail,False,False,False
RD-1005401,Fleet,False,False,False
RD-1005402,Fleet,False,False,False
RD-1005403,Retail,False,False,False
RD-1005404,Fleet,True,False,False
RD-1005405,Fleet,False,False,False
RD-1005406,Retail,False,False,False
RD-1005407,Retail,False,False,False
RD-1005408,Fleet,False,False,False
RD-1005409,Retail,False,False,False
RD-1005410,Retail,False,False,False
RD-1005411,Retail,False,False,False
RD-1005412,Fleet,False,False,False
RD-1005413,Fleet,False,False,False
RD-1005414,Fleet,False,False,False
RD-1005415,Retail,False,False,False
RD-1005416,Retail,False,False,False
RD-1005417,Fleet,False,False,False
RD-1005418,Retail,False,False,False
RD-1005419,Fleet,False,False,False
RD-1005420,Retail,False,False,False
RD-1005421,Retail,False,False,False
RD-1005422,Fleet,False,False,False
RD-1005423,Retail,False,False,False
RD-1005424,Fleet,False,False,False
RD-1005425,Fleet,False,False,False
RD-1005426,Fleet,False,False,False
RD-1005427,Retail,False,True,False
RD-1005428,Fleet,False,False,False
RD-1005429,Fleet,False,False,False
RD-1005430,Retail,True,False,False
RD-1005431,Fleet,False,False,False
RD-1005432,Fleet,False,False,False
RD-1005433,Fleet,False,False,False
RD-1005434,Fleet,False,True,False
RD-1005435,Fleet,False,False,False
RD-1005436,Fleet,False,True,False
RD-1005437,Retail,False,False,False
RD-1005438,Fleet,False,False,False
RD-1005439,Fleet,False,False,False
RD-1005440,Retail,False,False,False
RD-1005441,Fleet,False,False,False
RD-1005442,Fleet,False,True,False
RD-1005443,Fleet,False,False,False
RD-1005444,Fleet,False,False,False
RD-1005445,Fleet,False,False,False
RD-1005446,Retail,False,False,False
RD-1005447,Fleet,False,False,False
RD-1005448,Retail,True,False,False
RD-1005449,Fleet,False,False,False
RD-1005450,Retail,False,False,False
RD-1005451,Retail,False,False,False
RD-1005452,Fleet,False,False,False
RD-1005453,Fleet,False,False,False
RD-1005454,Fleet,False,False,False
RD-1005455,Fleet,False,False,False
RD-1005456,Fleet,False,True,False
RD-1005457,Fleet,False,False,False
RD-1005458,Retail,False,False,False
RD-1005459,Retail,False,True,False
RD-1005460,Fleet,False,False,False
RD-1005461,Fleet,False,False,False
RD-1005462,Retail,False,False,False
RD-1005463,Fleet,False,True,False
RD-1005464,Fleet,False,False,False
RD-1005465,Retail,False,False,False
RD-1005466,Fleet,False,False,False
RD-1005467,Fleet,False,False,False
RD-1005468,Fleet,False,False,False
RD-1005469,Fleet,False,False,False
RD-1005470,Fleet,False,False,False
RD-1005471,Fleet,False,False,False
RD-1005472,Retail,False,True,False
RD-1005473,Fleet,False,False,False
RD-1005474,Retail,False,False,False
RD-1005475,Retail,False,False,False
RD-1005476,Retail,False,False,False
RD-1005477,Fleet,False,False,False
RD-1005478,Retail,False,False,False
RD-1005479,Retail,False,True,False
RD-1005480,Fleet,False,False,False
RD-1005481,Retail,False,False,False
RD-1005482,Retail,False,False,False
RD-1005483,Retail,False,False,False
RD-1005484,Retail,False,False,False
RD-1005485,Fleet,False,False,False
RD-1005486,Fleet,False,False,False
RD-1005487,Fleet,False,True,False
RD-1005488,Retail,False,False,False
RD-1005489,Fleet,False,True,False
RD-1005490,Fleet,False,False,False
RD-1005491,Fleet,False,False,False
RD-1005492,Fleet,False,True,False
RD-1005493,Retail,False,False,False
RD-1005494,Retail,False,False,False
RD-1005495,Retail,False,False,False
RD-1005496,Fleet,False,False,False
RD-1005497,Fleet,False,False,False
RD-1005498,Fleet,False,False,False
RD-1005499,Retail,False,False,False
RD-1005500,Fleet,False,False,False
RD-1005501,Fleet,False,False,False
RD-1005502,Retail,False,False,False
RD-1005503,Retail,False,False,False
RD-1005504,Retail,False,False,False
RD-1005505,Fleet,False,False,False
RD-1005506,Retail,False,False,False
RD-1005507,Retail,False,False,False
RD-1005508,Retail,False,False,False
RD-1005509,Retail,False,False,False
RD-1005510,Fleet,False,False,False
RD-1005511,Retail,False,False,False
RD-1005512,Fleet,False,False,False
RD-1005513,Retail,False,False,False
RD-1005514,Fleet,False,False,False
RD-1005515,Retail,False,False,False
RD-1005516,Fleet,False,False,False
RD-1005517,Retail,False,False,False
RD-1005518,Retail,False,False,False
RD-1005519,Retail,False,False,False
RD-1005520,Fleet,False,False,False
RD-1005521,Fleet,False,False,False
RD-1005522,Fleet,False,False,False
RD-1005523,Fleet,False,True,False
RD-1005524,Retail,False,False,False
RD-1005525,Fleet,True,True,False
RD-1005526,Fleet,False,False,False
RD-1005527,Fleet,False,True,False
RD-1005528,Retail,False,False,False
RD-1005529,Fleet,False,True,False
RD-1005530,Fleet,False,True,False
RD-1005531,Fleet,False,False,False
RD-1005532,Fleet,False,True,False
RD-1005533,Retail,False,False,False
RD-1005534,Retail,False,False,False
RD-1005535,Retail,False,False,False
RD-1005536,Retail,False,False,False
RD-1005537,Retail,False,False,False
RD-1005538,Fleet,False,False,False
RD-1005539,Fleet,True,False,False
RD-1005540,Fleet,False,False,False
RD-1005541,Fleet,False,True,False
RD-1005542,Fleet,False,False,False
RD-1005543,Fleet,False,False,False
RD-1005544,Fleet,False,False,False
RD-1005545,Fleet,False,False,False
RD-1005546,Fleet,False,False,False
RD-1005547,Retail,False,False,False
RD-1005548,Fleet,False,False,False
RD-1005549,Retail,False,False,False
RD-1005550,Fleet,False,False,False
RD-1005551,Fleet,False,False,False
RD-1005552,Fleet,False,False,False
RD-1005553,Fleet,False,False,False
RD-1005554,Retail,False,False,False
RD-1005555,Fleet,False,False,False
RD-1005556,Retail,False,False,False
RD-1005557,Fleet,False,False,False
RD-1005558,Retail,False,False,False
RD-1005559,Retail,False,False,False
RD-1005560,Retail,False,False,False
RD-1005561,Fleet,True,False,False
RD-1005562,Fleet,False,False,False
RD-1005563,Fleet,False,False,False
RD-1005564,Fleet,True,False,False
RD-1005565,Retail,False,False,False
RD-1005566,Fleet,False,False,False
RD-1005567,Fleet,False,False,False
RD-1005568,Retail,False,False,False
RD-1005569,Fleet,False,False,False
RD-1005570,Retail,False,False,False
RD-1005571,Fleet,False,False,False
RD-1005572,Fleet,False,False,False
RD-1005573,Fleet,False,False,False
RD-1005574,Retail,False,False,False
RD-1005575,Fleet,False,False,False
RD-1005576,Retail,False,False,False
RD-1005577,Fleet,False,False,False
RD-1005578,Retail,False,False,False
RD-1005579,Fleet,False,False,False
RD-1005580,Fleet,False,False,False
RD-1005581,Fleet,False,False,False
RD-1005582,Retail,False,False,False
RD-1005583,Retail,False,False,False
RD-1005584,Retail,False,False,False
RD-1005585,Fleet,False,True,False
RD-1005586,Fleet,False,False,False
RD-1005587,Fleet,False,False,False
RD-1005588,Fleet,False,False,False
RD-1005589,Retail,False,False,False
RD-1005590,Fleet,False,False,False
RD-1005591,Retail,False,False,False
RD-1005592,Retail,False,False,False
RD-1005593,Retail,False,False,False
RD-1005594,Retail,False,False,False
RD-1005595,Fleet,False,False,False
RD-1005596,Fleet,False,False,False
RD-1005597,Fleet,False,False,False
RD-1005598,Fleet,False,False,False
RD-1005599,Retail,False,False,False
RD-1005600,Fleet,False,False,False
RD-1005601,Fleet,False,False,False
RD-1005602,Retail,False,False,False
RD-1005603,Retail,False,False,False
RD-1005604,Retail,False,False,False
RD-1005605,Fleet,True,True,False
RD-1005606,Fleet,False,True,False
RD-1005607,Retail,False,False,False
RD-1005608,Fleet,False,False,False
RD-1005609,Fleet,False,False,False
RD-1005610,Retail,False,False,False
RD-1005611,Fleet,False,False,False
RD-1005612,Fleet,False,False,False
RD-1005613,Retail,False,False,False
RD-1005614,Fleet,False,False,False
RD-1005615,Fleet,False,False,False
RD-1005616,Retail,False,False,False
RD-1005617,Fleet,False,False,False
RD-1005618,Retail,False,False,False
RD-1005619,Retail,False,False,False
RD-1005620,Fleet,False,False,False
RD-1005621,Retail,False,False,False
RD-1005622,Retail,False,False,False
RD-1005623,Fleet,False,True,False
RD-1005624,Fleet,False,False,False
RD-1005625,Fleet,False,False,False
RD-1005626,Retail,False,False,False
RD-1005627,Retail,False,False,False
RD-1005628,Fleet,False,False,False
RD-1005629,Fleet,False,True,False
RD-1005630,Retail,False,False,False
RD-1005631,Fleet,False,False,False
RD-1005632,Fleet,False,True,False
RD-1005633,Retail,False,False,False
RD-1005634,Fleet,False,False,False
RD-1005635,Retail,False,True,False
RD-1005636,Fleet,False,False,False
RD-1005637,Fleet,False,False,False
RD-1005638,Fleet,False,False,False
RD-1005639,Retail,True,False,False
RD-1005640,Fleet,False,False,False
RD-1005641,Fleet,False,False,False
RD-1005642,Fleet,False,False,False
RD-1005643,Fleet,False,False,False
RD-1005644,Retail,False,False,False
RD-1005645,Retail,False,False,False
RD-1005646,Retail,False,False,False
RD-1005647,Retail,False,False,False
RD-1005648,Fleet,False,False,False
RD-1005649,Fleet,False,False,False
RD-1005650,Fleet,False,False,False
RD-1005651,Retail,False,False,False
RD-1005652,Fleet,False,False,False
RD-1005653,Fleet,False,False,False
RD-1005654,Retail,False,False,False
RD-1005655,Fleet,False,False,False
RD-1005656,Retail,False,False,False
RD-1005657,Fleet,False,False,False
RD-1005658,Fleet,False,False,False
RD-1005659,Fleet,False,False,False
RD-1005660,Fleet,False,False,False
RD-1005661,Fleet,False,False,False
RD-1005662,Fleet,False,False,False
RD-1005663,Fleet,False,False,False
RD-1005664,Retail,False,True,False
RD-1005665,Fleet,True,False,False
RD-1005666,Retail,False,False,False
RD-1005667,Fleet,False,False,False
RD-1005668,Fleet,False,False,False
RD-1005669,Retail,False,False,False
RD-1005670,Fleet,False,False,False
RD-1005671,Fleet,False,False,False
RD-1005672,Fleet,True,False,False
RD-1005673,Retail,False,False,False
RD-1005674,Retail,False,False,False
RD-1005675,Fleet,False,False,False
RD-1005676,Fleet,False,False,False
RD-1005677,Fleet,False,False,False
RD-1005678,Retail,False,False,False
RD-1005679,Retail,False,False,False
RD-1005680,Fleet,True,True,False
RD-1005681,Fleet,False,False,False
RD-1005682,Fleet,False,False,False
RD-1005683,Retail,False,False,False
RD-1005684,Fleet,False,False,False
RD-1005685,Retail,False,False,False
RD-1005686,Retail,False,True,False
RD-1005687,Fleet,False,False,False
RD-1005688,Retail,False,False,False
RD-1005689,Retail,False,False,False
RD-1005690,Retail,False,False,False
RD-1005691,Retail,False,False,False
RD-1005692,Retail,False,False,False
RD-1005693,Fleet,False,False,False
RD-1005694,Fleet,False,False,False
RD-1005695,Retail,False,False,False
RD-1005696,Fleet,False,False,False
RD-1005697,Fleet,False,False,False
RD-1005698,Fleet,False,False,False
RD-1005699,Fleet,False,False,False
RD-1005700,Fleet,False,False,False
RD-1005701,Fleet,False,False,False
RD-1005702,Retail,False,False,False
RD-1005703,Fleet,False,False,False
RD-1005704,Retail,False,False,False
RD-1005705,Fleet,False,False,False
RD-1005706,Fleet,False,False,False
RD-1005707,Retail,False,False,False
RD-1005708,Fleet,False,False,False
RD-1005709,Retail,False,False,False
RD-1005710,Fleet,False,False,False
RD-1005711,Retail,False,False,False
RD-1005712,Retail,False,False,False
RD-1005713,Fleet,False,False,False
RD-1005714,Retail,False,False,False
RD-1005715,Fleet,False,False,False
RD-1005716,Retail,False,False,False
RD-1005717,Retail,False,False,False
RD-1005718,Retail,False,False,False
RD-1005719,Fleet,False,False,False
RD-1005720,Retail,False,False,False
RD-1005721,Retail,False,True,False
RD-1005722,Retail,False,False,False
RD-1005723,Retail,False,False,False
RD-1005724,Fleet,False,False,False
RD-1005725,Retail,False,False,False
RD-1005726,Fleet,False,False,False
RD-1005727,Retail,False,False,False
RD-1005728,Fleet,False,False,False
RD-1005729,Fleet,False,False,False
RD-1005730,Retail,False,False,False
RD-1005731,Fleet,True,False,False
RD-1005732,Fleet,False,False,False
RD-1005733,Fleet,False,False,False
RD-1005734,Fleet,False,False,False
RD-1005735,Fleet,True,False,False
RD-1005736,Retail,False,False,False
RD-1005737,Retail,False,False,False
RD-1005738,Fleet,False,False,False
RD-1005739,Fleet,False,False,False
RD-1005740,Fleet,False,False,False
RD-1005741,Fleet,False,False,False
RD-1005742,Fleet,False,False,False
RD-1005743,Fleet,False,False,False
RD-1005744,Fleet,True,False,False
RD-1005745,Retail,False,False,False
RD-1005746,Fleet,False,False,False
RD-1005747,Fleet,False,False,False
RD-1005748,Fleet,False,False,False
RD-1005749,Fleet,False,False,False
RD-1005750,Retail,False,False,False
RD-1005751,Fleet,False,False,False
RD-1005752,Fleet,False,False,False
RD-1005753,Retail,False,False,False
RD-1005754,Fleet,False,False,False
RD-1005755,Fleet,False,False,False
RD-1005756,Fleet,False,True,False
RD-1005757,Retail,False,False,False
RD-1005758,Fleet,False,False,False
RD-1005759,Retail,True,False,False
RD-1005760,Fleet,False,False,False
RD-1005761,Retail,False,False,False
RD-1005762,Fleet,True,False,False
RD-1005763,Retail,True,False,False
RD-1005764,Fleet,False,False,False
RD-1005765,Retail,False,False,False
RD-1005766,Retail,False,True,False
RD-1005767,Retail,True,False,False
RD-1005768,Retail,False,False,False
RD-1005769,Retail,False,False,False
RD-1005770,Retail,False,False,False
RD-1005771,Fleet,False,False,False
RD-1005772,Fleet,False,False,False
RD-1005773,Retail,False,False,False
RD-1005774,Retail,False,False,False
RD-1005775,Retail,False,False,False
RD-1005776,Fleet,False,False,False
RD-1005777,Fleet,False,False,False
RD-1005778,Fleet,False,False,False
RD-1005779,Fleet,False,False,False
RD-1005780,Retail,False,True,False
RD-1005781,Fleet,False,False,False
RD-1005782,Fleet,False,False,False
RD-1005783,Fleet,False,False,False
RD-1005784,Retail,False,False,False
RD-1005785,Fleet,False,False,False
RD-1005786,Fleet,False,False,False
RD-1005787,Fleet,False,False,False
RD-1005788,Retail,False,False,False
RD-1005789,Fleet,False,False,False
RD-1005790,Fleet,False,False,False
RD-1005791,Retail,False,False,False
RD-1005792,Fleet,False,False,False
RD-1005793,Retail,False,False,False
RD-1005794,Retail,False,False,False
RD-1005795,Retail,False,True,False
RD-1005796,Retail,False,False,False
RD-1005797,Fleet,True,False,False
RD-1005798,Retail,False,False,False
RD-1005799,Fleet,False,False,False
RD-1005800,Retail,False,False,False
RD-1005801,Fleet,False,True,False
RD-1005802,Retail,False,False,False
RD-1005803,Fleet,False,False,False
RD-1005804,Retail,False,False,False
RD-1005805,Fleet,False,False,False
RD-1005806,Fleet,False,False,False
RD-1005807,Fleet,False,False,False
RD-1005808,Fleet,False,False,False
RD-1005809,Retail,False,False,False
RD-1005810,Fleet,False,False,False
RD-1005811,Retail,False,True,False
RD-1005812,Fleet,False,False,False
RD-1005813,Fleet,True,False,False
RD-1005814,Fleet,False,False,False
RD-1005815,Retail,False,False,False
RD-1005816,Fleet,False,False,False
RD-1005817,Fleet,False,False,False
RD-1005818,Fleet,False,False,False
RD-1005819,Fleet,False,True,False
RD-1005820,Fleet,False,False,False
RD-1005821,Retail,False,False,False
RD-1005822,Fleet,False,False,False
RD-1005823,Fleet,False,False,False
RD-1005824,Retail,False,False,False
RD-1005825,Fleet,False,False,False
RD-1005826,Retail,False,False,False
RD-1005827,Fleet,False,False,False
RD-1005828,Fleet,True,False,False
RD-1005829,Fleet,False,False,False
RD-1005830,Retail,False,False,False
RD-1005831,Retail,False,False,False
RD-1005833,Fleet,False,False,False
RD-1005834,Retail,False,False,False
RD-1005835,Retail,False,False,False
RD-1005836,Retail,False,False,False
RD-1005837,Fleet,False,True,True
RD-1005838,Retail,False,False,False
RD-1005839,Fleet,False,False,False
RD-1005840,Retail,False,False,False
RD-1005841,Fleet,False,False,False
RD-1005842,Fleet,False,False,False
RD-1005843,Fleet,False,False,False
RD-1005844,Retail,False,False,False
RD-1005845,Retail,False,False,False
RD-1005846,Fleet,False,True,False
RD-1005847,Fleet,False,False,False
RD-1005848,Fleet,False,False,False
RD-1005849,Retail,False,False,False
RD-1005850,Fleet,False,False,False
RD-1005851,Fleet,False,False,False
RD-1005852,Retail,False,False,False
RD-1005853,Retail,False,False,False
RD-1005854,Fleet,False,False,False
RD-1005855,Fleet,False,False,False
RD-1005856,Fleet,False,False,False
RD-1005857,Retail,False,False,False
RD-1005858,Fleet,False,False,False
RD-1005859,Fleet,False,False,False
RD-1005860,Retail,False,False,False
RD-1005861,Fleet,True,False,False
RD-1005862,Fleet,False,False,False
RD-1005863,Retail,False,False,False
RD-1005864,Retail,False,False,False
RD-1005865,Retail,False,False,False
RD-1005866,Fleet,False,False,False
RD-1005867,Retail,False,False,False
RD-1005868,Fleet,False,False,False
RD-1005869,Fleet,False,False,False
RD-1005870,Fleet,False,False,False
RD-1005871,Retail,False,False,False
RD-1005872,Retail,False,True,False
RD-1005873,Retail,False,False,False
RD-1005874,Fleet,True,False,False
RD-1005875,Fleet,False,False,False
RD-1005876,Retail,False,False,False
RD-1005877,Retail,False,False,False
RD-1005878,Fleet,False,False,False
RD-1005879,Fleet,False,False,False
RD-1005880,Fleet,False,False,False
RD-1005881,Fleet,False,False,False
RD-1005882,Retail,False,False,False
RD-1005883,Fleet,False,False,False
RD-1005884,Fleet,False,True,False
RD-1005885,Retail,False,False,False
RD-1005886,Retail,False,False,False
RD-1005887,Retail,False,False,False
RD-1005888,Retail,False,False,False
RD-1005889,Fleet,False,False,False
RD-1005890,Fleet,False,False,False
RD-1005891,Retail,False,False,False
RD-1005892,Retail,False,False,False
RD-1005893,Fleet,False,False,False
RD-1005894,Retail,False,False,False
RD-1005895,Retail,False,True,False
RD-1005896,Fleet,False,False,False
RD-1005897,Retail,False,True,False
RD-1005898,Fleet,False,False,False
RD-1005899,Fleet,False,False,False
RD-1005900,Fleet,False,False,False
RD-1005901,Retail,False,False,False
RD-1005902,Retail,False,False,True
RD-1005903,Retail,False,True,False
RD-1005904,Fleet,False,False,False
RD-1005905,Retail,False,False,False
RD-1005906,Fleet,False,False,False
RD-1005907,Fleet,False,False,False
RD-1005908,Fleet,False,False,False
RD-1005909,Fleet,False,False,False
RD-1005910,Fleet,False,False,False
RD-1005911,Retail,False,False,False
RD-1005912,Fleet,False,False,False
RD-1005913,Fleet,False,False,False
RD-1005914,Retail,False,False,False
RD-1005915,Fleet,False,False,False
RD-1005916,Retail,False,False,False
RD-1005917,Fleet,False,True,False
RD-1005918,Fleet,False,False,False
RD-1005919,Fleet,False,False,False
RD-1005920,Fleet,False,False,False
RD-1005921,Fleet,False,False,False
RD-1005922,Fleet,False,False,False
RD-1005923,Retail,False,False,False
RD-1005924,Fleet,False,False,False
RD-1005925,Fleet,False,False,False
RD-1005926,Fleet,False,False,False
RD-1005927,Fleet,True,False,False
RD-1005928,Retail,False,False,False
RD-1005929,Retail,False,False,False
RD-1005930,Fleet,False,False,False
RD-1005931,Fleet,False,False,False
RD-1005932,Fleet,False,False,False
RD-1005933,Fleet,False,False,False
RD-1005934,Retail,False,False,False
RD-1005935,Retail,False,False,False
RD-1005936,Fleet,False,False,False
RD-1005937,Retail,False,False,False
RD-1005938,Fleet,False,False,False
RD-1005939,Fleet,False,False,False
RD-1005940,Fleet,False,False,False
RD-1005941,Retail,False,False,False
RD-1005942,Fleet,False,False,False
RD-1005943,Fleet,False,False,False
RD-1005944,Fleet,False,True,False
RD-1005945,Retail,False,False,False
RD-1005946,Fleet,False,False,False
RD-1005947,Fleet,False,False,False
RD-1005948,Fleet,False,False,False
RD-1005949,Fleet,False,False,False
RD-1005950,Fleet,False,False,False
RD-1005951,Fleet,True,False,False
RD-1005952,Fleet,False,False,False
RD-1005953,Fleet,False,False,False
RD-1005954,Fleet,False,False,False
RD-1005955,Retail,False,False,False
RD-1005956,Retail,False,False,False
RD-1005957,Fleet,False,False,False
RD-1005958,Retail,False,False,False
RD-1005959,Fleet,False,False,False
RD-1005960,Fleet,False,False,False
RD-1005961,Fleet,False,False,False
RD-1005962,Fleet,False,False,False
RD-1005963,Retail,False,True,False
RD-1005964,Fleet,False,False,False
RD-1005965,Retail,False,False,False
RD-1005966,Fleet,False,False,False
RD-1005967,Fleet,False,True,False
RD-1005968,Fleet,False,False,False
RD-1005969,Retail,True,False,False
RD-1005970,Retail,False,False,False
RD-1005971,Retail,False,False,False
RD-1005972,Fleet,True,False,False
RD-1005973,Fleet,False,False,False
RD-1005974,Fleet,True,False,False
RD-1005975,Fleet,False,False,False
RD-1005976,Fleet,False,False,False
RD-1005977,Fleet,False,False,False
RD-1005978,Fleet,False,False,False
RD-1005979,Retail,False,False,False
RD-1005980,Fleet,False,False,False
RD-1005981,Retail,False,False,False
RD-1005982,Retail,False,False,False
RD-1005983,Retail,False,False,False
RD-1005984,Fleet,False,False,False
RD-1005985,Fleet,False,False,False
RD-1005986,Retail,False,False,False
RD-1005987,Retail,False,False,False
RD-1005988,Fleet,False,False,False
RD-1005989,Fleet,False,True,False
RD-1005990,Fleet,False,False,False
RD-1005991,Fleet,False,False,False
RD-1005992,Retail,False,False,False
RD-1005993,Fleet,False,False,False
RD-1005994,Retail,False,False,False
RD-1005995,Retail,True,False,False
RD-1005996,Fleet,False,False,False
RD-1005997,Fleet,False,False,False
RD-1005998,Retail,False,False,False
RD-1005999,Retail,False,True,False
RD-1006000,Fleet,False,False,False
RD-1006001,Fleet,True,False,False
RD-1006002,Fleet,False,False,False
RD-1006003,Retail,False,False,False
RD-1006004,Retail,False,False,False
RD-1006005,Fleet,False,False,False
RD-1006006,Fleet,False,False,False
RD-1006007,Fleet,False,True,False
RD-1006008,Fleet,False,False,False
RD-1006009,Retail,False,False,False
RD-1006010,Fleet,False,False,False
RD-1006011,Fleet,False,False,False
RD-1006012,Fleet,False,False,False
RD-1006013,Fleet,False,False,False
RD-1006014,Fleet,True,False,False
RD-1006015,Fleet,False,False,False
RD-1006016,Fleet,True,False,False
RD-1006017,Retail,False,False,False
RD-1006018,Fleet,False,False,False
RD-1006019,Fleet,False,False,False
RD-1006020,Retail,True,False,False
RD-1006021,Fleet,False,False,False
RD-1006022,Retail,False,False,False
RD-1006023,Fleet,False,False,False
RD-1006024,Retail,False,False,False
RD-1006025,Retail,False,False,False
RD-1006026,Fleet,False,False,False
RD-1006027,Retail,False,False,False
RD-1006028,Fleet,False,False,False
RD-1006029,Fleet,False,False,False
RD-1006030,Fleet,False,False,False
RD-1006031,Fleet,False,False,False
RD-1006032,Retail,False,False,False
RD-1006033,Retail,False,False,False
RD-1006034,Fleet,False,False,False
RD-1006035,Fleet,False,False,False
RD-1006036,Retail,False,False,False
RD-1006037,Fleet,True,False,False
RD-1006038,Retail,True,False,False
RD-1006039,Retail,False,False,False
RD-1006040,Retail,False,False,False
RD-1006041,Fleet,False,False,False
RD-1006042,Retail,False,False,False
RD-1006043,Retail,False,False,False
RD-1006044,Fleet,False,False,False
RD-1006045,Retail,False,False,False
RD-1006046,Fleet,False,False,False
RD-1006047,Fleet,False,False,False
RD-1006048,Fleet,False,False,False
RD-1006049,Retail,False,False,False
RD-1006050,Retail,False,False,False
RD-1006051,Retail,False,False,False
RD-1006052,Fleet,False,False,False
RD-1006053,Retail,True,False,False
RD-1006054,Fleet,False,False,False
RD-1006055,Retail,False,False,False
RD-1006056,Fleet,False,False,False
RD-1006057,Retail,False,False,False
RD-1006058,Fleet,False,False,False
RD-1006059,Retail,False,False,False
RD-1006060,Fleet,False,False,False
RD-1006061,Fleet,True,False,False
RD-1006062,Retail,False,True,False
RD-1006063,Fleet,False,False,False
RD-1006064,Fleet,False,False,False
RD-1006065,Fleet,True,False,False
RD-1006066,Retail,False,False,False
RD-1006067,Retail,False,False,False
RD-1006068,Fleet,False,False,False
RD-1006069,Fleet,False,False,False
RD-1006070,Fleet,False,False,False
RD-1006071,Retail,False,False,False
RD-1006072,Fleet,False,False,False
RD-1006073,Fleet,False,False,False
RD-1006074,Fleet,False,True,False
RD-1006075,Fleet,True,False,False
RD-1006076,Fleet,False,False,False
RD-1006077,Retail,False,False,False
RD-1006078,Fleet,False,False,False
RD-1006079,Retail,False,False,False
RD-1006080,Fleet,False,False,False
RD-1006081,Fleet,False,False,False
RD-1006082,Fleet,False,False,False
RD-1006083,Fleet,False,False,False
RD-1006084,Fleet,False,False,False
RD-1006085,Fleet,False,False,False
RD-1006086,Retail,False,False,False
RD-1006087,Fleet,False,False,False
RD-1006088,Fleet,False,False,False
RD-1006089,Retail,False,False,False
RD-1006090,Fleet,False,False,False
RD-1006091,Retail,False,False,False
RD-1006092,Fleet,False,False,False
RD-1006093,Fleet,False,False,False
RD-1006094,Fleet,False,False,False
RD-1006095,Retail,False,True,False
RD-1006096,Retail,False,True,False
RD-1006097,Retail,False,False,False
RD-1006098,Retail,True,False,False
RD-1006099,Retail,False,False,False
RD-1006100,Fleet,False,False,False
RD-1006101,Retail,False,False,False
RD-1006102,Fleet,False,False,False
RD-1006103,Retail,False,False,False
RD-1006104,Fleet,False,False,False
RD-1006105,Fleet,False,True,False
RD-1006106,Fleet,False,False,False
RD-1006107,Fleet,True,False,False
RD-1006108,Fleet,False,False,False
RD-1006109,Retail,True,False,False
RD-1006110,Retail,False,False,False
RD-1006111,Fleet,False,False,False
RD-1006112,Fleet,False,False,False
RD-1006113,Fleet,False,False,False
RD-1006114,Retail,False,True,False
RD-1006115,Fleet,False,False,False
RD-1006116,Retail,False,False,False
RD-1006117,Retail,False,False,False
RD-1006118,Fleet,False,False,False
RD-1006119,Fleet,False,False,False
RD-1006120,Retail,False,False,False
RD-1006121,Fleet,False,False,False
RD-1006122,Retail,True,False,False
RD-1006123,Fleet,False,False,False
RD-1006124,Retail,False,False,False
RD-1006125,Fleet,False,False,False
RD-1006126,Fleet,False,False,False
RD-1006127,Retail,False,False,False
RD-1006128,Retail,False,False,False
RD-1006129,Fleet,False,False,False
RD-1006130,Fleet,False,False,False
RD-1006131,Retail,True,False,False
RD-1006132,Fleet,False,False,False
RD-1006133,Fleet,False,False,False
RD-1006134,Retail,False,False,False
RD-1006135,Fleet,False,False,False
RD-1006136,Retail,False,False,False
RD-1006137,Retail,False,False,False
RD-1006138,Fleet,False,False,False
RD-1006139,Fleet,False,False,False
RD-1006140,Retail,False,False,False
RD-1006141,Retail,False,False,False
RD-1006142,Retail,False,True,False
RD-1006143,Fleet,False,False,False
RD-1006144,Retail,False,False,False
RD-1006145,Fleet,False,False,False
RD-1006146,Fleet,True,False,False
RD-1006147,Fleet,False,False,False
RD-1006148,Retail,False,False,False
RD-1006149,Fleet,False,False,False
RD-1006150,Fleet,False,False,False
RD-1006151,Retail,False,False,False
RD-1006152,Retail,False,False,False
RD-1006153,Fleet,False,False,False
RD-1006154,Fleet,False,False,False
RD-1006155,Fleet,False,False,False
RD-1006156,Fleet,False,False,False
RD-1006157,Fleet,False,False,False
RD-1006158,Fleet,False,False,False
RD-1006159,Fleet,False,False,False
RD-1006160,Retail,False,False,False
RD-1006161,Fleet,False,False,False
RD-1006162,Fleet,False,False,False
RD-1006163,Fleet,False,False,False
RD-1006164,Retail,False,False,False
RD-1006165,Retail,False,False,False
RD-1006166,Fleet,False,True,False
RD-1006167,Retail,False,True,False
RD-1006168,Fleet,False,False,False
RD-1006169,Retail,False,False,False
RD-1006170,Fleet,True,False,False
RD-1006171,Fleet,False,False,False
RD-1006172,Fleet,False,False,False
RD-1006173,Fleet,False,True,False
RD-1006174,Fleet,False,False,False
RD-1006175,Fleet,False,False,False
RD-1006176,Retail,False,False,False
RD-1006177,Fleet,False,False,False
RD-1006178,Fleet,False,False,False
RD-1006179,Fleet,False,False,False
RD-1006180,Retail,False,False,False
RD-1006181,Fleet,False,True,False
RD-1006182,Fleet,False,False,False
RD-1006183,Fleet,False,False,False
RD-1006184,Fleet,False,False,False
RD-1006185,Fleet,False,False,False
RD-1006186,Retail,False,False,False
RD-1006187,Retail,False,False,False
RD-1006188,Fleet,False,False,False
RD-1006189,Retail,False,True,False
RD-1006190,Fleet,False,False,False
RD-1006191,Fleet,True,False,False
RD-1006192,Fleet,False,False,False
RD-1006193,Retail,False,False,False
RD-1006194,Retail,False,False,False
RD-1006195,Fleet,False,False,False
RD-1006196,Fleet,True,False,False
RD-1006197,Fleet,False,False,False
RD-1006198,Fleet,False,False,False
RD-1006199,Fleet,True,False,False
RD-1006200,Fleet,False,False,False
RD-1006201,Fleet,False,True,False
RD-1006202,Retail,False,False,False
RD-1006203,Fleet,False,False,False
RD-1006204,Retail,False,False,False
RD-1006205,Retail,False,False,False
RD-1006206,Retail,False,False,False
RD-1006207,Retail,False,False,False
RD-1006208,Fleet,False,False,False
RD-1006209,Retail,False,False,False
RD-1006210,Retail,False,False,False
RD-1006211,Fleet,False,False,False
RD-1006212,Retail,False,False,False
RD-1006213,Fleet,False,False,False
RD-1006214,Retail,False,False,False
RD-1006215,Retail,False,False,False
RD-1006216,Retail,True,False,False
RD-1006217,Retail,False,False,False
RD-1006218,Retail,False,False,False
RD-1006219,Retail,False,True,False
RD-1006220,Retail,False,False,False
RD-1006221,Fleet,False,False,False
RD-1006222,Fleet,False,False,False
RD-1006223,Fleet,False,False,False
RD-1006224,Fleet,False,False,False
RD-1006225,Retail,False,False,False
RD-1006226,Fleet,True,False,False
RD-1006227,Fleet,False,False,False
RD-1006228,Retail,False,False,False
RD-1006229,Fleet,True,False,False
RD-1006230,Retail,True,False,False
RD-1006231,Fleet,False,False,False
RD-1006232,Fleet,True,False,False
RD-1006233,Fleet,False,False,False
RD-1006234,Retail,False,False,False
RD-1006235,Retail,False,False,False
RD-1006236,Fleet,False,False,False
RD-1006237,Fleet,False,False,False
RD-1006238,Fleet,False,False,False
RD-1006239,Retail,False,False,False
RD-1006240,Retail,True,False,False
RD-1006241,Fleet,False,False,False
RD-1006242,Fleet,True,False,False
RD-1006243,Fleet,False,False,False
RD-1006244,Retail,False,False,False
RD-1006245,Fleet,True,False,False
RD-1006246,Fleet,False,False,False
RD-1006247,Retail,False,False,False
RD-1006248,Fleet,False,False,False
RD-1006249,Fleet,False,False,False
RD-1006250,Fleet,False,False,False
RD-1006251,Fleet,False,False,False
RD-1006252,Retail,False,False,False
RD-1006253,Fleet,False,False,False
RD-1006254,Retail,False,True,False
RD-1006255,Fleet,False,False,False
RD-1006256,Fleet,False,False,False
RD-1006257,Fleet,False,False,False
RD-1006258,Fleet,False,False,False
RD-1006259,Fleet,True,False,False
RD-1006260,Retail,False,False,False
RD-1006261,Retail,True,False,False
RD-1006262,Fleet,False,False,False
RD-1006263,Fleet,False,False,False
RD-1006264,Retail,False,False,False
RD-1006265,Retail,False,False,False
RD-1006266,Fleet,False,False,False
RD-1006267,Retail,False,False,False
RD-1006268,Retail,True,False,False
RD-1006269,Fleet,False,False,False
RD-1006270,Retail,False,False,False
RD-1006271,Retail,True,False,False
RD-1006272,Fleet,True,False,False
RD-1006273,Fleet,False,False,False
RD-1006274,Fleet,False,False,False
RD-1006275,Retail,False,False,False
RD-1006276,Retail,False,False,False
RD-1006277,Retail,False,False,False
RD-1006278,Retail,False,False,False
RD-1006279,Fleet,False,False,False
RD-1006280,Fleet,True,False,False
RD-1006281,Fleet,False,False,False
RD-1006282,Fleet,False,False,False
RD-1006283,Retail,False,False,False
RD-1006284,Retail,False,False,False
RD-1006285,Retail,False,False,False
RD-1006286,Retail,False,False,False
RD-1006287,Fleet,False,False,True
RD-1006288,Retail,False,False,False
RD-1006289,Fleet,False,False,False
RD-1006290,Retail,False,False,False
RD-1006291,Fleet,False,False,False
RD-1006292,Fleet,False,False,False
RD-1006293,Fleet,False,False,False
RD-1006294,Fleet,True,False,False
RD-1006295,Fleet,False,False,False
RD-1006296,Retail,False,False,False
RD-1006297,Fleet,False,False,True
RD-1006298,Retail,False,False,False
RD-1006299,Retail,False,False,False
RD-1006300,Fleet,False,False,False
RD-1006301,Fleet,False,False,False
RD-1006302,Fleet,False,False,False
RD-1006303,Fleet,False,False,False
RD-1006304,Fleet,False,False,False
RD-1006305,Retail,False,False,False
RD-1006306,Retail,False,False,False
RD-1006307,Fleet,False,False,False
RD-1006308,Retail,False,False,False
RD-1006309,Fleet,False,True,False
RD-1006310,Fleet,False,False,False
RD-1006311,Fleet,False,False,False
RD-1006312,Retail,False,False,False
RD-1006313,Retail,False,False,False
RD-1006314,Fleet,True,False,False
RD-1006315,Retail,False,False,False
RD-1006316,Fleet,False,False,False
RD-1006317,Retail,False,False,False
RD-1006318,Fleet,False,False,False
RD-1006319,Retail,False,False,False
RD-1006320,Retail,False,False,False
RD-1006321,Fleet,False,False,False
RD-1006322,Fleet,True,False,False
RD-1006323,Fleet,False,False,False
RD-1006324,Retail,True,False,False
RD-1006325,Fleet,False,False,False
RD-1006326,Fleet,False,False,False
RD-1006327,Fleet,False,False,False
RD-1006328,Fleet,False,False,False
RD-1006329,Fleet,False,False,False
RD-1006330,Fleet,False,False,False
RD-1006331,Fleet,False,False,False
RD-1006332,Fleet,False,True,False
RD-1006333,Fleet,False,False,False
RD-1006334,Fleet,False,False,False
RD-1006335,Retail,False,False,False
RD-1006336,Retail,False,False,False
RD-1006337,Fleet,False,False,False
RD-1006338,Fleet,False,False,False
RD-1006339,Retail,False,False,False
RD-1006340,Fleet,False,False,False
RD-1006341,Fleet,False,False,False
RD-1006342,Fleet,False,False,False
RD-1006343,Retail,False,False,False
RD-1006345,Retail,True,False,False
RD-1006346,Fleet,False,False,False
RD-1006347,Fleet,False,False,False
RD-1006348,Fleet,True,False,False
RD-1006349,Fleet,False,False,False
RD-1006350,Retail,False,False,False
RD-1006351,Fleet,False,False,False
RD-1006352,Fleet,False,False,False
RD-1006353,Fleet,False,False,False
RD-1006354,Retail,False,False,False
RD-1006355,Retail,False,False,False
RD-1006356,Retail,False,False,False
RD-1006357,Retail,True,False,False
RD-1006358,Retail,False,False,False
RD-1006359,Fleet,False,False,False
RD-1006360,Fleet,False,False,False
RD-1006361,Fleet,False,False,False
RD-1006362,Retail,False,False,False
RD-1006363,Fleet,True,False,False
RD-1006364,Fleet,False,False,False
RD-1006365,Fleet,False,False,False
RD-1006366,Fleet,False,False,False
RD-1006367,Retail,False,True,False
RD-1006368,Fleet,False,False,False
RD-1006369,Fleet,False,False,False
RD-1006370,Retail,False,False,False
RD-1006371,Fleet,False,False,False
RD-1006372,Fleet,False,False,False
RD-1006373,Fleet,False,False,False
RD-1006374,Fleet,False,False,False
RD-1006375,Fleet,False,False,False
RD-1006376,Fleet,False,False,False
RD-1006377,Fleet,True,False,False
RD-1006378,Fleet,False,False,False
RD-1006379,Retail,False,False,False
RD-1006380,Fleet,False,False,False
RD-1006381,Retail,False,False,False
RD-1006382,Fleet,False,False,False
RD-1006383,Fleet,False,False,False
RD-1006384,Fleet,False,False,False
RD-1006385,Fleet,False,False,False
RD-1006386,Retail,False,True,False
RD-1006387,Fleet,False,False,False
RD-1006388,Fleet,True,False,False
RD-1006389,Fleet,False,False,False
RD-1006390,Fleet,True,False,False
RD-1006391,Fleet,False,False,False
RD-1006392,Retail,False,False,False
RD-1006393,Fleet,False,False,False
RD-1006394,Fleet,False,False,False
RD-1006395,Fleet,False,False,False
RD-1006396,Retail,False,False,False
RD-1006397,Fleet,False,False,False
RD-1006398,Fleet,False,False,False
RD-1006399,Fleet,True,False,False
RD-1006400,Fleet,False,False,False
RD-1006401,Fleet,False,False,False
RD-1006402,Fleet,False,False,False
RD-1006403,Retail,True,False,False
RD-1006404,Fleet,True,False,False
RD-1006405,Retail,False,False,False
RD-1006406,Retail,False,False,False
RD-1006407,Retail,False,False,False
RD-1006408,Retail,False,False,False
RD-1006409,Fleet,False,False,False
RD-1006410,Fleet,False,False,False
RD-1006411,Fleet,False,False,False
RD-1006412,Fleet,True,False,False
RD-1006413,Fleet,False,False,False
RD-1006414,Retail,False,False,False
RD-1006415,Fleet,False,True,False
RD-1006416,Retail,False,False,False
RD-1006417,Fleet,False,False,False
RD-1006418,Fleet,False,False,False
RD-1006419,Fleet,False,False,False
RD-1006420,Retail,False,False,False
RD-1006421,Retail,False,False,False
RD-1006422,Retail,False,False,False
RD-1006423,Fleet,False,False,False
RD-1006424,Fleet,False,False,False
RD-1006425,Retail,False,False,False
RD-1006426,Fleet,False,False,False
RD-1006427,Retail,False,False,False
RD-1006428,Fleet,False,False,False
RD-1006429,Fleet,False,False,False
RD-1006430,Fleet,False,True,False
RD-1006431,Fleet,False,False,False
RD-1006432,Fleet,False,False,False
RD-1006433,Fleet,False,False,False
RD-1006434,Retail,False,False,False
RD-1006435,Fleet,True,False,False
RD-1006436,Fleet,False,False,False
RD-1006437,Retail,False,False,False
RD-1006438,Fleet,False,False,False
RD-1006439,Retail,False,True,False
RD-1006440,Fleet,True,False,False
RD-1006441,Fleet,False,False,False
RD-1006442,Fleet,False,False,False
RD-1006443,Retail,False,False,False
RD-1006444,Fleet,True,False,False
RD-1006445,Retail,False,False,False
RD-1006446,Fleet,True,False,False
RD-1006447,Retail,False,False,False
RD-1006448,Retail,False,False,False
RD-1006449,Fleet,False,False,False
RD-1006450,Retail,False,False,False
RD-1006451,Fleet,True,True,False
RD-1006452,Fleet,False,False,False
RD-1006453,Fleet,False,False,False
RD-1006454,Retail,False,False,False
RD-1006455,Retail,False,False,False
RD-1006456,Fleet,False,False,False
RD-1006457,Retail,False,False,False
RD-1006458,Retail,False,False,False
RD-1006459,Fleet,False,False,False
RD-1006460,Retail,False,False,False
RD-1006461,Retail,False,False,False
RD-1006462,Fleet,False,False,False
RD-1006463,Retail,False,False,False
RD-1006464,Fleet,False,False,False
RD-1006465,Fleet,False,False,False
RD-1006466,Retail,False,False,False
RD-1006467,Fleet,False,False,False
RD-1006468,Retail,False,False,False
RD-1006469,Fleet,False,False,False
RD-1006470,Retail,False,True,False
RD-1006471,Fleet,False,False,False
RD-1006472,Fleet,False,False,False
RD-1006473,Retail,False,False,False
RD-1006474,Fleet,False,False,False
RD-1006475,Fleet,False,False,False
RD-1006476,Fleet,False,False,False
RD-1006477,Retail,False,True,False
RD-1006478,Retail,False,False,False
RD-1006479,Fleet,False,False,False
RD-1006480,Fleet,False,True,False
RD-1006481,Retail,False,False,False
RD-1006482,Fleet,False,False,False
RD-1006483,Fleet,False,False,False
RD-1006484,Retail,False,False,False
RD-1006485,Retail,False,False,False
RD-1006486,Fleet,True,False,False
RD-1006487,Retail,False,False,False
RD-1006488,Fleet,False,False,False
RD-1006489,Retail,False,False,False
RD-1006490,Fleet,False,False,False
RD-1006491,Fleet,False,False,False
RD-1006492,Retail,False,False,False
RD-1006493,Fleet,False,False,False
RD-1006494,Fleet,False,True,False
RD-1006495,Fleet,False,False,False
RD-1006496,Retail,False,False,False
RD-1006497,Fleet,False,False,False
RD-1006498,Retail,False,False,False
RD-1006499,Fleet,False,False,False
RD-1006500,Fleet,False,False,False
RD-1006501,Retail,False,False,False
RD-1006502,Retail,False,False,False
RD-1006503,Fleet,True,False,False
RD-1006504,Fleet,False,True,False
RD-1006505,Retail,False,False,False
RD-1006506,Fleet,True,False,False
RD-1006507,Fleet,False,False,False
RD-1006508,Retail,False,False,False
RD-1006509,Retail,False,False,False
RD-1006510,Retail,False,False,False
RD-1006511,Fleet,False,False,False
RD-1006512,Fleet,True,False,False
RD-1006513,Fleet,True,False,False
RD-1006514,Fleet,False,True,False
RD-1006515,Fleet,False,True,False
RD-1006516,Fleet,False,True,False
RD-1006517,Fleet,False,True,False
RD-1006518,Retail,False,False,False
RD-1006519,Retail,False,False,False
RD-1006520,Retail,False,False,False
RD-1006521,Retail,False,False,False
RD-1006522,Fleet,False,False,False
RD-1006523,Fleet,False,False,False
RD-1006524,Fleet,False,False,False
RD-1006525,Fleet,False,False,False
RD-1006526,Retail,False,False,False
RD-1006527,Fleet,False,True,False
RD-1006528,Fleet,False,False,False
RD-1006529,Retail,False,False,False
RD-1006530,Retail,False,False,False
RD-1006531,Retail,False,False,False
RD-1006532,Fleet,False,False,False
RD-1006533,Retail,False,False,False
RD-1006534,Retail,False,False,False
RD-1006535,Fleet,False,False,False
RD-1006536,Fleet,False,False,False
RD-1006537,Retail,False,False,False
RD-1006538,Fleet,False,False,False
RD-1006539,Retail,False,False,False
RD-1006540,Fleet,True,False,False
RD-1006541,Fleet,False,False,False
RD-1006542,Fleet,False,False,False
RD-1006543,Retail,False,False,False
RD-1006544,Retail,False,True,False
RD-1006545,Fleet,False,True,False
RD-1006546,Fleet,False,False,False
RD-1006547,Fleet,False,False,False
RD-1006548,Fleet,False,False,False
RD-1006549,Retail,False,False,False
RD-1006550,Fleet,False,False,False
RD-1006551,Retail,False,False,False
RD-1006552,Retail,False,False,False
RD-1006553,Retail,False,False,False
RD-1006554,Fleet,False,False,False
RD-1006555,Retail,False,False,False
RD-1006556,Fleet,False,False,False
RD-1006557,Retail,False,False,False
RD-1006558,Fleet,False,False,False
RD-1006559,Retail,False,False,False
RD-1006560,Fleet,False,False,False
RD-1006561,Fleet,False,False,False
RD-1006562,Retail,False,False,False
RD-1006563,Fleet,True,False,False
RD-1006564,Retail,False,False,False
RD-1006565,Fleet,False,False,False
RD-1006566,Fleet,False,True,False
RD-1006567,Fleet,False,False,False
RD-1006568,Fleet,False,False,False
RD-1006569,Fleet,False,False,False
RD-1006570,Fleet,False,False,False
RD-1006571,Retail,False,False,False
RD-1006572,Fleet,False,False,False
RD-1006573,Retail,False,False,False
RD-1006574,Fleet,False,False,False
RD-1006575,Fleet,False,False,False
RD-1006576,Fleet,False,False,False
RD-1006577,Fleet,False,False,False
RD-1006578,Retail,False,False,False
RD-1006579,Fleet,False,False,False
RD-1006580,Retail,False,False,False
RD-1006581,Fleet,False,True,False
RD-1006582,Fleet,False,False,False
RD-1006583,Fleet,False,False,False
RD-1006584,Fleet,False,False,False
RD-1006585,Fleet,False,False,False
RD-1006586,Retail,False,False,False
RD-1006587,Retail,False,False,False
RD-1006588,Fleet,False,False,False
RD-1006589,Fleet,True,False,False
RD-1006590,Retail,False,False,False
RD-1006591,Retail,False,False,False
RD-1006592,Fleet,False,False,False
RD-1006593,Retail,False,False,False
RD-1006594,Retail,False,False,False
RD-1006595,Retail,False,False,False
RD-1006596,Fleet,False,False,False
RD-1006597,Fleet,False,False,False
RD-1006598,Fleet,False,False,False
RD-1006599,Fleet,False,False,False
RD-1006600,Fleet,False,False,False
RD-1006601,Fleet,False,False,False
RD-1006602,Fleet,False,False,False
RD-1006603,Retail,False,False,False
RD-1006604,Fleet,False,False,False
RD-1006605,Fleet,False,False,False
RD-1006606,Retail,False,False,False
RD-1006607,Fleet,False,False,False
RD-1006608,Retail,False,False,False
RD-1006609,Fleet,False,True,False
RD-1006610,Fleet,False,False,False
RD-1006611,Fleet,False,False,False
RD-1006612,Fleet,False,False,False
RD-1006613,Retail,False,False,False
RD-1006614,Fleet,False,False,False
RD-1006615,Retail,False,False,False
RD-1006616,Fleet,False,False,False
RD-1006617,Fleet,False,False,False
RD-1006618,Retail,False,False,False
RD-1006619,Fleet,False,False,False
RD-1006620,Retail,False,False,False
RD-1006621,Retail,False,False,False
RD-1006622,Fleet,True,False,False
RD-1006623,Fleet,False,False,False
RD-1006624,Fleet,False,False,False
RD-1006625,Fleet,False,True,False
RD-1006626,Fleet,False,False,False
RD-1006627,Retail,False,False,False
RD-1006628,Fleet,False,False,False
RD-1006629,Fleet,False,False,False
RD-1006630,Fleet,False,False,False
RD-1006631,Fleet,False,False,False
RD-1006632,Retail,False,False,False
RD-1006633,Fleet,False,False,False
RD-1006634,Retail,False,False,False
RD-1006635,Fleet,False,False,False
RD-1006636,Fleet,False,False,False
RD-1006637,Fleet,False,False,True
RD-1006638,Retail,False,False,False
RD-1006639,Fleet,False,False,False
RD-1006640,Fleet,False,False,False
RD-1006641,Fleet,False,False,False
RD-1006642,Fleet,False,False,False
RD-1006643,Retail,False,False,False
RD-1006644,Fleet,False,False,False
RD-1006645,Fleet,False,False,False
RD-1006646,Fleet,True,False,False
RD-1006647,Fleet,False,False,False
RD-1006648,Fleet,False,False,False
RD-1006649,Retail,False,False,False
RD-1006650,Fleet,False,False,False
RD-1006651,Retail,False,False,False
RD-1006652,Fleet,False,False,False
RD-1006653,Fleet,False,False,False
RD-1006654,Fleet,False,False,False
RD-1006655,Fleet,True,False,False
RD-1006656,Fleet,False,False,False
RD-1006657,Retail,False,False,False
RD-1006658,Retail,False,False,False
RD-1006659,Fleet,True,False,False
RD-1006660,Retail,False,False,False
RD-1006661,Retail,False,False,False
RD-1006662,Fleet,False,False,False
RD-1006663,Retail,True,False,False
RD-1006664,Retail,False,False,False
RD-1006665,Fleet,False,False,False
RD-1006666,Retail,False,False,False
RD-1006667,Fleet,False,False,False
RD-1006668,Retail,False,False,False
RD-1006669,Fleet,False,False,False
RD-1006670,Fleet,False,False,False
RD-1006671,Fleet,False,False,False
RD-1006672,Retail,False,False,False
RD-1006673,Retail,False,False,False
RD-1006674,Retail,False,False,False
RD-1006675,Fleet,False,True,False
RD-1006676,Fleet,False,False,False
RD-1006677,Retail,False,False,False
RD-1006678,Fleet,False,False,False
RD-1006679,Fleet,False,True,False
RD-1006680,Retail,False,False,False
RD-1006681,Fleet,False,False,False
RD-1006682,Fleet,False,False,False
RD-1006683,Retail,False,False,False
RD-1006684,Fleet,False,False,False
RD-1006685,Fleet,False,False,False
RD-1006686,Fleet,False,False,False
RD-1006687,Retail,True,False,False
RD-1006688,Fleet,True,False,False
RD-1006689,Fleet,True,False,False
RD-1006690,Retail,False,False,False
RD-1006691,Fleet,False,False,False
RD-1006692,Retail,False,False,False
RD-1006693,Fleet,False,False,False
RD-1006694,Retail,False,False,False
RD-1006695,Fleet,False,False,False
RD-1006696,Retail,False,False,False
RD-1006697,Retail,False,False,False
RD-1006698,Retail,True,False,False
RD-1006699,Retail,False,False,False
RD-1006700,Fleet,False,False,False
RD-1006701,Fleet,True,False,False
RD-1006702,Fleet,False,False,False
RD-1006703,Fleet,False,False,False
RD-1006704,Retail,False,False,False
RD-1006705,Fleet,False,False,False
RD-1006706,Retail,False,False,False
RD-1006707,Fleet,False,False,False
RD-1006708,Retail,False,True,False
RD-1006709,Fleet,False,False,False
RD-1006710,Retail,True,False,False
RD-1006711,Retail,True,False,False
RD-1006712,Fleet,False,False,False
RD-1006713,Fleet,False,False,False
RD-1006714,Fleet,False,False,False
RD-1006715,Retail,False,False,False
RD-1006716,Fleet,False,False,False
RD-1006717,Fleet,False,False,False
RD-1006718,Retail,False,True,False
RD-1006719,Retail,False,False,False
RD-1006720,Fleet,False,False,False
RD-1006721,Retail,False,False,False
RD-1006722,Retail,False,False,False
RD-1006723,Retail,False,False,False
RD-1006724,Fleet,True,False,False
RD-1006725,Retail,False,False,False
RD-1006726,Fleet,False,False,False
RD-1006727,Retail,False,False,False
RD-1006728,Fleet,False,False,False
RD-1006729,Retail,False,False,False
RD-1006730,Retail,False,False,False
RD-1006731,Retail,False,False,False
RD-1006732,Fleet,False,False,False
RD-1006733,Retail,False,False,False
RD-1006734,Retail,False,False,False
RD-1006735,Retail,False,False,False
RD-1006736,Fleet,False,False,False
RD-1006737,Retail,False,False,False
RD-1006738,Fleet,False,True,False
RD-1006739,Fleet,False,False,False
RD-1006740,Fleet,False,False,False
RD-1006741,Retail,False,False,False
RD-1006742,Retail,False,False,False
RD-1006743,Retail,False,False,False
RD-1006744,Retail,False,True,False
RD-1006745,Fleet,False,False,False
RD-1006746,Retail,False,True,False
RD-1006747,Retail,False,False,False
RD-1006748,Retail,False,False,False
RD-1006749,Retail,False,False,False
RD-1006750,Fleet,False,False,False
RD-1006751,Retail,False,False,False
RD-1006752,Fleet,False,False,False
RD-1006753,Retail,False,False,False
RD-1006754,Retail,False,False,False
RD-1006755,Fleet,False,False,False
RD-1006756,Retail,False,False,False
RD-1006757,Fleet,False,False,False
RD-1006758,Fleet,False,False,False
RD-1006759,Fleet,False,True,False
RD-1006760,Fleet,False,False,False
RD-1006761,Retail,False,False,False
RD-1006762,Fleet,False,False,False
RD-1006763,Retail,True,False,False
RD-1006764,Fleet,False,False,False
RD-1006765,Retail,False,False,False
RD-1006766,Fleet,True,False,False
RD-1006767,Fleet,False,False,False
RD-1006768,Retail,False,False,False
RD-1006769,Retail,False,False,False
RD-1006770,Fleet,False,False,False
RD-1006771,Fleet,False,False,False
RD-1006772,Fleet,False,True,False
RD-1006773,Fleet,False,False,False
RD-1006774,Fleet,False,False,False
RD-1006775,Fleet,False,False,False
RD-1006776,Retail,False,False,False
RD-1006777,Fleet,False,False,False
RD-1006778,Retail,False,True,False
RD-1006779,Fleet,True,False,False
RD-1006780,Retail,False,True,False
RD-1006781,Fleet,False,False,False
RD-1006782,Retail,False,False,False
RD-1006783,Fleet,False,False,False
RD-1006784,Retail,False,False,False
RD-1006785,Retail,True,False,False
RD-1006786,Retail,True,False,False
RD-1006787,Fleet,False,False,False
RD-1006788,Retail,True,False,False
RD-1006789,Retail,False,False,False
RD-1006790,Fleet,True,False,False
RD-1006791,Fleet,True,False,False
RD-1006792,Fleet,False,False,False
RD-1006793,Retail,False,False,False
RD-1006794,Fleet,True,False,False
RD-1006795,Retail,False,True,False
RD-1006796,Retail,False,False,False
RD-1006797,Fleet,False,False,False
RD-1006798,Fleet,False,False,False
RD-1006799,Fleet,False,False,False
RD-1006800,Fleet,False,False,False
RD-1006801,Fleet,False,False,False
RD-1006802,Retail,False,False,False
RD-1006803,Retail,True,False,False
RD-1006804,Retail,False,False,False
RD-1006805,Retail,False,False,False
RD-1006806,Retail,False,False,False
RD-1006807,Retail,False,False,False
RD-1006808,Fleet,True,False,False
RD-1006809,Retail,False,False,False
RD-1006810,Fleet,True,False,False
RD-1006811,Fleet,False,False,False
RD-1006812,Fleet,False,False,False
RD-1006813,Fleet,False,False,False
RD-1006814,Retail,False,False,False
RD-1006815,Retail,False,False,False
RD-1006816,Retail,False,False,False
RD-1006817,Retail,False,False,False
RD-1006818,Retail,False,False,False
RD-1006819,Retail,False,False,False
RD-1006820,Retail,False,False,False
RD-1006821,Fleet,False,False,False
RD-1006822,Retail,False,False,False
RD-1006823,Retail,False,False,False
RD-1006824,Fleet,False,False,False
RD-1006825,Retail,False,False,False
RD-1006826,Fleet,False,False,False
RD-1006827,Retail,False,False,False
RD-1006828,Fleet,False,True,False
RD-1006829,Retail,False,False,False
RD-1006830,Fleet,False,False,False
RD-1006831,Retail,False,False,False
RD-1006832,Retail,False,False,False
RD-1006833,Fleet,False,True,False
RD-1006834,Fleet,False,False,False
RD-1006835,Retail,False,False,False
RD-1006836,Fleet,False,False,False
RD-1006837,Retail,False,False,False
RD-1006838,Fleet,False,False,False
RD-1006839,Retail,False,False,False
RD-1006840,Fleet,True,False,False
RD-1006841,Retail,False,False,False
RD-1006842,Retail,False,False,False
RD-1006843,Retail,False,False,False
RD-1006844,Retail,False,False,False
RD-1006845,Retail,False,False,False
RD-1006846,Retail,False,False,False
RD-1006847,Retail,False,False,False
RD-1006848,Retail,False,False,False
RD-1006849,Retail,False,False,False
RD-1006850,Fleet,False,False,False
RD-1006851,Retail,False,False,False
RD-1006852,Fleet,False,False,False
RD-1006853,Fleet,False,False,False
RD-1006854,Fleet,False,False,False
RD-1006855,Retail,False,False,False
RD-1006856,Fleet,False,False,False
RD-1006857,Fleet,False,False,False
RD-1006858,Fleet,False,False,False
RD-1006859,Retail,False,False,False
RD-1006860,Fleet,False,False,False
RD-1006861,Fleet,False,False,False
RD-1006862,Fleet,False,False,False
RD-1006863,Retail,False,False,False
RD-1006864,Fleet,True,False,False
RD-1006865,Retail,False,False,False
RD-1006866,Retail,False,False,False
RD-1006867,Fleet,False,False,False
RD-1006868,Fleet,False,False,False
RD-1006869,Fleet,False,False,False
RD-1006870,Fleet,False,False,False
RD-1006871,Fleet,True,False,False
RD-1006872,Fleet,False,False,False
RD-1006873,Fleet,False,False,False
RD-1006874,Fleet,False,False,False
RD-1006875,Retail,False,False,False
RD-1006876,Fleet,False,False,False
RD-1006877,Fleet,False,False,False
RD-1006878,Fleet,False,False,False
RD-1006879,Retail,False,False,False
RD-1006880,Fleet,False,False,False
RD-1006881,Retail,False,False,False
RD-1006882,Fleet,False,False,False
RD-1006883,Fleet,False,False,False
RD-1006884,Retail,False,False,False
RD-1006885,Fleet,False,False,False
RD-1006886,Retail,True,False,False
RD-1006887,Fleet,True,False,False
RD-1006888,Fleet,False,False,False
RD-1006889,Fleet,False,False,False
RD-1006890,Fleet,True,False,False
RD-1006891,Fleet,False,False,False
RD-1006892,Fleet,False,True,False
RD-1006893,Fleet,False,False,False
RD-1006894,Fleet,False,False,False
RD-1006895,Fleet,False,True,False
RD-1006896,Retail,False,False,False
RD-1006897,Fleet,False,False,False
RD-1006898,Fleet,False,False,False
RD-1006899,Fleet,False,False,False
RD-1006900,Fleet,False,False,False
RD-1006901,Fleet,False,False,False
RD-1006902,Fleet,False,False,False
RD-1006903,Retail,False,False,False
RD-1006904,Fleet,False,False,False
RD-1006905,Fleet,False,False,False
RD-1006906,Retail,False,False,False
RD-1006907,Fleet,False,False,False
RD-1006908,Fleet,False,True,False
RD-1006909,Fleet,False,False,False
RD-1006910,Fleet,False,False,False
RD-1006911,Retail,False,False,False
RD-1006912,Fleet,True,False,False
RD-1006913,Fleet,False,False,False
RD-1006914,Retail,False,False,False
RD-1006915,Retail,False,True,False
RD-1006916,Fleet,True,False,False
RD-1006917,Retail,False,False,False
RD-1006918,Retail,False,False,False
RD-1006919,Fleet,False,False,False
RD-1006920,Fleet,False,False,False
RD-1006921,Fleet,False,False,False
RD-1006922,Fleet,True,False,False
RD-1006923,Fleet,False,False,False
RD-1006924,Retail,False,False,False
RD-1006925,Fleet,False,False,False
RD-1006926,Fleet,True,False,False
RD-1006927,Fleet,False,False,False
RD-1006928,Fleet,False,False,False
RD-1006929,Fleet,False,False,False
RD-1006930,Retail,False,False,False
RD-1006931,Retail,False,False,False
RD-1006932,Fleet,False,False,False
RD-1006933,Fleet,False,False,False
RD-1006934,Retail,False,False,False
RD-1006935,Fleet,False,False,False
RD-1006936,Retail,False,False,False
RD-1006937,Fleet,False,False,False
RD-1006938,Retail,False,False,False
RD-1006939,Retail,False,False,False
RD-1006940,Retail,False,False,False
RD-1006941,Retail,False,False,False
RD-1006942,Retail,False,False,False
RD-1006943,Retail,False,False,False
RD-1006944,Retail,False,False,False
RD-1006945,Fleet,False,False,False
RD-1006946,Fleet,False,False,False
RD-1006947,Fleet,False,False,False
RD-1006948,Retail,False,False,False
RD-1006949,Fleet,False,False,False
RD-1006950,Fleet,False,False,False
RD-1006951,Retail,False,False,False
RD-1006952,Fleet,False,False,False
RD-1006953,Retail,False,False,False
RD-1006954,Retail,False,True,False
RD-1006955,Fleet,False,False,False
RD-1006956,Retail,False,False,False
RD-1006957,Fleet,False,False,False
RD-1006958,Fleet,False,False,False
RD-1006959,Fleet,False,False,False
RD-1006960,Fleet,False,False,False
RD-1006961,Fleet,True,False,False
RD-1006962,Fleet,False,False,False
RD-1006963,Fleet,False,False,False
RD-1006964,Fleet,False,False,False
RD-1006965,Fleet,False,False,False
RD-1006966,Retail,False,False,False
RD-1006967,Retail,False,False,False
RD-1006968,Retail,False,False,False
RD-1006969,Fleet,False,True,False
RD-1006970,Retail,False,False,False
RD-1006971,Fleet,False,False,False
RD-1006972,Retail,False,False,False
RD-1006973,Retail,False,False,False
RD-1006974,Fleet,False,True,False
RD-1006975,Fleet,True,False,False
RD-1006976,Fleet,False,False,False
RD-1006977,Retail,False,False,False
RD-1006978,Fleet,False,False,False
RD-1006979,Fleet,False,False,False
RD-1006980,Fleet,False,False,False
RD-1006981,Fleet,False,False,False
RD-1006982,Retail,False,False,False
RD-1006983,Fleet,False,False,False
RD-1006984,Fleet,False,False,False
RD-1006985,Fleet,True,False,False
RD-1006986,Fleet,False,False,False
RD-1006987,Fleet,False,False,False
RD-1006988,Fleet,False,False,False
RD-1006989,Fleet,False,False,False
RD-1006990,Fleet,False,False,False
RD-1006991,Retail,False,False,False
RD-1006992,Fleet,False,False,False
RD-1006993,Retail,False,True,False
RD-1006994,Retail,False,False,False
RD-1006995,Fleet,False,False,False
RD-1006996,Fleet,True,False,False
RD-1006997,Fleet,True,False,False
RD-1006998,Fleet,True,False,False
RD-1006999,Retail,False,False,False
RD-1007000,Fleet,False,True,False
RD-1007001,Fleet,False,False,False
RD-1007002,Fleet,True,False,False
RD-1007003,Fleet,True,False,False
RD-1007004,Fleet,False,False,False
RD-1007005,Retail,False,False,False
RD-1007006,Retail,True,False,False
RD-1007007,Fleet,False,False,False
RD-1007008,Retail,False,False,False
RD-1007009,Fleet,False,False,False
RD-1007010,Retail,False,False,False
RD-1007011,Fleet,False,False,False
RD-1007012,Retail,False,False,False
RD-1007013,Fleet,False,False,False
RD-1007014,Fleet,False,False,False
RD-1007015,Fleet,True,False,False
RD-1007016,Fleet,False,False,False
RD-1007017,Retail,False,False,False
RD-1007018,Fleet,False,True,False
RD-1007019,Retail,False,False,False
RD-1007020,Fleet,False,True,False
RD-1007021,Retail,False,False,False
RD-1007022,Fleet,False,False,False
RD-1007023,Retail,False,False,False
RD-1007024,Fleet,False,False,False
RD-1007025,Fleet,False,False,False
RD-1007026,Retail,False,False,False
RD-1007027,Retail,False,False,False
RD-1007028,Retail,False,False,False
RD-1007029,Fleet,False,False,False
RD-1007030,Fleet,False,False,False
RD-1007031,Fleet,False,False,False
RD-1007032,Fleet,False,False,False
RD-1007033,Retail,False,False,False
RD-1007034,Fleet,False,False,False
RD-1007035,Fleet,False,False,False
RD-1007036,Retail,False,False,False
RD-1007037,Fleet,False,False,False
RD-1007038,Retail,False,False,False
RD-1007039,Retail,False,True,False
RD-1007040,Retail,False,False,False
RD-1007041,Fleet,False,False,False
RD-1007042,Retail,False,False,False
RD-1007043,Fleet,False,False,False
RD-1007044,Retail,False,False,False
RD-1007045,Retail,False,False,False
RD-1007046,Fleet,False,False,False
RD-1007047,Fleet,False,True,False
RD-1007048,Retail,False,False,False
RD-1007049,Fleet,False,False,False
RD-1007050,Fleet,False,False,False
RD-1007051,Retail,False,False,False
RD-1007052,Fleet,False,False,False
RD-1007053,Retail,False,False,False
RD-1007054,Fleet,False,False,False
RD-1007055,Fleet,False,True,False
RD-1007056,Fleet,False,False,False
RD-1007057,Fleet,False,False,False
RD-1007058,Fleet,False,False,False
RD-1007059,Retail,False,False,False
RD-1007060,Retail,False,False,False
RD-1007061,Fleet,False,False,False
RD-1007062,Fleet,False,False,False
RD-1007063,Retail,False,False,False
RD-1007064,Fleet,False,True,False
RD-1007065,Fleet,False,False,False
RD-1007066,Fleet,True,False,False
RD-1007067,Fleet,True,False,False
RD-1007068,Retail,False,False,False
RD-1007069,Retail,False,False,False
RD-1007070,Retail,False,False,False
RD-1007071,Fleet,False,True,False
RD-1007072,Fleet,False,False,False
RD-1007073,Fleet,False,True,False
RD-1007074,Retail,False,False,False
RD-1007075,Retail,False,False,False
RD-1007076,Fleet,False,False,False
RD-1007077,Retail,True,False,False
RD-1007078,Retail,False,False,False
RD-1007079,Retail,False,False,False
RD-1007080,Fleet,False,False,False
RD-1007081,Fleet,False,False,False
RD-1007082,Fleet,False,False,False
RD-1007083,Fleet,False,False,False
RD-1007084,Retail,False,True,False
RD-1007085,Fleet,False,False,False
RD-1007086,Fleet,False,False,False
RD-1007087,Fleet,False,False,False
RD-1007088,Fleet,False,False,False
RD-1007089,Fleet,False,False,False
RD-1007090,Fleet,False,False,False
RD-1007091,Fleet,False,False,False
RD-1007092,Fleet,True,False,False
RD-1007093,Fleet,True,False,False
RD-1007094,Fleet,False,False,False
RD-1007095,Fleet,True,False,False
RD-1007096,Retail,False,False,False
RD-1007097,Fleet,False,False,False
RD-1007098,Fleet,True,False,False
RD-1007099,Fleet,False,False,False
RD-1007100,Retail,False,False,False
RD-1007101,Retail,False,False,False
RD-1007102,Fleet,False,False,False
RD-1007103,Fleet,False,False,False
RD-1007104,Fleet,False,False,False
RD-1007105,Fleet,False,True,False
RD-1007106,Fleet,True,False,False
RD-1007107,Retail,False,False,False
RD-1007108,Fleet,False,False,False
RD-1007109,Retail,False,False,False
RD-1007110,Fleet,True,False,False
RD-1007111,Fleet,False,False,False
RD-1007112,Fleet,True,False,False
RD-1007113,Fleet,False,False,False
RD-1007114,Fleet,False,False,False
RD-1007115,Fleet,False,False,False
RD-1007116,Fleet,False,True,False
RD-1007117,Retail,True,False,False
RD-1007118,Retail,False,False,False
RD-1007119,Fleet,False,False,False
RD-1007120,Fleet,False,False,False
RD-1007121,Fleet,False,False,False
RD-1007122,Fleet,False,False,False
RD-1007123,Fleet,False,False,False
RD-1007124,Retail,False,False,False
RD-1007125,Retail,False,False,False
RD-1007126,Retail,False,False,False
RD-1007127,Retail,False,False,False
RD-1007128,Retail,False,False,False
RD-1007129,Retail,False,False,False
RD-1007130,Retail,False,False,False
RD-1007131,Fleet,False,False,False
RD-1007132,Retail,False,False,False
RD-1007133,Retail,False,False,False
RD-1007134,Retail,False,False,False
RD-1007135,Fleet,False,False,False
RD-1007136,Fleet,False,False,False
RD-1007137,Retail,False,False,False
RD-1007138,Retail,False,False,False
RD-1007139,Retail,False,True,False
RD-1007140,Retail,False,False,False
RD-1007141,Fleet,False,False,False
RD-1007142,Retail,False,False,False
RD-1007143,Fleet,False,False,False
RD-1007144,Fleet,False,False,False
RD-1007145,Retail,False,False,False
RD-1007146,Retail,False,False,False
RD-1007147,Fleet,False,False,False
RD-1007148,Fleet,False,False,False
RD-1007149,Fleet,False,False,False
RD-1007150,Fleet,False,False,False
RD-1007151,Fleet,False,False,False
RD-1007152,Retail,False,True,False
RD-1007153,Retail,False,False,False
RD-1007154,Fleet,False,False,False
RD-1007155,Retail,False,False,False
RD-1007156,Retail,False,False,False
RD-1007157,Fleet,False,False,False
RD-1007158,Fleet,False,False,False
RD-1007159,Fleet,False,True,False
RD-1007160,Fleet,False,False,False
RD-1007161,Fleet,False,False,False
RD-1007162,Fleet,True,False,False
RD-1007163,Fleet,True,True,False
RD-1007164,Retail,False,False,False
RD-1007165,Fleet,False,False,False
RD-1007166,Retail,False,False,False
RD-1007167,Fleet,False,False,False
RD-1007168,Retail,True,False,False
RD-1007169,Fleet,False,False,False
RD-1007170,Fleet,False,True,False
RD-1007171,Retail,True,True,False
RD-1007172,Fleet,False,False,False
RD-1007173,Fleet,False,False,False
RD-1007174,Fleet,False,False,False
RD-1007175,Retail,False,False,False
RD-1007176,Fleet,False,False,False
RD-1007177,Fleet,False,False,False
RD-1007178,Fleet,False,False,False
RD-1007179,Fleet,True,False,False
RD-1007180,Fleet,False,False,False
RD-1007181,Fleet,False,True,False
RD-1007182,Fleet,False,False,False
RD-1007183,Fleet,False,True,False
RD-1007184,Retail,True,True,False
RD-1007185,Retail,False,False,False
RD-1007186,Fleet,False,False,False
RD-1007187,Fleet,True,False,False
RD-1007188,Retail,False,False,False
RD-1007189,Fleet,False,False,False
RD-1007190,Retail,False,False,False
RD-1007191,Fleet,False,False,False
RD-1007192,Fleet,False,False,False
RD-1007193,Retail,False,False,False
RD-1007194,Retail,False,False,False
RD-1007195,Fleet,False,False,False
RD-1007196,Retail,False,False,False
RD-1007197,Retail,False,False,False
RD-1007198,Fleet,False,False,False
RD-1007199,Fleet,False,False,False
RD-1007200,Retail,False,False,False
RD-1007201,Retail,False,False,False
RD-1007202,Fleet,False,False,False
RD-1007203,Fleet,False,False,False
RD-1007204,Retail,False,False,False
RD-1007205,Retail,False,False,False
RD-1007206,Retail,False,False,False
RD-1007207,Fleet,False,False,False
RD-1007208,Fleet,False,True,False
RD-1007209,Fleet,True,False,False
RD-1007210,Fleet,False,False,False
RD-1007211,Fleet,False,False,False
RD-1007212,Retail,False,False,False
RD-1007213,Fleet,False,False,False
RD-1007214,Fleet,True,False,False
RD-1007215,Retail,False,False,False
RD-1007216,Fleet,False,False,False
RD-1007217,Retail,False,False,False
RD-1007218,Fleet,False,False,False
RD-1007219,Retail,False,False,False
RD-1007220,Retail,True,False,False
RD-1007221,Fleet,False,False,False
RD-1007222,Fleet,False,False,False
RD-1007223,Fleet,False,False,False
RD-1007224,Retail,False,True,False
RD-1007225,Fleet,False,True,False
RD-1007226,Fleet,True,False,False
RD-1007227,Fleet,False,False,False
RD-1007228,Fleet,False,True,False
RD-1007229,Fleet,False,False,False
RD-1007230,Retail,False,False,False
RD-1007231,Retail,False,False,False
RD-1007232,Fleet,False,False,False
RD-1007233,Fleet,False,False,False
RD-1007234,Fleet,False,False,False
RD-1007235,Fleet,False,False,False
RD-1007236,Retail,False,False,False
RD-1007237,Fleet,False,False,False
RD-1007238,Retail,False,False,False
RD-1007239,Fleet,False,False,False
RD-1007240,Fleet,False,False,False
RD-1007241,Fleet,False,False,False
RD-1007242,Fleet,False,False,False
RD-1007243,Fleet,False,False,False
RD-1007244,Fleet,False,True,False
RD-1007245,Retail,False,False,False
RD-1007246,Fleet,True,False,False
RD-1007247,Retail,False,False,False
RD-1007248,Retail,False,False,False
RD-1007249,Retail,False,False,False
RD-1007250,Retail,False,True,False
RD-1007251,Fleet,True,False,False
RD-1007252,Fleet,False,False,False
RD-1007253,Retail,False,False,False
RD-1007254,Fleet,False,True,False
RD-1007255,Fleet,False,False,False
RD-1007256,Fleet,False,False,False
RD-1007257,Fleet,False,False,False
RD-1007258,Fleet,False,True,False
RD-1007259,Retail,False,False,False
RD-1007260,Fleet,False,False,False
RD-1007261,Fleet,False,False,False
RD-1007262,Fleet,False,False,False
RD-1007263,Retail,False,False,True
RD-1007264,Retail,False,False,False
RD-1007265,Fleet,False,False,False
RD-1007266,Retail,False,False,False
RD-1007267,Retail,False,False,False
RD-1007268,Retail,False,True,False
RD-1007269,Retail,False,True,False
RD-1007270,Fleet,False,False,False
RD-1007271,Retail,False,False,False
RD-1007272,Retail,False,False,False
RD-1007273,Fleet,False,False,False
RD-1007274,Retail,True,False,False
RD-1007275,Fleet,True,False,False
RD-1007276,Fleet,False,False,False
RD-1007277,Retail,False,False,False
RD-1007278,Fleet,False,False,False
RD-1007279,Fleet,False,False,False
RD-1007280,Fleet,False,False,False
RD-1007281,Retail,False,False,False
RD-1007282,Fleet,False,False,False
RD-1007283,Fleet,False,False,False
RD-1007284,Fleet,False,False,False
RD-1007285,Fleet,False,False,False
RD-1007286,Retail,False,False,False
RD-1007287,Fleet,True,False,False
RD-1007288,Fleet,False,False,False
RD-1007289,Fleet,False,False,False
RD-1007290,Fleet,False,False,False
RD-1007291,Fleet,False,False,False
RD-1007292,Retail,False,False,False
RD-1007293,Fleet,False,True,False
RD-1007294,Fleet,False,False,False
RD-1007295,Retail,False,False,False
RD-1007296,Retail,False,False,False
RD-1007297,Fleet,False,False,False
RD-1007298,Fleet,False,False,False
RD-1007299,Retail,False,False,False
RD-1007300,Fleet,False,False,False
RD-1007301,Fleet,False,False,False
RD-1007302,Retail,True,False,False
RD-1007303,Fleet,False,False,False
RD-1007304,Retail,False,False,False
RD-1007305,Fleet,False,False,False
RD-1007306,Retail,False,False,False
RD-1007307,Fleet,False,True,False
RD-1007308,Retail,True,True,False
RD-1007309,Fleet,False,False,False
RD-1007310,Fleet,False,False,False
RD-1007311,Fleet,True,False,False
RD-1007312,Retail,True,False,False
RD-1007313,Fleet,False,False,False
RD-1007314,Retail,False,False,False
RD-1007315,Fleet,False,False,False
RD-1007316,Fleet,False,False,False
RD-1007317,Retail,False,False,False
RD-1007318,Retail,False,False,False
RD-1007319,Fleet,False,False,False
RD-1007320,Retail,False,False,False
RD-1007321,Fleet,False,False,False
RD-1007322,Fleet,False,False,False
RD-1007323,Retail,False,False,False
RD-1007324,Retail,False,False,False
RD-1007325,Fleet,False,True,False
RD-1007326,Fleet,False,False,False
RD-1007327,Fleet,False,False,False
RD-1007328,Retail,False,False,False
RD-1007329,Fleet,False,False,False
RD-1007330,Fleet,False,False,False
RD-1007331,Fleet,False,False,False
RD-1007332,Fleet,False,False,False
RD-1007333,Retail,False,False,False
RD-1007334,Fleet,True,False,False
RD-1007335,Retail,False,False,False
RD-1007336,Retail,False,False,False
RD-1007337,Retail,False,False,False
RD-1007338,Fleet,True,False,False
RD-1007339,Fleet,False,False,False
RD-1007340,Fleet,False,False,False
RD-1007341,Retail,False,False,False
RD-1007342,Retail,False,False,False
RD-1007343,Retail,False,False,False
RD-1007344,Retail,False,False,False
RD-1007345,Fleet,True,False,False
RD-1007346,Retail,False,False,False
RD-1007347,Retail,False,False,False
RD-1007348,Fleet,True,False,False
RD-1007349,Retail,False,True,False
RD-1007350,Fleet,False,False,False
RD-1007351,Fleet,False,False,False
RD-1007352,Fleet,False,False,False
RD-1007353,Retail,False,False,False
RD-1007354,Fleet,False,False,False
RD-1007355,Retail,False,False,False
RD-1007356,Retail,False,True,False
RD-1007357,Retail,False,False,False
RD-1007358,Retail,False,False,False
RD-1007359,Fleet,False,False,False
RD-1007360,Retail,False,False,False
RD-1007361,Fleet,False,False,False
RD-1007362,Fleet,False,False,False
RD-1007363,Retail,False,False,False
RD-1007364,Fleet,False,False,False
RD-1007365,Retail,False,False,False
RD-1007366,Fleet,False,False,False
RD-1007367,Retail,False,False,False
RD-1007368,Fleet,False,True,False
RD-1007369,Fleet,False,False,False
RD-1007370,Retail,False,False,False
RD-1007371,Retail,False,False,False
RD-1007372,Retail,False,False,False
RD-1007373,Fleet,False,False,False
RD-1007374,Retail,False,False,False
RD-1007375,Fleet,False,False,False
RD-1007376,Fleet,False,False,False
RD-1007377,Fleet,False,False,False
RD-1007378,Fleet,False,False,False
RD-1007379,Fleet,False,False,False
RD-1007380,Fleet,False,False,False
RD-1007381,Retail,False,True,False
RD-1007382,Fleet,False,False,False
RD-1007383,Fleet,False,False,False
RD-1007384,Fleet,False,False,False
RD-1007385,Fleet,False,False,False
RD-1007386,Fleet,False,False,False
RD-1007387,Fleet,False,False,False
RD-1007388,Retail,False,False,False
RD-1007389,Fleet,False,False,False
RD-1007390,Retail,False,False,False
RD-1007391,Retail,False,False,False
RD-1007392,Fleet,False,True,False
RD-1007393,Fleet,False,False,False
RD-1007394,Fleet,False,False,False
RD-1007395,Fleet,False,False,False
RD-1007396,Retail,False,True,False
RD-1007397,Fleet,True,False,False
RD-1007398,Retail,False,False,False
RD-1007399,Fleet,False,False,False
RD-1007400,Fleet,False,False,False
RD-1007401,Fleet,False,False,False
RD-1007402,Fleet,False,False,False
RD-1007403,Retail,False,False,False
RD-1007404,Fleet,False,False,False
RD-1007405,Retail,False,True,False
RD-1007406,Retail,False,False,False
RD-1007407,Retail,False,False,False
RD-1007408,Fleet,False,False,False
RD-1007409,Fleet,False,False,False
RD-1007410,Fleet,False,False,False
RD-1007411,Retail,False,False,False
RD-1007412,Fleet,False,False,False
RD-1007413,Fleet,False,False,False
RD-1007414,Fleet,False,False,False
RD-1007415,Fleet,False,False,False
RD-1007416,Fleet,False,False,False
RD-1007417,Fleet,False,False,False
RD-1007418,Fleet,False,False,False
RD-1007419,Fleet,False,True,False
RD-1007420,Fleet,False,False,False
RD-1007421,Fleet,False,True,False
RD-1007422,Fleet,False,False,False
RD-1007423,Retail,False,False,False
RD-1007424,Retail,False,False,False
RD-1007425,Fleet,False,False,False
RD-1007426,Retail,False,False,False
RD-1007427,Fleet,False,False,False
RD-1007428,Fleet,False,False,False
RD-1007429,Retail,False,False,False
RD-1007430,Retail,False,False,False
RD-1007431,Fleet,False,False,False
RD-1007432,Fleet,False,False,False
RD-1007433,Fleet,False,False,False
RD-1007434,Fleet,False,False,False
RD-1007435,Retail,False,False,False
RD-1007436,Retail,False,False,False
RD-1007437,Fleet,False,False,False
RD-1007438,Fleet,False,False,False
RD-1007439,Retail,False,False,False
RD-1007440,Fleet,False,False,False
RD-1007441,Retail,False,False,False
RD-1007442,Fleet,False,False,False
RD-1007443,Fleet,False,False,False
RD-1007444,Fleet,False,False,False
RD-1007445,Retail,False,False,False
RD-1007446,Retail,False,False,False
RD-1007447,Fleet,False,False,False
RD-1007448,Retail,False,False,False
RD-1007449,Fleet,False,False,False
RD-1007450,Retail,False,False,False
RD-1007451,Retail,False,False,False
RD-1007452,Fleet,False,False,False
RD-1007453,Fleet,False,False,False
RD-1007454,Fleet,False,False,False
RD-1007455,Retail,False,False,False
RD-1007456,Fleet,False,False,False
RD-1007457,Fleet,False,False,False
RD-1007458,Retail,False,False,False
RD-1007459,Fleet,False,False,False
RD-1007460,Retail,False,False,False
RD-1007461,Retail,False,False,False
RD-1007462,Fleet,False,False,False
RD-1007463,Fleet,False,False,False
RD-1007464,Fleet,False,False,False
RD-1007465,Retail,False,False,False
RD-1007466,Retail,False,False,False
RD-1007467,Fleet,False,False,False
RD-1007468,Retail,False,False,False
RD-1007469,Retail,False,False,False
RD-1007470,Fleet,False,False,False
RD-1007471,Fleet,False,False,False
RD-1007472,Fleet,False,False,False
RD-1007473,Fleet,False,False,False
RD-1007474,Retail,False,False,False
RD-1007475,Retail,False,False,False
RD-1007476,Fleet,False,False,False
RD-1007477,Fleet,False,False,False
RD-1007478,Fleet,False,True,False
RD-1007479,Retail,False,False,False
RD-1007480,Fleet,False,False,False
RD-1007481,Fleet,False,False,False
RD-1007482,Fleet,False,False,False
RD-1007483,Fleet,False,False,False
RD-1007484,Fleet,False,False,False
RD-1007485,Retail,False,False,False
RD-1007486,Retail,False,False,False
RD-1007487,Fleet,False,False,False
RD-1007488,Fleet,False,False,False
RD-1007489,Fleet,False,False,False
RD-1007490,Fleet,False,False,False
RD-1007491,Fleet,False,False,False
RD-1007492,Retail,False,False,False
RD-1007493,Retail,False,False,False
RD-1007494,Fleet,False,False,False
RD-1007495,Fleet,False,False,False
RD-1007496,Fleet,False,False,False
RD-1007497,Retail,False,False,False
RD-1007498,Fleet,False,False,False
RD-1007499,Fleet,False,False,False
RD-1007500,Retail,False,True,False
RD-1007501,Fleet,False,False,False
RD-1007502,Fleet,False,False,False
RD-1007503,Retail,False,False,False
RD-1007504,Fleet,False,False,False
RD-1007505,Retail,False,True,False
RD-1007506,Fleet,False,False,False
RD-1007507,Retail,False,False,False
RD-1007508,Retail,False,False,False
RD-1007509,Retail,False,False,False
RD-1007510,Fleet,False,False,False
RD-1007511,Retail,False,False,False
RD-1007512,Retail,False,False,False
RD-1007513,Fleet,False,False,False
RD-1007514,Fleet,False,False,False
RD-1007515,Fleet,False,False,False
RD-1007516,Fleet,False,False,False
RD-1007517,Retail,False,False,False
RD-1007518,Fleet,False,False,False
RD-1007519,Fleet,False,False,False
RD-1007520,Fleet,False,False,False
RD-1007521,Retail,False,True,False
RD-1007522,Fleet,False,False,False
RD-1007523,Retail,False,False,False
RD-1007524,Retail,False,False,False
RD-1007525,Retail,False,False,False
RD-1007526,Retail,False,False,False
RD-1007527,Fleet,False,False,False
RD-1007528,Fleet,False,True,False
RD-1007529,Fleet,False,False,False
RD-1007530,Retail,False,False,False
RD-1007531,Fleet,False,False,False
RD-1007532,Fleet,False,False,False
RD-1007533,Fleet,False,False,False
RD-1007534,Retail,False,False,False
RD-1007535,Fleet,False,True,False
RD-1007536,Fleet,False,False,False
RD-1007537,Fleet,False,False,False
RD-1007538,Fleet,False,False,False
RD-1007539,Fleet,False,False,False
RD-1007540,Fleet,False,False,False
RD-1007541,Fleet,False,False,False
RD-1007542,Retail,False,False,False
RD-1007543,Fleet,False,False,False
RD-1007544,Fleet,False,False,False
RD-1007545,Fleet,False,False,False
RD-1007546,Retail,False,False,False
RD-1007547,Retail,False,False,False
RD-1007548,Fleet,False,False,False
RD-1007549,Retail,False,False,False
RD-1007550,Retail,False,False,False
RD-1007551,Fleet,False,False,False
RD-1007552,Retail,False,False,False
RD-1007553,Fleet,False,False,False
RD-1007554,Retail,False,False,False
RD-1007555,Fleet,False,True,False
RD-1007556,Fleet,False,False,False
RD-1007557,Retail,False,False,False
RD-1007558,Fleet,False,False,False
RD-1007559,Fleet,False,False,False
RD-1007560,Fleet,False,False,False
RD-1007561,Fleet,False,False,False
RD-1007562,Retail,False,False,False
RD-1007563,Fleet,False,False,False
RD-1007564,Retail,False,False,False
RD-1007565,Fleet,False,False,False
RD-1007566,Retail,False,False,False
RD-1007567,Fleet,False,False,False
RD-1007568,Retail,False,False,False
RD-1007569,Retail,False,False,False
RD-1007570,Fleet,False,False,False
RD-1007571,Fleet,False,False,False
RD-1007572,Fleet,False,False,False
RD-1007573,Retail,False,False,False
RD-1007574,Fleet,False,False,False
RD-1007575,Fleet,False,False,False
RD-1007576,Fleet,False,False,False
RD-1007577,Fleet,False,False,False
RD-1007578,Retail,False,False,False
RD-1007579,Retail,False,False,False
RD-1007580,Fleet,False,False,False
RD-1007581,Fleet,False,False,False
RD-1007582,Fleet,False,False,False
RD-1007583,Fleet,False,False,False
RD-1007584,Fleet,False,False,False
RD-1007585,Fleet,False,False,False
RD-1007586,Retail,False,False,False
RD-1007587,Fleet,False,False,False
RD-1007588,Retail,False,False,False
RD-1007589,Fleet,False,False,False
RD-1007590,Fleet,False,False,False
RD-1007591,Retail,False,False,False
RD-1007592,Retail,False,False,False
RD-1007593,Fleet,False,False,False
RD-1007594,Fleet,False,True,False
RD-1007595,Retail,False,True,False
RD-1007596,Retail,False,False,False
RD-1007597,Retail,False,False,False
RD-1007598,Retail,False,False,False
RD-1007599,Fleet,False,False,False
RD-1007600,Fleet,False,False,False
RD-1007601,Fleet,False,False,False
RD-1007602,Fleet,False,False,False
RD-1007603,Fleet,False,False,False
RD-1007604,Fleet,False,False,False
RD-1007605,Fleet,False,False,False
RD-1007606,Retail,False,False,False
RD-1007607,Retail,False,True,False
RD-1007608,Fleet,False,False,False
RD-1007609,Fleet,False,False,False
RD-1007610,Fleet,False,False,False
RD-1007611,Retail,False,False,False
RD-1007612,Retail,False,False,False
RD-1007613,Fleet,False,True,False
RD-1007614,Fleet,False,False,False
RD-1007615,Retail,False,False,False
RD-1007616,Fleet,False,False,False
RD-1007617,Fleet,False,False,False
RD-1007618,Retail,False,False,False
RD-1007619,Fleet,False,False,False
RD-1007620,Retail,False,False,False
RD-1007621,Fleet,False,False,False
RD-1007622,Fleet,False,False,False
RD-1007623,Fleet,False,False,False
RD-1007624,Retail,False,False,False
RD-1007625,Fleet,False,False,False
RD-1007626,Fleet,False,False,False
RD-1007627,Fleet,False,False,False
RD-1007628,Fleet,False,False,False
RD-1007629,Retail,True,False,False
RD-1007630,Retail,False,False,False
RD-1007631,Fleet,False,False,False
RD-1007632,Fleet,True,False,False
RD-1007633,Fleet,False,False,False
RD-1007634,Retail,False,False,False
RD-1007635,Retail,False,False,False
RD-1007636,Fleet,False,False,False
RD-1007637,Fleet,False,False,False
RD-1007638,Fleet,False,False,False
RD-1007639,Retail,False,False,False
RD-1007640,Fleet,False,False,False
RD-1007641,Fleet,False,False,False
RD-1007642,Retail,False,False,False
RD-1007643,Fleet,False,True,False
RD-1007644,Retail,False,False,False
RD-1007645,Fleet,False,False,False
RD-1007646,Fleet,False,False,False
RD-1007647,Retail,False,True,False
RD-1007648,Retail,False,False,False
RD-1007649,Fleet,False,False,False
RD-1007650,Retail,False,False,False
RD-1007651,Fleet,False,False,False
RD-1007652,Retail,False,True,False
RD-1007653,Retail,False,False,False
RD-1007654,Retail,False,False,False
RD-1007655,Fleet,False,False,False
RD-1007656,Retail,False,False,False
RD-1007657,Fleet,False,False,False
RD-1007658,Fleet,False,True,False
RD-1007659,Fleet,False,False,False
RD-1007660,Retail,False,False,False
RD-1007661,Fleet,False,False,False
RD-1007662,Retail,False,False,False
RD-1007663,Fleet,False,False,False
RD-1007664,Fleet,False,False,False
RD-1007665,Fleet,False,False,False
RD-1007666,Fleet,False,False,False
RD-1007667,Fleet,False,False,False
RD-1007668,Fleet,False,True,False
RD-1007669,Retail,False,False,False
RD-1007670,Fleet,False,False,False
RD-1007671,Fleet,False,False,False
RD-1007672,Retail,False,False,False
RD-1007673,Retail,False,True,False
RD-1007674,Retail,False,False,False
RD-1007675,Fleet,False,False,False
RD-1007676,Fleet,False,False,False
RD-1007677,Retail,True,False,False
RD-1007678,Retail,False,False,False
RD-1007679,Fleet,False,False,False
RD-1007680,Fleet,False,False,False
RD-1007681,Retail,False,False,False
RD-1007682,Retail,False,False,False
RD-1007683,Fleet,False,False,False
RD-1007684,Retail,False,False,False
RD-1007685,Fleet,False,False,False
RD-1007686,Fleet,False,False,False
RD-1007687,Retail,False,True,False
RD-1007688,Retail,False,False,False
RD-1007689,Fleet,False,False,False
RD-1007690,Fleet,True,False,False
RD-1007691,Fleet,False,False,False
RD-1007692,Fleet,False,False,False
RD-1007693,Fleet,False,False,False
RD-1007694,Retail,False,False,False
RD-1007695,Fleet,False,False,False
RD-1007696,Fleet,False,False,False
RD-1007697,Fleet,False,False,False
RD-1007698,Fleet,False,False,False
RD-1007699,Retail,False,True,False
RD-1007700,Fleet,False,False,False
RD-1007701,Retail,False,False,False
RD-1007702,Fleet,False,False,False
RD-1007703,Fleet,False,False,False
RD-1007704,Retail,False,False,False
RD-1007705,Fleet,False,False,False
RD-1007706,Fleet,False,False,False
RD-1007707,Retail,False,False,False
RD-1007708,Fleet,True,False,False
RD-1007709,Retail,False,False,False
RD-1007710,Retail,False,False,False
RD-1007711,Fleet,False,True,False
RD-1007712,Fleet,False,False,False
RD-1007713,Fleet,False,True,False
RD-1007714,Fleet,False,False,False
RD-1007715,Retail,False,False,False
RD-1007716,Retail,False,False,False
RD-1007717,Retail,False,False,False
RD-1007718,Retail,False,False,False
RD-1007719,Retail,False,True,False
RD-1007720,Retail,False,False,False
RD-1007721,Fleet,False,False,False
RD-1007722,Retail,False,False,False
RD-1007723,Retail,False,False,False
RD-1007724,Fleet,True,False,False
RD-1007725,Fleet,False,False,False
RD-1007726,Retail,False,False,False
RD-1007727,Retail,False,False,False
RD-1007728,Fleet,False,False,False
RD-1007729,Fleet,False,False,False
RD-1007730,Retail,False,False,False
RD-1007731,Retail,False,False,False
RD-1007732,Fleet,False,False,False
RD-1007733,Retail,False,False,False
RD-1007734,Fleet,False,True,False
RD-1007735,Fleet,False,False,False
RD-1007736,Fleet,False,False,False
RD-1007737,Fleet,False,False,False
RD-1007738,Fleet,False,False,False
RD-1007739,Fleet,False,False,False
RD-1007740,Retail,False,False,False
RD-1007741,Retail,False,False,False
RD-1007742,Retail,False,False,False
RD-1007743,Retail,False,False,False
RD-1007744,Fleet,False,False,False
RD-1007745,Fleet,False,False,False
RD-1007746,Retail,False,False,False
RD-1007747,Fleet,False,False,False
RD-1007748,Fleet,False,False,False
RD-1007749,Fleet,False,False,False
RD-1007750,Retail,False,False,False
RD-1007751,Retail,False,False,False
RD-1007752,Fleet,False,True,False
RD-1007753,Retail,False,False,False
RD-1007754,Retail,False,False,False
RD-1007755,Fleet,False,False,False
RD-1007756,Fleet,False,True,False
RD-1007757,Retail,False,False,False
RD-1007758,Retail,False,False,False
RD-1007759,Fleet,False,False,False
RD-1007760,Fleet,False,False,False
RD-1007762,Fleet,False,False,False
RD-1007763,Fleet,False,False,False
RD-1007764,Fleet,False,False,False
RD-1007765,Fleet,False,False,False
RD-1007766,Retail,False,False,False
RD-1007767,Fleet,False,False,False
RD-1007768,Retail,False,False,False
RD-1007769,Retail,False,True,False
RD-1007770,Fleet,False,False,False
RD-1007771,Retail,False,True,False
RD-1007772,Retail,False,False,False
RD-1007773,Retail,False,False,False
RD-1007774,Retail,False,False,False
RD-1007775,Fleet,False,True,False
RD-1007776,Retail,False,False,False
RD-1007777,Retail,False,False,False
RD-1007778,Fleet,False,False,False
RD-1007779,Fleet,False,True,False
RD-1007780,Retail,False,False,False
RD-1007781,Fleet,False,False,False
RD-1007782,Retail,False,False,False
RD-1007783,Retail,False,False,False
RD-1007784,Fleet,False,False,False
RD-1007785,Retail,False,False,False
RD-1007786,Fleet,False,False,False
RD-1007787,Retail,False,False,False
RD-1007788,Fleet,False,False,False
RD-1007789,Retail,False,False,False
RD-1007790,Retail,False,False,False
RD-1007791,Fleet,False,False,False
RD-1007792,Retail,False,False,False
RD-1007793,Fleet,False,False,False
RD-1007794,Fleet,True,False,False
RD-1007795,Retail,False,True,False
RD-1007796,Fleet,False,False,False
RD-1007797,Retail,False,False,False
RD-1007798,Retail,False,False,False
RD-1007799,Fleet,False,False,False
RD-1007800,Retail,False,False,False
RD-1007801,Fleet,False,True,False
RD-1007802,Fleet,False,False,False
RD-1007803,Fleet,False,True,False
RD-1007804,Retail,False,False,False
RD-1007805,Fleet,False,False,False
RD-1007806,Fleet,False,False,False
RD-1007807,Fleet,False,False,False
RD-1007808,Fleet,False,False,False
RD-1007809,Fleet,False,False,False
RD-1007810,Fleet,False,False,False
RD-1007811,Retail,False,False,False
RD-1007812,Retail,False,False,False
RD-1007813,Retail,False,False,False
RD-1007814,Fleet,False,False,False
RD-1007815,Fleet,False,False,False
RD-1007816,Fleet,False,False,False
RD-1007817,Retail,False,False,False
RD-1007818,Retail,False,False,False
RD-1007819,Fleet,False,False,False
RD-1007820,Fleet,False,False,False
RD-1007821,Fleet,False,False,False
RD-1007822,Fleet,True,False,False
RD-1007823,Fleet,False,False,False
RD-1007824,Retail,True,False,False
RD-1007825,Fleet,False,False,False
RD-1007826,Retail,False,False,False
RD-1007827,Retail,False,False,False
RD-1007828,Fleet,False,True,False
RD-1007829,Fleet,False,False,False
RD-1007830,Retail,False,True,False
RD-1007831,Fleet,False,False,False
RD-1007832,Fleet,False,False,False
RD-1007833,Fleet,False,False,False
RD-1007834,Fleet,False,False,False
RD-1007835,Fleet,False,False,False
RD-1007836,Fleet,False,False,False
RD-1007837,Retail,False,False,False
RD-1007838,Fleet,False,False,False
RD-1007839,Fleet,False,False,False
RD-1007840,Fleet,False,True,False
RD-1007841,Fleet,False,False,False
RD-1007842,Fleet,False,False,False
RD-1007843,Fleet,False,False,False
RD-1007844,Retail,False,False,False
RD-1007845,Fleet,False,False,False
RD-1007846,Retail,False,False,False
RD-1007847,Fleet,False,False,False
RD-1007848,Retail,False,False,False
RD-1007849,Fleet,False,False,False
RD-1007850,Fleet,False,False,False
RD-1007851,Fleet,False,False,False
RD-1007852,Fleet,False,False,False
RD-1007853,Fleet,False,False,False
RD-1007854,Fleet,False,True,False
RD-1007855,Fleet,False,False,False
RD-1007856,Retail,False,False,False
RD-1007857,Retail,False,False,False
RD-1007858,Fleet,False,False,False
RD-1007859,Fleet,False,False,False
RD-1007860,Fleet,False,False,False
RD-1007861,Fleet,False,False,False
RD-1007862,Fleet,False,False,False
RD-1007863,Fleet,False,False,False
RD-1007864,Fleet,False,False,False
RD-1007865,Retail,False,False,False
RD-1007866,Fleet,False,False,False
RD-1007867,Fleet,False,False,False
RD-1007868,Fleet,False,False,False
RD-1007869,Retail,False,True,False
RD-1007870,Retail,False,True,True
RD-1007871,Fleet,False,False,False
RD-1007872,Retail,False,False,False
RD-1007873,Retail,False,False,False
RD-1007874,Retail,False,False,False
RD-1007875,Fleet,False,False,False
RD-1007876,Retail,False,False,False
RD-1007877,Fleet,False,False,False
RD-1007878,Fleet,False,False,False
RD-1007879,Fleet,False,False,False
RD-1007880,Fleet,False,False,False
RD-1007881,Fleet,False,False,False
RD-1007882,Fleet,False,False,False
RD-1007883,Retail,False,False,False
RD-1007884,Fleet,False,False,False
RD-1007885,Fleet,False,False,False
RD-1007886,Fleet,False,False,False
RD-1007887,Retail,False,False,False
RD-1007888,Fleet,False,False,False
RD-1007889,Fleet,False,False,False
RD-1007890,Fleet,False,False,False
RD-1007891,Retail,False,False,False
RD-1007892,Retail,False,False,False
RD-1007893,Fleet,False,False,False
RD-1007894,Fleet,True,False,False
RD-1007895,Retail,False,False,False
RD-1007896,Fleet,False,False,False
RD-1007897,Fleet,False,False,False
RD-1007898,Fleet,False,False,False
RD-1007899,Retail,False,False,False
RD-1007900,Fleet,False,True,False
RD-1007901,Fleet,False,False,False
RD-1007902,Fleet,False,False,False
RD-1007903,Retail,False,False,False
RD-1007904,Fleet,False,False,False
RD-1007905,Fleet,False,False,False
RD-1007906,Fleet,False,True,False
RD-1007907,Fleet,False,False,False
RD-1007908,Fleet,False,False,False
RD-1007909,Retail,False,False,False
RD-1007910,Fleet,False,False,False
RD-1007911,Fleet,False,False,False
RD-1007912,Retail,False,False,False
RD-1007913,Fleet,False,False,False
RD-1007914,Retail,False,False,False
RD-1007915,Retail,False,False,False
RD-1007916,Retail,False,False,False
RD-1007917,Retail,False,False,False
RD-1007918,Retail,False,False,False
RD-1007919,Fleet,False,False,False
RD-1007920,Fleet,False,False,False
RD-1007921,Fleet,False,False,False
RD-1007922,Retail,False,False,False
RD-1007923,Fleet,False,False,False
RD-1007924,Retail,False,False,False
RD-1007925,Retail,False,False,False
RD-1007926,Fleet,False,False,False
RD-1007927,Fleet,False,False,False
RD-1007928,Fleet,False,False,False
RD-1007929,Retail,True,False,False
RD-1007930,Fleet,False,False,False
RD-1007931,Fleet,False,False,False
RD-1007932,Retail,False,False,False
RD-1007933,Retail,True,False,False
RD-1007934,Fleet,False,False,False
RD-1007935,Retail,False,False,False
RD-1007936,Fleet,False,False,False
RD-1007937,Fleet,False,False,False
RD-1007938,Fleet,False,False,False
RD-1007939,Fleet,False,False,False
RD-1007940,Retail,False,False,False
RD-1007941,Fleet,False,False,False
RD-1007942,Fleet,False,False,False
RD-1007943,Fleet,False,False,False
RD-1007944,Fleet,False,False,False
RD-1007945,Fleet,False,False,False
RD-1007946,Fleet,False,False,False
RD-1007947,Fleet,False,False,False
RD-1007948,Fleet,False,False,False
RD-1007949,Retail,False,False,False
RD-1007950,Fleet,False,False,False
RD-1007951,Retail,False,False,False
RD-1007952,Fleet,False,False,False
RD-1007953,Retail,False,False,False
RD-1007954,Fleet,False,False,False
RD-1007955,Fleet,False,False,False
RD-1007956,Retail,False,False,False
RD-1007957,Fleet,False,False,False
RD-1007958,Fleet,False,True,False
RD-1007959,Fleet,False,False,False
RD-1007960,Fleet,False,False,False
RD-1007961,Retail,False,False,False
RD-1007962,Fleet,False,False,False
RD-1007963,Retail,False,False,False
RD-1007964,Fleet,False,False,False
RD-1007965,Fleet,False,False,False
RD-1007966,Fleet,False,False,False
RD-1007967,Fleet,False,False,False
RD-1007968,Fleet,False,False,False
RD-1007969,Fleet,False,False,False
RD-1007970,Retail,False,False,False
RD-1007971,Fleet,False,False,False
RD-1007972,Fleet,False,False,False
RD-1007973,Fleet,False,False,False
RD-1007974,Fleet,False,False,False
RD-1007975,Retail,False,False,False
RD-1007976,Fleet,False,False,False
RD-1007977,Fleet,False,False,False
RD-1007978,Fleet,False,False,False
RD-1007979,Fleet,False,False,False
RD-1007980,Fleet,False,False,False
RD-1007981,Fleet,False,False,False
RD-1007982,Fleet,False,False,False
RD-1007983,Fleet,False,False,False
RD-1007984,Retail,False,False,False
RD-1007985,Fleet,False,False,False
RD-1007986,Retail,False,False,False
RD-1007987,Fleet,False,False,False
RD-1007988,Fleet,False,True,False
RD-1007989,Fleet,False,False,False
RD-1007990,Retail,False,False,False
RD-1007991,Fleet,False,False,False
RD-1007992,Retail,False,True,False
RD-1007993,Fleet,False,False,False
RD-1007994,Fleet,False,False,False
RD-1007995,Fleet,False,False,False
RD-1007996,Fleet,False,False,False
RD-1007997,Fleet,False,False,False
RD-1007998,Retail,False,False,False
RD-1007999,Fleet,False,False,True
RD-1008000,Retail,False,False,False
RD-1008001,Fleet,False,False,False
RD-1008002,Retail,False,False,False
RD-1008003,Retail,False,False,False
RD-1008004,Retail,False,False,False
RD-1008005,Fleet,False,False,False
RD-1008006,Fleet,False,False,False
RD-1008007,Retail,False,False,False
RD-1008008,Retail,False,False,False
RD-1008009,Fleet,False,False,False
RD-1008010,Fleet,False,False,False
RD-1008011,Retail,False,True,False
RD-1008012,Fleet,False,False,False
RD-1008013,Fleet,False,False,False
RD-1008014,Retail,False,False,False
RD-1008015,Fleet,False,False,False
RD-1008016,Fleet,False,False,False
RD-1008017,Fleet,False,False,False
RD-1008018,Retail,False,False,False
RD-1008019,Retail,False,False,False
RD-1008020,Retail,False,True,False
RD-1008021,Fleet,False,False,False
RD-1008022,Fleet,False,False,False
RD-1008023,Fleet,False,False,False
RD-1008024,Retail,False,False,False
RD-1008025,Retail,False,False,False
RD-1008026,Fleet,False,False,False
RD-1008027,Fleet,False,False,False
RD-1008028,Fleet,False,False,False
RD-1008029,Retail,False,False,False
RD-1008030,Fleet,False,False,False
RD-1008031,Fleet,False,False,False
RD-1008032,Retail,False,False,False
RD-1008033,Fleet,False,False,False
RD-1008034,Fleet,False,False,False
RD-1008035,Retail,False,False,False
RD-1008036,Retail,True,False,False
RD-1008037,Fleet,False,False,False
RD-1008038,Fleet,False,True,False
RD-1008039,Retail,False,True,False
RD-1008040,Fleet,False,True,False
RD-1008041,Retail,False,False,False
RD-1008042,Fleet,False,False,False
RD-1008043,Fleet,False,False,False
RD-1008044,Retail,False,False,False
RD-1008045,Retail,False,False,False
RD-1008046,Fleet,False,False,False
RD-1008047,Fleet,False,False,False
RD-1008048,Fleet,False,False,False
RD-1008049,Fleet,False,True,False
RD-1008050,Retail,False,False,False
RD-1008051,Fleet,True,False,False
RD-1008052,Fleet,False,True,False
RD-1008053,Retail,False,False,False
RD-1008054,Fleet,False,False,False
RD-1008055,Retail,False,False,False
RD-1008056,Fleet,False,False,False
RD-1008057,Fleet,False,False,False
RD-1008058,Fleet,False,False,False
RD-1008059,Retail,False,False,False
RD-1008060,Retail,False,False,False
RD-1008061,Retail,False,False,False
RD-1008062,Retail,False,False,False
RD-1008063,Fleet,False,False,False
RD-1008064,Fleet,False,False,False
RD-1008065,Fleet,False,False,False
RD-1008066,Retail,False,False,False
RD-1008067,Fleet,False,False,False
RD-1008068,Retail,False,False,False
RD-1008069,Fleet,False,False,False
RD-1008070,Fleet,False,False,False
RD-1008071,Fleet,False,False,False
RD-1008072,Fleet,False,False,False
RD-1008073,Fleet,False,False,False
RD-1008074,Fleet,False,False,False
RD-1008075,Fleet,False,False,False
RD-1008076,Retail,False,False,False
RD-1008077,Fleet,False,False,False
RD-1008078,Retail,False,False,False
RD-1008079,Retail,False,False,False
RD-1008080,Fleet,False,False,False
RD-1008081,Fleet,True,False,False
RD-1008082,Retail,False,False,False
RD-1008083,Fleet,False,False,False
RD-1008084,Fleet,False,False,False
RD-1008085,Fleet,False,False,False
RD-1008086,Fleet,False,False,False
RD-1008087,Fleet,False,False,False
RD-1008088,Retail,False,False,False
RD-1008089,Fleet,False,False,False
RD-1008090,Retail,False,False,False
RD-1008091,Fleet,False,False,False
RD-1008092,Retail,False,False,False
RD-1008093,Fleet,False,False,False
RD-1008094,Retail,False,False,False
RD-1008095,Fleet,False,False,False
RD-1008096,Retail,False,False,False
RD-1008097,Retail,False,False,False
RD-1008098,Fleet,False,False,False
RD-1008099,Fleet,False,False,False
RD-1008100,Retail,False,False,False
RD-1008101,Fleet,False,False,False
RD-1008102,Fleet,False,False,False
RD-1008103,Fleet,False,False,False
RD-1008104,Fleet,False,False,False
RD-1008105,Fleet,False,False,False
RD-1008106,Retail,False,False,False
RD-1008107,Retail,False,False,False
RD-1008108,Retail,False,False,False
RD-1008109,Retail,False,False,False
RD-1008110,Retail,False,False,False
RD-1008111,Fleet,False,True,False
RD-1008112,Fleet,False,False,False
RD-1008113,Fleet,False,False,False
RD-1008114,Retail,False,False,False
RD-1008115,Retail,False,False,False
RD-1008116,Retail,False,False,False
RD-1008117,Fleet,False,False,False
RD-1008118,Fleet,False,False,False
RD-1008119,Fleet,False,False,False
RD-1008120,Retail,False,False,False
RD-1008121,Fleet,False,False,False
RD-1008122,Fleet,False,False,False
RD-1008123,Fleet,False,False,False
RD-1008124,Retail,False,False,False
RD-1008125,Fleet,False,False,False
RD-1008126,Fleet,False,False,False
RD-1008127,Retail,False,False,False
RD-1008128,Fleet,False,False,False
RD-1008129,Retail,False,False,False
RD-1008130,Fleet,False,False,False
RD-1008131,Fleet,False,False,False
RD-1008132,Retail,False,False,False
RD-1008133,Fleet,False,False,False
RD-1008134,Fleet,False,False,False
RD-1008135,Retail,False,False,False
RD-1008136,Retail,False,False,False
RD-1008137,Fleet,False,False,False
RD-1008138,Fleet,False,False,False
RD-1008139,Fleet,False,False,False
RD-1008140,Fleet,False,False,False
RD-1008141,Fleet,False,False,False
RD-1008142,Fleet,False,False,False
RD-1008143,Fleet,False,False,False
RD-1008144,Retail,False,True,False
RD-1008145,Fleet,False,False,False
RD-1008146,Fleet,False,False,False
RD-1008147,Fleet,False,False,False
RD-1008148,Fleet,False,False,False
RD-1008149,Fleet,False,False,False
RD-1008150,Fleet,False,True,False
RD-1008151,Fleet,False,False,False
RD-1008152,Retail,False,False,False
RD-1008153,Fleet,False,False,False
RD-1008154,Fleet,False,False,False
RD-1008155,Fleet,False,False,False
RD-1008156,Fleet,False,False,False
RD-1008157,Retail,False,False,False
RD-1008158,Fleet,True,False,False
RD-1008159,Fleet,False,False,False
RD-1008160,Retail,False,False,False
RD-1008161,Retail,False,False,False
RD-1008162,Fleet,False,False,False
RD-1008163,Fleet,True,False,False
RD-1008164,Fleet,False,False,False
RD-1008165,Fleet,False,False,False
RD-1008166,Fleet,False,False,False
RD-1008167,Fleet,False,False,False
RD-1008168,Retail,False,False,False
RD-1008169,Fleet,False,False,False
RD-1008170,Fleet,False,False,False
RD-1008171,Fleet,False,False,False
RD-1008172,Fleet,False,False,False
RD-1008173,Fleet,False,False,False
RD-1008174,Fleet,False,False,False
RD-1008175,Fleet,False,False,False
RD-1008176,Retail,False,False,False
RD-1008177,Fleet,False,False,False
RD-1008178,Fleet,False,False,False
RD-1008179,Fleet,False,False,False
RD-1008180,Fleet,False,False,False
RD-1008181,Fleet,False,False,False
RD-1008182,Retail,False,True,False
RD-1008184,Fleet,False,False,False
RD-1008185,Fleet,False,False,False
RD-1008186,Fleet,False,False,False
RD-1008187,Fleet,False,False,False
RD-1008188,Retail,False,False,False
RD-1008189,Fleet,False,False,False
RD-1008190,Retail,False,False,False
RD-1008191,Retail,False,False,False
RD-1008192,Fleet,False,False,False
RD-1008193,Fleet,False,False,False
RD-1008194,Retail,False,False,False
RD-1008195,Retail,False,False,False
RD-1008196,Retail,False,False,False
RD-1008197,Retail,False,False,False
RD-1008198,Retail,False,False,False
RD-1008199,Fleet,False,False,False
RD-1008200,Fleet,False,True,False
RD-1008201,Retail,False,False,False
RD-1008202,Fleet,False,False,False
RD-1008203,Fleet,False,True,False
RD-1008204,Retail,False,False,False
RD-1008205,Retail,False,True,False
RD-1008206,Fleet,False,False,False
RD-1008207,Fleet,False,False,False
RD-1008208,Fleet,False,False,False
RD-1008209,Retail,False,False,False
RD-1008210,Fleet,False,False,False
RD-1008211,Fleet,False,False,False
RD-1008212,Retail,False,False,False
RD-1008213,Fleet,False,False,False
RD-1008214,Retail,False,False,False
RD-1008215,Fleet,False,False,False
RD-1008216,Fleet,False,False,False
RD-1008217,Fleet,False,True,False
RD-1008218,Fleet,False,False,False
RD-1008219,Retail,False,True,False
RD-1008220,Retail,False,False,False
RD-1008221,Fleet,False,False,False
RD-1008222,Fleet,False,False,False
RD-1008223,Fleet,False,False,False
RD-1008224,Retail,False,False,False
RD-1008225,Fleet,False,False,False
RD-1008226,Fleet,False,False,False
RD-1008227,Retail,False,False,False
RD-1008228,Fleet,False,False,False
RD-1008229,Fleet,False,False,False
RD-1008230,Fleet,False,False,False
RD-1008231,Retail,False,False,False
RD-1008232,Retail,False,False,False
RD-1008233,Retail,False,False,False
RD-1008234,Retail,False,False,False
RD-1008235,Fleet,False,False,False
RD-1008236,Retail,False,False,False
RD-1008237,Fleet,False,False,False
RD-1008238,Fleet,False,False,False
RD-1008239,Retail,False,False,False
RD-1008240,Retail,False,False,False
RD-1008241,Fleet,False,True,False
RD-1008242,Retail,False,False,False
RD-1008243,Fleet,False,False,False
RD-1008244,Fleet,False,False,False
RD-1008245,Retail,False,False,False
RD-1008246,Retail,False,False,False
RD-1008247,Retail,False,False,False
RD-1008248,Fleet,False,False,False
RD-1008249,Fleet,False,False,False
RD-1008250,Fleet,False,False,False
RD-1008251,Retail,False,False,False
RD-1008252,Fleet,False,False,False
RD-1008253,Retail,False,False,False
RD-1008254,Retail,False,False,False
RD-1008255,Retail,False,False,False
RD-1008256,Fleet,False,False,False
RD-1008257,Fleet,False,False,False
RD-1008258,Retail,False,False,False
RD-1008259,Fleet,False,False,False
RD-1008260,Retail,False,False,False
RD-1008261,Retail,False,False,False
RD-1008262,Retail,False,False,False
RD-1008263,Retail,False,False,False
RD-1008264,Fleet,False,False,False
RD-1008265,Fleet,False,False,False
RD-1008266,Fleet,False,False,False
RD-1008267,Retail,False,False,False
RD-1008268,Fleet,False,False,False
RD-1008269,Retail,False,False,False
RD-1008270,Fleet,False,False,False
RD-1008271,Fleet,False,False,False
RD-1008272,Fleet,False,False,False
RD-1008273,Retail,False,False,False
RD-1008274,Fleet,False,False,False
RD-1008275,Fleet,False,False,False
RD-1008276,Retail,False,False,False
RD-1008277,Fleet,False,False,False
RD-1008278,Fleet,False,False,False
RD-1008279,Retail,False,True,False
RD-1008280,Retail,False,False,False
RD-1008281,Fleet,False,False,False
RD-1008282,Retail,False,False,False
RD-1008283,Fleet,False,True,False
RD-1008284,Fleet,False,False,False
RD-1008285,Fleet,False,False,False
RD-1008286,Retail,True,False,False
RD-1008287,Retail,False,False,False
RD-1008288,Fleet,False,False,False
RD-1008289,Retail,False,False,False
RD-1008290,Fleet,False,False,False
RD-1008291,Fleet,False,True,False
RD-1008292,Fleet,False,False,False
RD-1008293,Fleet,False,False,False
RD-1008294,Retail,False,False,False
RD-1008295,Retail,False,False,False
RD-1008296,Fleet,False,False,False
RD-1008297,Fleet,False,False,False
RD-1008298,Fleet,False,False,False
RD-1008299,Retail,False,False,False
RD-1008300,Retail,False,False,False
RD-1008301,Fleet,False,False,False
RD-1008302,Retail,False,False,False
RD-1008303,Fleet,False,False,False
RD-1008304,Fleet,False,False,False
RD-1008305,Fleet,False,True,False
RD-1008306,Retail,False,False,False
RD-1008307,Retail,False,False,False
RD-1008308,Fleet,False,False,False
RD-1008309,Fleet,False,False,False
RD-1008310,Retail,False,False,False
RD-1008311,Fleet,False,False,False
RD-1008312,Retail,False,False,False
RD-1008313,Fleet,False,False,False
RD-1008314,Fleet,False,False,False
RD-1008315,Fleet,False,True,False
RD-1008316,Fleet,False,True,False
RD-1008317,Fleet,False,False,False
RD-1008318,Fleet,False,False,False
RD-1008319,Retail,False,False,False
RD-1008320,Fleet,False,False,False
RD-1008321,Retail,False,False,False
RD-1008322,Fleet,False,False,False
RD-1008323,Retail,False,False,False
RD-1008324,Retail,False,False,False
RD-1008325,Retail,False,False,False
RD-1008326,Fleet,True,False,False
RD-1008327,Retail,False,True,False
RD-1008328,Fleet,False,False,False
RD-1008329,Retail,False,False,False
RD-1008330,Fleet,False,False,False
RD-1008331,Retail,False,False,False
RD-1008332,Fleet,False,False,False
RD-1008333,Fleet,False,False,False
RD-1008334,Fleet,False,False,False
RD-1008335,Retail,False,False,False
RD-1008336,Fleet,False,False,False
RD-1008337,Retail,False,False,False
RD-1008338,Fleet,False,False,False
RD-1008339,Retail,False,False,False
RD-1008340,Fleet,False,False,False
RD-1008341,Fleet,False,False,False
RD-1008342,Fleet,False,False,False
RD-1008343,Retail,False,False,False
RD-1008344,Fleet,False,False,False
RD-1008345,Fleet,False,False,False
RD-1008346,Fleet,False,False,False
RD-1008347,Retail,False,False,False
RD-1008348,Fleet,False,False,False
RD-1008349,Fleet,False,False,False
RD-1008350,Fleet,False,False,False
RD-1008351,Fleet,False,False,False
RD-1008352,Fleet,False,False,False
RD-1008353,Fleet,False,False,False
RD-1008354,Fleet,False,False,False
RD-1008355,Retail,False,False,False
RD-1008356,Fleet,False,False,False
RD-1008357,Retail,False,False,False
RD-1008358,Retail,False,False,False
RD-1008359,Retail,False,False,False
RD-1008360,Fleet,False,False,False
RD-1008361,Fleet,False,False,False
RD-1008362,Retail,False,False,False
RD-1008363,Fleet,False,False,False
RD-1008364,Fleet,False,False,False
RD-1008365,Fleet,False,False,False
RD-1008366,Fleet,False,False,False
RD-1008367,Fleet,False,True,False
RD-1008368,Retail,False,True,False
RD-1008369,Retail,True,False,False
RD-1008370,Retail,False,False,False
RD-1008371,Retail,False,False,False
RD-1008372,Retail,False,False,False
RD-1008373,Retail,False,False,False
RD-1008374,Retail,False,False,False
RD-1008375,Retail,False,False,False
RD-1008376,Retail,False,False,False
RD-1008378,Fleet,False,False,False
RD-1008379,Retail,False,False,False
RD-1008380,Fleet,False,False,False
RD-1008381,Retail,False,False,False
RD-1008382,Fleet,False,False,False
RD-1008383,Fleet,False,False,False
RD-1008384,Fleet,False,False,False
RD-1008385,Retail,False,False,False
RD-1008386,Fleet,False,False,False
RD-1008387,Fleet,False,False,False
RD-1008388,Fleet,False,False,False
RD-1008389,Retail,False,False,False
RD-1008390,Fleet,False,False,False
RD-1008391,Fleet,False,False,False
RD-1008392,Retail,False,False,False
RD-1008393,Fleet,False,False,False
RD-1008394,Fleet,False,False,False
RD-1008395,Retail,False,False,False
RD-1008396,Fleet,False,False,False
RD-1008397,Fleet,False,False,False
RD-1008398,Fleet,False,False,False
RD-1008399,Retail,False,False,False
RD-1008400,Fleet,False,False,False
RD-1008401,Fleet,False,False,False
RD-1008402,Fleet,False,False,False
RD-1008403,Fleet,False,True,False
RD-1008404,Retail,False,False,False
RD-1008405,Fleet,False,False,False
RD-1008406,Fleet,False,True,False
RD-1008407,Fleet,False,False,False
RD-1008408,Retail,False,False,False
RD-1008409,Retail,False,False,False
RD-1008410,Fleet,False,False,False
RD-1008411,Fleet,False,False,False
RD-1008412,Retail,False,False,False
RD-1008413,Fleet,False,False,False
RD-1008414,Retail,False,False,False
RD-1008415,Fleet,False,False,False
RD-1008416,Fleet,False,True,False
RD-1008417,Fleet,False,False,False
RD-1008418,Fleet,False,True,False
RD-1008419,Fleet,False,False,False
RD-1008420,Fleet,False,False,False
RD-1008421,Fleet,False,False,False
RD-1008422,Fleet,False,False,False
RD-1008423,Fleet,False,False,False
RD-1008424,Retail,False,False,False
RD-1008425,Fleet,True,False,False
RD-1008426,Retail,False,False,False
RD-1008427,Fleet,False,False,False
RD-1008428,Fleet,True,False,False
RD-1008429,Fleet,False,False,False
RD-1008430,Retail,False,False,False
RD-1008431,Fleet,False,False,False
RD-1008432,Fleet,False,False,False
RD-1008433,Retail,False,False,False
RD-1008434,Fleet,False,False,False
RD-1008435,Retail,False,False,False
RD-1008436,Fleet,False,False,False
RD-1008437,Fleet,False,True,False
RD-1008438,Fleet,False,True,False
RD-1008439,Retail,False,False,False
RD-1008440,Fleet,False,False,False
RD-1008441,Fleet,False,False,False
RD-1008442,Fleet,False,False,False
RD-1008443,Retail,False,False,False
RD-1008444,Fleet,False,False,False
RD-1008445,Fleet,False,False,False
RD-1008446,Fleet,False,False,False
RD-1008447,Fleet,False,False,False
RD-1008448,Retail,False,False,False
RD-1008449,Retail,False,False,False
RD-1008450,Retail,False,False,False
RD-1008451,Retail,True,False,False
RD-1008452,Fleet,True,False,False
RD-1008453,Fleet,False,True,False
RD-1008454,Fleet,False,False,False
RD-1008455,Fleet,False,False,False
RD-1008456,Retail,False,False,False
RD-1008457,Retail,False,False,False
RD-1008458,Retail,False,False,False
RD-1008459,Retail,False,False,False
RD-1008460,Retail,False,False,False
RD-1008461,Fleet,False,False,False
RD-1008462,Fleet,False,False,False
RD-1008463,Fleet,False,False,False
RD-1008464,Fleet,False,False,False
RD-1008465,Fleet,False,False,False
RD-1008466,Retail,False,False,False
RD-1008467,Retail,False,False,False
RD-1008468,Retail,False,False,False
RD-1008469,Retail,False,False,False
RD-1008470,Retail,False,False,False
RD-1008471,Fleet,False,False,False
RD-1008472,Fleet,False,False,False
RD-1008473,Retail,False,False,False
RD-1008474,Retail,False,False,False
RD-1008475,Fleet,False,False,False
RD-1008476,Fleet,False,False,False
RD-1008477,Retail,False,False,False
RD-1008478,Retail,False,False,False
RD-1008479,Retail,False,False,False
RD-1008480,Retail,False,False,False
RD-1008481,Retail,False,False,False
RD-1008482,Retail,False,True,False
RD-1008483,Fleet,False,False,False
RD-1008484,Fleet,False,False,False
RD-1008485,Fleet,False,False,False
RD-1008486,Retail,False,False,False
RD-1008487,Fleet,False,False,False
RD-1008488,Fleet,False,False,False
RD-1008489,Retail,False,False,False
RD-1008490,Fleet,False,False,False
RD-1008491,Fleet,False,False,False
RD-1008492,Retail,False,False,False
RD-1008493,Fleet,False,False,False
RD-1008494,Fleet,False,False,False
RD-1008495,Retail,False,False,False
RD-1008496,Fleet,False,False,False
RD-1008497,Retail,False,False,False
RD-1008498,Retail,False,True,False
RD-1008499,Fleet,False,False,False
RD-1008500,Fleet,False,False,False
RD-1008501,Fleet,False,False,False
RD-1008502,Retail,False,False,False
RD-1008503,Retail,False,True,False
RD-1008504,Fleet,True,False,False
RD-1008505,Fleet,True,False,False
RD-1008506,Fleet,False,False,False
RD-1008507,Fleet,False,False,False
RD-1008508,Fleet,False,False,False
RD-1008509,Fleet,False,False,False
RD-1008510,Fleet,False,False,False
RD-1008511,Fleet,False,False,False
RD-1008512,Fleet,False,False,False
RD-1008513,Fleet,False,False,False
RD-1008514,Fleet,False,True,False
RD-1008515,Fleet,False,False,False
RD-1008516,Retail,False,False,False
RD-1008517,Retail,False,False,False
RD-1008518,Retail,False,False,False
RD-1008519,Retail,False,False,False
RD-1008520,Fleet,False,False,False
RD-1008521,Retail,False,False,False
RD-1008522,Fleet,False,False,False
RD-1008523,Fleet,False,False,False
RD-1008524,Fleet,False,False,False
RD-1008525,Retail,False,False,False
RD-1008526,Fleet,False,False,False
RD-1008527,Fleet,False,True,False
RD-1008528,Fleet,False,False,False
RD-1008529,Fleet,False,False,False
RD-1008530,Fleet,False,False,False
RD-1008531,Retail,False,False,False
RD-1008532,Fleet,False,False,False
RD-1008533,Fleet,False,False,False
RD-1008534,Retail,False,True,False
RD-1008535,Fleet,False,False,False
RD-1008536,Fleet,False,False,False
RD-1008537,Retail,False,False,False
RD-1008538,Retail,False,False,False
RD-1008539,Fleet,False,False,False
RD-1008540,Fleet,False,False,False
RD-1008541,Fleet,False,False,False
RD-1008542,Fleet,False,False,False
RD-1008543,Fleet,False,False,False
RD-1008544,Retail,False,True,False
RD-1008545,Retail,False,False,False
RD-1008546,Fleet,False,False,False
RD-1008547,Fleet,False,True,False
RD-1008548,Fleet,False,False,False
RD-1008549,Fleet,False,False,False
RD-1008550,Fleet,False,False,False
RD-1008551,Fleet,False,False,False
RD-1008552,Retail,False,False,False
RD-1008553,Fleet,False,False,False
RD-1008554,Fleet,False,False,False
RD-1008555,Retail,False,False,False
RD-1008556,Retail,False,True,False
RD-1008557,Retail,False,False,False
RD-1008558,Retail,False,False,False
RD-1008559,Fleet,True,False,False
RD-1008560,Fleet,False,True,False
RD-1008561,Fleet,False,False,False
RD-1008562,Fleet,False,False,False
RD-1008563,Retail,False,False,False
RD-1008564,Fleet,False,False,False
RD-1008565,Fleet,False,False,False
RD-1008566,Fleet,False,False,False
RD-1008567,Fleet,False,False,False
RD-1008568,Fleet,False,False,False
RD-1008569,Retail,False,False,False
RD-1008570,Fleet,False,False,False
RD-1008571,Retail,False,False,False
RD-1008572,Fleet,False,False,False
RD-1008573,Fleet,False,False,False
RD-1008574,Fleet,False,False,False
RD-1008575,Fleet,False,False,False
RD-1008576,Fleet,False,False,False
RD-1008577,Fleet,False,True,False
RD-1008578,Fleet,False,False,False
RD-1008579,Retail,False,False,False
RD-1008580,Fleet,False,False,False
RD-1008581,Fleet,False,False,False
RD-1008582,Fleet,False,False,False
RD-1008583,Fleet,False,False,False
RD-1008584,Retail,False,False,False
RD-1008585,Retail,False,False,False
RD-1008586,Fleet,False,False,False
RD-1008587,Fleet,False,False,False
RD-1008588,Retail,False,False,False
RD-1008589,Retail,False,False,False
RD-1008590,Fleet,False,False,False
RD-1008591,Fleet,False,False,False
RD-1008592,Fleet,False,False,False
RD-1008593,Retail,False,False,False
RD-1008594,Retail,False,False,False
RD-1008595,Fleet,False,False,False
RD-1008596,Retail,False,False,False
RD-1008597,Fleet,False,False,False
RD-1008598,Fleet,False,False,False
RD-1008599,Fleet,False,False,False
RD-1008600,Retail,False,False,False
RD-1008601,Fleet,False,False,False
RD-1008602,Fleet,False,False,False
RD-1008603,Retail,False,False,False
RD-1008604,Fleet,False,False,False
RD-1008605,Fleet,False,False,False
RD-1008606,Retail,False,False,False
RD-1008607,Retail,False,False,False
RD-1008608,Fleet,False,False,False
RD-1008609,Retail,False,False,False
RD-1008610,Retail,False,False,False
RD-1008611,Fleet,False,False,False
RD-1008612,Retail,False,False,False
RD-1008613,Retail,False,False,False
RD-1008614,Fleet,False,False,False
RD-1008615,Retail,False,False,False
RD-1008616,Fleet,False,True,False
RD-1008617,Retail,False,False,False
RD-1008618,Retail,False,False,False
RD-1008619,Fleet,False,False,False
RD-1008620,Retail,False,False,False
RD-1008621,Retail,False,False,False
RD-1008622,Retail,False,False,False
RD-1008623,Fleet,False,False,False
RD-1008624,Fleet,False,False,False
RD-1008625,Retail,False,False,False
RD-1008626,Retail,False,False,False
RD-1008627,Fleet,False,False,False
RD-1008628,Fleet,False,True,False
RD-1008629,Fleet,False,False,False
RD-1008630,Retail,False,False,False
RD-1008631,Retail,False,False,False
RD-1008632,Fleet,False,False,False
RD-1008633,Fleet,False,False,False
RD-1008634,Fleet,False,False,False
RD-1008635,Fleet,False,False,False
RD-1008636,Retail,False,False,False
RD-1008637,Fleet,False,False,False
RD-1008638,Retail,False,False,False
RD-1008639,Fleet,False,False,False
RD-1008640,Retail,False,False,False
RD-1008641,Fleet,False,False,False
RD-1008642,Fleet,False,False,False
RD-1008643,Retail,False,False,False
RD-1008644,Fleet,False,False,False
RD-1008645,Retail,False,False,False
RD-1008646,Retail,False,True,False
RD-1008647,Fleet,False,False,False
RD-1008648,Retail,False,False,False
RD-1008649,Retail,False,False,False
RD-1008650,Retail,False,False,False
RD-1008651,Retail,False,False,False
RD-1008652,Fleet,False,False,False
RD-1008653,Retail,False,False,False
RD-1008654,Fleet,False,False,False
RD-1008655,Fleet,False,False,False
RD-1008656,Fleet,False,False,False
RD-1008657,Fleet,False,False,False
RD-1008658,Fleet,False,False,False
RD-1008659,Retail,False,False,False
RD-1008660,Fleet,False,False,False
RD-1008661,Retail,False,False,False
RD-1008662,Fleet,False,False,False
RD-1008663,Retail,False,False,False
RD-1008664,Fleet,False,False,False
RD-1008665,Retail,False,False,False
RD-1008666,Fleet,False,False,False
RD-1008667,Fleet,False,False,False
RD-1008668,Fleet,False,False,False
RD-1008669,Retail,False,False,False
RD-1008670,Fleet,False,False,False
RD-1008671,Fleet,False,False,False
RD-1008672,Fleet,False,False,False
RD-1008673,Fleet,False,True,False
RD-1008674,Retail,False,False,False
RD-1008675,Retail,False,False,False
RD-1008676,Fleet,False,False,False
RD-1008677,Retail,False,False,False
RD-1008678,Fleet,False,True,False
RD-1008679,Fleet,False,False,False
RD-1008680,Retail,False,False,False
RD-1008681,Fleet,False,True,False
RD-1008682,Fleet,False,False,False
RD-1008683,Retail,False,False,False
RD-1008684,Fleet,False,False,False
RD-1008685,Retail,False,False,False
RD-1008686,Retail,False,False,False
RD-1008687,Fleet,False,False,False
RD-1008688,Fleet,False,False,False
RD-1008689,Retail,False,False,False
RD-1008690,Fleet,False,False,False
RD-1008691,Fleet,False,True,False
RD-1008692,Retail,False,False,False
RD-1008693,Fleet,False,False,False
RD-1008694,Fleet,False,False,False
RD-1008695,Fleet,False,False,False
RD-1008696,Retail,False,False,False
RD-1008697,Retail,False,False,False
RD-1008698,Retail,False,False,False
RD-1008699,Retail,False,False,False
RD-1008700,Retail,False,False,False
RD-1008701,Fleet,False,True,False
RD-1008702,Fleet,False,False,False
RD-1008703,Fleet,False,False,False
RD-1008704,Retail,False,False,False
RD-1008705,Fleet,False,False,False
RD-1008706,Fleet,False,False,False
RD-1008707,Fleet,False,True,False
RD-1008708,Retail,False,False,False
RD-1008709,Fleet,False,False,False
RD-1008711,Fleet,False,False,False
RD-1008712,Retail,False,False,False
RD-1008713,Retail,False,False,False
RD-1008714,Retail,False,False,False
RD-1008715,Fleet,False,False,False
RD-1008716,Fleet,False,False,False
RD-1008717,Retail,False,False,False
RD-1008718,Fleet,False,False,False
RD-1008719,Retail,False,False,False
RD-1008720,Retail,False,False,False
RD-1008721,Fleet,False,False,False
RD-1008722,Fleet,False,False,False
RD-1008723,Fleet,False,False,False
RD-1008724,Fleet,False,False,False
RD-1008725,Fleet,False,False,False
RD-1008726,Retail,False,False,False
RD-1008727,Fleet,False,False,False
RD-1008728,Retail,False,False,False
RD-1008729,Fleet,False,False,False
RD-1008730,Fleet,False,False,False
RD-1008731,Fleet,False,False,False
RD-1008732,Retail,False,True,False
RD-1008733,Fleet,False,False,False
RD-1008734,Retail,False,False,False
RD-1008735,Retail,False,True,False
RD-1008736,Fleet,False,False,False
RD-1008737,Retail,False,False,False
RD-1008738,Fleet,False,False,False
RD-1008739,Retail,False,False,False
RD-1008740,Fleet,False,False,False
RD-1008741,Fleet,False,False,False
RD-1008742,Fleet,False,False,False
RD-1008743,Fleet,False,False,False
RD-1008744,Fleet,False,True,False
RD-1008745,Fleet,False,False,False
RD-1008746,Fleet,False,False,False
RD-1008747,Fleet,False,False,False
RD-1008748,Fleet,False,False,False
RD-1008749,Fleet,False,True,False
RD-1008750,Fleet,False,False,False
RD-1008751,Retail,False,False,False
RD-1008752,Fleet,False,False,False
RD-1008753,Fleet,False,False,False
RD-1008754,Fleet,False,False,False
RD-1008755,Fleet,False,False,False
RD-1008756,Fleet,False,False,False
RD-1008757,Fleet,False,False,False
RD-1008758,Fleet,False,False,False
RD-1008759,Retail,False,False,False
RD-1008760,Retail,False,False,False
RD-1008761,Fleet,False,False,False
RD-1008762,Retail,False,False,False
RD-1008763,Fleet,False,False,False
RD-1008764,Fleet,False,False,False
RD-1008765,Fleet,True,False,False
RD-1008766,Fleet,False,True,False
RD-1008767,Fleet,False,False,False
RD-1008768,Retail,False,False,False
RD-1008769,Fleet,False,False,False
RD-1008770,Fleet,False,False,False
RD-1008771,Fleet,False,False,False
RD-1008772,Retail,False,False,False
RD-1008773,Retail,False,True,False
RD-1008774,Retail,False,False,False
RD-1008775,Retail,False,False,False
RD-1008776,Retail,False,False,False
RD-1008777,Fleet,False,False,False
RD-1008778,Fleet,False,False,False
RD-1008779,Fleet,False,False,False
RD-1008780,Fleet,False,False,False
RD-1008781,Fleet,False,False,False
RD-1008782,Fleet,False,False,False
RD-1008783,Fleet,False,False,False
RD-1008784,Retail,False,False,False
RD-1008785,Fleet,False,False,False
RD-1008786,Retail,False,False,False
RD-1008787,Fleet,False,False,False
RD-1008788,Fleet,False,False,False
RD-1008789,Fleet,False,False,False
RD-1008790,Retail,False,False,False
RD-1008791,Fleet,False,False,False
RD-1008792,Retail,False,False,False
RD-1008793,Retail,False,False,False
RD-1008794,Fleet,False,False,False
RD-1008795,Fleet,False,False,False
RD-1008796,Retail,False,False,False
RD-1008797,Fleet,False,True,False
RD-1008798,Retail,False,False,False
RD-1008799,Retail,False,False,False
RD-1008800,Fleet,False,False,False
RD-1008801,Fleet,False,False,False
RD-1008802,Retail,False,False,False
RD-1008803,Fleet,False,False,False
RD-1008804,Fleet,False,False,False
RD-1008805,Fleet,False,False,False
RD-1008806,Fleet,False,False,False
RD-1008807,Retail,False,False,False
RD-1008808,Retail,False,False,False
RD-1008809,Fleet,False,False,False
RD-1008810,Fleet,False,True,False
RD-1008811,Retail,False,True,False
RD-1008812,Fleet,False,False,False
RD-1008813,Fleet,False,False,False
RD-1008814,Retail,False,False,False
RD-1008815,Fleet,False,False,False
RD-1008816,Fleet,False,False,False
RD-1008817,Retail,False,False,False
RD-1008818,Retail,False,False,False
RD-1008819,Fleet,False,False,False
RD-1008820,Fleet,False,False,False
RD-1008821,Fleet,False,False,False
RD-1008822,Fleet,False,False,False
RD-1008823,Retail,False,False,False
RD-1008824,Retail,False,False,False
RD-1008825,Retail,False,False,False
RD-1008826,Retail,False,False,False
RD-1008827,Fleet,False,True,False
RD-1008828,Fleet,False,False,False
RD-1008829,Retail,False,False,False
RD-1008830,Fleet,False,False,False
RD-1008831,Retail,False,False,False
RD-1008832,Fleet,False,False,False
RD-1008833,Fleet,False,False,False
RD-1008834,Fleet,False,False,False
RD-1008835,Retail,False,False,False
RD-1008836,Fleet,False,False,False
RD-1008837,Retail,False,False,False
RD-1008838,Fleet,False,False,False
RD-1008839,Fleet,False,False,False
RD-1008840,Fleet,False,False,False
RD-1008841,Retail,False,False,False
RD-1008842,Fleet,False,False,False
RD-1008843,Retail,False,False,False
RD-1008844,Retail,False,False,False
RD-1008845,Fleet,False,False,False
RD-1008846,Retail,False,False,False
RD-1008847,Retail,False,False,False
RD-1008848,Fleet,False,False,False
RD-1008849,Retail,False,True,False
RD-1008850,Fleet,False,False,False
RD-1008851,Fleet,False,False,False
RD-1008852,Fleet,False,False,False
RD-1008853,Retail,False,True,False
RD-1008854,Fleet,False,False,False
RD-1008855,Fleet,False,False,False
RD-1008856,Fleet,False,False,False
RD-1008857,Fleet,True,False,False
RD-1008858,Retail,False,False,False
RD-1008859,Fleet,False,False,False
RD-1008860,Retail,False,True,False
RD-1008861,Retail,False,True,False
RD-1008862,Fleet,False,False,False
RD-1008863,Retail,False,True,False
RD-1008864,Retail,False,False,False
RD-1008865,Fleet,False,False,False
RD-1008866,Fleet,False,False,False
RD-1008867,Retail,False,True,False
RD-1008868,Retail,False,True,False
RD-1008869,Fleet,False,False,False
RD-1008870,Fleet,False,False,False
RD-1008871,Retail,False,False,False
RD-1008872,Retail,False,False,False
RD-1008873,Retail,False,False,False
RD-1008874,Retail,False,False,False
RD-1008875,Fleet,False,False,False
RD-1008876,Retail,False,False,False
RD-1008877,Fleet,False,False,False
RD-1008878,Fleet,False,False,False
RD-1008879,Fleet,False,False,False
RD-1008880,Fleet,False,False,False
RD-1008881,Retail,False,False,False
RD-1008882,Fleet,False,False,False
RD-1008883,Retail,False,False,False
RD-1008884,Retail,False,False,False
RD-1008885,Fleet,False,True,False
RD-1008886,Fleet,False,False,False
RD-1008887,Fleet,False,False,False
RD-1008888,Fleet,False,False,False
RD-1008889,Retail,False,False,False
RD-1008890,Retail,False,False,False
RD-1008891,Fleet,False,False,False
RD-1008892,Fleet,False,False,False
RD-1008893,Fleet,False,False,False
RD-1008894,Retail,False,False,False
RD-1008895,Fleet,False,False,False
RD-1008896,Retail,False,False,False
RD-1008897,Fleet,False,False,False
RD-1008898,Fleet,False,False,False
RD-1008899,Retail,False,False,False
RD-1008900,Retail,False,False,False
RD-1008901,Fleet,False,False,False
RD-1008902,Retail,False,False,False
RD-1008903,Fleet,False,False,False
RD-1008904,Retail,False,False,False
RD-1008905,Fleet,False,False,False
RD-1008906,Fleet,False,True,False
RD-1008907,Fleet,False,False,False
RD-1008908,Retail,False,False,False
RD-1008909,Retail,False,False,False
RD-1008910,Fleet,False,False,False
RD-1008911,Retail,False,False,False
RD-1008912,Retail,False,True,False
RD-1008913,Fleet,False,False,False
RD-1008914,Retail,False,True,False
RD-1008915,Fleet,False,False,False
RD-1008916,Fleet,False,False,False
RD-1008917,Fleet,False,False,False
RD-1008918,Fleet,False,False,False
RD-1008919,Fleet,False,False,False
RD-1008920,Fleet,False,False,False
RD-1008921,Fleet,False,False,False
RD-1008922,Fleet,False,False,False
RD-1008923,Fleet,False,True,False
RD-1008924,Retail,False,False,False
RD-1008925,Retail,False,False,False
RD-1008926,Fleet,False,False,False
RD-1008927,Fleet,False,False,False
RD-1008928,Fleet,False,True,False
RD-1008929,Fleet,False,False,False
RD-1008930,Fleet,False,False,False
RD-1008931,Retail,False,False,False
RD-1008932,Retail,False,False,False
RD-1008933,Fleet,False,False,False
RD-1008934,Fleet,False,False,False
RD-1008935,Fleet,False,False,False
RD-1008936,Fleet,False,False,False
RD-1008937,Retail,False,False,False
RD-1008938,Fleet,False,False,False
RD-1008939,Fleet,False,False,False
RD-1008940,Retail,False,False,False
RD-1008941,Fleet,False,False,False
RD-1008942,Retail,False,False,False
RD-1008943,Fleet,False,False,False
RD-1008944,Retail,False,False,False
RD-1008945,Fleet,False,False,False
RD-1008946,Fleet,False,False,False
RD-1008947,Retail,False,False,False
RD-1008948,Retail,True,False,False
RD-1008949,Retail,False,False,False
RD-1008950,Fleet,False,False,False
RD-1008951,Fleet,False,False,False
RD-1008952,Fleet,False,False,False
RD-1008953,Fleet,False,False,False
RD-1008954,Fleet,False,False,False
RD-1008955,Fleet,False,False,False
RD-1008956,Fleet,False,False,False
RD-1008957,Fleet,False,False,False
RD-1008958,Fleet,False,False,False
RD-1008959,Retail,False,False,False
RD-1008960,Retail,False,False,False
RD-1008961,Fleet,False,False,False
RD-1008962,Fleet,False,False,False
RD-1008963,Retail,False,False,False
RD-1008964,Retail,False,False,False
RD-1008965,Retail,False,False,False
RD-1008966,Retail,False,False,False
RD-1008967,Fleet,False,False,False
RD-1008968,Fleet,False,False,False
RD-1008969,Retail,False,False,False
RD-1008970,Fleet,False,False,False
RD-1008971,Fleet,False,False,False
RD-1008972,Fleet,False,False,False
RD-1008973,Retail,False,False,False
RD-1008974,Fleet,False,False,False
RD-1008975,Fleet,False,False,False
RD-1008976,Fleet,False,False,False
RD-1008977,Retail,False,False,False
RD-1008978,Retail,False,False,False
RD-1008979,Fleet,False,False,False
RD-1008980,Fleet,False,False,False
RD-1008981,Fleet,False,False,False
RD-1008982,Retail,False,False,False
RD-1008983,Fleet,False,False,False
RD-1008984,Retail,False,False,False
RD-1008985,Fleet,False,False,False
RD-1008986,Retail,False,True,False
RD-1008987,Fleet,False,False,False
RD-1008988,Retail,False,False,False
RD-1008989,Fleet,True,False,False
RD-1008990,Fleet,False,False,False
RD-1008991,Fleet,False,False,False
RD-1008992,Fleet,False,False,False
RD-1008993,Fleet,False,False,False
RD-1008994,Retail,False,False,False
RD-1008995,Fleet,False,False,False
RD-1008996,Fleet,False,True,False
RD-1008997,Fleet,False,False,False
RD-1008998,Retail,False,False,False
RD-1008999,Fleet,False,False,False
RD-1009000,Fleet,False,False,False
RD-1009001,Retail,False,False,False
RD-1009002,Fleet,False,False,False
RD-1009003,Fleet,False,False,False
RD-1009004,Fleet,False,False,False
RD-1009005,Fleet,False,False,False
RD-1009006,Retail,False,False,False
RD-1009007,Fleet,False,False,False
RD-1009008,Retail,False,False,False
RD-1009009,Fleet,False,False,False
RD-1009010,Fleet,False,False,False
RD-1009011,Fleet,False,False,False
RD-1009012,Retail,False,False,False
RD-1009013,Fleet,False,False,False
RD-1009014,Fleet,False,True,False
RD-1009015,Fleet,False,False,False
RD-1009016,Fleet,False,False,False
RD-1009017,Retail,False,False,False
RD-1009018,Fleet,False,False,False
RD-1009019,Fleet,False,False,False
RD-1009020,Retail,False,False,False
RD-1009021,Fleet,False,False,False
RD-1009022,Fleet,False,False,False
RD-1009023,Fleet,False,False,False
RD-1009024,Fleet,False,False,False
RD-1009025,Fleet,False,False,False
RD-1009026,Fleet,False,False,False
RD-1009027,Fleet,False,False,False
RD-1009028,Fleet,False,False,False
RD-1009029,Retail,False,False,False
RD-1009030,Fleet,False,False,False
RD-1009031,Fleet,False,False,False
RD-1009032,Fleet,False,False,False
RD-1009033,Fleet,False,False,False
RD-1009034,Fleet,False,False,False
RD-1009035,Fleet,False,False,False
RD-1009036,Retail,False,False,False
RD-1009037,Retail,False,False,False
RD-1009038,Fleet,False,False,False
RD-1009039,Fleet,False,False,False
RD-1009040,Fleet,False,False,False
RD-1009041,Retail,False,False,False
RD-1009042,Fleet,False,False,False
RD-1009043,Fleet,False,False,False
RD-1009044,Fleet,False,False,False
RD-1009045,Fleet,False,False,False
RD-1009046,Fleet,False,False,False
RD-1009047,Fleet,False,False,False
RD-1009048,Retail,False,False,False
RD-1009049,Fleet,False,False,False
RD-1009050,Retail,False,False,False
RD-1009051,Fleet,False,False,False
RD-1009052,Retail,False,False,False
RD-1009053,Retail,True,False,False
RD-1009054,Fleet,False,True,False
RD-1009055,Retail,False,False,False
RD-1009056,Retail,False,False,False
RD-1009057,Fleet,False,False,False
RD-1009058,Retail,False,False,False
RD-1009059,Fleet,False,False,False
RD-1009060,Retail,False,True,False
RD-1009061,Fleet,False,False,False
RD-1009062,Retail,False,False,False
RD-1009063,Retail,False,False,False
RD-1009064,Fleet,False,False,False
RD-1009065,Fleet,False,False,False
RD-1009066,Retail,False,False,False
RD-1009067,Fleet,False,False,False
RD-1009068,Fleet,False,False,False
RD-1009069,Fleet,False,False,False
RD-1009070,Fleet,False,False,False
RD-1009071,Retail,False,False,False
RD-1009072,Fleet,False,False,False
RD-1009073,Fleet,False,True,False
RD-1009074,Fleet,False,False,False
RD-1009075,Fleet,False,False,False
RD-1009076,Retail,False,False,False
RD-1009077,Fleet,False,True,False
RD-1009078,Fleet,False,False,False
RD-1009079,Retail,False,True,False
RD-1009080,Fleet,False,True,False
RD-1009081,Fleet,False,False,False
RD-1009082,Retail,False,False,False
RD-1009083,Fleet,False,False,False
RD-1009084,Fleet,False,False,False
RD-1009085,Retail,False,False,False
RD-1009086,Retail,False,False,False
RD-1009087,Retail,False,False,False
RD-1009088,Fleet,False,False,False
RD-1009089,Fleet,False,False,False
RD-1009090,Fleet,False,True,False
RD-1009091,Fleet,False,False,False
RD-1009092,Retail,False,False,False
RD-1009093,Retail,False,False,False
RD-1009094,Fleet,False,False,False
RD-1009095,Fleet,False,False,False
RD-1009096,Retail,False,False,False
RD-1009097,Retail,False,False,False
RD-1009098,Retail,False,False,False
RD-1009099,Fleet,False,False,False
RD-1009100,Fleet,False,False,False
RD-1009101,Fleet,False,False,False
RD-1009102,Fleet,False,False,False
RD-1009103,Fleet,False,False,False
RD-1009104,Fleet,False,False,False
RD-1009105,Fleet,False,False,False
RD-1009106,Retail,False,False,False
RD-1009107,Fleet,False,False,False
RD-1009108,Fleet,False,False,False
RD-1009109,Fleet,False,False,False
RD-1009110,Fleet,False,True,False
RD-1009111,Retail,False,True,False
RD-1009112,Fleet,False,False,False
RD-1009113,Fleet,False,False,False
RD-1009114,Fleet,False,False,False
RD-1009115,Retail,False,False,False
RD-1009116,Retail,False,False,False
RD-1009117,Fleet,False,False,False
RD-1009118,Fleet,False,False,False
RD-1009119,Fleet,False,False,False
RD-1009120,Fleet,False,False,False
RD-1009121,Retail,False,False,False
RD-1009122,Fleet,False,False,False
RD-1009123,Retail,False,False,False
RD-1009124,Fleet,True,False,False
RD-1009125,Retail,False,False,False
RD-1009126,Retail,False,False,False
RD-1009127,Retail,False,False,False
RD-1009128,Fleet,False,False,False
RD-1009129,Fleet,False,False,False
RD-1009130,Fleet,False,False,False
RD-1009131,Fleet,False,False,False
RD-1009132,Fleet,False,False,False
RD-1009133,Fleet,False,False,False
RD-1009134,Retail,False,False,False
RD-1009135,Fleet,False,False,False
RD-1009136,Fleet,False,False,False
RD-1009137,Fleet,False,False,False
RD-1009138,Fleet,False,False,False
RD-1009139,Fleet,False,False,False
RD-1009140,Retail,False,False,False
RD-1009141,Fleet,False,False,False
RD-1009142,Retail,False,False,False
RD-1009143,Fleet,False,False,False
RD-1009144,Fleet,False,True,False
RD-1009145,Retail,False,False,False
RD-1009146,Retail,False,False,False
RD-1009147,Fleet,False,False,False
RD-1009148,Fleet,False,False,False
RD-1009149,Fleet,False,False,False
RD-1009150,Retail,False,False,False
RD-1009151,Fleet,False,False,False
RD-1009152,Retail,False,False,False
RD-1009153,Fleet,False,False,False
RD-1009154,Fleet,False,True,False
RD-1009155,Fleet,False,False,False
RD-1009156,Fleet,False,False,False
RD-1009157,Fleet,False,False,False
RD-1009158,Retail,False,False,False
RD-1009159,Retail,False,False,False
RD-1009160,Fleet,False,False,False
RD-1009161,Fleet,False,False,False
RD-1009162,Retail,False,False,False
RD-1009163,Retail,False,False,False
RD-1009164,Fleet,False,False,False
RD-1009165,Fleet,False,False,False
RD-1009166,Fleet,False,False,False
RD-1009167,Fleet,False,False,False
RD-1009168,Retail,False,False,False
RD-1009169,Retail,False,False,False
RD-1009170,Fleet,False,False,False
RD-1009171,Fleet,False,False,False
RD-1009172,Retail,False,False,False
RD-1009173,Fleet,False,False,False
RD-1009174,Fleet,False,False,False
RD-1009175,Fleet,False,False,False
RD-1009176,Fleet,False,False,False
RD-1009177,Retail,False,False,False
RD-1009178,Retail,False,False,False
RD-1009179,Retail,False,False,False
RD-1009180,Fleet,False,False,False
RD-1009181,Fleet,False,False,False
RD-1009182,Fleet,False,False,False
RD-1009183,Retail,False,False,False
RD-1009184,Retail,False,False,False
RD-1009185,Retail,False,False,False
RD-1009186,Retail,False,False,False
RD-1009187,Fleet,False,False,False
RD-1009188,Fleet,False,False,False
RD-1009189,Retail,False,False,False
RD-1009190,Fleet,False,False,False
RD-1009191,Retail,False,False,False
RD-1009192,Fleet,False,False,False
RD-1009193,Fleet,False,False,False
RD-1009194,Fleet,False,False,False
RD-1009195,Fleet,False,False,False
RD-1009196,Retail,False,False,False
RD-1009197,Retail,False,False,False
RD-1009198,Fleet,False,False,False
RD-1009199,Retail,False,False,False
RD-1009200,Fleet,False,False,False
RD-1009201,Fleet,False,False,False
RD-1009202,Retail,False,False,False
RD-1009203,Fleet,False,False,False
RD-1009204,Fleet,False,False,False
RD-1009205,Retail,False,False,False
RD-1009206,Retail,False,False,False
RD-1009207,Retail,False,False,False
RD-1009208,Retail,False,False,False
RD-1009209,Fleet,False,False,False
RD-1009210,Retail,False,False,False
RD-1009211,Fleet,False,False,False
RD-1009212,Fleet,False,False,False
RD-1009213,Fleet,False,False,False
RD-1009214,Fleet,False,False,False
RD-1009215,Fleet,False,False,False
RD-1009216,Fleet,False,True,False
RD-1009217,Fleet,False,True,False
RD-1009218,Retail,False,False,False
RD-1009219,Fleet,True,False,False
RD-1009220,Retail,False,False,False
RD-1009221,Fleet,False,True,False
RD-1009222,Fleet,True,False,False
RD-1009223,Fleet,False,False,False
RD-1009224,Retail,False,False,False
RD-1009225,Fleet,False,False,False
RD-1009226,Fleet,False,False,False
RD-1009227,Fleet,False,False,False
RD-1009228,Retail,False,False,False
RD-1009229,Retail,False,True,False
RD-1009230,Fleet,False,False,False
RD-1009231,Fleet,False,False,False
RD-1009232,Fleet,False,False,False
RD-1009233,Retail,False,False,False
RD-1009234,Retail,False,False,False
RD-1009235,Retail,False,False,False
RD-1009236,Retail,False,False,False
RD-1009237,Fleet,False,False,False
RD-1009238,Fleet,False,False,False
RD-1009239,Fleet,False,False,False
RD-1009240,Fleet,False,False,False
RD-1009241,Retail,False,False,False
RD-1009242,Fleet,False,False,False
RD-1009243,Fleet,False,False,False
RD-1009244,Retail,False,False,False
RD-1009245,Fleet,False,False,False
RD-1009246,Fleet,False,False,False
RD-1009247,Retail,False,False,False
RD-1009248,Retail,False,True,False
RD-1009249,Retail,False,False,False
RD-1009250,Retail,False,False,False
RD-1009251,Retail,False,False,False
RD-1009252,Fleet,False,True,False
RD-1009253,Retail,False,False,False
RD-1009254,Fleet,True,False,False
RD-1009255,Fleet,False,True,False
RD-1009256,Retail,False,False,False
RD-1009257,Fleet,False,True,False
RD-1009258,Fleet,False,False,False
RD-1009259,Retail,False,False,False
RD-1009260,Fleet,False,False,False
RD-1009261,Retail,False,False,False
RD-1009262,Fleet,False,False,False
RD-1009263,Fleet,False,False,False
RD-1009264,Fleet,False,False,False
RD-1009265,Fleet,False,False,False
RD-1009266,Retail,False,False,False
RD-1009267,Fleet,False,False,False
RD-1009268,Fleet,False,False,False
RD-1009269,Fleet,False,False,False
RD-1009270,Fleet,False,False,False
RD-1009271,Retail,False,False,False
RD-1009272,Retail,False,False,False
RD-1009273,Retail,False,False,False
RD-1009274,Fleet,False,False,False
RD-1009275,Fleet,False,True,False
RD-1009276,Fleet,False,False,False
RD-1009277,Retail,False,False,False
RD-1009278,Fleet,False,False,False
RD-1009279,Fleet,False,False,False
RD-1009280,Fleet,False,False,False
RD-1009281,Retail,False,False,False
RD-1009282,Retail,False,False,False
RD-1009283,Fleet,False,True,False
RD-1009284,Retail,False,False,False
RD-1009285,Retail,False,False,False
RD-1009286,Fleet,False,False,False
RD-1009287,Fleet,False,False,False
RD-1009288,Retail,False,False,False
RD-1009289,Retail,True,False,False
RD-1009290,Fleet,False,False,False
RD-1009291,Retail,False,False,False
RD-1009292,Fleet,False,False,False
RD-1009293,Fleet,False,False,False
RD-1009294,Fleet,False,False,False
RD-1009295,Retail,False,False,False
RD-1009296,Fleet,False,False,False
RD-1009297,Fleet,False,False,False
RD-1009298,Fleet,False,False,False
RD-1009299,Fleet,False,False,False
RD-1009300,Fleet,False,False,False
RD-1009301,Fleet,False,False,False
RD-1009302,Retail,False,False,False
RD-1009303,Fleet,False,False,False
RD-1009304,Retail,False,False,False
RD-1009305,Retail,False,False,False
RD-1009306,Retail,False,False,False
RD-1009307,Retail,False,False,False
RD-1009308,Fleet,False,False,False
RD-1009309,Fleet,False,False,False
RD-1009310,Retail,False,False,False
RD-1009311,Retail,False,False,False
RD-1009312,Fleet,False,False,False
RD-1009313,Fleet,False,False,False
RD-1009314,Fleet,False,False,False
RD-1009315,Fleet,False,False,False
RD-1009316,Fleet,False,False,False
RD-1009317,Fleet,False,False,False
RD-1009318,Retail,False,False,False
RD-1009319,Retail,False,False,False
RD-1009320,Retail,False,False,False
RD-1009321,Retail,False,False,False
RD-1009322,Fleet,False,False,False
RD-1009323,Fleet,False,False,False
RD-1009324,Fleet,False,False,False
RD-1009325,Fleet,False,True,False
RD-1009326,Fleet,False,False,False
RD-1009327,Retail,False,False,False
RD-1009328,Retail,False,False,False
RD-1009329,Retail,False,False,False
RD-1009330,Fleet,False,False,False
RD-1009331,Fleet,False,False,False
RD-1009332,Fleet,False,False,False
RD-1009333,Retail,False,False,False
RD-1009334,Retail,False,False,False
RD-1009335,Retail,False,False,False
RD-1009336,Fleet,False,False,False
RD-1009337,Retail,False,False,False
RD-1009338,Fleet,False,False,False
RD-1009339,Fleet,False,False,False
RD-1009340,Fleet,False,False,False
RD-1009341,Retail,False,False,False
RD-1009342,Retail,False,False,False
RD-1009343,Fleet,False,False,False
RD-1009344,Fleet,False,False,False
RD-1009345,Retail,False,False,False
RD-1009346,Fleet,False,True,False
RD-1009347,Fleet,False,False,False
RD-1009348,Retail,False,False,False
RD-1009349,Retail,False,False,False
RD-1009350,Retail,False,False,False
RD-1009351,Fleet,False,False,False
RD-1009352,Retail,False,False,False
RD-1009353,Fleet,False,False,False
RD-1009354,Retail,False,False,False
RD-1009355,Retail,False,False,False
RD-1009356,Fleet,False,True,False
RD-1009357,Fleet,False,False,False
RD-1009358,Fleet,False,False,False
RD-1009359,Fleet,False,False,False
RD-1009360,Fleet,False,False,False
RD-1009361,Retail,False,False,False
RD-1009362,Fleet,False,False,False
RD-1009363,Fleet,False,False,False
RD-1009364,Fleet,False,False,False
RD-1009365,Retail,False,False,False
RD-1009366,Retail,False,False,False
RD-1009367,Fleet,False,False,False
RD-1009368,Fleet,True,True,False
RD-1009369,Fleet,False,False,False
RD-1009370,Retail,False,False,False
RD-1009371,Fleet,False,False,False
RD-1009372,Retail,False,True,False
RD-1009373,Fleet,False,True,False
RD-1009374,Fleet,False,False,False
RD-1009375,Fleet,False,False,False
RD-1009376,Fleet,False,False,False
RD-1009377,Fleet,False,False,False
RD-1009378,Fleet,False,False,False
RD-1009379,Fleet,False,False,False
RD-1009380,Retail,False,False,False
RD-1009381,Retail,False,False,False
RD-1009382,Retail,False,False,False
RD-1009383,Fleet,False,False,False
RD-1009384,Retail,False,False,False
RD-1009385,Retail,False,False,False
RD-1009386,Retail,False,False,False
RD-1009387,Fleet,False,False,False
RD-1009388,Fleet,False,False,False
RD-1009389,Fleet,False,True,False
RD-1009390,Retail,False,False,False
RD-1009391,Retail,False,True,False
RD-1009392,Retail,False,False,False
RD-1009393,Retail,False,False,False
RD-1009394,Fleet,False,False,False
RD-1009395,Fleet,False,False,False
RD-1009396,Retail,False,False,False
RD-1009397,Fleet,False,False,False
RD-1009398,Fleet,False,False,False
RD-1009399,Fleet,False,False,False
RD-1009400,Retail,False,False,False
RD-1009401,Fleet,False,True,False
RD-1009402,Fleet,False,True,False
RD-1009403,Fleet,False,False,False
RD-1009404,Retail,False,False,False
RD-1009405,Fleet,False,False,False
RD-1009406,Fleet,False,True,False
RD-1009407,Fleet,False,False,False
RD-1009408,Retail,False,False,False
RD-1009409,Fleet,False,False,False
RD-1009410,Retail,False,False,False
RD-1009411,Fleet,False,False,False
RD-1009412,Retail,False,False,False
RD-1009413,Fleet,False,False,False
RD-1009414,Fleet,False,False,False
RD-1009415,Fleet,False,False,False
RD-1009416,Fleet,True,False,False
RD-1009417,Fleet,False,False,False
RD-1009418,Fleet,False,False,False
RD-1009419,Fleet,False,False,False
RD-1009420,Retail,False,False,False
RD-1009421,Fleet,False,False,False
RD-1009422,Retail,False,True,False
RD-1009423,Fleet,False,True,False
RD-1009424,Fleet,False,False,False
RD-1009425,Fleet,False,False,False
RD-1009426,Retail,False,False,False
RD-1009427,Fleet,False,False,False
RD-1009428,Fleet,False,False,False
RD-1009429,Retail,False,False,False
RD-1009430,Fleet,False,False,False
RD-1009431,Fleet,False,False,False
RD-1009432,Retail,False,False,False
RD-1009433,Retail,False,False,False
RD-1009434,Fleet,False,False,False
RD-1009435,Fleet,False,False,False
RD-1009436,Retail,False,True,False
RD-1009437,Retail,False,False,False
RD-1009438,Fleet,False,False,False
RD-1009439,Retail,False,False,False
RD-1009440,Retail,False,True,False
RD-1009441,Fleet,False,False,False
RD-1009442,Fleet,False,False,False
RD-1009443,Fleet,False,False,False
RD-1009444,Fleet,False,False,False
RD-1009445,Fleet,False,False,False
RD-1009446,Fleet,False,False,False
RD-1009447,Fleet,False,False,False
RD-1009448,Fleet,False,False,False
RD-1009449,Fleet,False,False,False
RD-1009450,Retail,False,False,False
RD-1009451,Retail,False,False,False
RD-1009452,Fleet,False,False,False
RD-1009453,Fleet,False,False,False
RD-1009454,Fleet,False,True,False
RD-1009455,Fleet,False,False,False
RD-1009456,Fleet,False,True,False
RD-1009457,Fleet,False,False,False
RD-1009458,Fleet,False,False,False
RD-1009459,Fleet,False,False,False
RD-1009460,Fleet,False,True,False
RD-1009461,Fleet,False,False,False
RD-1009462,Fleet,False,False,False
RD-1009463,Retail,False,False,False
RD-1009464,Retail,False,False,False
RD-1009465,Fleet,False,False,False
RD-1009466,Retail,False,False,False
RD-1009467,Retail,False,False,False
RD-1009468,Retail,False,False,False
RD-1009469,Fleet,False,False,False
RD-1009470,Retail,False,False,False
RD-1009471,Fleet,False,False,False
RD-1009472,Fleet,False,False,False
RD-1009473,Fleet,False,False,False
RD-1009474,Fleet,False,False,False
RD-1009475,Fleet,False,False,False
RD-1009476,Retail,False,False,False
RD-1009477,Fleet,False,True,False
RD-1009478,Retail,False,False,False
RD-1009479,Fleet,False,False,False
RD-1009480,Fleet,False,False,False
RD-1009481,Retail,False,True,False
RD-1009482,Fleet,False,False,False
RD-1009483,Fleet,False,False,False
RD-1009484,Retail,False,False,False
RD-1009485,Retail,False,False,False
RD-1009486,Fleet,False,False,False
RD-1009487,Fleet,False,False,False
RD-1009488,Retail,False,False,False
RD-1009489,Fleet,False,False,False
RD-1009490,Fleet,False,False,False
RD-1009491,Fleet,False,False,False
RD-1009492,Fleet,False,True,False
RD-1009493,Retail,False,False,False
RD-1009494,Fleet,False,False,False
RD-1009495,Retail,False,False,True
RD-1009496,Retail,False,False,False
RD-1009497,Retail,False,False,False
RD-1009498,Retail,False,False,False
RD-1009499,Retail,False,False,False
RD-1009500,Retail,False,False,False
RD-1009501,Fleet,False,False,False
RD-1009502,Fleet,False,False,False
RD-1009503,Retail,False,False,False
RD-1009504,Retail,False,False,False
RD-1009505,Fleet,False,False,False
RD-1009506,Fleet,False,False,False
RD-1009507,Retail,False,False,False
RD-1009508,Fleet,False,False,False
RD-1009509,Fleet,False,False,False
RD-1009510,Fleet,False,False,False
RD-1009511,Fleet,False,False,False
RD-1009512,Retail,False,False,False
RD-1009513,Fleet,False,False,False
RD-1009514,Retail,False,False,False
RD-1009515,Retail,False,True,False
RD-1009516,Fleet,False,False,False
RD-1009517,Retail,False,False,False
RD-1009518,Retail,False,False,False
RD-1009519,Fleet,False,False,False
RD-1009520,Retail,False,False,False
RD-1009521,Fleet,False,False,False
RD-1009522,Fleet,False,False,False
RD-1009523,Fleet,False,False,False
RD-1009524,Fleet,False,False,False
RD-1009525,Retail,False,False,False
RD-1009526,Fleet,False,False,False
RD-1009527,Retail,False,False,False
RD-1009528,Fleet,False,False,False
RD-1009529,Retail,False,False,False
RD-1009530,Fleet,False,False,False
RD-1009531,Fleet,False,True,False
RD-1009532,Retail,False,False,False
RD-1009533,Retail,False,False,False
RD-1009534,Fleet,False,False,False
RD-1009535,Retail,False,True,False
RD-1009536,Fleet,False,False,False
RD-1009537,Retail,False,False,False
RD-1009538,Retail,False,False,False
RD-1009539,Retail,False,False,False
RD-1009540,Retail,False,False,False
RD-1009541,Fleet,False,False,False
RD-1009542,Retail,False,False,False
RD-1009543,Fleet,False,False,False
RD-1009544,Fleet,False,False,False
RD-1009545,Fleet,False,False,False
RD-1009546,Retail,False,False,False
RD-1009547,Retail,False,False,False
RD-1009548,Fleet,False,False,False
RD-1009549,Retail,False,False,False
RD-1009550,Fleet,False,False,False
RD-1009551,Fleet,False,False,False
RD-1009552,Fleet,False,False,False
RD-1009553,Fleet,False,False,False
RD-1009554,Retail,False,True,False
RD-1009555,Retail,False,False,False
RD-1009556,Fleet,False,False,False
RD-1009557,Retail,False,False,False
RD-1009558,Fleet,False,False,False
RD-1009559,Retail,False,False,False
RD-1009560,Fleet,False,False,False
RD-1009561,Retail,False,False,False
RD-1009562,Fleet,False,False,False
RD-1009563,Fleet,False,False,False
RD-1009564,Fleet,False,False,False
RD-1009565,Retail,False,False,False
RD-1009566,Retail,False,False,False
RD-1009567,Fleet,False,False,False
RD-1009568,Retail,False,True,False
RD-1009569,Retail,False,False,False
RD-1009570,Fleet,False,False,False
RD-1009571,Fleet,False,False,False
RD-1009572,Fleet,False,False,False
RD-1009573,Fleet,False,True,True
RD-1009574,Fleet,False,False,False
RD-1009575,Retail,False,False,False
RD-1009576,Fleet,False,False,False
RD-1009577,Fleet,False,False,False
RD-1009578,Retail,False,False,False
RD-1009579,Retail,False,False,False
RD-1009580,Retail,False,False,False
RD-1009581,Fleet,False,False,False
RD-1009582,Fleet,False,False,False
RD-1009583,Fleet,False,False,False
RD-1009584,Retail,False,False,False
RD-1009585,Fleet,True,False,False
RD-1009586,Fleet,False,False,False
RD-1009587,Retail,False,True,False
RD-1009588,Retail,False,False,False
RD-1009589,Fleet,False,False,False
RD-1009590,Retail,False,False,False
RD-1009591,Retail,False,False,False
RD-1009592,Retail,False,False,False
RD-1009593,Fleet,False,False,False
RD-1009594,Retail,False,False,False
RD-1009595,Retail,False,False,False
RD-1009596,Fleet,False,False,False
RD-1009597,Fleet,False,False,False
RD-1009598,Retail,False,False,False
RD-1009599,Fleet,False,False,False
RD-1009600,Fleet,False,False,False
RD-1009601,Fleet,False,False,False
RD-1009602,Fleet,False,False,False
RD-1009603,Retail,False,False,False
RD-1009604,Fleet,False,False,False
RD-1009605,Fleet,False,False,False
RD-1009606,Retail,False,False,False
RD-1009607,Fleet,False,False,False
RD-1009608,Fleet,False,False,False
RD-1009609,Fleet,False,True,False
RD-1009610,Retail,False,False,False
RD-1009611,Retail,False,False,False
RD-1009612,Fleet,False,False,False
RD-1009613,Retail,False,False,False
RD-1009614,Retail,False,False,False
RD-1009615,Fleet,False,False,False
RD-1009616,Fleet,False,False,False
RD-1009617,Fleet,True,False,False
RD-1009618,Fleet,False,False,False
RD-1009619,Retail,False,False,False
RD-1009620,Retail,False,False,False
RD-1009621,Fleet,False,False,False
RD-1009622,Fleet,False,True,False
RD-1009623,Fleet,False,False,False
RD-1009624,Retail,False,False,False
RD-1009625,Fleet,False,False,False
RD-1009626,Retail,False,False,False
RD-1009627,Retail,False,False,False
RD-1009628,Fleet,False,False,False
RD-1009629,Retail,False,False,False
RD-1009630,Retail,False,True,False
RD-1009631,Retail,False,False,False
RD-1009632,Retail,False,False,False
RD-1009633,Retail,False,False,False
RD-1009634,Retail,False,False,False
RD-1009635,Retail,False,False,False
RD-1009636,Retail,False,False,False
RD-1009637,Fleet,False,False,False
RD-1009638,Retail,False,False,False
RD-1009639,Retail,False,False,False
RD-1009640,Fleet,False,False,False
RD-1009641,Retail,False,False,False
RD-1009642,Retail,False,False,False
RD-1009643,Fleet,False,False,False
RD-1009644,Retail,False,False,False
RD-1009645,Fleet,False,False,False
RD-1009646,Fleet,False,True,False
RD-1009647,Retail,False,False,False
RD-1009648,Retail,False,False,False
RD-1009649,Fleet,False,False,False
RD-1009650,Fleet,False,False,False
RD-1009651,Retail,False,False,False
RD-1009652,Retail,False,False,False
RD-1009653,Fleet,False,False,False
RD-1009654,Retail,False,False,False
RD-1009655,Fleet,False,False,False
RD-1009656,Fleet,False,False,False
RD-1009657,Fleet,False,False,False
RD-1009658,Fleet,False,False,False
RD-1009659,Fleet,False,False,False
RD-1009660,Fleet,False,False,False
RD-1009661,Retail,False,False,False
RD-1009662,Fleet,False,False,False
RD-1009663,Retail,False,False,False
RD-1009664,Fleet,False,False,False
RD-1009665,Fleet,False,False,False
RD-1009666,Retail,False,False,False
RD-1009667,Fleet,False,False,False
RD-1009668,Fleet,False,False,False
RD-1009669,Fleet,False,False,False
RD-1009670,Fleet,False,False,False
RD-1009671,Fleet,False,False,False
RD-1009672,Fleet,False,False,False
RD-1009673,Fleet,False,False,False
RD-1009674,Retail,False,True,False
RD-1009675,Fleet,False,False,False
RD-1009676,Fleet,False,False,False
RD-1009677,Retail,False,False,False
RD-1009678,Fleet,False,False,False
RD-1009679,Retail,False,False,False
RD-1009680,Retail,False,True,False
RD-1009681,Fleet,False,False,False
RD-1009682,Fleet,False,False,False
RD-1009683,Fleet,False,False,False
RD-1009684,Fleet,False,False,False
RD-1009685,Fleet,False,False,False
RD-1009686,Fleet,False,False,False
RD-1009687,Fleet,False,True,False
RD-1009688,Fleet,False,False,False
RD-1009689,Fleet,False,False,False
RD-1009690,Retail,False,False,False
RD-1009691,Retail,False,False,False
RD-1009692,Retail,False,False,False
RD-1009693,Retail,False,False,False
RD-1009694,Fleet,False,False,False
RD-1009695,Fleet,False,False,False
RD-1009696,Fleet,False,False,False
RD-1009697,Retail,False,False,False
RD-1009698,Fleet,False,False,False
RD-1009699,Retail,False,True,False
RD-1009700,Retail,False,False,False
RD-1009701,Fleet,False,False,False
RD-1009702,Retail,False,False,False
RD-1009703,Retail,False,False,False
RD-1009704,Fleet,False,False,False
RD-1009705,Fleet,False,False,False
RD-1009706,Retail,False,True,False
RD-1009707,Fleet,False,False,False
RD-1009708,Fleet,False,False,False
RD-1009709,Fleet,False,False,False
RD-1009710,Fleet,False,False,False
RD-1009711,Fleet,False,False,False
RD-1009712,Retail,False,False,False
RD-1009713,Fleet,False,False,False
RD-1009714,Retail,False,False,False
RD-1009715,Fleet,False,False,False
RD-1009716,Fleet,False,False,False
RD-1009717,Retail,False,False,False
RD-1009718,Fleet,False,False,False
RD-1009719,Fleet,False,False,False
RD-1009720,Retail,False,False,False
RD-1009721,Fleet,False,False,False
RD-1009722,Retail,False,False,False
RD-1009723,Fleet,True,False,False
RD-1009724,Retail,False,False,False
RD-1009725,Fleet,False,True,False
RD-1009726,Fleet,True,False,False
RD-1009727,Fleet,False,False,False
RD-1009728,Retail,False,False,False
RD-1009729,Fleet,False,False,False
RD-1009730,Fleet,False,False,False
RD-1009731,Fleet,False,False,False
RD-1009732,Fleet,False,False,False
RD-1009733,Fleet,False,False,False
RD-1009734,Fleet,False,False,False
RD-1009735,Fleet,False,False,False
RD-1009736,Fleet,False,False,False
RD-1009737,Retail,False,False,False
RD-1009738,Fleet,False,False,False
RD-1009739,Retail,False,False,False
RD-1009740,Fleet,False,False,False
RD-1009741,Retail,False,False,False
RD-1009742,Retail,False,False,False
RD-1009743,Fleet,False,False,False
RD-1009744,Fleet,False,False,False
RD-1009745,Fleet,False,False,False
RD-1009746,Fleet,False,False,False
RD-1009747,Retail,False,False,False
RD-1009748,Fleet,False,False,False
RD-1009749,Fleet,True,False,False
RD-1009750,Retail,False,False,True
RD-1009751,Fleet,False,False,False
RD-1009752,Fleet,False,False,False
RD-1009753,Retail,False,False,False
RD-1009754,Retail,False,False,False
RD-1009755,Retail,False,False,False
RD-1009756,Retail,False,False,False
RD-1009757,Fleet,False,False,False
RD-1009758,Retail,False,False,False
RD-1009759,Fleet,False,False,False
RD-1009760,Retail,False,False,False
RD-1009761,Fleet,False,False,False
RD-1009762,Fleet,False,False,False
RD-1009763,Retail,False,False,False
RD-1009764,Fleet,False,False,False
RD-1009765,Retail,False,False,False
RD-1009766,Retail,False,False,False
RD-1009767,Retail,False,False,False
RD-1009768,Fleet,False,True,False
RD-1009769,Fleet,False,False,False
RD-1009770,Retail,False,False,False
RD-1009771,Retail,False,False,False
RD-1009772,Fleet,False,False,False
RD-1009773,Fleet,False,False,False
RD-1009774,Fleet,False,True,False
RD-1009775,Retail,False,False,False
RD-1009776,Fleet,False,False,False
RD-1009777,Retail,False,False,False
RD-1009778,Retail,False,False,False
RD-1009779,Retail,False,False,False
RD-1009780,Retail,False,True,False
RD-1009781,Fleet,False,False,False
RD-1009782,Fleet,False,False,False
RD-1009783,Fleet,False,False,False
RD-1009784,Fleet,False,True,False
RD-1009785,Retail,False,False,False
RD-1009786,Fleet,False,False,False
RD-1009787,Retail,False,False,False
RD-1009789,Retail,False,False,False
RD-1009790,Fleet,False,False,False
RD-1009791,Fleet,False,False,False
RD-1009792,Fleet,False,False,False
RD-1009793,Retail,False,False,False
RD-1009794,Fleet,False,False,False
RD-1009795,Retail,False,False,False
RD-1009796,Fleet,False,False,False
RD-1009797,Retail,False,False,False
RD-1009798,Fleet,False,False,False
RD-1009799,Retail,False,False,False
RD-1009800,Fleet,False,False,False
RD-1009801,Fleet,False,False,False
RD-1009802,Fleet,False,False,False
RD-1009803,Retail,False,False,False
RD-1009804,Retail,False,False,False
RD-1009805,Fleet,False,False,False
RD-1009806,Fleet,False,False,False
RD-1009807,Fleet,False,False,False
RD-1009808,Fleet,False,False,False
RD-1009809,Fleet,False,False,False
RD-1009810,Fleet,False,False,False
RD-1009811,Retail,False,False,False
RD-1009812,Fleet,False,False,False
RD-1009813,Retail,False,False,False
RD-1009814,Fleet,False,False,False
RD-1009815,Retail,False,False,False
RD-1009816,Fleet,False,False,False
RD-1009817,Fleet,False,False,False
RD-1009818,Fleet,True,False,False
RD-1009819,Fleet,False,False,False
RD-1009820,Fleet,False,True,False
RD-1009821,Fleet,False,False,False
RD-1009822,Retail,False,False,False
RD-1009823,Fleet,True,False,False
RD-1009824,Fleet,False,False,False
RD-1009825,Fleet,False,True,False
RD-1009826,Fleet,False,False,False
RD-1009827,Fleet,False,False,False
RD-1009828,Fleet,False,True,False
RD-1009829,Fleet,False,False,False
RD-1009830,Fleet,False,False,False
RD-1009831,Fleet,False,False,False
RD-1009832,Retail,False,False,False
RD-1009833,Fleet,False,False,False
RD-1009834,Fleet,False,False,False
RD-1009835,Retail,False,False,False
RD-1009836,Fleet,False,False,False
RD-1009837,Fleet,False,False,False
RD-1009838,Fleet,False,False,False
RD-1009839,Retail,False,False,False
RD-1009840,Retail,False,False,False
RD-1009841,Fleet,False,False,False
RD-1009842,Fleet,False,False,False
RD-1009843,Fleet,False,False,False
RD-1009844,Fleet,False,False,False
RD-1009845,Retail,False,False,False
RD-1009846,Fleet,False,False,False
RD-1009847,Fleet,False,True,False
RD-1009848,Fleet,False,False,False
RD-1009849,Fleet,False,False,False
RD-1009850,Fleet,False,False,False
RD-1009851,Fleet,False,False,False
RD-1009852,Retail,False,True,False
RD-1009853,Retail,True,False,False
RD-1009854,Fleet,False,False,False
RD-1009855,Retail,False,False,False
RD-1009856,Retail,False,False,False
RD-1009857,Retail,False,False,False
RD-1009858,Fleet,False,False,False
RD-1009859,Fleet,False,False,False
RD-1009860,Retail,False,False,False
RD-1009861,Fleet,False,False,False
RD-1009862,Retail,False,False,False
RD-1009863,Fleet,False,False,False
RD-1009864,Fleet,False,False,False
RD-1009865,Fleet,False,False,False
RD-1009866,Fleet,False,False,False
RD-1009867,Fleet,False,False,False
RD-1009868,Fleet,False,False,False
RD-1009869,Retail,False,False,False
RD-1009870,Fleet,False,False,False
RD-1009871,Fleet,False,False,False
RD-1009872,Fleet,False,False,False
RD-1009873,Retail,False,False,False
RD-1009874,Fleet,False,False,False
RD-1009875,Fleet,False,False,False
RD-1009876,Retail,False,False,False
RD-1009877,Fleet,False,False,False
RD-1009878,Fleet,False,False,False
RD-1009879,Retail,False,False,False
RD-1009880,Fleet,False,False,False
RD-1009881,Fleet,False,False,False
RD-1009882,Fleet,False,False,False
RD-1009883,Fleet,False,True,False
RD-1009884,Fleet,False,False,False
RD-1009885,Retail,True,False,False
RD-1009886,Fleet,False,False,False
RD-1009887,Fleet,False,False,False
RD-1009888,Fleet,False,False,False
RD-1009889,Fleet,False,False,False
RD-1009890,Retail,False,False,False
RD-1009891,Fleet,False,True,False
RD-1009892,Retail,False,False,False
RD-1009893,Fleet,True,False,False
RD-1009894,Retail,False,False,False
RD-1009896,Retail,False,False,False
RD-1009897,Fleet,False,False,False
RD-1009898,Retail,False,False,False
RD-1009899,Fleet,False,False,False
RD-1009900,Fleet,False,False,False
RD-1009901,Fleet,False,False,False
RD-1009902,Retail,False,False,False
RD-1009903,Fleet,False,False,False
RD-1009904,Retail,False,True,False
RD-1009905,Fleet,False,False,False
RD-1009906,Fleet,False,True,False
RD-1009907,Retail,False,False,False
RD-1009908,Fleet,False,False,False
RD-1009909,Fleet,False,False,False
RD-1009910,Retail,False,False,False
RD-1009911,Retail,False,False,False
RD-1009912,Retail,False,False,False
RD-1009913,Fleet,False,True,False
RD-1009914,Retail,False,False,False
RD-1009915,Retail,False,False,False
RD-1009916,Fleet,False,False,False
RD-1009917,Fleet,False,False,False
RD-1009918,Retail,False,False,False
RD-1009919,Fleet,False,False,False
RD-1009920,Fleet,False,False,False
RD-1009921,Fleet,False,False,False
RD-1009922,Retail,False,False,False
RD-1009923,Fleet,False,False,False
RD-1009924,Retail,False,False,False
RD-1009925,Retail,False,False,False
RD-1009926,Retail,False,False,False
RD-1009927,Retail,False,False,False
RD-1009928,Fleet,False,False,False
RD-1009929,Retail,False,False,False
RD-1009930,Retail,False,False,False
RD-1009931,Retail,False,False,False
RD-1009932,Retail,False,False,False
RD-1009933,Fleet,False,False,False
RD-1009934,Fleet,False,False,False
RD-1009935,Retail,False,False,False
RD-1009936,Fleet,False,False,False
RD-1009937,Retail,False,False,False
RD-1009938,Retail,False,False,False
RD-1009939,Retail,False,False,False
RD-1009940,Fleet,False,False,False
RD-1009941,Fleet,True,False,False
RD-1009942,Fleet,False,True,False
RD-1009943,Fleet,False,True,False
RD-1009944,Fleet,True,False,False
RD-1009945,Fleet,False,False,False
RD-1009946,Fleet,False,True,False
RD-1009947,Fleet,False,False,False
RD-1009948,Fleet,False,False,False
RD-1009949,Fleet,False,False,False
RD-1009950,Fleet,False,False,False
RD-1009951,Retail,False,False,False
RD-1009952,Fleet,False,False,False
RD-1009953,Fleet,False,True,False
RD-1009954,Retail,False,False,False
RD-1009955,Fleet,False,False,False
RD-1009956,Fleet,True,False,False
RD-1009957,Fleet,False,False,False
RD-1009958,Fleet,False,False,False
RD-1009959,Fleet,True,False,False
RD-1009960,Retail,False,False,False
RD-1009961,Fleet,False,False,False
RD-1009962,Retail,False,True,False
RD-1009963,Fleet,False,False,False
RD-1009964,Fleet,False,False,False
RD-1009965,Fleet,False,False,False
RD-1009966,Retail,False,False,False
RD-1009967,Fleet,False,False,False
RD-1009968,Fleet,False,True,False
RD-1009969,Fleet,False,True,False
RD-1009970,Fleet,False,False,False
RD-1009971,Retail,False,False,False
RD-1009972,Retail,False,False,False
RD-1009973,Retail,False,False,False
RD-1009974,Fleet,False,False,False
RD-1009975,Fleet,False,False,False
RD-1009976,Fleet,False,False,False
RD-1009977,Retail,False,False,False
RD-1009978,Fleet,True,True,False
RD-1009979,Fleet,False,False,False
RD-1009980,Fleet,False,True,False
RD-1009981,Fleet,False,False,False
RD-1009982,Fleet,False,False,False
RD-1009983,Retail,False,False,False
RD-1009984,Fleet,False,False,False
RD-1009985,Fleet,True,False,False
RD-1009986,Retail,False,False,False
RD-1009987,Retail,False,False,False
RD-1009988,Fleet,False,False,False
RD-1009989,Fleet,False,False,False
RD-1009990,Fleet,False,False,False
RD-1009991,Fleet,False,False,False
RD-1009992,Fleet,False,False,False
RD-1009993,Retail,False,False,False
RD-1009994,Fleet,False,False,False
RD-1009995,Fleet,False,False,False
RD-1009996,Fleet,False,False,False
RD-1009997,Fleet,False,False,False
RD-1009998,Fleet,False,False,False
RD-1009999,Retail,False,False,False
RD-1010000,Fleet,False,False,False
RD-1010001,Fleet,False,False,False
RD-1010002,Retail,False,False,False
RD-1010003,Retail,False,False,False
RD-1010004,Fleet,False,False,False
RD-1010005,Retail,False,False,False
RD-1010006,Fleet,False,False,False
RD-1010007,Retail,False,False,False
RD-1010008,Fleet,False,False,False
RD-1010009,Retail,False,False,False
RD-1010010,Fleet,False,False,False
RD-1010011,Fleet,False,False,False
RD-1010012,Fleet,False,False,False
RD-1010013,Fleet,False,False,False
RD-1010014,Fleet,False,False,False
RD-1010015,Fleet,False,False,False
RD-1010016,Fleet,False,True,False
RD-1010017,Retail,False,False,False
RD-1010018,Fleet,False,False,False
RD-1010019,Fleet,False,False,False
RD-1010020,Retail,False,False,False
RD-1010021,Fleet,False,False,False
RD-1010022,Fleet,False,False,False
RD-1010023,Retail,False,False,False
RD-1010024,Retail,False,False,False
RD-1010025,Fleet,False,True,False
RD-1010026,Retail,False,False,False
RD-1010027,Retail,False,False,False
RD-1010028,Fleet,False,False,False
RD-1010029,Fleet,False,False,False
RD-1010030,Retail,False,False,False
RD-1010031,Fleet,False,False,False
RD-1010032,Retail,False,False,False
RD-1010033,Retail,False,False,False
RD-1010034,Fleet,False,False,False
RD-1010035,Fleet,False,False,False
RD-1010036,Retail,False,False,False
RD-1010037,Fleet,False,False,False
RD-1010038,Fleet,False,False,False
RD-1010039,Fleet,False,False,False
RD-1010040,Retail,False,False,False
RD-1010041,Fleet,False,False,False
RD-1010042,Fleet,False,False,False
RD-1010043,Fleet,False,False,False
RD-1010044,Fleet,False,False,False
RD-1010045,Retail,False,False,False
RD-1010046,Fleet,False,False,False
RD-1010047,Fleet,False,False,False
RD-1010048,Fleet,False,False,False
RD-1010049,Fleet,False,False,False
RD-1010050,Fleet,False,False,False
RD-1010051,Fleet,False,False,False
RD-1010052,Retail,False,False,False
RD-1010053,Fleet,False,False,False
RD-1010054,Retail,False,False,False
RD-1010055,Fleet,False,False,False
RD-1010056,Fleet,False,False,False
RD-1010057,Retail,False,False,False
RD-1010058,Fleet,False,True,False
RD-1010059,Fleet,False,False,False
RD-1010060,Fleet,True,False,False
RD-1010061,Fleet,False,False,False
RD-1010062,Fleet,False,False,False
RD-1010063,Fleet,False,False,False
RD-1010064,Fleet,False,False,False
RD-1010065,Fleet,False,False,False
RD-1010066,Fleet,False,False,False
RD-1010067,Retail,False,False,False
RD-1010068,Fleet,False,False,False
RD-1010069,Retail,False,False,False
RD-1010070,Fleet,False,False,False
RD-1010071,Retail,False,False,False
RD-1010072,Fleet,False,False,False
RD-1010073,Fleet,False,False,False
RD-1010074,Fleet,False,False,False
RD-1010075,Retail,False,False,False
RD-1010076,Retail,False,False,False
RD-1010077,Fleet,False,False,False
RD-1010078,Fleet,False,False,False
RD-1010079,Retail,False,False,False
RD-1010080,Retail,False,False,False
RD-1010081,Fleet,False,False,False
RD-1010082,Retail,False,False,False
RD-1010083,Fleet,False,False,False
RD-1010084,Retail,False,False,False
RD-1010085,Retail,False,False,False
RD-1010086,Fleet,False,False,False
RD-1010087,Retail,False,True,False
RD-1010088,Fleet,False,False,False
RD-1010089,Retail,False,False,False
RD-1010090,Fleet,False,False,False
RD-1010091,Fleet,False,False,False
RD-1010092,Retail,False,False,False
RD-1010093,Fleet,False,True,False
RD-1010094,Fleet,False,False,False
RD-1010095,Fleet,False,False,False
RD-1010096,Fleet,False,False,False
RD-1010097,Fleet,False,False,False
RD-1010098,Retail,False,False,False
RD-1010099,Fleet,False,False,False
RD-1010100,Fleet,False,True,False
RD-1010101,Retail,False,False,False
RD-1010102,Fleet,False,False,False
RD-1010103,Retail,False,False,False
RD-1010104,Retail,False,True,False
RD-1010105,Retail,False,False,False
RD-1010106,Retail,False,False,False
RD-1010107,Fleet,False,False,False
RD-1010108,Fleet,False,False,False
RD-1010109,Fleet,False,False,False
RD-1010110,Retail,False,False,False
RD-1010111,Fleet,False,False,False
RD-1010112,Fleet,False,False,False
RD-1010113,Retail,False,False,False
RD-1010114,Fleet,False,False,False
RD-1010115,Retail,False,False,False
RD-1010116,Fleet,False,False,False
RD-1010117,Fleet,False,False,False
RD-1010118,Fleet,False,False,False
RD-1010119,Fleet,False,False,False
RD-1010120,Fleet,False,False,False
RD-1010121,Retail,False,True,False
RD-1010122,Fleet,False,False,False
RD-1010123,Fleet,False,False,False
RD-1010124,Fleet,False,False,False
RD-1010125,Retail,False,False,False
RD-1010126,Fleet,False,False,False
RD-1010127,Retail,False,False,False
RD-1010128,Fleet,False,False,False
RD-1010129,Retail,False,False,False
RD-1010130,Fleet,False,False,False
RD-1010131,Fleet,False,False,False
RD-1010132,Fleet,True,False,False
RD-1010133,Fleet,False,False,False
RD-1010134,Fleet,False,False,False
RD-1010135,Fleet,False,False,False
RD-1010136,Fleet,False,False,False
RD-1010137,Retail,False,False,False
RD-1010138,Fleet,False,True,False
RD-1010139,Fleet,False,True,False
RD-1010140,Retail,False,False,False
RD-1010141,Fleet,False,False,False
RD-1010142,Retail,False,False,False
RD-1010143,Fleet,False,False,False
RD-1010144,Retail,False,False,False
RD-1010145,Fleet,False,False,False
RD-1010146,Fleet,False,False,False
RD-1010147,Fleet,False,False,False
RD-1010148,Retail,False,False,False
RD-1010149,Retail,False,True,False
RD-1010150,Retail,False,False,False
RD-1010151,Fleet,False,False,False
RD-1010152,Retail,False,False,False
RD-1010153,Retail,False,False,False
RD-1010154,Fleet,False,False,False
RD-1010155,Fleet,False,False,False
RD-1010156,Fleet,False,False,False
RD-1010157,Fleet,False,False,False
RD-1010158,Fleet,False,False,False
RD-1010159,Fleet,False,False,False
RD-1010160,Fleet,False,False,False
RD-1010161,Fleet,False,False,False
RD-1010162,Retail,False,False,False
RD-1010163,Fleet,False,False,False
RD-1010164,Fleet,False,False,False
RD-1010165,Fleet,False,False,False
RD-1010166,Fleet,False,False,False
RD-1010167,Fleet,False,False,False
RD-1010168,Fleet,False,False,False
RD-1010169,Fleet,False,False,False
RD-1010170,Fleet,False,False,False
RD-1010171,Retail,False,False,False
RD-1010172,Retail,False,False,False
RD-1010173,Fleet,False,False,False
RD-1010174,Fleet,False,False,False
RD-1010175,Fleet,False,False,False
RD-1010176,Retail,False,False,False
RD-1010177,Fleet,False,False,False
RD-1010178,Retail,False,False,False
RD-1010179,Fleet,False,False,False
RD-1010180,Retail,False,False,False
RD-1010181,Fleet,False,False,False
RD-1010182,Fleet,False,False,False
RD-1010183,Fleet,False,False,False
RD-1010184,Retail,False,False,False
RD-1010185,Fleet,False,False,False
RD-1010186,Retail,False,False,False
RD-1010187,Fleet,False,False,False
RD-1010188,Fleet,False,False,False
RD-1010189,Fleet,False,False,False
RD-1010190,Fleet,False,False,False
RD-1010191,Fleet,False,False,False
RD-1010192,Fleet,False,True,False
RD-1010193,Retail,False,False,False
RD-1010194,Fleet,False,False,False
RD-1010195,Retail,False,False,False
RD-1010196,Fleet,True,False,False
RD-1010197,Retail,False,False,False
RD-1010198,Fleet,False,False,False
RD-1010199,Fleet,False,False,False
RD-1010200,Fleet,False,False,False
RD-1010201,Retail,False,False,False
RD-1010202,Fleet,False,False,False
RD-1010203,Fleet,False,False,False
RD-1010204,Retail,False,False,False
RD-1010205,Fleet,True,False,False
RD-1010206,Retail,False,False,False
RD-1010207,Retail,False,False,False
RD-1010208,Retail,False,True,False
RD-1010209,Fleet,False,False,False
RD-1010210,Fleet,False,False,False
RD-1010211,Retail,False,False,False
RD-1010212,Fleet,False,True,False
RD-1010213,Fleet,False,False,False
RD-1010214,Fleet,False,False,False
RD-1010215,Retail,False,False,False
RD-1010216,Retail,False,False,False
RD-1010217,Fleet,False,False,False
RD-1010218,Fleet,False,False,False
RD-1010219,Fleet,False,False,False
RD-1010220,Retail,False,False,False
RD-1010221,Retail,False,False,False
RD-1010222,Retail,False,False,False
RD-1010223,Fleet,False,False,False
RD-1010224,Retail,False,False,False
RD-1010225,Fleet,False,False,False
RD-1010226,Fleet,False,False,False
RD-1010227,Retail,False,False,False
RD-1010228,Fleet,False,False,False
RD-1010229,Fleet,False,True,False
RD-1010230,Retail,False,False,False
RD-1010231,Fleet,False,False,False
RD-1010232,Retail,False,False,False
RD-1010233,Fleet,False,False,False
RD-1010234,Fleet,False,False,False
RD-1010235,Retail,False,False,False
RD-1010236,Retail,False,False,False
RD-1010237,Fleet,False,False,False
RD-1010238,Retail,False,False,False
RD-1010239,Retail,False,False,False
RD-1010240,Fleet,False,False,False
RD-1010241,Fleet,False,False,False
RD-1010242,Retail,False,False,False
RD-1010243,Retail,False,False,False
RD-1010244,Fleet,False,False,False
RD-1010245,Retail,False,False,False
RD-1010246,Fleet,False,False,False
RD-1010247,Fleet,False,False,False
RD-1010248,Retail,False,False,False
RD-1010249,Retail,False,False,False
RD-1010250,Fleet,False,False,False
RD-1010251,Fleet,False,False,False
RD-1010252,Fleet,False,False,False
RD-1010253,Fleet,False,False,False
RD-1010254,Fleet,False,True,False
RD-1010255,Fleet,False,False,False
RD-1010256,Fleet,False,False,False
RD-1010257,Retail,False,False,False
RD-1010258,Fleet,False,False,False
RD-1010259,Fleet,False,True,False
RD-1010260,Fleet,False,True,False
RD-1010261,Fleet,False,True,False
RD-1010262,Fleet,False,True,False
RD-1010263,Fleet,False,False,False
RD-1010264,Fleet,False,False,False
RD-1010265,Fleet,False,False,False
RD-1010266,Retail,False,False,False
RD-1010267,Retail,False,True,False
RD-1010268,Retail,False,False,False
RD-1010269,Retail,False,False,False
RD-1010270,Fleet,False,False,False
RD-1010271,Retail,False,False,False
RD-1010272,Fleet,False,False,False
RD-1010273,Fleet,False,False,False
RD-1010274,Retail,False,False,False
RD-1010275,Retail,False,False,False
RD-1010276,Fleet,False,False,False
RD-1010277,Retail,False,False,False
RD-1010278,Fleet,False,False,False
RD-1010279,Fleet,False,True,False
RD-1010280,Fleet,False,False,False
RD-1010281,Retail,False,False,False
RD-1010282,Retail,False,False,False
RD-1010283,Fleet,False,False,False
RD-1010284,Fleet,False,False,False
RD-1010285,Fleet,False,False,False
RD-1010286,Retail,False,False,False
RD-1010287,Fleet,False,False,False
RD-1010288,Retail,False,False,False
RD-1010289,Fleet,False,False,False
RD-1010290,Fleet,False,False,False
RD-1010291,Fleet,False,False,False
RD-1010292,Fleet,False,False,False
RD-1010293,Retail,False,False,False
RD-1010294,Retail,False,False,False
RD-1010295,Fleet,False,False,False
RD-1010296,Fleet,False,False,False
RD-1010297,Retail,False,False,False
RD-1010298,Fleet,False,False,False
RD-1010299,Fleet,False,False,False
RD-1010300,Retail,False,True,False
RD-1010301,Fleet,False,False,False
RD-1010302,Retail,False,False,False
RD-1010303,Fleet,False,False,False
RD-1010304,Fleet,False,False,False
RD-1010305,Retail,False,False,False
RD-1010306,Retail,False,False,False
RD-1010307,Retail,False,False,False
RD-1010308,Fleet,False,False,False
RD-1010309,Fleet,False,False,False
RD-1010310,Fleet,False,False,False
RD-1010311,Retail,False,False,False
RD-1010312,Retail,False,False,False
RD-1010313,Fleet,False,False,False
RD-1010314,Fleet,False,False,False
RD-1010315,Fleet,False,False,False
RD-1010316,Fleet,False,True,False
RD-1010317,Fleet,False,False,False
RD-1010318,Retail,False,False,False
RD-1010319,Fleet,False,False,False
RD-1010320,Retail,False,False,False
RD-1010321,Fleet,True,False,False
RD-1010322,Retail,False,False,False
RD-1010323,Retail,False,False,False
RD-1010324,Retail,False,False,False
RD-1010325,Retail,False,False,False
RD-1010326,Fleet,False,False,False
RD-1010327,Retail,False,True,False
RD-1010328,Retail,False,False,False
RD-1010329,Fleet,False,False,False
RD-1010330,Fleet,False,False,False
RD-1010331,Fleet,False,False,False
RD-1010332,Retail,False,False,False
RD-1010333,Fleet,False,False,False
RD-1010334,Retail,False,False,False
RD-1010335,Fleet,False,False,False
RD-1010336,Fleet,False,False,False
RD-1010337,Fleet,False,False,False
RD-1010338,Retail,False,False,False
RD-1010339,Fleet,False,False,False
RD-1010340,Fleet,False,False,False
RD-1010341,Retail,False,True,False
RD-1010342,Fleet,False,False,False
RD-1010343,Fleet,False,False,False
RD-1010344,Fleet,False,False,False
RD-1010345,Retail,False,False,False
RD-1010346,Fleet,False,False,False
RD-1010347,Fleet,False,False,False
RD-1010348,Fleet,False,False,False
RD-1010349,Retail,False,False,False
RD-1010350,Fleet,False,True,False
RD-1010351,Retail,False,False,False
RD-1010352,Fleet,False,False,False
RD-1010353,Retail,False,False,False
RD-1010354,Retail,False,False,False
RD-1010355,Retail,False,False,False
RD-1010356,Retail,False,False,False
RD-1010357,Retail,False,False,False
RD-1010358,Retail,False,False,False
RD-1010359,Retail,False,False,False
RD-1010360,Fleet,False,True,False
RD-1010361,Retail,False,False,False
RD-1010362,Retail,False,False,False
RD-1010363,Retail,False,False,False
RD-1010364,Retail,False,False,False
RD-1010365,Retail,False,False,False
RD-1010366,Fleet,False,False,False
RD-1010367,Fleet,False,False,False
RD-1010368,Fleet,False,True,False
RD-1010369,Fleet,False,False,False
RD-1010370,Retail,False,True,False
RD-1010371,Retail,False,False,False
RD-1010372,Fleet,False,False,False
RD-1010373,Fleet,False,False,False
RD-1010374,Fleet,False,False,False
RD-1010375,Retail,False,False,False
RD-1010376,Retail,False,False,False
RD-1010377,Fleet,False,False,False
RD-1010378,Fleet,False,False,False
RD-1010379,Fleet,False,False,False
RD-1010380,Fleet,False,False,False
RD-1010381,Retail,False,False,False
RD-1010382,Retail,False,False,False
RD-1010383,Retail,False,False,False
RD-1010384,Retail,False,False,False
RD-1010385,Retail,False,False,False
RD-1010386,Retail,False,False,False
RD-1010387,Retail,False,False,False
RD-1010388,Fleet,False,False,False
RD-1010389,Retail,False,False,False
RD-1010390,Retail,False,False,False
RD-1010391,Fleet,False,False,False
RD-1010392,Fleet,False,False,False
RD-1010393,Retail,False,False,False
RD-1010394,Retail,False,False,False
RD-1010395,Fleet,False,False,False
RD-1010396,Fleet,False,False,False
RD-1010397,Fleet,False,False,False
RD-1010398,Fleet,False,False,False
RD-1010399,Retail,False,False,False
RD-1010400,Fleet,False,False,False
RD-1010401,Retail,False,False,False
RD-1010402,Retail,False,False,False
RD-1010403,Fleet,False,False,False
RD-1010404,Retail,False,False,False
RD-1010405,Retail,False,True,False
RD-1010406,Fleet,False,False,False
RD-1010407,Retail,False,False,False
RD-1010408,Fleet,False,False,False
RD-1010409,Fleet,False,False,False
RD-1010410,Retail,False,False,False
RD-1010411,Fleet,False,False,False
RD-1010412,Retail,False,False,False
RD-1010413,Fleet,False,False,False
RD-1010414,Retail,False,False,False
RD-1010415,Retail,False,False,False
RD-1010416,Fleet,False,False,False
RD-1010417,Retail,False,False,False
RD-1010418,Fleet,False,False,False
RD-1010419,Retail,False,False,False
RD-1010420,Fleet,False,False,False
RD-1010421,Fleet,False,False,False
RD-1010422,Fleet,False,False,False
RD-1010423,Fleet,False,False,False
RD-1010424,Fleet,False,False,False
RD-1010425,Retail,False,False,False
RD-1010426,Retail,False,False,False
RD-1010427,Retail,False,False,False
RD-1010428,Fleet,False,False,False
RD-1010429,Retail,False,False,False
RD-1010430,Fleet,False,False,False
RD-1010431,Fleet,False,False,False
RD-1010432,Retail,False,False,False
RD-1010433,Fleet,False,False,False
RD-1010434,Fleet,False,False,False
RD-1010435,Retail,False,True,False
RD-1010436,Fleet,False,False,False
RD-1010437,Retail,False,False,False
RD-1010438,Retail,False,False,False
RD-1010439,Fleet,False,False,False
RD-1010440,Fleet,False,False,False
RD-1010441,Fleet,False,False,False
RD-1010442,Fleet,False,False,False
RD-1010443,Retail,False,True,False
RD-1010444,Fleet,False,False,False
RD-1010445,Retail,False,False,False
RD-1010446,Retail,False,False,False
RD-1010447,Fleet,False,False,False
RD-1010448,Retail,False,False,False
RD-1010449,Fleet,False,False,False
RD-1010450,Fleet,False,False,False
RD-1010451,Fleet,False,False,False
RD-1010452,Retail,False,False,False
RD-1010453,Retail,False,False,False
RD-1010454,Retail,False,False,False
RD-1010455,Fleet,False,False,False
RD-1010456,Fleet,False,False,False
RD-1010457,Fleet,False,False,False
RD-1010458,Retail,False,False,False
RD-1010459,Retail,False,False,False
RD-1010460,Fleet,False,False,False
RD-1010461,Fleet,False,False,False
RD-1010462,Retail,False,False,False
RD-1010463,Retail,False,False,False
RD-1010464,Fleet,False,False,False
RD-1010465,Retail,False,False,False
RD-1010466,Fleet,False,False,False
RD-1010467,Fleet,False,False,False
RD-1010468,Fleet,False,False,False
RD-1010469,Fleet,False,False,False
RD-1010470,Fleet,False,False,False
RD-1010471,Fleet,False,False,False
RD-1010472,Fleet,False,False,False
RD-1010473,Retail,False,False,False
RD-1010474,Fleet,False,False,False
RD-1010475,Fleet,False,False,False
RD-1010476,Retail,False,False,False
RD-1010477,Fleet,False,False,False
RD-1010478,Fleet,False,False,False
RD-1010479,Fleet,True,False,False
RD-1010480,Retail,False,False,False
RD-1010481,Fleet,False,False,False
RD-1010482,Retail,False,False,False
RD-1010483,Fleet,False,False,False
RD-1010484,Retail,False,False,False
RD-1010485,Retail,False,True,False
RD-1010486,Fleet,False,False,False
RD-1010487,Retail,False,False,False
RD-1010488,Fleet,False,False,False
RD-1010489,Fleet,False,False,False
RD-1010490,Fleet,False,True,False
RD-1010491,Fleet,False,False,False
RD-1010492,Retail,False,False,False
RD-1010493,Retail,False,False,False
RD-1010494,Fleet,False,False,False
RD-1010495,Fleet,False,False,False
RD-1010496,Fleet,False,False,False
RD-1010497,Retail,False,False,False
RD-1010499,Retail,False,False,False
RD-1010500,Retail,False,False,False
RD-1010501,Retail,False,False,False
RD-1010502,Fleet,False,False,False
RD-1010503,Fleet,False,False,False
RD-1010504,Retail,False,False,False
RD-1010505,Retail,False,False,False
RD-1010506,Fleet,False,False,False
RD-1010507,Retail,False,False,False
RD-1010508,Fleet,True,False,False
RD-1010509,Fleet,False,False,False
RD-1010510,Fleet,False,False,False
RD-1010511,Fleet,False,False,False
RD-1010512,Retail,False,False,False
RD-1010513,Retail,False,False,False
RD-1010514,Retail,False,False,False
RD-1010515,Retail,False,False,False
RD-1010516,Fleet,False,True,False
RD-1010517,Retail,False,False,False
RD-1010518,Fleet,False,False,False
RD-1010519,Fleet,False,False,False
RD-1010520,Fleet,False,False,False
RD-1010521,Retail,False,False,False
RD-1010522,Fleet,False,False,False
RD-1010523,Fleet,False,False,False
RD-1010524,Fleet,False,False,False
RD-1010525,Fleet,False,False,False
RD-1010526,Fleet,True,False,False
RD-1010527,Fleet,False,False,False
RD-1010528,Fleet,False,True,False
RD-1010529,Retail,False,False,False
RD-1010530,Fleet,False,False,False
RD-1010531,Fleet,False,False,False
RD-1010532,Retail,False,False,False
RD-1010533,Fleet,False,False,False
RD-1010534,Fleet,False,False,False
RD-1010535,Retail,False,False,False
RD-1010536,Fleet,False,False,False
RD-1010537,Fleet,False,False,False
RD-1010538,Fleet,False,False,False
RD-1010539,Fleet,False,False,False
RD-1010540,Fleet,False,False,False
RD-1010541,Fleet,False,False,False
RD-1010542,Fleet,False,True,False
RD-1010543,Fleet,False,False,False
RD-1010544,Fleet,False,False,False
RD-1010545,Fleet,True,False,False
RD-1010546,Fleet,False,False,False
RD-1010547,Retail,False,False,False
RD-1010548,Fleet,False,False,False
RD-1010549,Fleet,False,False,False
RD-1010550,Fleet,True,False,False
RD-1010551,Retail,False,False,False
RD-1010552,Fleet,False,False,False
RD-1010553,Fleet,False,False,False
RD-1010554,Fleet,False,False,False
RD-1010555,Fleet,False,False,False
RD-1010556,Fleet,False,False,False
RD-1010557,Fleet,False,False,False
RD-1010558,Retail,False,False,False
RD-1010559,Fleet,False,True,False
RD-1010560,Retail,False,False,False
RD-1010561,Retail,False,False,False
RD-1010562,Fleet,False,False,False
RD-1010563,Fleet,False,True,False
RD-1010564,Fleet,False,False,False
RD-1010565,Retail,False,False,False
RD-1010566,Fleet,False,False,False
RD-1010567,Fleet,False,False,False
RD-1010568,Retail,False,False,False
RD-1010569,Fleet,False,False,False
RD-1010570,Retail,False,False,False
RD-1010571,Retail,False,False,False
RD-1010572,Fleet,False,False,False
RD-1010573,Retail,False,False,False
RD-1010574,Fleet,False,False,False
RD-1010575,Fleet,False,False,False
RD-1010576,Fleet,False,False,False
RD-1010577,Fleet,False,False,False
RD-1010578,Retail,False,False,False
RD-1010579,Fleet,False,False,False
RD-1010580,Fleet,False,False,False
RD-1010581,Retail,False,False,False
RD-1010582,Retail,False,False,False
RD-1010583,Fleet,False,False,False
RD-1010584,Fleet,False,False,False
RD-1010585,Fleet,False,False,False
RD-1010586,Fleet,False,False,False
RD-1010587,Fleet,False,False,False
RD-1010588,Fleet,False,False,False
RD-1010589,Fleet,False,False,False
RD-1010590,Retail,False,False,False
RD-1010591,Fleet,False,False,False
RD-1010592,Fleet,False,False,False
RD-1010593,Fleet,False,True,False
RD-1010594,Fleet,False,False,False
RD-1010595,Fleet,False,False,False
RD-1010596,Fleet,False,True,False
RD-1010597,Retail,False,False,False
RD-1010598,Retail,False,False,False
RD-1010599,Fleet,False,False,False
RD-1010600,Fleet,False,False,False
RD-1010601,Fleet,False,False,False
RD-1010602,Fleet,False,False,False
RD-1010603,Retail,False,False,False
RD-1010604,Fleet,False,False,False
RD-1010605,Retail,False,False,False
RD-1010606,Fleet,False,False,False
RD-1010607,Fleet,False,False,False
RD-1010608,Retail,False,False,False
RD-1010609,Retail,False,False,False
RD-1010610,Fleet,False,False,False
RD-1010611,Retail,False,False,False
RD-1010612,Retail,False,False,False
RD-1010613,Fleet,False,False,False
RD-1010614,Fleet,False,False,False
RD-1010615,Fleet,False,False,False
RD-1010616,Fleet,False,False,False
RD-1010617,Fleet,False,False,False
RD-1010618,Retail,False,False,False
RD-1010619,Fleet,False,False,False
RD-1010620,Retail,False,False,False
RD-1010621,Retail,False,False,False
RD-1010622,Fleet,False,False,False
RD-1010623,Retail,False,False,False
RD-1010624,Fleet,True,False,False
RD-1010625,Retail,False,False,False
RD-1010626,Retail,False,False,False
RD-1010627,Retail,False,False,False
RD-1010628,Retail,True,False,False
RD-1010629,Fleet,False,False,False
RD-1010630,Fleet,False,False,False
RD-1010631,Retail,False,False,False
RD-1010632,Retail,False,False,False
RD-1010633,Fleet,False,False,False
RD-1010634,Fleet,False,False,False
RD-1010635,Fleet,False,False,False
RD-1010636,Fleet,False,False,False
RD-1010637,Fleet,False,False,False
RD-1010638,Fleet,False,False,False
RD-1010639,Fleet,False,False,False
RD-1010640,Retail,False,False,False
RD-1010641,Retail,False,False,False
RD-1010642,Fleet,False,False,False
RD-1010643,Fleet,False,False,False
RD-1010644,Fleet,False,False,False
RD-1010645,Retail,False,False,False
RD-1010646,Fleet,False,False,False
RD-1010647,Fleet,False,False,False
RD-1010648,Retail,False,False,False
RD-1010649,Fleet,False,False,False
RD-1010650,Fleet,False,False,False
RD-1010651,Retail,False,False,False
RD-1010652,Retail,False,False,False
RD-1010653,Fleet,False,False,False
RD-1010654,Fleet,False,False,False
RD-1010655,Fleet,False,False,False
RD-1010656,Fleet,False,False,False
RD-1010657,Retail,False,False,False
RD-1010658,Fleet,False,False,False
RD-1010659,Retail,False,False,False
RD-1010660,Fleet,False,False,False
RD-1010661,Fleet,False,False,False
RD-1010662,Fleet,False,False,False
RD-1010663,Fleet,False,False,False
RD-1010664,Fleet,False,False,False
RD-1010665,Fleet,False,False,False
RD-1010666,Fleet,False,False,False
RD-1010667,Fleet,False,False,False
RD-1010668,Fleet,False,False,False
RD-1010669,Retail,False,False,False
RD-1010670,Retail,False,True,False
RD-1010671,Fleet,False,False,False
RD-1010672,Fleet,False,False,False
RD-1010673,Retail,False,False,False
RD-1010674,Fleet,False,False,False
RD-1010675,Retail,False,False,False
RD-1010676,Retail,False,False,False
RD-1010677,Retail,False,False,False
RD-1010678,Retail,False,False,False
RD-1010679,Fleet,False,False,False
RD-1010680,Fleet,True,False,False
RD-1010681,Fleet,False,False,False
RD-1010682,Fleet,False,False,False
RD-1010683,Fleet,False,False,False
RD-1010684,Fleet,False,False,False
RD-1010685,Retail,False,False,False
RD-1010686,Fleet,False,False,False
RD-1010687,Retail,False,False,False
RD-1010688,Retail,False,True,False
RD-1010689,Retail,False,False,False
RD-1010690,Fleet,False,False,False
RD-1010691,Fleet,False,False,False
RD-1010692,Retail,False,False,False
RD-1010693,Fleet,False,False,False
RD-1010694,Retail,False,False,False
RD-1010695,Retail,False,False,False
RD-1010696,Fleet,False,False,False
RD-1010697,Fleet,False,False,False
RD-1010698,Fleet,False,True,False
RD-1010699,Fleet,False,False,False
RD-1010700,Fleet,False,False,False
RD-1010701,Fleet,False,False,False
RD-1010702,Fleet,False,False,False
RD-1010703,Fleet,False,False,False
RD-1010704,Fleet,False,False,False
RD-1010705,Fleet,False,False,False
RD-1010706,Fleet,False,False,False
RD-1010707,Fleet,True,False,False
RD-1010708,Fleet,False,False,False
RD-1010709,Fleet,False,False,False
RD-1010710,Fleet,False,False,False
RD-1010711,Fleet,False,False,False
RD-1010712,Retail,False,False,False
RD-1010713,Fleet,False,True,False
RD-1010714,Fleet,False,False,False
RD-1010715,Fleet,False,False,False
RD-1010716,Retail,False,False,False
RD-1010717,Fleet,False,False,False
RD-1010718,Fleet,False,False,False
RD-1010719,Retail,False,False,False
RD-1010720,Fleet,False,False,False
RD-1010721,Retail,False,True,False
RD-1010722,Fleet,False,False,False
RD-1010723,Fleet,False,False,False
RD-1010724,Fleet,False,False,False
RD-1010725,Retail,False,False,False
RD-1010726,Fleet,False,False,False
RD-1010727,Fleet,False,False,False
RD-1010728,Fleet,False,False,False
RD-1010729,Fleet,False,False,False
RD-1010730,Fleet,False,False,False
RD-1010731,Fleet,False,False,False
RD-1010732,Retail,False,False,False
RD-1010733,Retail,False,False,False
RD-1010734,Fleet,False,False,False
RD-1010735,Fleet,True,False,False
RD-1010736,Fleet,False,False,False
RD-1010737,Fleet,False,False,False
RD-1010738,Fleet,False,True,False
RD-1010739,Fleet,False,False,False
RD-1010740,Retail,False,False,False
RD-1010741,Fleet,False,False,False
RD-1010742,Fleet,False,True,False
RD-1010743,Retail,False,False,False
RD-1010744,Retail,False,False,False
RD-1010745,Retail,False,False,False
RD-1010746,Fleet,False,False,False
RD-1010747,Fleet,False,False,False
RD-1010748,Fleet,False,False,False
RD-1010749,Retail,False,False,False
RD-1010750,Fleet,False,False,False
RD-1010751,Fleet,False,False,False
RD-1010752,Fleet,False,False,False
RD-1010753,Retail,False,False,False
RD-1010755,Retail,False,False,False
RD-1010756,Fleet,False,False,False
RD-1010757,Retail,False,False,False
RD-1010758,Fleet,False,True,False
RD-1010759,Fleet,False,False,False
RD-1010760,Retail,False,False,False
RD-1010761,Retail,False,False,False
RD-1010762,Fleet,False,False,False
RD-1010763,Fleet,False,False,False
RD-1010764,Fleet,False,False,False
RD-1010765,Fleet,False,False,False
RD-1010766,Retail,False,False,False
RD-1010767,Fleet,False,False,False
RD-1010768,Fleet,False,False,False
RD-1010769,Retail,False,True,False
RD-1010770,Retail,False,False,False
RD-1010771,Retail,False,False,False
RD-1010772,Fleet,False,False,False
RD-1010773,Fleet,False,False,False
RD-1010774,Retail,False,False,False
RD-1010775,Fleet,False,False,False
RD-1010776,Retail,False,False,False
RD-1010777,Fleet,False,False,False
RD-1010778,Retail,False,False,False
RD-1010779,Fleet,False,False,False
RD-1010780,Fleet,False,False,False
RD-1010781,Retail,False,False,False
RD-1010782,Fleet,False,False,False
RD-1010783,Retail,False,False,False
RD-1010784,Fleet,False,False,False
RD-1010785,Fleet,False,False,False
RD-1010786,Retail,False,False,False
RD-1010787,Fleet,False,False,False
RD-1010788,Fleet,False,False,False
RD-1010789,Retail,False,False,False
RD-1010790,Fleet,False,False,False
RD-1010791,Retail,False,False,False
RD-1010792,Fleet,False,False,False
RD-1010793,Retail,False,False,False
RD-1010794,Fleet,False,False,False
RD-1010795,Fleet,False,False,False
RD-1010796,Fleet,False,False,False
RD-1010797,Retail,False,True,False
RD-1010798,Fleet,False,False,False
RD-1010799,Fleet,True,False,False
RD-1010800,Fleet,False,False,False
RD-1010801,Retail,False,False,False
RD-1010802,Retail,False,False,False
RD-1010803,Fleet,False,False,False
RD-1010804,Fleet,False,False,False
RD-1010805,Retail,False,False,False
RD-1010806,Retail,False,False,False
RD-1010807,Fleet,False,False,False
RD-1010808,Fleet,False,False,False
RD-1010809,Retail,False,False,False
RD-1010810,Fleet,False,False,False
RD-1010811,Retail,False,False,False
RD-1010812,Fleet,False,True,False
RD-1010813,Fleet,False,False,False
RD-1010814,Retail,False,True,False
RD-1010815,Fleet,False,False,False
RD-1010816,Fleet,False,False,False
RD-1010817,Fleet,False,False,False
RD-1010818,Retail,False,False,False
RD-1010819,Fleet,False,False,False
RD-1010820,Fleet,False,False,False
RD-1010821,Retail,False,False,False
RD-1010822,Fleet,False,True,False
RD-1010823,Retail,False,False,False
RD-1010824,Fleet,False,True,False
RD-1010825,Retail,False,False,False
RD-1010826,Fleet,False,False,False
RD-1010827,Retail,False,False,False
RD-1010828,Fleet,False,False,False
RD-1010829,Fleet,False,False,False
RD-1010830,Fleet,False,False,False
RD-1010831,Fleet,False,False,False
RD-1010832,Fleet,False,False,False
RD-1010833,Retail,False,False,False
RD-1010834,Fleet,False,False,False
RD-1010835,Retail,False,False,False
RD-1010836,Fleet,False,True,False
RD-1010837,Fleet,False,False,False
RD-1010838,Fleet,False,False,False
RD-1010839,Fleet,False,False,False
RD-1010840,Retail,False,False,False
RD-1010841,Fleet,False,False,False
RD-1010842,Retail,False,False,False
RD-1010843,Fleet,False,False,False
RD-1010844,Fleet,False,False,False
RD-1010845,Retail,False,False,False
RD-1010846,Retail,False,False,False
RD-1010847,Retail,False,True,False
RD-1010848,Fleet,False,False,False
RD-1010849,Retail,False,False,False
RD-1010850,Fleet,False,False,False
RD-1010851,Fleet,False,False,False
RD-1010852,Fleet,False,False,False
RD-1010853,Fleet,False,False,False
RD-1010854,Fleet,False,False,False
RD-1010855,Fleet,False,False,False
RD-1010856,Fleet,False,False,False
RD-1010857,Fleet,False,False,False
RD-1010858,Fleet,False,False,False
RD-1010859,Fleet,False,False,False
RD-1010860,Fleet,False,False,False
RD-1010861,Retail,False,False,False
RD-1010862,Fleet,False,False,False
RD-1010863,Fleet,False,False,False
RD-1010864,Fleet,False,False,False
RD-1010865,Fleet,False,False,False
RD-1010866,Retail,False,False,False
RD-1010867,Retail,False,False,False
RD-1010868,Fleet,False,False,False
RD-1010869,Retail,False,False,False
RD-1010870,Fleet,False,False,False
RD-1010871,Fleet,False,True,False
RD-1010872,Fleet,False,False,False
RD-1010873,Retail,False,False,False
RD-1010874,Fleet,False,False,False
RD-1010875,Retail,False,False,False
RD-1010876,Fleet,False,False,False
RD-1010877,Retail,False,False,False
RD-1010878,Fleet,False,False,False
RD-1010879,Fleet,False,False,False
RD-1010880,Fleet,False,False,False
RD-1010881,Fleet,False,False,False
RD-1010882,Retail,False,True,False
RD-1010883,Retail,False,True,False
RD-1010884,Retail,False,True,False
RD-1010885,Retail,False,False,False
RD-1010886,Retail,False,False,False
RD-1010887,Retail,False,False,False
RD-1010888,Fleet,False,False,False
RD-1010889,Fleet,False,False,False
RD-1010890,Fleet,False,False,False
RD-1010891,Fleet,False,False,False
RD-1010892,Fleet,False,False,False
RD-1010893,Fleet,False,False,False
RD-1010894,Fleet,False,False,False
RD-1010895,Retail,False,True,False
RD-1010896,Fleet,False,False,False
RD-1010897,Retail,False,False,False
RD-1010898,Fleet,False,False,False
RD-1010899,Fleet,False,False,False
RD-1010900,Fleet,False,False,False
RD-1010901,Retail,False,False,False
RD-1010902,Retail,False,False,False
RD-1010903,Fleet,False,False,False
RD-1010904,Fleet,False,False,False
RD-1010905,Fleet,False,False,False
RD-1010906,Fleet,False,False,False
RD-1010907,Fleet,False,True,False
RD-1010908,Fleet,False,False,False
RD-1010909,Fleet,False,False,False
RD-1010910,Fleet,False,False,False
RD-1010911,Fleet,False,False,False
RD-1010912,Fleet,False,False,False
RD-1010913,Fleet,False,False,False
RD-1010914,Fleet,False,False,False
RD-1010915,Fleet,False,False,False
RD-1010916,Retail,False,False,False
RD-1010917,Fleet,False,False,False
RD-1010918,Fleet,False,False,False
RD-1010919,Fleet,True,False,False
RD-1010920,Retail,False,False,False
RD-1010921,Retail,False,False,False
RD-1010922,Fleet,False,False,False
RD-1010923,Fleet,False,False,False
RD-1010924,Fleet,False,False,False
RD-1010925,Fleet,False,False,False
RD-1010926,Retail,False,False,False
RD-1010927,Fleet,True,False,False
RD-1010928,Fleet,False,False,False
RD-1010929,Fleet,False,False,False
RD-1010930,Retail,False,False,False
RD-1010931,Fleet,False,False,False
RD-1010932,Retail,False,False,False
RD-1010933,Retail,False,False,False
RD-1010934,Retail,False,False,False
RD-1010935,Fleet,False,True,False
RD-1010936,Fleet,False,False,False
RD-1010937,Fleet,False,False,False
RD-1010938,Fleet,False,False,False
RD-1010939,Fleet,False,False,False
RD-1010940,Retail,False,True,False
RD-1010941,Fleet,False,False,False
RD-1010942,Retail,False,False,False
RD-1010943,Retail,False,False,False
RD-1010944,Fleet,False,False,False
RD-1010945,Retail,False,False,False
RD-1010946,Fleet,False,False,False
RD-1010947,Fleet,False,False,False
RD-1010948,Retail,False,True,False
RD-1010949,Fleet,False,False,False
RD-1010950,Fleet,False,False,False
RD-1010951,Fleet,False,False,False
RD-1010952,Fleet,False,False,False
RD-1010953,Fleet,False,True,False
RD-1010954,Retail,False,False,False
RD-1010955,Fleet,True,False,False
RD-1010956,Fleet,False,False,False
RD-1010957,Retail,False,False,False
RD-1010958,Fleet,False,False,False
RD-1010959,Fleet,False,False,False
RD-1010960,Retail,False,False,False
RD-1010961,Fleet,False,False,False
RD-1010962,Fleet,False,False,False
RD-1010963,Retail,False,False,False
RD-1010964,Fleet,False,False,False
RD-1010965,Fleet,False,False,False
RD-1010966,Retail,False,True,False
RD-1010967,Retail,False,False,False
RD-1010968,Retail,False,True,False
RD-1010969,Retail,False,False,False
RD-1010970,Fleet,False,False,False
RD-1010971,Retail,False,False,False
RD-1010972,Fleet,False,False,False
RD-1010973,Retail,False,False,False
RD-1010974,Fleet,False,True,False
RD-1010975,Retail,False,False,False
RD-1010976,Fleet,False,True,False
RD-1010977,Retail,False,False,False
RD-1010978,Retail,False,False,False
RD-1010979,Fleet,False,False,False
RD-1010980,Fleet,False,False,False
RD-1010981,Retail,False,False,False
RD-1010982,Retail,False,False,False
RD-1010983,Fleet,False,False,False
RD-1010984,Fleet,False,False,False
RD-1010985,Retail,False,False,False
RD-1010986,Retail,False,False,False
RD-1010987,Retail,False,False,False
RD-1010988,Fleet,False,False,False
RD-1010989,Fleet,False,False,False
RD-1010990,Retail,False,False,False
RD-1010991,Fleet,False,False,False
RD-1010992,Fleet,False,False,False
RD-1010993,Fleet,False,False,False
RD-1010994,Fleet,False,False,False
RD-1010995,Fleet,False,False,False
RD-1010996,Retail,False,False,False
RD-1010997,Fleet,False,False,False
RD-1010998,Fleet,False,False,False
RD-1010999,Retail,False,False,False
RD-1011000,Retail,False,False,False
RD-1011001,Fleet,False,False,False
RD-1011002,Retail,False,False,False
RD-1011003,Fleet,False,False,False
RD-1011004,Retail,False,False,False
RD-1011005,Fleet,False,False,False
RD-1011006,Fleet,False,False,False
RD-1011007,Retail,False,True,False
RD-1011008,Retail,False,False,False
RD-1011009,Retail,False,False,False
RD-1011010,Fleet,False,False,False
RD-1011011,Fleet,False,False,False
RD-1011012,Fleet,False,False,False
RD-1011013,Fleet,False,False,False
RD-1011014,Fleet,False,False,False
RD-1011015,Retail,False,False,False
RD-1011016,Fleet,False,False,False
RD-1011017,Fleet,False,False,False
RD-1011018,Retail,False,True,False
RD-1011019,Retail,False,False,False
RD-1011020,Retail,False,False,False
RD-1011021,Fleet,False,True,False
RD-1011022,Fleet,False,False,False
RD-1011023,Fleet,False,False,False
RD-1011024,Retail,False,False,False
RD-1011025,Retail,False,True,False
RD-1011026,Retail,False,False,False
RD-1011027,Fleet,False,False,False
RD-1011028,Fleet,False,False,False
RD-1011029,Retail,False,False,False
RD-1011030,Retail,False,False,False
RD-1011031,Fleet,False,False,False
RD-1011032,Fleet,False,False,False
RD-1011033,Fleet,False,False,False
RD-1011034,Retail,False,False,False
RD-1011035,Retail,False,False,False
RD-1011036,Retail,False,False,False
RD-1011037,Fleet,False,False,False
RD-1011038,Fleet,False,False,False
RD-1011039,Retail,False,False,False
RD-1011040,Fleet,False,False,False
RD-1011041,Fleet,False,False,False
RD-1011042,Fleet,False,False,False
RD-1011043,Retail,False,False,False
RD-1011044,Fleet,False,False,False
RD-1011045,Retail,False,False,False
RD-1011046,Fleet,False,False,False
RD-1011047,Retail,False,False,False
RD-1011048,Retail,False,False,False
RD-1011049,Fleet,False,False,False
RD-1011050,Fleet,False,False,False
RD-1011051,Fleet,False,False,False
RD-1011052,Retail,False,False,False
RD-1011053,Fleet,False,True,False
RD-1011054,Retail,False,False,False
RD-1011055,Fleet,False,False,False
RD-1011056,Retail,False,False,False
RD-1011057,Retail,False,False,False
RD-1011058,Fleet,True,False,False
RD-1011059,Fleet,False,False,False
RD-1011060,Retail,False,False,False
RD-1011061,Fleet,False,False,False
RD-1011062,Retail,False,False,False
RD-1011063,Fleet,False,False,False
RD-1011064,Fleet,False,False,False
RD-1011065,Fleet,False,False,False
RD-1011066,Fleet,False,False,False
RD-1011067,Retail,False,False,False
RD-1011068,Fleet,False,False,False
RD-1011069,Fleet,False,False,False
RD-1011070,Fleet,False,False,False
RD-1011071,Retail,False,False,False
RD-1011072,Fleet,False,False,False
RD-1011073,Retail,False,False,False
RD-1011074,Fleet,False,False,False
RD-1011075,Retail,False,False,False
RD-1011076,Fleet,False,True,False
RD-1011077,Fleet,False,False,False
RD-1011078,Fleet,False,True,False
RD-1011079,Fleet,False,False,False
RD-1011080,Retail,False,True,False
RD-1011081,Fleet,False,False,False
RD-1011082,Fleet,False,False,False
RD-1011083,Fleet,False,False,False
RD-1011084,Fleet,False,False,False
RD-1011085,Fleet,False,False,False
RD-1011086,Fleet,False,False,False
RD-1011087,Retail,False,False,False
RD-1011088,Fleet,False,False,False
RD-1011089,Fleet,False,False,False
RD-1011090,Fleet,False,False,False
RD-1011091,Fleet,False,False,False
RD-1011092,Fleet,False,False,False
RD-1011093,Fleet,False,False,False
RD-1011094,Retail,False,False,False
RD-1011095,Fleet,False,False,False
RD-1011096,Retail,False,False,False
RD-1011097,Retail,False,False,False
RD-1011098,Fleet,False,False,False
RD-1011099,Retail,False,False,False
RD-1011100,Retail,False,False,False
RD-1011101,Retail,False,False,False
RD-1011102,Fleet,False,False,False
RD-1011103,Retail,False,False,False
RD-1011104,Fleet,False,False,False
RD-1011105,Fleet,False,False,False
RD-1011106,Retail,False,False,False
RD-1011107,Retail,False,False,False
RD-1011108,Retail,False,False,False
RD-1011109,Fleet,False,False,False
RD-1011110,Fleet,False,True,False
RD-1011111,Fleet,False,False,False
RD-1011112,Fleet,False,False,False
RD-1011113,Retail,False,False,False
RD-1011114,Fleet,False,False,False
RD-1011115,Retail,False,False,False
RD-1011116,Fleet,False,False,False
RD-1011117,Retail,False,False,False
RD-1011118,Fleet,False,False,False
RD-1011119,Fleet,False,False,False
RD-1011120,Fleet,False,False,False
RD-1011121,Fleet,False,False,False
RD-1011122,Fleet,False,False,False
RD-1011123,Retail,False,False,False
RD-1011124,Fleet,False,False,False
RD-1011125,Fleet,False,False,False
RD-1011126,Retail,False,True,False
RD-1011127,Fleet,True,False,False
RD-1011128,Fleet,False,False,False
RD-1011129,Retail,False,False,False
RD-1011130,Fleet,False,False,False
RD-1011131,Retail,False,False,False
RD-1011132,Retail,False,False,False
RD-1011133,Retail,False,False,False
RD-1011134,Fleet,False,False,False
RD-1011135,Fleet,False,False,False
RD-1011136,Retail,False,False,False
RD-1011137,Retail,False,False,False
RD-1011138,Fleet,False,False,False
RD-1011139,Fleet,False,False,False
RD-1011140,Fleet,False,False,False
RD-1011141,Retail,False,False,False
RD-1011142,Fleet,False,False,False
RD-1011143,Retail,False,False,False
RD-1011144,Fleet,False,False,False
RD-1011145,Fleet,False,False,False
RD-1011146,Retail,False,False,False
RD-1011147,Retail,False,False,False
RD-1011148,Fleet,False,False,False
RD-1011149,Fleet,False,False,False
RD-1011150,Fleet,False,False,False
RD-1011151,Fleet,False,False,False
RD-1011152,Retail,False,False,False
RD-1011153,Fleet,False,False,False
RD-1011154,Fleet,False,False,False
RD-1011155,Fleet,False,False,False
RD-1011156,Retail,False,False,False
RD-1011157,Fleet,False,False,False
RD-1011158,Fleet,False,False,False
RD-1011159,Fleet,False,False,False
RD-1011160,Retail,False,False,False
RD-1011161,Retail,False,False,False
RD-1011162,Fleet,False,False,False
RD-1011163,Retail,False,False,False
RD-1011164,Retail,False,False,False
RD-1011165,Fleet,False,False,False
RD-1011166,Retail,True,False,False
RD-1011167,Retail,False,False,False
RD-1011168,Fleet,False,False,False
RD-1011169,Retail,False,False,False
RD-1011170,Retail,False,False,False
RD-1011171,Fleet,False,False,False
RD-1011172,Retail,False,False,False
RD-1011173,Retail,False,False,False
RD-1011174,Retail,False,False,False
RD-1011175,Fleet,False,True,False
RD-1011176,Fleet,False,False,False
RD-1011177,Retail,False,False,False
RD-1011178,Retail,False,False,False
RD-1011179,Fleet,True,False,False
RD-1011180,Retail,False,False,False
RD-1011181,Retail,False,False,False
RD-1011182,Fleet,False,False,False
RD-1011183,Fleet,False,False,False
RD-1011184,Fleet,False,False,False
RD-1011185,Retail,False,False,False
RD-1011186,Fleet,False,False,False
RD-1011187,Retail,False,False,False
RD-1011188,Fleet,False,False,False
RD-1011189,Fleet,False,True,False
RD-1011190,Retail,False,False,False
RD-1011191,Fleet,False,False,False
RD-1011192,Fleet,False,False,False
RD-1011193,Fleet,False,False,False
RD-1011194,Fleet,False,False,False
RD-1011195,Fleet,False,False,False
RD-1011196,Retail,False,False,False
RD-1011197,Retail,False,True,False
RD-1011198,Fleet,False,False,False
RD-1011199,Retail,False,False,False
RD-1011200,Fleet,False,False,False
RD-1011201,Fleet,False,False,False
RD-1011202,Retail,False,False,False
RD-1011203,Retail,False,True,False
RD-1011204,Fleet,False,True,False
RD-1011205,Fleet,False,False,False
RD-1011206,Fleet,False,False,False
RD-1011207,Fleet,False,False,False
RD-1011208,Fleet,False,False,False
RD-1011209,Fleet,False,False,False
RD-1011210,Fleet,False,False,False
RD-1011211,Fleet,False,False,False
RD-1011212,Fleet,False,False,False
RD-1011213,Fleet,False,False,False
RD-1011214,Retail,False,False,False
RD-1011215,Fleet,False,False,False
RD-1011216,Fleet,False,False,False
RD-1011217,Retail,False,False,False
RD-1011218,Retail,False,False,False
RD-1011219,Fleet,False,False,False
RD-1011220,Fleet,False,False,False
RD-1011221,Fleet,False,False,False
RD-1011222,Fleet,False,False,False
RD-1011223,Retail,False,False,False
RD-1011224,Fleet,False,False,False
RD-1011225,Fleet,False,False,False
RD-1011226,Retail,False,False,False
RD-1011227,Fleet,False,False,False
RD-1011228,Retail,False,False,False
RD-1011229,Fleet,False,False,False
RD-1011230,Fleet,False,False,False
RD-1011231,Fleet,False,False,False
RD-1011232,Fleet,False,False,False
RD-1011233,Fleet,False,False,False
RD-1011234,Retail,False,False,False
RD-1011235,Fleet,False,False,False
RD-1011236,Retail,False,False,False
RD-1011237,Retail,False,False,False
RD-1011238,Retail,False,False,False
RD-1011239,Fleet,False,False,False
RD-1011240,Fleet,False,False,False
RD-1011241,Retail,False,False,False
RD-1011242,Retail,False,False,False
RD-1011243,Retail,False,False,False
RD-1011244,Fleet,False,False,False
RD-1011245,Fleet,False,False,False
RD-1011246,Retail,False,False,False
RD-1011247,Fleet,False,False,False
RD-1011248,Fleet,False,False,False
RD-1011249,Fleet,False,False,False
RD-1011250,Fleet,False,False,False
RD-1011251,Retail,False,False,False
RD-1011252,Fleet,False,False,False
RD-1011253,Retail,False,False,False
RD-1011254,Fleet,False,False,False
RD-1011255,Fleet,False,False,False
RD-1011256,Fleet,False,False,False
RD-1011257,Retail,False,False,False
RD-1011258,Fleet,False,False,False
RD-1011259,Fleet,False,False,False
RD-1011260,Retail,False,False,False
RD-1011261,Fleet,False,False,False
RD-1011262,Fleet,False,False,False
RD-1011263,Fleet,False,False,False
RD-1011264,Retail,False,False,False
RD-1011265,Fleet,False,False,False
RD-1011266,Retail,False,False,False
RD-1011267,Retail,False,False,False
RD-1011268,Retail,False,False,False
RD-1011269,Fleet,False,False,False
RD-1011270,Fleet,False,False,False
RD-1011271,Retail,False,False,False
RD-1011272,Fleet,False,False,False
RD-1011273,Fleet,False,False,False
RD-1011274,Fleet,False,False,False
RD-1011275,Retail,False,False,False
RD-1011276,Fleet,False,False,False
RD-1011277,Fleet,False,False,False
RD-1011278,Fleet,False,False,False
RD-1011279,Fleet,False,True,False
RD-1011280,Fleet,False,False,False
RD-1011281,Fleet,False,False,False
RD-1011282,Retail,False,False,False
RD-1011283,Retail,False,False,False
RD-1011284,Fleet,False,True,False
RD-1011285,Fleet,False,False,False
RD-1011286,Fleet,False,False,False
RD-1011287,Fleet,False,True,False
RD-1011288,Retail,False,False,False
RD-1011289,Fleet,False,False,False
RD-1011290,Fleet,False,False,False
RD-1011291,Retail,False,False,False
RD-1011292,Retail,False,True,False
RD-1011293,Fleet,False,False,False
RD-1011294,Retail,False,False,False
RD-1011295,Fleet,False,False,False
RD-1011296,Retail,False,False,False
RD-1011297,Retail,False,False,False
RD-1011298,Fleet,False,False,False
RD-1011299,Retail,False,False,False
RD-1011300,Fleet,False,False,False
RD-1011301,Retail,False,False,False
RD-1011302,Fleet,False,False,False
RD-1011303,Fleet,False,False,False
RD-1011304,Retail,False,False,False
RD-1011305,Fleet,False,False,False
RD-1011306,Retail,False,False,False
RD-1011307,Fleet,False,False,False
RD-1011308,Fleet,False,False,False
RD-1011309,Fleet,False,False,False
RD-1011310,Fleet,False,False,False
RD-1011311,Retail,True,False,False
RD-1011312,Fleet,False,False,False
RD-1011313,Retail,False,False,False
RD-1011314,Retail,False,False,False
RD-1011315,Retail,False,False,False
RD-1011316,Retail,False,False,False
RD-1011317,Fleet,False,False,False
RD-1011318,Fleet,False,False,False
RD-1011319,Fleet,False,False,False
RD-1011320,Fleet,False,False,False
RD-1011321,Retail,False,False,False
RD-1011322,Fleet,False,False,False
RD-1011323,Retail,False,False,False
RD-1011324,Retail,False,False,False
RD-1011325,Retail,False,False,False
RD-1011326,Retail,False,False,False
RD-1011327,Fleet,False,True,False
RD-1011328,Fleet,False,False,False
RD-1011329,Fleet,False,False,False
RD-1011330,Retail,False,False,False
RD-1011331,Retail,False,False,False
RD-1011332,Retail,False,False,False
RD-1011333,Fleet,False,False,False
RD-1011334,Retail,False,False,False
RD-1011335,Retail,False,True,False
RD-1011336,Retail,False,False,False
RD-1011337,Retail,False,False,False
RD-1011338,Retail,False,False,False
RD-1011339,Retail,False,False,False
RD-1011340,Fleet,False,False,False
RD-1011341,Retail,False,False,False
RD-1011342,Retail,False,True,False
RD-1011343,Fleet,False,False,False
RD-1011344,Retail,False,False,False
RD-1011345,Fleet,False,False,False
RD-1011346,Retail,False,False,False
RD-1011347,Retail,False,False,False
RD-1011348,Fleet,False,False,False
RD-1011349,Retail,False,False,False
RD-1011350,Fleet,False,False,False
RD-1011351,Retail,False,False,False
RD-1011352,Retail,False,False,False
RD-1011353,Fleet,False,False,False
RD-1011354,Fleet,False,False,False
RD-1011355,Fleet,False,False,False
RD-1011356,Fleet,False,False,False
RD-1011357,Retail,False,True,False
RD-1011358,Retail,False,False,False
RD-1011359,Fleet,False,False,False
RD-1011360,Retail,False,False,False
RD-1011361,Fleet,False,False,False
RD-1011362,Retail,False,False,False
RD-1011363,Fleet,False,False,False
RD-1011364,Fleet,False,False,False
RD-1011365,Fleet,False,False,False
RD-1011366,Retail,False,False,False
RD-1011367,Fleet,False,False,False
RD-1011368,Fleet,False,False,False
RD-1011369,Fleet,False,False,False
RD-1011370,Retail,True,False,False
RD-1011371,Retail,False,False,False
RD-1011372,Retail,False,False,False
RD-1011373,Fleet,False,False,False
RD-1011374,Retail,False,False,False
RD-1011375,Retail,False,False,False
RD-1011376,Fleet,False,False,False
RD-1011377,Fleet,False,False,False
RD-1011378,Fleet,False,False,False
RD-1011379,Retail,False,False,False
RD-1011380,Retail,False,False,False
RD-1011381,Fleet,False,False,False
RD-1011382,Retail,False,False,False
RD-1011383,Fleet,False,False,False
RD-1011384,Retail,False,False,False
RD-1011385,Fleet,False,False,False
RD-1011386,Fleet,False,False,False
RD-1011387,Fleet,False,False,False
RD-1011388,Fleet,False,False,False
RD-1011389,Fleet,False,False,False
RD-1011390,Fleet,False,False,False
RD-1011391,Retail,False,False,False
RD-1011392,Fleet,False,False,False
RD-1011393,Fleet,False,False,False
RD-1011394,Fleet,False,True,False
RD-1011395,Fleet,False,False,False
RD-1011396,Fleet,False,False,False
RD-1011397,Fleet,False,False,False
RD-1011398,Retail,False,False,False
RD-1011399,Fleet,False,False,False
RD-1011400,Fleet,False,False,False
RD-1011401,Fleet,False,False,False
RD-1011402,Fleet,False,False,False
RD-1011403,Retail,False,False,False
RD-1011404,Retail,False,False,False
RD-1011405,Fleet,False,False,False
RD-1011406,Retail,False,False,False
RD-1011407,Fleet,False,False,False
RD-1011408,Fleet,False,False,False
RD-1011409,Fleet,False,False,False
RD-1011410,Retail,False,False,False
RD-1011411,Retail,False,False,False
RD-1011412,Retail,False,False,False
RD-1011413,Retail,False,False,False
RD-1011414,Fleet,False,False,False
RD-1011415,Fleet,False,False,False
RD-1011416,Fleet,False,False,False
RD-1011417,Fleet,False,False,False
RD-1011418,Fleet,False,False,False
RD-1011419,Fleet,False,False,False
RD-1011420,Retail,False,False,False
RD-1011421,Fleet,False,False,False
RD-1011422,Fleet,False,False,False
RD-1011423,Fleet,False,False,False
RD-1011424,Fleet,False,False,False
RD-1011425,Retail,False,False,False
RD-1011426,Retail,False,False,False
RD-1011427,Fleet,False,False,False
RD-1011428,Fleet,False,False,False
RD-1011429,Fleet,False,False,False
RD-1011430,Retail,False,False,False
RD-1011431,Fleet,False,False,False
RD-1011432,Retail,False,False,False
RD-1011433,Fleet,False,False,False
RD-1011434,Fleet,False,False,False
RD-1011435,Fleet,False,False,False
RD-1011436,Retail,False,False,False
RD-1011437,Fleet,False,False,False
RD-1011438,Retail,False,False,False
RD-1011439,Fleet,False,False,False
RD-1011440,Fleet,False,True,False
RD-1011441,Retail,False,False,False
RD-1011442,Retail,False,False,False
RD-1011443,Fleet,False,False,False
RD-1011444,Retail,False,False,False
RD-1011445,Retail,False,False,False
RD-1011446,Fleet,False,False,False
RD-1011447,Fleet,False,False,False
RD-1011448,Fleet,False,False,False
RD-1011449,Fleet,False,False,False
RD-1011450,Fleet,False,False,False
RD-1011451,Retail,False,False,False
RD-1011452,Fleet,False,False,False
RD-1011453,Retail,False,False,False
RD-1011454,Fleet,False,False,False
RD-1011455,Retail,False,False,False
RD-1011456,Fleet,False,False,False
RD-1011457,Retail,False,False,False
RD-1011458,Fleet,False,False,False
RD-1011459,Fleet,False,False,False
RD-1011460,Retail,False,False,False
RD-1011461,Fleet,False,False,False
RD-1011462,Fleet,False,False,False
RD-1011463,Retail,False,False,False
RD-1011464,Retail,False,False,False
RD-1011465,Fleet,False,False,False
RD-1011466,Retail,False,False,False
RD-1011467,Fleet,False,False,False
RD-1011468,Retail,False,True,False
RD-1011469,Fleet,False,False,False
RD-1011470,Retail,False,False,False
RD-1011471,Fleet,False,False,False
RD-1011472,Fleet,False,False,False
RD-1011473,Fleet,False,False,False
RD-1011474,Fleet,False,False,False
RD-1011475,Fleet,False,False,False
RD-1011476,Retail,False,False,False
RD-1011477,Retail,False,False,False
RD-1011478,Fleet,False,False,False
RD-1011479,Fleet,False,False,False
RD-1011480,Fleet,False,False,False
RD-1011481,Fleet,False,False,False
RD-1011482,Fleet,False,False,False
RD-1011483,Retail,False,False,False
RD-1011484,Fleet,False,False,False
RD-1011485,Fleet,False,False,False
RD-1011486,Fleet,False,False,False
RD-1011487,Fleet,False,False,False
RD-1011488,Fleet,False,False,False
RD-1011489,Fleet,False,False,False
RD-1011490,Retail,False,False,False
RD-1011491,Fleet,False,False,False
RD-1011492,Fleet,False,True,False
RD-1011493,Retail,False,False,False
RD-1011494,Fleet,False,False,False
RD-1011495,Fleet,False,False,False
RD-1011496,Fleet,False,False,False
RD-1011497,Fleet,False,False,False
RD-1011498,Fleet,False,False,False
RD-1011499,Fleet,False,False,False
RD-1011500,Fleet,False,True,False
RD-1011501,Retail,False,False,False
RD-1011502,Fleet,False,False,False
RD-1011503,Fleet,False,True,False
RD-1011504,Fleet,False,True,False
RD-1011505,Retail,False,False,False
RD-1011506,Retail,False,False,False
RD-1011507,Fleet,False,False,False
RD-1011509,Retail,False,False,False
RD-1011510,Fleet,False,False,False
RD-1011511,Fleet,False,False,False
RD-1011512,Fleet,False,False,False
RD-1011513,Fleet,False,False,False
RD-1011514,Retail,False,False,False
RD-1011515,Fleet,False,False,False
RD-1011516,Fleet,False,False,False
RD-1011517,Retail,False,False,False
RD-1011518,Retail,False,False,False
RD-1011519,Retail,False,False,False
RD-1011520,Fleet,False,False,False
RD-1011521,Fleet,False,False,False
RD-1011522,Retail,False,False,False
RD-1011523,Fleet,False,False,False
RD-1011524,Fleet,False,True,False
RD-1011525,Fleet,False,False,False
RD-1011526,Retail,False,False,False
RD-1011527,Fleet,False,False,False
RD-1011528,Retail,False,False,False
RD-1011529,Fleet,False,False,False
RD-1011530,Fleet,False,True,False
RD-1011531,Retail,False,False,False
RD-1011532,Fleet,False,False,False
RD-1011533,Retail,False,False,False
RD-1011534,Fleet,False,False,False
RD-1011535,Retail,False,False,False
RD-1011536,Fleet,False,False,False
RD-1011537,Retail,False,False,False
RD-1011538,Fleet,False,False,False
RD-1011539,Retail,False,False,False
RD-1011540,Fleet,False,False,False
RD-1011541,Retail,False,False,False
RD-1011542,Fleet,False,False,False
RD-1011543,Retail,False,False,False
RD-1011544,Fleet,False,False,False
RD-1011545,Fleet,False,False,False
RD-1011546,Retail,False,False,False
RD-1011547,Retail,False,False,False
RD-1011548,Fleet,False,False,False
RD-1011549,Retail,False,False,False
RD-1011550,Retail,False,False,False
RD-1011551,Fleet,False,False,False
RD-1011552,Fleet,False,False,False
RD-1011553,Fleet,False,False,False
RD-1011554,Fleet,False,False,False
RD-1011555,Retail,False,False,False
RD-1011556,Retail,False,False,False
RD-1011557,Fleet,False,False,False
RD-1011558,Fleet,False,False,False
RD-1011559,Retail,False,False,False
RD-1011560,Fleet,False,True,False
RD-1011561,Retail,False,False,False
RD-1011562,Retail,False,False,False
RD-1011563,Fleet,False,False,False
RD-1011564,Fleet,False,False,False
RD-1011565,Fleet,False,False,False
RD-1011566,Retail,False,False,False
RD-1011567,Retail,False,False,False
RD-1011568,Retail,False,False,False
RD-1011569,Fleet,False,False,False
RD-1011570,Retail,False,False,False
RD-1011571,Fleet,False,False,False
RD-1011572,Retail,False,False,False
RD-1011573,Retail,False,False,False
RD-1011574,Fleet,True,False,False
RD-1011575,Fleet,False,False,False
RD-1011576,Fleet,False,False,False
RD-1011577,Fleet,False,False,False
RD-1011578,Fleet,False,False,False
RD-1011579,Fleet,False,False,False
RD-1011580,Fleet,False,False,False
RD-1011581,Retail,False,False,False
RD-1011582,Fleet,False,False,False
RD-1011583,Fleet,False,False,False
RD-1011584,Fleet,False,False,False
RD-1011585,Fleet,False,False,False
RD-1011586,Fleet,False,False,False
RD-1011587,Fleet,False,False,False
RD-1011588,Fleet,False,False,False
RD-1011589,Retail,False,False,False
RD-1011590,Fleet,False,False,False
RD-1011591,Fleet,False,False,False
RD-1011592,Fleet,False,False,False
RD-1011593,Fleet,False,False,False
RD-1011594,Retail,False,False,False
RD-1011595,Retail,False,False,False
RD-1011596,Fleet,False,False,False
RD-1011597,Fleet,False,False,False
RD-1011598,Fleet,False,False,False
RD-1011599,Fleet,False,True,False
RD-1011600,Fleet,False,False,False
RD-1011601,Retail,False,False,False
RD-1011602,Retail,False,False,False
RD-1011603,Retail,False,False,False
RD-1011604,Retail,False,False,False
RD-1011605,Retail,False,False,False
RD-1011606,Fleet,False,False,False
RD-1011607,Retail,False,False,False
RD-1011608,Fleet,False,False,False
RD-1011609,Retail,False,False,False
RD-1011610,Retail,False,False,False
RD-1011611,Fleet,False,False,False
RD-1011612,Fleet,False,False,False
RD-1011613,Fleet,False,False,False
RD-1011614,Retail,False,False,False
RD-1011615,Retail,False,False,False
RD-1011616,Fleet,False,False,False
RD-1011617,Fleet,False,False,False
RD-1011618,Fleet,False,False,False
RD-1011619,Fleet,False,False,False
RD-1011620,Retail,False,False,False
RD-1011621,Fleet,False,False,False
RD-1011622,Retail,False,False,False
RD-1011623,Fleet,False,False,False
RD-1011624,Fleet,False,False,False
RD-1011625,Retail,False,False,False
RD-1011626,Fleet,False,False,False
RD-1011627,Fleet,False,False,False
RD-1011628,Fleet,False,False,False
RD-1011629,Retail,True,False,False
RD-1011630,Fleet,False,False,False
RD-1011631,Fleet,False,False,False
RD-1011632,Fleet,False,False,False
RD-1011633,Retail,False,False,False
RD-1011634,Retail,False,False,False
RD-1011635,Fleet,False,False,False
RD-1011636,Fleet,False,False,False
RD-1011637,Fleet,False,False,False
RD-1011638,Retail,False,False,False
RD-1011639,Fleet,False,False,False
RD-1011640,Retail,False,False,False
RD-1011641,Fleet,False,False,False
RD-1011642,Fleet,False,False,False
RD-1011643,Fleet,False,False,False
RD-1011644,Fleet,False,True,False
RD-1011645,Fleet,False,False,False
RD-1011646,Fleet,False,False,False
RD-1011647,Retail,False,False,False
RD-1011648,Fleet,False,False,False
RD-1011649,Retail,False,False,False
RD-1011650,Retail,False,False,False
RD-1011651,Retail,False,False,False
RD-1011652,Fleet,False,False,False
RD-1011653,Fleet,False,False,False
RD-1011654,Fleet,False,False,False
RD-1011655,Fleet,False,True,False
RD-1011656,Fleet,False,False,False
RD-1011657,Fleet,False,False,False
RD-1011658,Fleet,False,False,False
RD-1011659,Fleet,False,False,False
RD-1011660,Retail,False,True,False
RD-1011661,Retail,False,False,False
RD-1011662,Retail,False,False,False
RD-1011663,Fleet,True,False,False
RD-1011664,Fleet,False,False,False
RD-1011665,Fleet,False,False,False
RD-1011666,Fleet,False,False,False
RD-1011667,Fleet,False,False,False
RD-1011668,Fleet,False,False,False
RD-1011669,Fleet,False,False,False
RD-1011670,Fleet,False,False,False
RD-1011671,Fleet,False,False,False
RD-1011672,Fleet,False,False,False
RD-1011673,Fleet,False,False,False
RD-1011674,Fleet,False,False,False
RD-1011675,Retail,False,False,False
RD-1011676,Fleet,False,False,False
RD-1011677,Retail,False,False,False
RD-1011678,Fleet,False,False,False
RD-1011679,Retail,False,False,False
RD-1011680,Fleet,False,False,False
RD-1011681,Fleet,False,False,False
RD-1011682,Fleet,False,False,False
RD-1011683,Fleet,False,False,False
RD-1011684,Fleet,False,False,False
RD-1011685,Retail,False,False,False
RD-1011686,Fleet,False,False,False
RD-1011687,Fleet,False,False,False
RD-1011688,Retail,False,False,False
RD-1011689,Fleet,False,False,False
RD-1011690,Retail,False,False,False
RD-1011691,Fleet,False,False,False
RD-1011692,Fleet,False,False,False
RD-1011693,Retail,False,False,False
RD-1011694,Fleet,False,False,False
RD-1011695,Fleet,False,False,False
RD-1011696,Fleet,False,False,False
RD-1011697,Fleet,False,False,False
RD-1011698,Retail,False,False,False
RD-1011699,Retail,False,False,False
RD-1011700,Retail,False,False,False
RD-1011701,Fleet,False,False,False
RD-1011702,Fleet,False,False,False
RD-1011703,Fleet,False,False,False
RD-1011704,Fleet,False,False,False
RD-1011705,Fleet,False,False,False
RD-1011706,Fleet,False,False,False
RD-1011707,Fleet,False,False,False
RD-1011708,Fleet,False,False,False
RD-1011709,Fleet,False,False,False
RD-1011710,Fleet,False,False,False
RD-1011711,Retail,False,False,False
RD-1011712,Fleet,False,False,False
RD-1011713,Retail,False,False,False
RD-1011714,Fleet,False,False,False
RD-1011715,Retail,False,False,False
RD-1011716,Retail,False,False,False
RD-1011717,Fleet,False,False,False
RD-1011718,Fleet,False,False,False
RD-1011719,Fleet,False,False,False
RD-1011720,Fleet,False,False,False
RD-1011721,Fleet,False,False,False
RD-1011722,Fleet,False,False,False
RD-1011723,Retail,False,False,False
RD-1011724,Fleet,False,False,False
RD-1011725,Fleet,False,True,False
RD-1011726,Retail,False,False,False
RD-1011727,Retail,False,False,False
RD-1011728,Fleet,False,False,False
RD-1011729,Fleet,False,False,False
RD-1011730,Retail,False,False,False
RD-1011731,Retail,False,False,False
RD-1011732,Fleet,False,True,False
RD-1011733,Fleet,False,False,False
RD-1011734,Fleet,False,False,False
RD-1011735,Fleet,False,False,False
RD-1011736,Fleet,False,False,False
RD-1011737,Retail,False,False,False
RD-1011738,Retail,False,False,False
RD-1011739,Fleet,False,False,False
RD-1011740,Fleet,False,True,False
RD-1011741,Fleet,False,False,False
RD-1011742,Fleet,False,False,False
RD-1011743,Fleet,False,False,False
RD-1011744,Retail,False,False,False
RD-1011745,Fleet,False,False,False
RD-1011746,Fleet,False,False,False
RD-1011747,Fleet,False,False,False
RD-1011748,Retail,False,False,False
RD-1011749,Fleet,False,False,False
RD-1011750,Retail,False,False,False
RD-1011751,Fleet,False,False,False
RD-1011752,Retail,False,False,False
RD-1011753,Fleet,False,False,False
RD-1011754,Retail,False,True,False
RD-1011755,Fleet,False,False,False
RD-1011756,Retail,False,True,False
RD-1011757,Retail,False,False,False
RD-1011758,Fleet,False,False,False
RD-1011759,Retail,False,False,False
RD-1011760,Retail,False,False,False
RD-1011761,Fleet,False,False,False
RD-1011762,Retail,False,False,False
RD-1011763,Fleet,False,False,False
RD-1011764,Retail,False,False,False
RD-1011765,Fleet,False,False,False
RD-1011766,Fleet,False,False,False
RD-1011767,Retail,True,False,False
RD-1011768,Fleet,False,False,False
RD-1011769,Fleet,False,False,False
RD-1011770,Fleet,False,False,False
RD-1011771,Retail,False,False,False
RD-1011772,Fleet,False,False,False
RD-1011773,Retail,False,True,False
RD-1011774,Retail,False,False,False
RD-1011775,Fleet,False,False,False
RD-1011776,Fleet,False,False,False
RD-1011777,Fleet,False,False,False
RD-1011778,Fleet,False,True,False
RD-1011779,Fleet,False,False,False
RD-1011780,Fleet,False,False,False
RD-1011781,Fleet,False,False,False
RD-1011782,Fleet,False,False,False
RD-1011783,Fleet,False,False,False
RD-1011784,Fleet,False,False,False
RD-1011785,Fleet,False,False,False
RD-1011786,Fleet,False,False,False
RD-1011787,Fleet,False,False,False
RD-1011788,Retail,False,True,False
RD-1011789,Retail,False,False,False
RD-1011790,Fleet,False,False,False
RD-1011791,Fleet,False,False,False
RD-1011792,Retail,False,False,False
RD-1011793,Retail,False,True,False
RD-1011794,Retail,False,False,False
RD-1011795,Fleet,False,False,False
RD-1011796,Fleet,False,False,False
RD-1011797,Retail,False,False,False
RD-1011798,Retail,False,False,False
RD-1011799,Fleet,False,False,False
RD-1011800,Fleet,False,False,False
RD-1011801,Retail,False,True,False
RD-1011802,Retail,False,False,False
RD-1011803,Retail,False,False,False
RD-1011804,Retail,False,False,False
RD-1011805,Fleet,False,False,False
RD-1011806,Fleet,False,False,False
RD-1011807,Retail,False,False,False
RD-1011808,Retail,False,False,False
RD-1011809,Fleet,False,False,False
RD-1011810,Fleet,False,False,False
RD-1011811,Fleet,False,False,False
RD-1011812,Retail,False,False,False
RD-1011813,Retail,False,False,False
RD-1011814,Retail,False,False,False
RD-1011815,Fleet,False,False,False
RD-1011816,Retail,False,False,False
RD-1011817,Retail,False,False,False
RD-1011818,Fleet,False,False,False
RD-1011819,Fleet,False,False,False
RD-1011820,Fleet,False,False,False
RD-1011821,Retail,False,False,False
RD-1011822,Retail,False,False,False
RD-1011823,Fleet,False,True,False
RD-1011824,Fleet,False,False,False
RD-1011825,Fleet,False,False,False
RD-1011826,Fleet,False,False,False
RD-1011827,Fleet,False,False,False
RD-1011828,Retail,False,False,False
RD-1011829,Retail,False,False,False
RD-1011830,Fleet,False,False,False
RD-1011831,Fleet,False,False,False
RD-1011832,Fleet,False,False,False
RD-1011833,Fleet,False,False,False
RD-1011834,Retail,False,False,False
RD-1011835,Fleet,False,False,False
RD-1011836,Fleet,False,False,False
RD-1011837,Retail,False,False,False
RD-1011838,Fleet,False,False,False
RD-1011839,Retail,False,False,False
RD-1011840,Retail,False,False,False
RD-1011841,Retail,False,False,False
RD-1011842,Fleet,False,False,False
RD-1011843,Retail,False,False,False
RD-1011844,Fleet,False,False,False
RD-1011845,Fleet,False,False,False
RD-1011846,Fleet,False,False,False
RD-1011847,Fleet,False,False,False
RD-1011848,Fleet,True,False,False
RD-1011849,Retail,False,True,False
RD-1011850,Fleet,False,False,False
RD-1011851,Retail,False,False,False
RD-1011852,Fleet,False,False,False
RD-1011853,Fleet,False,False,False
RD-1011854,Retail,False,False,False
RD-1011855,Retail,False,False,False
RD-1011856,Retail,False,True,False
RD-1011857,Retail,False,False,False
RD-1011858,Retail,False,False,False
RD-1011859,Retail,False,False,False
RD-1011860,Retail,False,False,False
RD-1011861,Fleet,False,False,False
RD-1011862,Fleet,False,False,False
RD-1011863,Fleet,False,False,False
RD-1011864,Fleet,False,False,False
RD-1011865,Fleet,False,False,False
RD-1011866,Fleet,False,False,False
RD-1011867,Fleet,False,False,False
RD-1011868,Fleet,False,False,False
RD-1011869,Fleet,False,False,False
RD-1011870,Fleet,False,False,False
RD-1011871,Fleet,False,False,False
RD-1011872,Fleet,True,False,False
RD-1011873,Fleet,False,False,False
RD-1011874,Fleet,False,False,False
RD-1011875,Fleet,False,False,False
RD-1011876,Retail,False,False,False
RD-1011877,Fleet,False,False,False
RD-1011878,Retail,False,False,False
RD-1011879,Retail,False,False,False
RD-1011880,Fleet,False,False,False
RD-1011881,Retail,False,False,False
RD-1011882,Fleet,False,False,False
RD-1011883,Fleet,False,False,False
RD-1011884,Fleet,False,False,False
RD-1011885,Fleet,False,False,False
RD-1011886,Retail,False,False,False
RD-1011887,Retail,False,False,False
RD-1011888,Fleet,False,False,False
RD-1011889,Retail,False,False,False
RD-1011890,Fleet,False,False,False
RD-1011891,Fleet,False,False,False
RD-1011892,Retail,False,False,False
RD-1011893,Retail,False,False,False
RD-1011894,Fleet,False,False,False
RD-1011895,Fleet,False,False,False
RD-1011896,Retail,False,False,False
RD-1011897,Fleet,False,True,False
RD-1011898,Fleet,False,False,False
RD-1011899,Retail,False,False,False
RD-1011900,Retail,False,False,False
RD-1011901,Fleet,False,False,False
RD-1011902,Retail,False,True,False
RD-1011903,Retail,False,True,False
RD-1011904,Fleet,False,False,False
RD-1011905,Fleet,False,False,False
RD-1011906,Fleet,False,False,False
RD-1011907,Retail,False,False,False
RD-1011908,Retail,False,False,False
RD-1011909,Fleet,False,False,False
RD-1011910,Retail,False,False,False
RD-1011911,Fleet,False,False,False
RD-1011912,Retail,False,False,False
RD-1011913,Fleet,False,False,False
RD-1011914,Fleet,False,True,False
RD-1011915,Fleet,False,False,False
RD-1011916,Fleet,False,False,False
RD-1011917,Retail,False,False,False
RD-1011918,Fleet,False,False,False
RD-1011919,Retail,False,False,False
RD-1011920,Fleet,False,False,False
RD-1011921,Retail,False,False,False
RD-1011922,Retail,False,False,False
RD-1011923,Retail,False,False,False
RD-1011924,Fleet,False,False,False
RD-1011925,Fleet,False,False,False
RD-1011926,Fleet,False,False,False
RD-1011927,Fleet,False,False,False
RD-1011928,Fleet,False,False,False
RD-1011929,Fleet,False,False,False
RD-1011930,Fleet,False,False,False
RD-1011931,Fleet,False,False,False
RD-1011932,Fleet,False,False,False
RD-1011933,Retail,False,False,False
RD-1011934,Fleet,False,False,False
RD-1011935,Fleet,False,False,False
RD-1011936,Fleet,False,False,False
RD-1011937,Retail,False,False,False
RD-1011938,Fleet,False,False,False
RD-1011939,Retail,False,False,False
RD-1011940,Retail,False,False,False
RD-1011941,Retail,False,False,False
RD-1011942,Fleet,False,False,False
RD-1011943,Fleet,False,False,False
RD-1011944,Fleet,False,False,False
RD-1011945,Retail,False,False,False
RD-1011946,Fleet,False,False,False
RD-1011947,Retail,False,False,False
RD-1011948,Retail,False,False,False
RD-1011949,Retail,False,True,False
RD-1011950,Fleet,False,False,False
RD-1011951,Fleet,True,False,False
RD-1011952,Retail,False,False,False
RD-1011953,Fleet,False,False,False
RD-1011954,Fleet,False,False,True
RD-1011955,Fleet,False,True,False
RD-1011956,Retail,False,False,False
RD-1011957,Fleet,False,True,False
RD-1011958,Fleet,False,False,False
RD-1011959,Retail,False,False,False
RD-1011960,Fleet,False,False,False
RD-1011961,Fleet,False,False,False
RD-1011962,Fleet,False,False,False
RD-1011963,Retail,False,False,False
RD-1011964,Retail,False,False,False
RD-1011965,Fleet,False,False,False
RD-1011966,Fleet,False,False,False
RD-1011967,Fleet,False,False,False
RD-1011968,Fleet,False,False,False
RD-1011969,Fleet,False,False,False
RD-1011970,Fleet,False,False,False
RD-1011971,Fleet,False,False,False
RD-1011972,Retail,False,False,False
RD-1011973,Fleet,False,False,False
RD-1011974,Retail,False,False,False
RD-1011975,Fleet,False,False,False
RD-1011976,Retail,False,False,False
RD-1011977,Retail,False,False,False
RD-1011978,Retail,False,False,False
RD-1011979,Retail,False,False,False
RD-1011980,Fleet,False,False,False
RD-1011981,Fleet,False,False,False
RD-1011982,Fleet,False,False,False
RD-1011983,Fleet,False,True,False
RD-1011984,Retail,False,False,False
RD-1011985,Retail,False,False,False
RD-1011986,Retail,False,False,False
RD-1011987,Fleet,False,False,False
RD-1011988,Fleet,False,True,False
RD-1011989,Fleet,False,False,False
RD-1011990,Fleet,False,False,False
RD-1011991,Retail,False,False,False
RD-1011992,Fleet,False,False,False
RD-1011993,Fleet,False,False,False
RD-1011994,Retail,False,False,False
RD-1011995,Retail,False,False,False
RD-1011996,Fleet,True,False,False
RD-1011998,Retail,False,False,False
RD-1011999,Fleet,False,True,False
RD-1012000,Retail,False,False,False
RD-1012001,Fleet,False,False,False
RD-1012002,Retail,False,False,False
RD-1012003,Retail,False,True,False
RD-1012004,Retail,False,False,False
RD-1012005,Fleet,False,False,False
RD-1012006,Fleet,False,False,False
RD-1012007,Fleet,False,False,False
RD-1012008,Fleet,False,False,False
RD-1012009,Retail,False,True,False
RD-1012010,Retail,False,False,False
RD-1012011,Fleet,False,False,False
RD-1012012,Fleet,False,False,False
RD-1012013,Fleet,False,False,False
RD-1012014,Retail,False,False,False
RD-1012015,Fleet,False,False,False
RD-1012016,Retail,False,False,False
RD-1012017,Fleet,False,False,False
RD-1012018,Retail,False,False,False
RD-1012019,Retail,False,True,False
RD-1012020,Retail,False,False,False
RD-1012021,Fleet,False,False,False
RD-1012022,Fleet,False,False,False
RD-1012023,Retail,False,False,False
RD-1012024,Fleet,False,False,False
RD-1012025,Fleet,False,False,False
RD-1012026,Fleet,False,False,False
RD-1012027,Fleet,False,False,False
RD-1012028,Fleet,False,False,False
RD-1012029,Retail,False,False,False
RD-1012030,Fleet,False,False,False
RD-1012031,Fleet,False,False,False
RD-1012032,Fleet,False,False,False
RD-1012033,Retail,False,False,False
RD-1012034,Retail,False,False,False
RD-1012035,Retail,False,False,False
RD-1012036,Retail,False,False,False
RD-1012037,Retail,False,False,False
RD-1012038,Retail,False,True,False
RD-1012039,Retail,False,False,False
RD-1012040,Retail,False,False,False
RD-1012041,Fleet,False,False,False
RD-1012042,Retail,False,False,False
RD-1012043,Retail,False,False,False
RD-1012044,Fleet,False,False,False
RD-1012045,Fleet,False,False,False
RD-1012046,Fleet,False,False,False
RD-1012047,Retail,False,False,False
RD-1012048,Fleet,False,False,False
RD-1012049,Fleet,False,False,False
RD-1012050,Fleet,False,False,False
RD-1012051,Fleet,False,False,False
RD-1012052,Fleet,False,True,False
RD-1012053,Retail,False,False,False
RD-1012054,Fleet,False,False,False
RD-1012055,Fleet,False,False,False
RD-1012056,Fleet,False,False,False
RD-1012057,Fleet,False,False,False
RD-1012058,Retail,False,False,False
RD-1012059,Retail,False,False,False
RD-1012060,Fleet,False,False,False
RD-1012061,Fleet,False,False,False
RD-1012062,Fleet,False,True,False
RD-1012063,Fleet,False,False,False
RD-1012064,Retail,False,False,False
RD-1012065,Retail,False,False,False
RD-1012066,Retail,False,False,False
RD-1012067,Fleet,False,False,False
RD-1012068,Fleet,False,False,False
RD-1012069,Retail,False,False,False
RD-1012070,Fleet,False,False,False
RD-1012071,Fleet,False,True,False
RD-1012072,Retail,False,False,False
RD-1012073,Fleet,False,True,False
RD-1012074,Fleet,False,False,False
RD-1012075,Retail,False,False,False
RD-1012076,Fleet,False,False,False
RD-1012077,Fleet,False,False,False
RD-1012078,Retail,False,True,False
RD-1012079,Retail,False,False,False
RD-1012080,Fleet,False,False,False
RD-1012081,Retail,False,False,False
RD-1012082,Fleet,False,False,False
RD-1012083,Retail,False,False,False
RD-1012084,Retail,False,True,False
RD-1012085,Fleet,False,False,False
RD-1012086,Fleet,False,False,False
RD-1012087,Retail,False,False,False
RD-1012088,Fleet,False,False,False
RD-1012089,Retail,False,False,False
RD-1012090,Fleet,False,False,False
RD-1012091,Fleet,False,False,False
RD-1012092,Fleet,False,False,False
RD-1012093,Fleet,False,False,False
RD-1012094,Retail,False,False,False
RD-1012095,Retail,False,False,False
RD-1012096,Fleet,False,False,False
RD-1012097,Fleet,False,False,False
RD-1012098,Fleet,False,False,False
RD-1012099,Fleet,False,False,False
RD-1012100,Retail,False,False,False
RD-1012101,Retail,False,False,False
RD-1012102,Retail,False,False,False
RD-1012103,Retail,False,False,False
RD-1012104,Fleet,False,False,False
RD-1012105,Retail,False,True,False
RD-1012106,Fleet,False,False,False
RD-1012107,Fleet,False,False,False
RD-1012108,Retail,False,False,False
RD-1012109,Fleet,False,False,False
RD-1012110,Retail,False,False,False
RD-1012111,Fleet,False,True,False
RD-1012112,Fleet,False,False,False
RD-1012113,Retail,False,False,False
RD-1012114,Fleet,False,False,False
RD-1012115,Fleet,False,False,False
RD-1012116,Fleet,False,False,False
RD-1012117,Fleet,False,False,False
RD-1012118,Retail,False,False,False
RD-1012119,Retail,False,False,False
RD-1012120,Fleet,False,False,False
RD-1012121,Fleet,False,False,False
RD-1012122,Fleet,False,False,False
RD-1012123,Retail,False,False,False
RD-1012124,Fleet,False,False,False
RD-1012125,Retail,False,True,False
RD-1012126,Fleet,False,False,False
RD-1012127,Fleet,False,False,False
RD-1012128,Fleet,False,False,False
RD-1012129,Fleet,False,False,False
RD-1012130,Fleet,False,False,False
RD-1012131,Retail,False,False,False
RD-1012132,Retail,False,False,False
RD-1012133,Retail,False,False,False
RD-1012134,Fleet,False,False,False
RD-1012135,Fleet,False,False,False
RD-1012136,Fleet,False,False,False
RD-1012137,Retail,False,False,False
RD-1012138,Retail,False,False,False
RD-1012139,Retail,False,False,False
RD-1012140,Retail,False,False,False
RD-1012141,Retail,False,False,False
RD-1012142,Fleet,False,True,False
RD-1012143,Fleet,False,False,False
RD-1012144,Fleet,False,False,False
RD-1012145,Fleet,False,False,False
RD-1012146,Fleet,False,False,False
RD-1012147,Fleet,False,False,False
RD-1012148,Fleet,False,False,False
RD-1012149,Retail,False,False,False
RD-1012150,Retail,False,False,False
RD-1012151,Fleet,False,False,False
RD-1012152,Fleet,False,False,False
RD-1012153,Retail,False,False,False
RD-1012154,Fleet,True,False,False
RD-1012155,Fleet,False,False,False
RD-1012156,Retail,False,True,False
RD-1012157,Retail,False,False,False
RD-1012158,Retail,False,False,False
RD-1012159,Retail,False,False,False
RD-1012160,Fleet,False,False,False
RD-1012161,Fleet,False,False,False
RD-1012162,Fleet,False,False,False
RD-1012163,Fleet,False,False,False
RD-1012164,Fleet,False,False,False
RD-1012165,Fleet,False,False,False
RD-1012166,Retail,False,False,False
RD-1012167,Retail,False,False,False
RD-1012168,Fleet,False,False,False
RD-1012169,Fleet,False,False,False
RD-1012170,Retail,False,False,False
RD-1012171,Fleet,False,True,False
RD-1012172,Fleet,False,False,False
RD-1012173,Fleet,False,False,False
RD-1012174,Retail,False,False,False
RD-1012175,Retail,False,False,False
RD-1012176,Fleet,False,False,False
RD-1012177,Fleet,False,False,False
RD-1012178,Fleet,False,False,False
RD-1012179,Fleet,False,False,False
RD-1012180,Fleet,False,False,False
RD-1012181,Fleet,False,False,False
RD-1012182,Fleet,False,False,False
RD-1012183,Retail,False,False,False
RD-1012184,Fleet,False,False,False
RD-1012185,Fleet,False,False,False
RD-1012186,Fleet,False,False,False
RD-1012187,Fleet,False,False,False
RD-1012188,Fleet,False,False,False
RD-1012189,Retail,False,True,False
RD-1012190,Retail,False,False,False
RD-1012191,Retail,False,False,False
RD-1012192,Fleet,False,False,False
RD-1012193,Fleet,False,False,False
RD-1012194,Fleet,False,True,False
RD-1012195,Fleet,True,False,False
RD-1012196,Fleet,False,False,False
RD-1012197,Retail,False,False,False
RD-1012198,Fleet,False,False,False
RD-1012199,Retail,False,False,False
RD-1012200,Retail,False,False,False
RD-1012201,Fleet,False,False,False
RD-1012202,Retail,False,False,False
RD-1012203,Fleet,False,False,False
RD-1012204,Retail,False,False,False
RD-1012205,Fleet,False,False,False
RD-1012206,Fleet,True,False,False
RD-1012207,Fleet,False,False,False
RD-1012208,Fleet,False,False,False
RD-1012209,Fleet,False,False,False
RD-1012210,Fleet,False,False,False
RD-1012211,Fleet,False,False,False
RD-1012212,Retail,False,False,False
RD-1012213,Retail,False,False,False
RD-1012214,Fleet,False,False,False
RD-1012215,Retail,False,False,False
RD-1012216,Fleet,False,False,True
RD-1012217,Fleet,False,False,False
RD-1012218,Retail,False,False,False
RD-1012219,Retail,False,False,False
RD-1012220,Retail,False,False,False
RD-1012221,Fleet,False,False,False
RD-1012222,Retail,False,False,False
RD-1012223,Fleet,False,False,False
RD-1012224,Fleet,False,False,False
RD-1012225,Retail,False,False,False
RD-1012226,Fleet,False,False,False
RD-1012227,Retail,False,False,False
RD-1012228,Fleet,False,False,False
RD-1012229,Fleet,False,True,False
RD-1012230,Fleet,False,False,False
RD-1012231,Fleet,True,True,False
RD-1012232,Fleet,False,False,False
RD-1012233,Retail,False,False,False
RD-1012234,Fleet,False,False,False
RD-1012235,Fleet,False,False,False
RD-1012236,Retail,False,False,False
RD-1012237,Fleet,False,False,False
RD-1012238,Fleet,False,False,False
RD-1012239,Retail,False,False,False
RD-1012240,Fleet,False,True,False
RD-1012241,Retail,False,False,False
RD-1012242,Fleet,False,False,False
RD-1012243,Retail,False,False,False
RD-1012244,Fleet,False,False,False
RD-1012245,Retail,False,False,False
RD-1012246,Retail,False,False,False
RD-1012247,Retail,False,False,False
RD-1012248,Fleet,False,False,False
RD-1012249,Fleet,False,False,False
RD-1012250,Fleet,False,True,False
RD-1012251,Fleet,False,False,False
RD-1012252,Fleet,False,False,False
RD-1012253,Fleet,True,False,False
RD-1012254,Fleet,False,False,False
RD-1012255,Retail,False,False,False
RD-1012256,Retail,False,False,False
RD-1012257,Retail,False,False,False
RD-1012258,Fleet,False,False,False
RD-1012259,Fleet,False,False,False
RD-1012260,Fleet,False,False,False
RD-1012261,Fleet,False,True,False
RD-1012262,Fleet,False,False,False
RD-1012263,Retail,False,False,False
RD-1012264,Fleet,False,False,False
RD-1012265,Fleet,False,True,False
RD-1012266,Fleet,False,False,False
RD-1012267,Retail,False,False,False
RD-1012268,Retail,False,False,False
RD-1012269,Fleet,False,False,False
RD-1012270,Fleet,False,True,False
RD-1012271,Fleet,False,False,False
RD-1012272,Fleet,False,False,False
RD-1012273,Retail,False,False,False
RD-1012274,Fleet,False,False,False
RD-1012275,Fleet,False,False,False
RD-1012276,Fleet,False,False,False
RD-1012277,Fleet,False,False,False
RD-1012278,Fleet,False,False,False
RD-1012279,Retail,False,False,False
RD-1012280,Fleet,False,False,False
RD-1012281,Retail,False,True,False
RD-1012282,Fleet,False,False,False
RD-1012283,Fleet,False,False,False
RD-1012284,Fleet,False,False,False
RD-1012285,Fleet,False,False,False
RD-1012286,Fleet,False,False,False
RD-1012287,Retail,False,True,False
RD-1012288,Retail,False,False,False
RD-1012289,Fleet,False,False,False
RD-1012290,Fleet,False,True,False
RD-1012291,Fleet,False,False,False
RD-1012292,Retail,False,False,False
RD-1012293,Fleet,False,True,False
RD-1012294,Fleet,False,False,False
RD-1012295,Retail,False,False,False
RD-1012296,Fleet,False,False,False
RD-1012297,Retail,False,False,False
RD-1012298,Fleet,False,False,False
RD-1012299,Fleet,False,False,False
RD-1012300,Retail,False,False,False
RD-1012301,Fleet,False,False,False
RD-1012302,Fleet,False,False,False
RD-1012303,Retail,False,False,False
RD-1012304,Fleet,False,False,False
RD-1012305,Retail,False,False,False
RD-1012306,Fleet,False,False,False
RD-1012307,Retail,False,False,False
RD-1012308,Fleet,False,True,False
RD-1012309,Fleet,False,False,False
RD-1012310,Fleet,False,False,False
RD-1012311,Retail,False,False,False
RD-1012312,Fleet,False,True,False
RD-1012313,Fleet,False,False,False
RD-1012314,Retail,False,True,False
RD-1012315,Fleet,False,False,False
RD-1012316,Retail,False,False,False
RD-1012317,Fleet,False,False,False
RD-1012318,Retail,False,False,False
RD-1012319,Fleet,False,False,False
RD-1012320,Fleet,False,False,False
RD-1012321,Fleet,False,True,False
RD-1012322,Retail,False,False,False
RD-1012323,Retail,False,False,False
RD-1012324,Retail,False,False,False
RD-1012325,Fleet,False,False,False
RD-1012326,Fleet,False,False,False
RD-1012327,Fleet,False,False,False
RD-1012328,Fleet,False,False,False
RD-1012329,Retail,False,False,False
RD-1012330,Fleet,False,False,False
RD-1012331,Fleet,False,False,False
RD-1012332,Retail,False,False,False
RD-1012333,Retail,False,False,False
RD-1012334,Retail,False,False,False
RD-1012335,Fleet,False,False,False
RD-1012336,Fleet,False,False,False
RD-1012337,Fleet,False,False,False
RD-1012338,Fleet,False,False,False
RD-1012339,Retail,False,False,False
RD-1012340,Fleet,False,False,False
RD-1012341,Fleet,False,False,False
RD-1012342,Retail,False,False,False
RD-1012343,Fleet,False,False,False
RD-1012344,Retail,False,False,False
RD-1012345,Fleet,False,False,False
RD-1012346,Retail,False,False,False
RD-1012347,Fleet,False,False,False
RD-1012348,Retail,False,False,False
RD-1012349,Fleet,False,False,False
RD-1012350,Fleet,False,False,False
RD-1012351,Fleet,False,False,False
RD-1012352,Fleet,False,False,False
RD-1012353,Fleet,False,False,False
RD-1012354,Fleet,False,False,False
RD-1012355,Fleet,True,True,False
RD-1012356,Retail,False,False,False
RD-1012357,Fleet,False,False,False
RD-1012358,Retail,False,False,False
RD-1012359,Fleet,False,False,False
RD-1012360,Fleet,False,False,False
RD-1012361,Fleet,True,False,False
RD-1012362,Fleet,False,False,False
RD-1012363,Retail,False,False,False
RD-1012364,Retail,False,False,False
RD-1012365,Fleet,False,False,False
RD-1012366,Retail,False,False,False
RD-1012367,Fleet,False,False,False
RD-1012368,Fleet,False,False,False
RD-1012369,Fleet,False,False,False
RD-1012370,Retail,False,False,False
RD-1012371,Fleet,False,False,False
RD-1012372,Retail,False,False,False
RD-1012373,Retail,False,False,False
RD-1012374,Retail,False,False,False
RD-1012375,Fleet,False,False,False
RD-1012376,Fleet,False,False,False
RD-1012377,Retail,False,False,False
RD-1012378,Fleet,False,False,False
RD-1012379,Retail,False,False,False
RD-1012380,Fleet,False,False,False
RD-1012381,Fleet,False,False,False
RD-1012382,Retail,False,False,False
RD-1012383,Fleet,False,True,False
RD-1012384,Retail,False,False,False
RD-1012385,Retail,False,False,False
RD-1012386,Retail,False,False,False
RD-1012387,Fleet,False,False,False
RD-1012388,Fleet,False,False,False
RD-1012389,Retail,False,False,False
RD-1012390,Retail,False,False,False
RD-1012391,Fleet,False,False,False
RD-1012392,Fleet,False,False,False
RD-1012393,Fleet,False,True,False
RD-1012394,Fleet,False,False,False
RD-1012395,Fleet,False,False,False
RD-1012396,Fleet,False,False,False
RD-1012397,Retail,False,False,False
RD-1012398,Retail,False,False,False
RD-1012399,Retail,False,True,False
RD-1012400,Fleet,False,False,False
RD-1012401,Fleet,False,False,False
RD-1012402,Fleet,False,False,False
RD-1012403,Fleet,False,True,False
RD-1012404,Fleet,False,False,False
RD-1012405,Retail,False,False,False
RD-1012406,Fleet,False,False,False
RD-1012407,Fleet,False,False,False
RD-1012408,Fleet,False,False,False
RD-1012409,Retail,False,False,False
RD-1012410,Retail,False,False,False
RD-1012411,Fleet,False,False,False
RD-1012412,Fleet,False,False,False
RD-1012413,Fleet,False,False,False
RD-1012414,Retail,False,True,False
RD-1012415,Retail,False,False,False
RD-1012416,Fleet,False,False,False
RD-1012417,Fleet,False,False,False
RD-1012418,Fleet,False,False,False
RD-1012419,Retail,False,False,False
RD-1012420,Retail,False,False,False
RD-1012421,Fleet,False,False,False
RD-1012422,Fleet,False,False,False
RD-1012423,Fleet,False,False,False
RD-1012424,Fleet,False,False,False
RD-1012425,Fleet,False,True,False
RD-1012426,Fleet,False,False,False
RD-1012427,Retail,False,False,False
RD-1012428,Fleet,False,False,False
RD-1012429,Fleet,False,True,False
RD-1012430,Retail,False,False,False
RD-1012431,Fleet,False,False,False
RD-1012432,Retail,False,False,False
RD-1012433,Retail,False,False,False
RD-1012434,Fleet,True,False,False
RD-1012435,Fleet,False,False,False
RD-1012436,Fleet,False,False,False
RD-1012437,Retail,False,False,False
RD-1012438,Fleet,False,False,False
RD-1012439,Fleet,False,True,False
RD-1012440,Fleet,False,False,False
RD-1012441,Fleet,False,False,False
RD-1012442,Fleet,False,False,False
RD-1012443,Fleet,False,False,False
RD-1012444,Fleet,False,False,False
RD-1012445,Fleet,False,False,False
RD-1012446,Fleet,False,False,False
RD-1012447,Retail,False,False,False
RD-1012448,Retail,False,False,False
RD-1012449,Fleet,False,False,False
RD-1012450,Retail,False,False,False
RD-1012451,Retail,False,False,False
RD-1012452,Fleet,False,False,False
RD-1012453,Fleet,False,True,False
RD-1012454,Fleet,False,False,False
RD-1012455,Retail,False,False,False
RD-1012456,Fleet,False,True,False
RD-1012457,Fleet,False,False,False
RD-1012458,Retail,False,False,False
RD-1012459,Retail,False,False,False
RD-1012460,Fleet,False,False,False
RD-1012461,Retail,False,False,False
RD-1012462,Retail,False,True,False
RD-1012463,Fleet,False,True,False
RD-1012464,Fleet,False,False,False
RD-1012465,Retail,False,False,False
RD-1012466,Fleet,False,False,False
RD-1012467,Fleet,False,True,False
RD-1012468,Fleet,False,False,False
RD-1012469,Retail,False,False,False
RD-1012470,Retail,False,False,False
RD-1012471,Retail,False,False,False
RD-1012472,Retail,False,False,False
RD-1012473,Retail,False,False,False
RD-1012474,Retail,False,False,False
RD-1012475,Fleet,False,False,False
RD-1012476,Fleet,False,True,False
RD-1012477,Fleet,False,False,False
RD-1012478,Fleet,False,False,False
RD-1012479,Retail,False,False,False
RD-1012480,Retail,False,False,False
RD-1012481,Retail,False,True,False
RD-1012482,Retail,False,False,False
RD-1012483,Retail,False,True,False
RD-1012484,Retail,False,False,False
RD-1012485,Retail,False,True,False
RD-1012486,Fleet,False,False,False
RD-1012487,Retail,False,False,False
RD-1012488,Retail,False,False,False
RD-1012489,Fleet,False,False,False
RD-1012490,Retail,False,False,False
RD-1012491,Retail,False,False,False
RD-1012492,Retail,False,False,False
RD-1012493,Retail,False,False,False
RD-1012494,Fleet,False,False,False
RD-1012495,Retail,False,False,False
RD-1012496,Retail,False,False,False
RD-1012497,Fleet,False,False,False
RD-1012498,Fleet,False,False,False
RD-1012499,Retail,False,False,False
RD-1012500,Fleet,False,False,False
RD-1012501,Fleet,False,False,False
RD-1012502,Fleet,False,True,False
RD-1012503,Fleet,False,False,False
RD-1012504,Fleet,False,True,False
RD-1012505,Retail,False,False,False
RD-1012506,Retail,False,True,False
RD-1012507,Retail,False,False,False
RD-1012508,Retail,False,False,False
RD-1012509,Fleet,False,False,False
RD-1012510,Fleet,False,False,False
RD-1012511,Retail,False,False,False
RD-1012512,Fleet,False,False,False
RD-1012513,Fleet,True,False,False
RD-1012514,Retail,False,False,False
RD-1012515,Retail,False,False,False
RD-1012516,Retail,False,False,False
RD-1012517,Fleet,False,False,False
RD-1012518,Retail,False,False,False
RD-1012519,Retail,False,False,False
RD-1012520,Fleet,False,False,False
RD-1012521,Fleet,False,False,False
RD-1012522,Fleet,False,False,False
RD-1012523,Fleet,False,False,False
RD-1012524,Fleet,False,False,False
RD-1012525,Fleet,False,False,False
RD-1012526,Retail,False,False,False
RD-1012527,Retail,False,False,False
RD-1012528,Fleet,False,False,False
RD-1012529,Fleet,False,False,False
RD-1012530,Fleet,False,False,False
RD-1012531,Fleet,False,False,False
RD-1012532,Retail,False,False,False
RD-1012533,Retail,False,False,False
RD-1012534,Retail,False,True,False
RD-1012535,Fleet,False,False,False
RD-1012536,Fleet,False,False,False
RD-1012537,Fleet,False,False,False
RD-1012538,Fleet,False,False,False
RD-1012539,Fleet,False,False,False
RD-1012540,Fleet,False,False,False
RD-1012541,Fleet,False,False,False
RD-1012542,Fleet,False,False,False
RD-1012543,Retail,False,False,False
RD-1012544,Retail,False,False,False
RD-1012545,Fleet,False,False,False
RD-1012546,Fleet,False,False,False
RD-1012547,Retail,False,False,False
RD-1012548,Fleet,False,False,False
RD-1012549,Fleet,False,False,False
RD-1012550,Fleet,False,False,False
RD-1012551,Fleet,False,False,False
RD-1012552,Fleet,False,False,False
RD-1012553,Fleet,False,False,False
RD-1012554,Fleet,False,False,False
RD-1012555,Fleet,False,False,False
RD-1012556,Fleet,False,False,False
RD-1012557,Retail,False,False,False
RD-1012558,Fleet,False,False,False
RD-1012559,Fleet,False,False,False
RD-1012560,Retail,False,False,False
RD-1012561,Fleet,False,False,False
RD-1012562,Fleet,False,False,False
RD-1012563,Fleet,False,False,False
RD-1012564,Retail,False,False,False
RD-1012565,Retail,False,False,False
RD-1012566,Fleet,False,True,False
RD-1012567,Retail,False,False,False
RD-1012568,Fleet,False,False,False
RD-1012569,Retail,False,False,False
RD-1012570,Retail,False,False,False
RD-1012571,Retail,False,False,False
RD-1012572,Retail,False,False,False
RD-1012573,Fleet,False,False,False
RD-1012574,Fleet,False,False,False
RD-1012575,Fleet,False,False,False
RD-1012576,Retail,False,False,False
RD-1012577,Fleet,False,False,False
RD-1012578,Fleet,False,False,False
RD-1012579,Fleet,False,False,False
RD-1012580,Fleet,False,False,False
RD-1012581,Retail,False,False,False
RD-1012582,Fleet,False,False,False
RD-1012583,Retail,False,True,False
RD-1012584,Retail,False,False,False
RD-1012585,Retail,False,False,False
RD-1012586,Fleet,False,False,False
RD-1012587,Fleet,False,False,False
RD-1012588,Retail,False,False,False
RD-1012589,Retail,False,False,False
RD-1012590,Fleet,False,False,False
RD-1012591,Retail,False,False,False
RD-1012592,Retail,False,False,False
RD-1012593,Retail,False,False,False
RD-1012594,Retail,False,False,False
RD-1012595,Retail,False,False,False
RD-1012596,Retail,False,False,False
RD-1012597,Fleet,False,False,False
RD-1012598,Retail,False,False,False
RD-1012599,Fleet,False,False,False
RD-1012600,Retail,False,True,False
RD-1012601,Fleet,False,False,False
RD-1012602,Retail,False,False,False
RD-1012603,Retail,False,False,False
RD-1012604,Fleet,False,True,False
RD-1012605,Fleet,False,False,False
RD-1012606,Fleet,False,False,False
RD-1012607,Retail,False,False,False
RD-1012608,Fleet,True,False,False
RD-1012609,Fleet,False,True,False
RD-1012610,Retail,False,False,False
RD-1012611,Fleet,False,False,False
RD-1012612,Retail,False,True,False
RD-1012613,Fleet,False,True,False
RD-1012614,Fleet,False,False,False
RD-1012615,Fleet,False,False,False
RD-1012616,Fleet,False,False,False
RD-1012617,Fleet,False,False,False
RD-1012618,Retail,False,False,False
RD-1012619,Retail,False,False,False
RD-1012620,Fleet,False,False,False
RD-1012621,Retail,False,False,False
RD-1012622,Retail,False,False,False
RD-1012623,Retail,False,False,False
RD-1012624,Retail,False,False,False
RD-1012625,Fleet,False,False,False
RD-1012626,Retail,False,False,False
RD-1012627,Retail,False,False,False
RD-1012628,Fleet,False,False,False
RD-1012629,Fleet,False,False,False
RD-1012630,Fleet,False,False,False
RD-1012631,Fleet,False,False,False
RD-1012632,Fleet,False,False,False
RD-1012633,Fleet,False,False,False
RD-1012634,Fleet,False,False,False
RD-1012635,Fleet,False,True,False
RD-1012636,Retail,False,False,False
RD-1012637,Retail,False,False,False
RD-1012638,Fleet,True,True,False
RD-1012639,Fleet,False,False,False
RD-1012640,Retail,False,False,False
RD-1012641,Fleet,False,False,False
RD-1012642,Fleet,False,False,False
RD-1012643,Fleet,False,False,False
RD-1012644,Retail,False,False,False
RD-1012645,Retail,False,False,False
RD-1012646,Fleet,False,False,False
RD-1012647,Retail,False,False,False
RD-1012648,Fleet,False,False,False
RD-1012649,Retail,False,False,False
RD-1012650,Fleet,False,False,False
RD-1012651,Retail,False,False,False
RD-1012652,Fleet,False,False,False
RD-1012653,Retail,False,False,False
RD-1012654,Fleet,False,False,False
RD-1012655,Retail,False,False,False
RD-1012656,Retail,False,False,False
RD-1012657,Retail,False,False,False
RD-1012658,Retail,False,False,False
RD-1012659,Fleet,False,False,False
RD-1012660,Fleet,False,False,False
RD-1012661,Fleet,False,False,False
RD-1012662,Retail,False,False,False
RD-1012663,Retail,False,False,False
RD-1012664,Fleet,False,False,False
RD-1012665,Retail,False,False,False
RD-1012666,Retail,False,False,False
RD-1012667,Retail,False,False,False
RD-1012668,Retail,False,False,False
RD-1012669,Fleet,False,False,False
RD-1012670,Fleet,False,False,False
RD-1012671,Retail,False,False,False
RD-1012672,Fleet,False,False,False
RD-1012673,Retail,False,False,False
RD-1012674,Retail,False,False,False
RD-1012675,Fleet,False,False,False
RD-1012676,Retail,False,False,False
RD-1012677,Fleet,False,False,False
RD-1012678,Retail,False,False,False
RD-1012679,Fleet,False,True,False
RD-1012680,Fleet,False,False,False
RD-1012681,Retail,False,False,False
RD-1012682,Retail,False,False,False
RD-1012683,Fleet,False,False,False
RD-1012684,Retail,False,True,False
RD-1012685,Fleet,False,True,False
RD-1012686,Fleet,False,False,False
RD-1012687,Fleet,False,False,False
RD-1012688,Fleet,False,False,False
RD-1012689,Retail,False,False,False
RD-1012690,Fleet,False,False,False
RD-1012691,Fleet,False,False,False
RD-1012692,Retail,False,False,False
RD-1012693,Fleet,False,False,False
RD-1012694,Retail,False,False,False
RD-1012695,Fleet,False,False,False
RD-1012696,Retail,False,False,False
RD-1012697,Fleet,False,False,False
RD-1012698,Retail,False,False,False
RD-1012699,Retail,False,False,False
RD-1012700,Fleet,False,False,False
RD-1012701,Fleet,False,False,False
RD-1012702,Fleet,False,False,False
RD-1012703,Fleet,False,False,False
RD-1012704,Retail,False,False,False
RD-1012705,Fleet,False,False,False
RD-1012706,Fleet,False,False,False
RD-1012707,Fleet,False,False,False
RD-1012708,Fleet,False,False,False
RD-1012709,Retail,False,False,False
RD-1012710,Fleet,False,False,False
RD-1012711,Fleet,False,False,False
RD-1012712,Retail,False,False,False
RD-1012713,Fleet,False,False,False
RD-1012714,Fleet,False,False,False
RD-1012715,Fleet,False,False,False
RD-1012716,Fleet,False,False,False
RD-1012717,Fleet,False,False,False
RD-1012718,Fleet,False,False,False
RD-1012719,Retail,False,False,False
RD-1012720,Retail,False,False,False
RD-1012721,Retail,False,False,False
RD-1012722,Retail,False,False,False
RD-1012723,Retail,False,False,False
RD-1012724,Fleet,False,False,False
RD-1012725,Retail,False,False,False
RD-1012726,Fleet,False,False,False
RD-1012727,Fleet,False,False,False
RD-1012728,Fleet,False,False,False
RD-1012729,Fleet,False,False,False
RD-1012730,Fleet,False,True,False
RD-1012731,Fleet,False,False,False
RD-1012732,Fleet,False,False,False
RD-1012733,Fleet,False,True,False
RD-1012734,Fleet,False,False,False
RD-1012735,Retail,False,False,False
RD-1012736,Fleet,False,True,False
RD-1012737,Retail,False,False,False
RD-1012738,Fleet,False,False,False
RD-1012739,Fleet,False,False,False
RD-1012740,Fleet,False,False,False
RD-1012741,Fleet,False,False,False
RD-1012742,Fleet,False,False,False
RD-1012743,Fleet,False,False,False
RD-1012744,Retail,False,False,False
RD-1012745,Retail,False,False,False
RD-1012746,Fleet,False,False,False
RD-1012747,Retail,False,False,False
RD-1012748,Fleet,True,False,False
RD-1012749,Fleet,False,False,False
RD-1012750,Fleet,False,False,False
RD-1012751,Fleet,False,False,False
RD-1012752,Retail,False,False,False
RD-1012753,Fleet,False,False,False
RD-1012754,Retail,False,True,False
RD-1012755,Retail,False,False,False
RD-1012756,Fleet,False,False,False
RD-1012757,Fleet,False,True,False
RD-1012758,Fleet,False,False,False
RD-1012759,Fleet,False,False,False
RD-1012760,Retail,False,False,False
RD-1012761,Fleet,False,False,False
RD-1012762,Fleet,False,False,False
RD-1012763,Fleet,False,False,False
RD-1012764,Fleet,True,False,False
RD-1012765,Fleet,True,False,False
RD-1012766,Fleet,False,False,False
RD-1012767,Retail,False,True,False
RD-1012768,Retail,False,False,False
RD-1012769,Retail,False,False,False
RD-1012770,Retail,False,False,False
RD-1012771,Fleet,False,False,False
RD-1012772,Fleet,False,False,False
RD-1012773,Retail,False,False,False
RD-1012774,Retail,False,False,False
RD-1012775,Retail,False,False,False
RD-1012776,Fleet,False,False,False
RD-1012777,Retail,False,False,False
RD-1012778,Retail,False,False,False
RD-1012779,Fleet,True,False,False
RD-1012780,Fleet,False,False,False
RD-1012781,Fleet,False,False,False
RD-1012782,Retail,False,False,False
RD-1012783,Retail,False,False,False
RD-1012784,Retail,False,False,False
RD-1012785,Retail,False,True,False
RD-1012786,Retail,False,False,False
RD-1012787,Retail,False,False,False
RD-1012788,Fleet,False,False,False
RD-1012789,Fleet,True,False,False
RD-1012790,Fleet,False,False,False
RD-1012791,Fleet,False,False,False
RD-1012792,Fleet,True,False,False
RD-1012793,Fleet,False,False,False
RD-1012794,Fleet,False,False,False
RD-1012795,Retail,False,False,False
RD-1012796,Fleet,False,False,False
RD-1012797,Retail,False,False,False
RD-1012798,Fleet,False,False,False
RD-1012799,Fleet,False,False,False
RD-1012800,Fleet,False,False,False
RD-1012801,Fleet,False,False,False
RD-1012802,Fleet,False,False,False
RD-1012803,Retail,False,False,False
RD-1012804,Fleet,False,False,False
RD-1012805,Fleet,False,False,False
RD-1012806,Retail,False,False,False
RD-1012807,Fleet,False,True,False
RD-1012808,Fleet,False,False,False
RD-1012809,Fleet,False,False,False
RD-1012810,Retail,False,False,False
RD-1012811,Fleet,False,True,False
RD-1012812,Retail,False,False,False
RD-1012813,Fleet,True,False,False
RD-1012814,Fleet,False,False,False
RD-1012815,Fleet,False,False,False
RD-1012816,Retail,False,False,False
RD-1012817,Retail,False,False,False
RD-1012818,Retail,False,False,False
RD-1012819,Retail,False,False,False
RD-1012820,Fleet,False,False,False
RD-1012821,Retail,False,False,False
RD-1012822,Fleet,False,False,False
RD-1012823,Fleet,False,False,False
RD-1012824,Retail,False,False,False
RD-1012825,Retail,False,False,False
RD-1012826,Fleet,False,False,False
RD-1012827,Fleet,False,False,False
RD-1012828,Retail,False,False,False
RD-1012829,Retail,False,False,False
RD-1012830,Fleet,False,False,False
RD-1012831,Fleet,False,False,False
RD-1012832,Fleet,False,False,False
RD-1012833,Fleet,False,False,False
RD-1012834,Fleet,False,False,False
RD-1012835,Fleet,False,False,False
RD-1012836,Fleet,False,False,False
RD-1012837,Fleet,False,False,False
RD-1012838,Fleet,False,True,False
RD-1012839,Retail,False,False,False
RD-1012840,Fleet,False,False,False
RD-1012841,Retail,False,False,False
RD-1012842,Fleet,False,False,False
RD-1012843,Fleet,False,False,False
RD-1012844,Retail,False,False,False
RD-1012845,Retail,False,False,False
RD-1012846,Fleet,False,False,False
RD-1012847,Retail,False,False,False
RD-1012848,Retail,False,False,False
RD-1012849,Retail,False,False,False
RD-1012850,Fleet,False,False,False
RD-1012851,Fleet,False,False,False
RD-1012852,Fleet,False,False,False
RD-1012853,Fleet,False,False,False
RD-1012854,Fleet,False,False,False
RD-1012855,Fleet,False,False,False
RD-1012856,Fleet,False,False,False
RD-1012857,Fleet,False,False,False
RD-1012858,Retail,False,False,False
RD-1012859,Fleet,False,False,False
RD-1012860,Fleet,False,False,False
RD-1012861,Fleet,False,False,False
RD-1012862,Fleet,False,False,False
RD-1012863,Retail,False,False,False
RD-1012864,Retail,False,False,False
RD-1012865,Fleet,False,False,False
RD-1012866,Fleet,False,False,False
RD-1012867,Fleet,False,False,False
RD-1012868,Fleet,False,False,False
RD-1012869,Fleet,False,False,False
RD-1012870,Retail,False,False,False
RD-1012871,Retail,False,False,False
RD-1012872,Fleet,False,False,False
RD-1012873,Retail,False,False,False
RD-1012874,Fleet,False,True,False
RD-1012875,Fleet,False,False,False
RD-1012876,Retail,False,False,False
RD-1012877,Fleet,False,False,False
RD-1012878,Retail,False,False,False
RD-1012879,Fleet,False,False,False
RD-1012880,Fleet,False,False,False
RD-1012881,Retail,False,False,False
RD-1012882,Retail,False,False,False
RD-1012883,Fleet,False,False,False
RD-1012884,Retail,False,False,False
RD-1012885,Retail,False,False,False
RD-1012886,Retail,False,False,False
RD-1012887,Fleet,False,False,False
RD-1012888,Fleet,False,False,False
RD-1012889,Fleet,False,False,False
RD-1012890,Retail,False,False,False
RD-1012891,Retail,False,False,False
RD-1012892,Retail,False,False,False
RD-1012893,Retail,False,False,False
RD-1012894,Fleet,False,False,False
RD-1012895,Retail,False,False,False
RD-1012896,Fleet,False,False,False
RD-1012897,Fleet,False,False,False
RD-1012898,Fleet,False,False,False
RD-1012899,Fleet,False,False,False
RD-1012900,Fleet,False,False,False
RD-1012901,Fleet,False,False,False
RD-1012902,Retail,False,False,False
RD-1012903,Retail,False,False,False
RD-1012904,Fleet,False,False,False
RD-1012905,Fleet,False,False,False
RD-1012906,Fleet,False,False,False
RD-1012907,Fleet,False,False,False
RD-1012908,Fleet,False,False,False
RD-1012909,Retail,False,False,False
RD-1012910,Retail,False,False,False
RD-1012911,Fleet,False,False,False
RD-1012912,Fleet,False,False,False
RD-1012913,Retail,False,False,False
RD-1012914,Retail,False,False,False
RD-1012915,Retail,False,False,False
RD-1012916,Retail,False,False,False
RD-1012917,Fleet,False,False,False
RD-1012918,Retail,False,False,False
RD-1012919,Retail,False,False,False
RD-1012920,Fleet,False,False,False
RD-1012921,Retail,False,True,False
RD-1012922,Fleet,True,False,False
RD-1012923,Retail,False,False,False
RD-1012924,Fleet,False,False,False
RD-1012925,Fleet,False,False,False
RD-1012926,Fleet,False,False,False
RD-1012927,Fleet,False,False,False
RD-1012928,Fleet,False,False,False
RD-1012929,Retail,False,False,False
RD-1012930,Fleet,False,False,False
RD-1012931,Fleet,False,False,False
RD-1012932,Retail,False,False,False
RD-1012933,Fleet,False,False,False
RD-1012934,Retail,False,False,False
RD-1012935,Retail,False,False,False
RD-1012936,Retail,False,False,False
RD-1012937,Retail,False,True,False
RD-1012938,Retail,False,False,False
RD-1012939,Retail,False,False,False
RD-1012940,Fleet,False,True,False
RD-1012941,Fleet,False,True,False
RD-1012942,Fleet,False,False,False
RD-1012943,Fleet,False,False,False
RD-1012944,Retail,False,False,False
RD-1012945,Fleet,False,False,False
RD-1012946,Fleet,False,False,False
RD-1012947,Retail,False,False,False
RD-1012948,Fleet,False,False,False
RD-1012949,Fleet,False,False,False
RD-1012950,Fleet,False,False,False
RD-1012951,Retail,False,False,False
RD-1012952,Retail,False,False,False
RD-1012953,Retail,False,False,False
RD-1012954,Fleet,False,False,False
RD-1012955,Retail,False,False,False
RD-1012956,Retail,False,False,False
RD-1012957,Retail,False,False,False
RD-1012958,Fleet,False,False,False
RD-1012959,Fleet,False,False,False
RD-1012960,Fleet,False,False,False
RD-1012961,Retail,False,False,False
RD-1012962,Fleet,False,False,False
RD-1012963,Fleet,False,False,False
RD-1012964,Fleet,False,False,False
RD-1012965,Retail,False,False,False
RD-1012966,Fleet,False,False,False
RD-1012967,Fleet,False,False,False
RD-1012968,Retail,False,False,False
RD-1012969,Fleet,False,False,False
RD-1012970,Retail,False,False,False
RD-1012971,Fleet,False,False,False
RD-1012972,Fleet,False,False,False
RD-1012973,Retail,False,False,False
RD-1012974,Fleet,False,False,False
RD-1012975,Fleet,False,True,False
RD-1012976,Fleet,False,False,False
RD-1012977,Fleet,False,False,False
RD-1012978,Fleet,False,False,False
RD-1012979,Fleet,False,False,False
RD-1012980,Fleet,True,False,False
RD-1012981,Fleet,False,False,False
RD-1012982,Fleet,False,False,False
RD-1012983,Retail,False,False,False
RD-1012984,Fleet,False,False,False
RD-1012985,Retail,False,False,False
RD-1012986,Retail,False,False,False
RD-1012987,Fleet,False,False,False
RD-1012988,Retail,False,False,False
RD-1012989,Fleet,False,False,False
RD-1012990,Fleet,False,False,False
RD-1012991,Retail,False,False,False
RD-1012992,Fleet,False,False,False
RD-1012993,Retail,False,False,False
RD-1012994,Retail,False,False,False
RD-1012995,Fleet,False,False,False
RD-1012996,Retail,False,False,False
RD-1012997,Fleet,False,False,False
RD-1012998,Retail,False,False,False
RD-1012999,Retail,False,False,False
RD-1013000,Retail,False,False,False
RD-1013001,Retail,False,False,False
RD-1013002,Fleet,False,True,False
RD-1013003,Retail,False,False,False
RD-1013004,Fleet,False,False,False
RD-1013005,Fleet,False,False,False
RD-1013006,Fleet,False,False,False
RD-1013007,Fleet,False,False,False
RD-1013008,Fleet,False,False,False
RD-1013009,Retail,False,False,False
RD-1013010,Fleet,False,True,False
RD-1013011,Fleet,False,False,False
RD-1013012,Fleet,False,False,False
RD-1013013,Retail,False,True,False
RD-1013014,Retail,False,False,False
RD-1013015,Fleet,False,False,False
RD-1013016,Fleet,False,False,False
RD-1013017,Fleet,False,False,False
RD-1013018,Fleet,False,False,False
RD-1013019,Fleet,False,False,False
RD-1013020,Retail,False,False,False
RD-1013021,Fleet,False,False,False
RD-1013022,Fleet,False,False,False
RD-1013023,Fleet,False,False,False
RD-1013024,Retail,False,False,False
RD-1013025,Fleet,False,False,False
RD-1013026,Retail,False,False,False
RD-1013027,Fleet,False,False,False
RD-1013028,Fleet,False,False,False
RD-1013029,Retail,False,False,False
RD-1013030,Fleet,False,False,False
RD-1013031,Fleet,False,True,False
RD-1013032,Retail,False,False,False
RD-1013033,Fleet,False,False,False
RD-1013034,Retail,False,False,False
RD-1013035,Fleet,False,False,False
RD-1013036,Retail,False,False,False
RD-1013037,Retail,False,False,False
RD-1013038,Retail,False,False,False
RD-1013039,Fleet,False,False,False
RD-1013040,Retail,False,False,False
RD-1013041,Fleet,False,False,False
RD-1013042,Fleet,False,False,False
RD-1013043,Retail,False,False,False
RD-1013044,Retail,False,False,False
RD-1013045,Fleet,False,False,False
RD-1013046,Retail,False,False,False
RD-1013047,Retail,False,False,False
RD-1013048,Fleet,False,False,False
RD-1013049,Fleet,False,False,False
RD-1013050,Fleet,False,False,False
RD-1013051,Fleet,False,False,False
RD-1013052,Fleet,False,False,False
RD-1013053,Fleet,False,False,False
RD-1013054,Retail,False,False,False
RD-1013055,Fleet,False,False,False
RD-1013056,Retail,False,False,False
RD-1013057,Fleet,False,False,False
RD-1013058,Retail,False,False,False
RD-1013059,Fleet,False,False,False
RD-1013060,Fleet,False,False,False
RD-1013061,Fleet,False,False,False
RD-1013062,Fleet,False,False,False
RD-1013063,Retail,False,False,False
RD-1013064,Retail,False,False,False
RD-1013065,Fleet,False,False,False
RD-1013066,Fleet,False,False,False
RD-1013067,Retail,False,False,False
RD-1013068,Fleet,False,False,False
RD-1013069,Fleet,False,False,False
RD-1013070,Fleet,False,False,False
RD-1013071,Fleet,True,True,False
RD-1013072,Retail,False,False,False
RD-1013073,Fleet,False,False,False
RD-1013074,Fleet,False,False,False
RD-1013075,Retail,False,False,False
RD-1013076,Retail,False,False,False
RD-1013077,Retail,False,False,False
RD-1013078,Retail,False,False,False
RD-1013079,Retail,False,False,False
RD-1013080,Fleet,False,False,False
RD-1013081,Retail,False,False,False
RD-1013082,Retail,False,True,False
RD-1013083,Retail,False,False,False
RD-1013084,Fleet,False,False,False
RD-1013085,Fleet,False,False,False
RD-1013086,Fleet,False,False,False
RD-1013087,Fleet,False,False,False
RD-1013088,Retail,False,False,False
RD-1013089,Fleet,False,False,False
RD-1013090,Fleet,False,False,False
RD-1013091,Retail,False,False,False
RD-1013092,Fleet,False,False,False
RD-1013093,Fleet,False,False,False
RD-1013094,Fleet,False,False,False
RD-1013095,Fleet,False,False,False
RD-1013096,Retail,False,False,False
RD-1013097,Fleet,False,False,False
RD-1013098,Fleet,False,False,False
RD-1013099,Retail,False,False,False
RD-1013100,Retail,False,False,False
RD-1013101,Fleet,False,False,False
RD-1013102,Fleet,False,False,False
RD-1013103,Retail,True,False,False
RD-1013104,Fleet,False,False,False
RD-1013105,Retail,False,False,False
RD-1013106,Fleet,False,False,False
RD-1013107,Retail,False,False,False
RD-1013108,Retail,False,False,False
RD-1013109,Fleet,False,False,False
RD-1013110,Fleet,False,False,False
RD-1013111,Fleet,False,False,False
RD-1013112,Fleet,False,False,False
RD-1013113,Fleet,False,False,False
RD-1013114,Fleet,False,False,False
RD-1013115,Fleet,False,False,False
RD-1013116,Fleet,False,False,False
RD-1013117,Fleet,False,False,False
RD-1013118,Fleet,False,False,False
RD-1013119,Fleet,False,False,False
RD-1013120,Fleet,False,False,False
RD-1013121,Retail,False,False,False
RD-1013122,Retail,False,False,False
RD-1013123,Fleet,False,False,False
RD-1013124,Retail,False,False,False
RD-1013125,Fleet,False,False,False
RD-1013126,Retail,False,False,False
RD-1013127,Fleet,False,False,False
RD-1013128,Retail,False,False,False
RD-1013129,Fleet,False,False,False
RD-1013130,Retail,False,False,False
RD-1013131,Fleet,True,False,False
RD-1013132,Fleet,False,False,False
RD-1013133,Retail,False,False,False
RD-1013134,Fleet,False,False,False
RD-1013135,Retail,False,False,False
RD-1013136,Retail,False,False,False
RD-1013137,Fleet,False,False,False
RD-1013138,Retail,False,False,False
RD-1013139,Retail,False,True,False
RD-1013140,Retail,False,False,False
RD-1013141,Retail,False,False,False
RD-1013142,Fleet,True,True,False
RD-1013143,Fleet,False,False,False
RD-1013144,Fleet,False,False,False
RD-1013145,Fleet,False,False,False
RD-1013146,Fleet,False,False,False
RD-1013147,Fleet,False,False,False
RD-1013148,Fleet,False,False,False
RD-1013149,Fleet,False,False,False
RD-1013150,Fleet,False,False,False
RD-1013151,Fleet,False,True,False
RD-1013152,Fleet,False,False,False
RD-1013153,Retail,False,False,False
RD-1013154,Retail,False,False,False
RD-1013155,Retail,False,False,False
RD-1013156,Fleet,False,False,False
RD-1013157,Fleet,False,False,False
RD-1013158,Retail,False,False,False
RD-1013159,Fleet,False,False,False
RD-1013160,Retail,False,False,False
RD-1013161,Retail,False,True,False
RD-1013162,Retail,False,False,False
RD-1013163,Retail,False,True,False
RD-1013164,Fleet,False,False,False
RD-1013165,Retail,False,False,False
RD-1013166,Fleet,False,False,False
RD-1013167,Retail,False,False,False
RD-1013168,Retail,False,False,False
RD-1013169,Fleet,False,False,False
RD-1013170,Fleet,False,False,False
RD-1013171,Fleet,False,False,False
RD-1013172,Fleet,False,False,False
RD-1013173,Retail,False,False,False
RD-1013174,Retail,False,False,False
RD-1013175,Retail,False,False,False
RD-1013176,Fleet,False,False,False
RD-1013177,Fleet,False,False,False
RD-1013178,Retail,False,False,False
RD-1013179,Fleet,False,False,False
RD-1013180,Fleet,False,False,False
RD-1013181,Retail,False,False,False
RD-1013182,Retail,False,False,False
RD-1013183,Fleet,False,True,False
RD-1013184,Fleet,False,False,False
RD-1013185,Fleet,False,False,False
RD-1013186,Fleet,False,False,False
RD-1013187,Fleet,False,False,False
RD-1013188,Retail,False,False,False
RD-1013189,Retail,False,False,False
RD-1013190,Fleet,False,False,False
RD-1013191,Fleet,False,False,False
RD-1013192,Fleet,False,False,False
RD-1013193,Retail,False,False,False
RD-1013194,Retail,False,False,False
RD-1013195,Fleet,False,False,False
RD-1013196,Fleet,False,False,False
RD-1013197,Fleet,False,False,False
RD-1013198,Fleet,False,False,False
RD-1013199,Fleet,False,False,False
RD-1013200,Fleet,False,False,False
RD-1013201,Fleet,False,False,False
RD-1013202,Retail,False,False,False
RD-1013203,Retail,False,False,False
RD-1013204,Fleet,False,False,False
RD-1013205,Retail,False,False,False
RD-1013206,Retail,False,False,False
RD-1013207,Retail,False,False,False
RD-1013208,Fleet,False,False,False
RD-1013209,Retail,False,False,False
RD-1013210,Fleet,False,False,False
RD-1013212,Fleet,True,False,False
RD-1013213,Retail,False,False,False
RD-1013214,Retail,False,False,False
RD-1013215,Fleet,False,False,False
RD-1013216,Retail,False,True,False
RD-1013217,Retail,False,False,False
RD-1013218,Fleet,False,False,False
RD-1013219,Retail,False,False,False
RD-1013220,Retail,False,False,False
RD-1013221,Retail,False,False,False
RD-1013222,Retail,False,False,False
RD-1013223,Fleet,False,False,False
RD-1013224,Fleet,False,False,False
RD-1013225,Retail,False,False,False
RD-1013226,Fleet,False,False,False
RD-1013227,Fleet,False,False,False
RD-1013228,Fleet,False,False,False
RD-1013229,Fleet,False,False,False
RD-1013230,Retail,False,False,False
RD-1013231,Retail,False,False,False
RD-1013232,Retail,False,False,False
RD-1013233,Fleet,False,False,False
RD-1013234,Retail,False,False,False
RD-1013235,Fleet,False,False,False
RD-1013236,Retail,False,False,False
RD-1013237,Fleet,False,False,False
RD-1013238,Retail,False,False,False
RD-1013239,Retail,False,False,False
RD-1013240,Fleet,False,False,False
RD-1013241,Retail,False,False,False
RD-1013242,Fleet,False,False,False
RD-1013243,Fleet,False,False,False
RD-1013244,Fleet,False,False,False
RD-1013245,Retail,False,False,False
RD-1013246,Fleet,False,False,False
RD-1013247,Fleet,False,False,False
RD-1013248,Retail,False,False,False
RD-1013249,Fleet,False,False,False
RD-1013250,Fleet,False,False,False
RD-1013251,Fleet,False,False,False
RD-1013252,Fleet,False,False,False
RD-1013253,Fleet,False,False,False
RD-1013254,Retail,False,False,False
RD-1013255,Retail,False,True,False
RD-1013256,Retail,False,False,False
RD-1013257,Fleet,False,False,False
RD-1013258,Retail,False,False,False
RD-1013259,Fleet,False,False,False
RD-1013260,Retail,False,False,False
RD-1013261,Fleet,False,False,False
RD-1013262,Fleet,False,False,False
RD-1013263,Retail,False,True,False
RD-1013264,Retail,False,False,False
RD-1013265,Fleet,False,False,False
RD-1013266,Fleet,False,False,False
RD-1013267,Retail,False,False,False
RD-1013268,Retail,False,False,False
RD-1013269,Retail,False,True,False
RD-1013270,Fleet,True,False,False
RD-1013271,Fleet,False,False,False
RD-1013272,Fleet,False,False,False
RD-1013273,Fleet,False,False,False
RD-1013274,Fleet,False,False,False
RD-1013275,Retail,False,False,False
RD-1013276,Fleet,False,False,False
RD-1013277,Fleet,False,False,False
RD-1013278,Fleet,False,False,False
RD-1013279,Fleet,False,False,False
RD-1013280,Retail,False,False,False
RD-1013281,Fleet,False,False,False
RD-1013282,Retail,False,True,False
RD-1013283,Fleet,False,False,False
RD-1013284,Fleet,False,False,False
RD-1013285,Fleet,False,False,False
RD-1013286,Retail,False,False,False
RD-1013287,Fleet,False,False,False
RD-1013288,Retail,False,False,False
RD-1013289,Fleet,False,False,False
RD-1013290,Fleet,False,False,False
RD-1013291,Retail,False,True,False
RD-1013292,Fleet,False,False,False
RD-1013293,Fleet,False,False,False
RD-1013294,Retail,False,False,False
RD-1013295,Fleet,False,False,False
RD-1013296,Fleet,False,True,False
RD-1013297,Retail,False,False,False
RD-1013298,Fleet,False,False,False
RD-1013299,Fleet,True,False,False
RD-1013300,Fleet,False,False,False
RD-1013301,Fleet,False,False,False
RD-1013302,Retail,False,False,False
RD-1013303,Fleet,False,False,False
RD-1013304,Fleet,False,False,False
RD-1013305,Retail,False,False,False
RD-1013306,Retail,False,False,False
RD-1013307,Fleet,False,False,False
RD-1013308,Retail,False,False,False
RD-1013309,Fleet,False,False,False
RD-1013310,Fleet,False,False,False
RD-1013311,Fleet,False,False,False
RD-1013312,Retail,False,False,False
RD-1013313,Retail,False,False,False
RD-1013314,Retail,False,True,False
RD-1013315,Retail,False,False,False
RD-1013316,Retail,False,True,False
RD-1013317,Fleet,False,False,False
RD-1013318,Fleet,False,False,False
RD-1013319,Fleet,False,False,False
RD-1013320,Retail,False,False,False
RD-1013321,Fleet,False,False,False
RD-1013322,Retail,False,False,False
RD-1013323,Fleet,False,False,False
RD-1013324,Retail,False,False,False
RD-1013325,Fleet,False,False,False
RD-1013326,Fleet,False,False,False
RD-1013327,Retail,False,False,False
RD-1013328,Retail,False,False,False
RD-1013329,Retail,False,False,False
RD-1013330,Retail,False,True,False
RD-1013331,Fleet,False,False,False
RD-1013332,Retail,False,False,False
RD-1013333,Fleet,False,False,False
RD-1013334,Fleet,False,False,False
RD-1013335,Fleet,False,False,False
RD-1013336,Fleet,False,True,False
RD-1013337,Fleet,False,False,False
RD-1013338,Fleet,False,False,False
RD-1013339,Retail,False,False,False
RD-1013340,Retail,False,False,False
RD-1013341,Retail,False,False,False
RD-1013342,Fleet,False,False,False
RD-1013343,Fleet,False,False,False
RD-1013344,Retail,False,False,False
RD-1013345,Fleet,False,False,False
RD-1013346,Fleet,False,False,False
RD-1013347,Fleet,False,False,False
RD-1013348,Retail,False,False,False
RD-1013349,Fleet,False,False,False
RD-1013350,Retail,False,False,False
RD-1013351,Fleet,False,False,False
RD-1013352,Retail,False,False,False
RD-1013353,Fleet,False,False,False
RD-1013354,Retail,False,False,False
RD-1013355,Retail,False,False,False
RD-1013356,Retail,False,False,False
RD-1013357,Fleet,False,True,False
RD-1013358,Fleet,False,False,False
RD-1013359,Fleet,False,True,False
RD-1013360,Fleet,False,False,False
RD-1013361,Retail,False,True,False
RD-1013362,Fleet,False,True,False
RD-1013363,Fleet,False,False,False
RD-1013364,Fleet,False,False,False
RD-1013365,Retail,False,False,False
RD-1013366,Fleet,False,False,False
RD-1013367,Retail,False,False,False
RD-1013368,Fleet,False,False,False
RD-1013369,Fleet,False,False,False
RD-1013370,Retail,False,False,False
RD-1013371,Fleet,False,False,False
RD-1013372,Retail,False,False,False
RD-1013373,Fleet,False,False,False
RD-1013374,Retail,False,False,False
RD-1013375,Retail,False,False,False
RD-1013376,Fleet,False,False,False
RD-1013377,Fleet,False,False,False
RD-1013378,Retail,False,False,False
RD-1013379,Retail,False,False,False
RD-1013380,Fleet,False,False,False
RD-1013381,Retail,False,False,False
RD-1013382,Fleet,False,False,False
RD-1013383,Retail,False,False,False
RD-1013384,Retail,False,False,False
RD-1013385,Fleet,False,False,False
RD-1013386,Retail,False,False,False
RD-1013387,Fleet,False,False,False
RD-1013388,Retail,False,False,False
RD-1013389,Fleet,False,False,False
RD-1013390,Retail,False,True,False
RD-1013391,Fleet,False,True,False
RD-1013392,Retail,False,True,False
RD-1013393,Fleet,False,False,False
RD-1013394,Fleet,False,False,False
RD-1013395,Fleet,False,False,False
RD-1013396,Fleet,False,False,False
RD-1013397,Retail,False,False,False
RD-1013398,Fleet,False,False,False
RD-1013399,Fleet,False,False,False
RD-1013400,Fleet,False,False,False
RD-1013401,Fleet,False,False,False
RD-1013402,Fleet,False,False,False
RD-1013403,Fleet,False,False,False
RD-1013404,Fleet,False,False,False
RD-1013405,Retail,False,False,False
RD-1013406,Fleet,False,False,False
RD-1013407,Fleet,False,False,False
RD-1013408,Retail,False,False,False
RD-1013409,Retail,False,False,False
RD-1013410,Retail,False,False,False
RD-1013411,Fleet,False,False,False
RD-1013412,Retail,False,False,False
RD-1013413,Fleet,True,False,False
RD-1013414,Fleet,False,False,False
RD-1013415,Fleet,False,False,False
RD-1013416,Retail,False,False,False
RD-1013417,Retail,False,False,False
RD-1013418,Fleet,False,False,False
RD-1013419,Retail,False,False,False
RD-1013420,Fleet,False,False,False
RD-1013421,Fleet,False,True,False
RD-1013422,Retail,False,True,False
RD-1013423,Fleet,False,False,False
RD-1013424,Fleet,False,False,False
RD-1013425,Fleet,False,True,False
RD-1013426,Fleet,False,False,False
RD-1013427,Fleet,False,False,False
RD-1013428,Fleet,False,True,False
RD-1013429,Fleet,False,False,False
RD-1013430,Fleet,False,False,False
RD-1013431,Retail,False,False,False
RD-1013432,Fleet,False,False,False
RD-1013433,Retail,False,False,False
RD-1013434,Fleet,False,False,False
RD-1013435,Fleet,False,True,False
RD-1013436,Fleet,False,False,False
RD-1013437,Fleet,False,False,False
RD-1013438,Retail,False,False,False
RD-1013439,Retail,False,False,False
RD-1013440,Fleet,False,False,False
RD-1013441,Fleet,False,False,False
RD-1013442,Fleet,False,True,False
RD-1013443,Fleet,False,False,False
RD-1013444,Retail,False,False,False
RD-1013445,Retail,False,False,False
RD-1013446,Fleet,False,False,False
RD-1013447,Fleet,False,True,False
RD-1013448,Retail,False,False,False
RD-1013449,Fleet,False,False,False
RD-1013450,Fleet,False,False,False
RD-1013451,Fleet,False,False,False
RD-1013452,Fleet,False,True,False
RD-1013453,Fleet,False,False,False
RD-1013454,Fleet,False,False,False
RD-1013455,Retail,False,False,False
RD-1013456,Fleet,False,False,False
RD-1013457,Fleet,False,False,False
RD-1013458,Fleet,False,False,False
RD-1013459,Fleet,False,False,False
RD-1013460,Retail,False,False,False
RD-1013461,Retail,False,False,False
RD-1013462,Retail,False,False,False
RD-1013463,Retail,False,False,False
RD-1013464,Fleet,False,False,False
RD-1013465,Retail,False,True,False
RD-1013466,Retail,False,False,False
RD-1013467,Fleet,False,False,False
RD-1013468,Retail,False,False,False
RD-1013469,Fleet,False,False,False
RD-1013470,Retail,False,False,False
RD-1013471,Fleet,False,False,False
RD-1013472,Retail,False,False,True
RD-1013473,Retail,False,False,False
RD-1013474,Retail,False,False,False
RD-1013475,Retail,False,False,False
RD-1013477,Fleet,False,False,False
RD-1013478,Fleet,False,False,False
RD-1013479,Retail,False,False,False
RD-1013480,Fleet,False,False,False
RD-1013481,Fleet,False,False,False
RD-1013482,Fleet,False,False,False
RD-1013483,Fleet,False,False,False
RD-1013484,Retail,False,True,False
RD-1013485,Fleet,False,False,False
RD-1013486,Retail,False,False,False
RD-1013487,Retail,False,False,False
RD-1013488,Retail,False,False,False
RD-1013489,Retail,False,True,False
RD-1013490,Retail,False,False,False
RD-1013491,Retail,False,False,False
RD-1013492,Retail,False,False,False
RD-1013493,Retail,False,False,False
RD-1013494,Retail,True,False,False
RD-1013495,Fleet,False,False,False
RD-1013496,Fleet,False,False,False
RD-1013497,Fleet,False,False,False
RD-1013498,Fleet,False,False,False
RD-1013499,Fleet,False,False,False
RD-1013500,Retail,False,False,False
RD-1013501,Fleet,False,False,False
RD-1013502,Retail,True,False,False
RD-1013503,Fleet,False,True,False
RD-1013504,Fleet,False,False,False
RD-1013505,Fleet,False,False,False
RD-1013506,Fleet,True,True,False
RD-1013507,Fleet,False,False,False
RD-1013508,Fleet,False,False,False
RD-1013509,Fleet,True,False,False
RD-1013510,Fleet,False,False,False
RD-1013511,Retail,False,False,False
RD-1013512,Fleet,False,False,False
RD-1013513,Fleet,False,False,False
RD-1013514,Fleet,False,False,False
RD-1013515,Fleet,False,False,False
RD-1013516,Fleet,False,False,False
RD-1013517,Fleet,False,False,False
RD-1013518,Retail,False,False,False
RD-1013519,Retail,False,False,False
RD-1013520,Fleet,False,False,False
RD-1013521,Retail,False,False,False
RD-1013522,Fleet,False,False,False
RD-1013523,Fleet,False,False,False
RD-1013524,Fleet,False,False,False
RD-1013525,Fleet,False,False,False
RD-1013526,Retail,True,False,False
RD-1013527,Retail,False,False,False
RD-1013528,Retail,False,False,True
RD-1013529,Fleet,False,False,False
RD-1013530,Fleet,False,True,False
RD-1013531,Fleet,False,False,False
RD-1013532,Retail,False,False,False
RD-1013533,Retail,False,True,False
RD-1013534,Fleet,False,False,False
RD-1013535,Retail,False,False,False
RD-1013536,Retail,False,False,False
RD-1013537,Fleet,False,False,False
RD-1013538,Fleet,False,False,False
RD-1013539,Retail,False,False,False
RD-1013540,Fleet,False,False,False
RD-1013541,Fleet,False,False,False
RD-1013542,Retail,False,False,False
RD-1013543,Retail,False,False,False
RD-1013544,Fleet,False,False,False
RD-1013545,Fleet,False,False,False
RD-1013546,Fleet,False,False,False
RD-1013547,Retail,False,True,False
RD-1013548,Retail,False,False,False
RD-1013549,Retail,False,True,False
RD-1013550,Fleet,False,False,False
RD-1013551,Fleet,False,False,False
RD-1013552,Fleet,False,False,False
RD-1013553,Fleet,False,False,False
RD-1013554,Fleet,False,False,False
RD-1013555,Retail,False,False,False
RD-1013556,Fleet,True,False,False
RD-1013557,Retail,False,False,False
RD-1013558,Fleet,False,False,False
RD-1013559,Fleet,False,False,False
RD-1013560,Fleet,False,True,False
RD-1013561,Fleet,False,False,False
RD-1013562,Fleet,False,False,False
RD-1013563,Fleet,False,False,False
RD-1013564,Fleet,False,True,False
RD-1013565,Retail,False,False,False
RD-1013566,Fleet,False,False,False
RD-1013567,Retail,False,False,False
RD-1013568,Fleet,False,False,False
RD-1013569,Fleet,False,False,False
RD-1013570,Fleet,False,False,False
RD-1013571,Fleet,False,False,False
RD-1013572,Fleet,False,False,False
RD-1013573,Fleet,False,False,False
RD-1013574,Retail,False,False,False
RD-1013575,Fleet,False,True,False
RD-1013576,Retail,False,False,False
RD-1013577,Fleet,False,False,False
RD-1013578,Retail,False,False,False
RD-1013579,Retail,False,False,False
RD-1013580,Fleet,False,False,False
RD-1013581,Fleet,False,False,False
RD-1013582,Retail,False,False,False
RD-1013583,Fleet,False,False,False
RD-1013584,Retail,False,False,False
RD-1013585,Fleet,False,False,False
RD-1013586,Fleet,False,False,False
RD-1013587,Fleet,False,False,False
RD-1013588,Fleet,False,False,False
RD-1013589,Fleet,True,False,False
RD-1013590,Fleet,False,False,False
RD-1013591,Fleet,False,False,False
RD-1013592,Fleet,False,False,False
RD-1013593,Fleet,False,False,False
RD-1013594,Retail,False,False,False
RD-1013595,Fleet,False,False,False
RD-1013596,Retail,False,False,False
RD-1013597,Retail,False,True,False
RD-1013598,Fleet,False,False,False
RD-1013599,Fleet,False,False,False
RD-1013600,Fleet,False,False,False
RD-1013601,Retail,False,False,False
RD-1013602,Retail,False,False,False
RD-1013603,Retail,False,False,False
RD-1013604,Fleet,False,False,False
RD-1013605,Fleet,False,False,False
RD-1013606,Fleet,False,False,False
RD-1013607,Retail,False,False,False
RD-1013608,Retail,False,False,False
RD-1013609,Fleet,False,False,False
RD-1013610,Fleet,False,False,False
RD-1013611,Retail,False,False,False
RD-1013612,Retail,False,False,False
RD-1013613,Fleet,False,False,False
RD-1013614,Fleet,False,False,False
RD-1013615,Fleet,False,False,False
RD-1013616,Fleet,False,True,False
RD-1013617,Fleet,False,False,False
RD-1013618,Retail,False,False,False
RD-1013619,Fleet,False,False,False
RD-1013620,Fleet,False,False,False
RD-1013621,Retail,False,False,False
RD-1013622,Fleet,False,False,False
RD-1013623,Retail,False,False,False
RD-1013624,Fleet,False,False,False
RD-1013625,Retail,False,False,False
RD-1013626,Fleet,False,False,False
RD-1013627,Retail,False,False,False
RD-1013628,Fleet,False,False,False
RD-1013629,Fleet,False,False,False
RD-1013630,Fleet,False,False,False
RD-1013631,Fleet,False,False,False
RD-1013632,Fleet,False,False,False
RD-1013633,Fleet,False,False,False
RD-1013634,Retail,False,False,False
RD-1013635,Fleet,False,False,False
RD-1013636,Retail,False,False,False
RD-1013637,Retail,True,True,False
RD-1013638,Retail,False,False,False
RD-1013639,Fleet,False,False,False
RD-1013640,Fleet,False,True,False
RD-1013641,Fleet,False,False,False
RD-1013642,Retail,False,False,False
RD-1013643,Fleet,False,False,False
RD-1013644,Retail,False,False,False
RD-1013645,Fleet,False,False,False
RD-1013646,Fleet,False,False,False
RD-1013647,Retail,False,True,False
RD-1013648,Fleet,False,False,False
RD-1013649,Retail,False,False,False
RD-1013650,Retail,False,False,False
RD-1013651,Retail,False,False,False
RD-1013652,Fleet,False,False,False
RD-1013653,Retail,False,False,False
RD-1013654,Retail,False,False,False
RD-1013655,Fleet,False,False,False
RD-1013656,Fleet,False,False,False
RD-1013657,Fleet,False,False,False
RD-1013658,Fleet,False,False,False
RD-1013659,Fleet,False,False,False
RD-1013660,Retail,False,False,False
RD-1013661,Fleet,False,True,False
RD-1013662,Fleet,False,False,False
RD-1013663,Fleet,False,False,False
RD-1013664,Fleet,False,False,False
RD-1013665,Fleet,False,False,False
RD-1013666,Retail,False,False,False
RD-1013667,Retail,False,False,False
RD-1013668,Fleet,False,False,False
RD-1013669,Fleet,False,False,False
RD-1013670,Retail,False,False,False
RD-1013671,Fleet,False,False,False
RD-1013672,Retail,False,False,False
RD-1013673,Fleet,False,False,False
RD-1013674,Fleet,False,False,False
RD-1013675,Retail,False,False,False
RD-1013676,Retail,False,False,False
RD-1013677,Fleet,False,False,False
RD-1013678,Fleet,False,False,False
RD-1013679,Fleet,False,False,False
RD-1013680,Fleet,False,False,False
RD-1013681,Fleet,False,True,False
RD-1013682,Retail,False,False,False
RD-1013683,Retail,False,False,False
RD-1013684,Retail,False,False,False
RD-1013685,Retail,False,True,False
RD-1013686,Retail,False,False,False
RD-1013687,Fleet,False,False,False
RD-1013688,Retail,False,True,False
RD-1013689,Retail,False,False,False
RD-1013690,Fleet,False,False,False
RD-1013691,Fleet,False,False,False
RD-1013693,Retail,False,False,False
RD-1013694,Retail,False,False,False
RD-1013695,Fleet,False,False,False
RD-1013696,Retail,False,False,False
RD-1013697,Retail,False,False,False
RD-1013698,Retail,False,False,False
RD-1013699,Fleet,False,False,False
RD-1013700,Fleet,False,False,False
RD-1013701,Fleet,False,False,False
RD-1013702,Fleet,False,False,False
RD-1013703,Fleet,False,False,False
RD-1013704,Retail,False,False,False
RD-1013705,Retail,False,False,False
RD-1013706,Retail,False,False,False
RD-1013707,Fleet,False,True,False
RD-1013709,Retail,False,False,False
RD-1013710,Retail,False,False,False
RD-1013711,Fleet,False,False,False
RD-1013712,Fleet,False,False,False
RD-1013713,Fleet,False,False,False
RD-1013714,Fleet,False,False,False
RD-1013715,Retail,False,False,False
RD-1013716,Fleet,False,False,False
RD-1013717,Fleet,False,False,False
RD-1013718,Retail,False,False,False
RD-1013719,Fleet,False,False,False
RD-1013720,Fleet,False,False,False
RD-1013721,Fleet,False,False,False
RD-1013722,Fleet,False,False,False
RD-1013723,Retail,False,False,False
RD-1013724,Fleet,False,False,False
RD-1013725,Fleet,False,False,False
RD-1013726,Retail,False,False,False
RD-1013727,Fleet,False,False,False
RD-1013728,Fleet,False,False,False
RD-1013729,Fleet,False,False,False
RD-1013730,Fleet,False,False,False
RD-1013731,Fleet,False,False,False
RD-1013732,Fleet,False,False,False
RD-1013733,Retail,False,False,False
RD-1013734,Fleet,False,False,False
RD-1013735,Fleet,False,False,False
RD-1013736,Fleet,False,False,False
RD-1013737,Retail,False,False,False
RD-1013738,Retail,False,False,False
RD-1013739,Fleet,False,True,False
RD-1013740,Fleet,False,False,False
RD-1013741,Fleet,False,False,False
RD-1013742,Fleet,False,False,False
RD-1013743,Fleet,False,False,False
RD-1013744,Retail,False,False,False
RD-1013745,Fleet,False,False,False
RD-1013746,Fleet,False,False,False
RD-1013747,Fleet,False,True,False
RD-1013748,Fleet,False,False,False
RD-1013749,Retail,False,True,False
RD-1013750,Fleet,False,False,False
RD-1013751,Retail,False,False,False
RD-1013752,Fleet,False,False,False
RD-1013753,Fleet,False,False,False
RD-1013754,Fleet,False,False,False
RD-1013755,Retail,False,False,False
RD-1013756,Retail,False,False,False
RD-1013757,Retail,False,False,False
RD-1013758,Fleet,False,True,False
RD-1013759,Fleet,False,False,False
RD-1013760,Fleet,False,False,False
RD-1013761,Fleet,False,False,False
RD-1013762,Fleet,False,False,False
RD-1013763,Retail,False,False,False
RD-1013764,Retail,False,False,False
RD-1013765,Retail,False,False,False
RD-1013766,Retail,False,False,False
RD-1013767,Fleet,False,False,False
RD-1013768,Fleet,False,False,False
RD-1013769,Fleet,False,False,False
RD-1013770,Retail,False,False,False
RD-1013771,Fleet,False,False,False
RD-1013772,Retail,False,False,False
RD-1013773,Fleet,False,False,False
RD-1013774,Fleet,False,False,False
RD-1013775,Fleet,False,False,False
RD-1013776,Fleet,True,False,False
RD-1013777,Fleet,False,False,False
RD-1013778,Retail,False,True,False
RD-1013779,Retail,False,False,False
RD-1013780,Fleet,False,False,False
RD-1013781,Fleet,False,False,False
RD-1013782,Retail,False,False,False
RD-1013783,Fleet,False,False,False
RD-1013784,Fleet,False,False,False
RD-1013785,Fleet,False,False,False
RD-1013786,Fleet,False,False,False
RD-1013787,Retail,False,False,False
RD-1013788,Retail,False,False,False
RD-1013789,Fleet,False,False,False
RD-1013790,Fleet,False,False,False
RD-1013791,Retail,False,False,False
RD-1013792,Fleet,False,False,False
RD-1013793,Retail,False,False,False
RD-1013794,Retail,False,True,False
RD-1013795,Fleet,False,False,False
RD-1013796,Retail,False,False,False
RD-1013797,Retail,False,False,False
RD-1013798,Fleet,False,False,False
RD-1013799,Fleet,False,False,False
RD-1013800,Fleet,False,False,False
RD-1013801,Fleet,False,False,False
RD-1013802,Fleet,False,False,False
RD-1013803,Fleet,False,True,False
RD-1013804,Fleet,False,False,False
RD-1013805,Fleet,False,False,False
RD-1013806,Retail,False,False,False
RD-1013807,Retail,False,False,False
RD-1013808,Fleet,False,False,False
RD-1013809,Retail,False,False,False
RD-1013810,Fleet,False,False,False
RD-1013811,Fleet,False,False,False
RD-1013812,Fleet,False,False,False
RD-1013813,Retail,False,False,False
RD-1013814,Retail,False,False,False
RD-1013815,Fleet,False,False,False
RD-1013816,Retail,False,False,False
RD-1013817,Fleet,False,False,False
RD-1013818,Fleet,False,False,False
RD-1013819,Fleet,False,True,False
RD-1013820,Fleet,False,False,False
RD-1013821,Fleet,False,False,False
RD-1013822,Retail,False,False,False
RD-1013823,Fleet,False,False,False
RD-1013824,Retail,False,False,False
RD-1013825,Retail,False,False,False
RD-1013826,Fleet,False,False,False
RD-1013827,Fleet,False,True,False
RD-1013828,Retail,False,False,False
RD-1013829,Fleet,False,True,False
RD-1013830,Fleet,False,False,False
RD-1013831,Fleet,False,False,False
RD-1013832,Fleet,False,True,False
RD-1013833,Fleet,False,False,False
RD-1013834,Fleet,True,False,False
RD-1013835,Fleet,False,False,False
RD-1013836,Fleet,False,False,False
RD-1013837,Retail,False,False,False
RD-1013838,Fleet,False,True,False
RD-1013839,Retail,False,False,False
RD-1013840,Retail,False,False,False
RD-1013841,Retail,False,False,False
RD-1013842,Fleet,False,False,False
RD-1013843,Fleet,False,False,False
RD-1013844,Retail,False,False,False
RD-1013845,Fleet,False,False,False
RD-1013846,Fleet,False,False,False
RD-1013847,Retail,False,False,False
RD-1013848,Retail,False,False,False
RD-1013849,Retail,False,False,False
RD-1013850,Fleet,False,False,False
RD-1013851,Fleet,False,False,False
RD-1013852,Retail,False,False,False
RD-1013853,Fleet,False,False,False
RD-1013854,Retail,False,False,False
RD-1013855,Fleet,False,False,False
RD-1013856,Retail,False,False,False
RD-1013857,Retail,True,False,False
RD-1013858,Retail,False,False,False
RD-1013859,Fleet,False,False,False
RD-1013860,Retail,False,False,False
RD-1013861,Fleet,False,False,False
RD-1013862,Fleet,False,False,False
RD-1013863,Fleet,False,False,False
RD-1013864,Fleet,False,False,False
RD-1013865,Retail,False,False,False
RD-1013866,Fleet,False,False,False
RD-1013867,Fleet,False,False,False
RD-1013868,Fleet,False,False,False
RD-1013869,Fleet,False,False,False
RD-1013870,Fleet,False,False,False
RD-1013871,Retail,False,False,False
RD-1013872,Fleet,False,False,False
RD-1013873,Fleet,False,False,False
RD-1013874,Fleet,False,False,False
RD-1013875,Retail,False,False,False
RD-1013876,Fleet,False,False,False
RD-1013877,Fleet,False,False,False
RD-1013878,Retail,False,False,False
RD-1013879,Fleet,False,False,False
RD-1013880,Fleet,False,False,False
RD-1013881,Retail,False,False,False
RD-1013882,Retail,False,False,False
RD-1013883,Fleet,False,False,False
RD-1013884,Fleet,False,False,False
RD-1013885,Retail,False,False,False
RD-1013886,Fleet,False,False,False
RD-1013887,Fleet,False,False,False
RD-1013888,Fleet,False,False,False
RD-1013889,Retail,False,False,False
RD-1013890,Fleet,False,False,False
RD-1013891,Fleet,False,False,False
RD-1013892,Fleet,False,False,False
RD-1013893,Fleet,False,False,False
RD-1013894,Retail,False,True,False
RD-1013895,Fleet,False,False,False
RD-1013896,Retail,False,False,False
RD-1013897,Fleet,False,False,False
RD-1013898,Fleet,False,False,False
RD-1013899,Fleet,False,False,False
RD-1013900,Fleet,False,False,False
RD-1013901,Retail,False,False,False
RD-1013902,Retail,False,False,False
RD-1013903,Retail,False,False,False
RD-1013904,Fleet,False,False,False
RD-1013905,Fleet,False,False,False
RD-1013906,Retail,False,False,False
RD-1013907,Fleet,False,False,False
RD-1013908,Fleet,False,False,False
RD-1013909,Fleet,False,False,False
RD-1013910,Fleet,False,False,False
RD-1013911,Fleet,False,False,False
RD-1013912,Fleet,False,False,False
RD-1013913,Fleet,False,False,False
RD-1013914,Fleet,False,False,False
RD-1013915,Fleet,False,False,False
RD-1013916,Fleet,False,False,False
RD-1013917,Retail,False,False,False
RD-1013918,Retail,False,False,False
RD-1013919,Fleet,False,False,False
RD-1013920,Fleet,False,False,False
RD-1013921,Fleet,False,False,False
RD-1013922,Fleet,False,False,False
RD-1013923,Fleet,False,False,False
RD-1013924,Retail,False,False,False
RD-1013925,Fleet,False,False,False
RD-1013926,Retail,False,False,False
RD-1013927,Fleet,False,False,False
RD-1013928,Retail,False,False,False
RD-1013929,Fleet,False,False,False
RD-1013930,Fleet,False,False,False
RD-1013931,Retail,False,False,False
RD-1013932,Retail,False,False,False
RD-1013933,Retail,False,False,False
RD-1013935,Retail,False,True,False
RD-1013936,Fleet,False,False,False
RD-1013937,Fleet,False,False,False
RD-1013938,Fleet,False,False,False
RD-1013939,Fleet,False,False,False
RD-1013940,Retail,False,False,False
RD-1013941,Retail,False,True,False
RD-1013942,Fleet,False,False,False
RD-1013943,Fleet,False,False,False
RD-1013944,Fleet,True,False,False
RD-1013945,Retail,False,False,False
RD-1013946,Fleet,False,False,False
RD-1013947,Fleet,False,False,False
RD-1013948,Fleet,False,False,False
RD-1013949,Retail,False,False,False
RD-1013950,Retail,False,False,False
RD-1013951,Retail,False,False,False
RD-1013952,Fleet,False,False,False
RD-1013953,Retail,False,False,False
RD-1013954,Fleet,False,False,False
RD-1013955,Fleet,False,False,False
RD-1013956,Fleet,False,False,False
RD-1013957,Retail,False,False,False
RD-1013958,Fleet,False,False,False
RD-1013959,Retail,False,False,False
RD-1013960,Fleet,False,False,False
RD-1013961,Fleet,False,False,False
RD-1013962,Retail,False,False,False
RD-1013963,Fleet,False,False,False
RD-1013964,Fleet,False,False,False
RD-1013965,Retail,False,False,False
RD-1013966,Fleet,False,False,False
RD-1013967,Fleet,False,True,False
RD-1013968,Retail,False,False,False
RD-1013969,Retail,False,False,False
RD-1013970,Fleet,False,False,False
RD-1013971,Fleet,False,False,False
RD-1013972,Fleet,False,False,False
RD-1013973,Retail,False,False,False
RD-1013974,Retail,False,False,False
RD-1013975,Retail,False,False,False
RD-1013976,Fleet,False,False,False
RD-1013977,Retail,False,False,False
RD-1013978,Fleet,False,False,False
RD-1013979,Fleet,False,False,False
RD-1013980,Fleet,False,False,False
RD-1013981,Fleet,False,False,False
RD-1013982,Fleet,False,True,False
RD-1013983,Fleet,False,False,False
RD-1013984,Fleet,False,False,False
RD-1013985,Retail,False,False,False
RD-1013986,Fleet,False,True,False
RD-1013987,Retail,False,False,False
RD-1013988,Retail,False,False,False
RD-1013989,Retail,False,False,False
RD-1013990,Retail,False,False,False
RD-1013991,Retail,False,False,False
RD-1013992,Fleet,False,False,False
RD-1013993,Retail,False,False,False
RD-1013994,Retail,False,False,False
RD-1013995,Retail,False,False,False
RD-1013996,Fleet,False,False,False
RD-1013997,Retail,False,False,False
RD-1013998,Fleet,False,True,False
RD-1013999,Fleet,False,False,False
RD-1014000,Fleet,False,False,False
RD-1014001,Fleet,True,False,False
RD-1014002,Fleet,False,False,False
RD-1014003,Fleet,False,False,False
RD-1014004,Retail,False,False,False
RD-1014005,Fleet,False,False,False
RD-1014006,Fleet,False,False,False
RD-1014007,Retail,False,False,False
RD-1014008,Fleet,False,False,False
RD-1014009,Fleet,False,False,False
RD-1014010,Fleet,False,False,False
RD-1014011,Retail,False,False,False
RD-1014012,Retail,False,False,False
RD-1014013,Fleet,False,False,False
RD-1014014,Fleet,False,False,False
RD-1014015,Fleet,False,False,False
RD-1014016,Retail,False,False,False
RD-1014017,Retail,False,False,False
RD-1014018,Retail,False,False,False
RD-1014019,Fleet,False,False,False
RD-1014020,Retail,False,False,False
RD-1014021,Retail,False,False,False
RD-1014022,Fleet,False,False,False
RD-1014023,Retail,False,False,False
RD-1014024,Fleet,False,False,False
RD-1014025,Fleet,False,False,False
RD-1014026,Fleet,False,False,False
RD-1014027,Retail,False,False,False
RD-1014028,Retail,False,False,False
RD-1014029,Retail,False,False,False
RD-1014030,Fleet,False,False,False
RD-1014031,Fleet,False,False,False
RD-1014032,Fleet,False,False,False
RD-1014033,Fleet,False,False,False
RD-1014034,Fleet,True,False,False
RD-1014035,Fleet,False,False,False
RD-1014036,Fleet,False,False,False
RD-1014037,Retail,False,False,False
RD-1014038,Fleet,False,True,False
RD-1014039,Retail,False,False,False
RD-1014040,Fleet,False,False,False
RD-1014041,Fleet,False,False,False
RD-1014042,Fleet,False,False,False
RD-1014043,Retail,False,True,False
RD-1014044,Fleet,False,False,False
RD-1014045,Fleet,False,False,False
RD-1014046,Fleet,False,False,False
RD-1014047,Fleet,False,False,False
RD-1014048,Fleet,False,False,False
RD-1014049,Retail,False,False,False
RD-1014050,Fleet,False,False,False
RD-1014051,Retail,False,False,False
RD-1014052,Fleet,False,False,False
RD-1014053,Fleet,False,False,False
RD-1014054,Retail,False,False,False
RD-1014055,Retail,False,False,False
RD-1014056,Fleet,False,False,False
RD-1014057,Retail,True,False,False
RD-1014058,Fleet,False,False,False
RD-1014059,Fleet,False,False,False
RD-1014060,Retail,False,True,False
RD-1014061,Retail,False,False,False
RD-1014062,Fleet,False,False,False
RD-1014063,Retail,False,False,False
RD-1014064,Fleet,False,False,False
RD-1014065,Retail,False,True,False
RD-1014066,Fleet,False,False,False
RD-1014067,Retail,False,False,False
RD-1014068,Retail,False,False,False
RD-1014069,Fleet,False,False,False
RD-1014070,Fleet,False,False,False
RD-1014071,Retail,False,False,False
RD-1014072,Fleet,False,True,False
RD-1014073,Fleet,False,True,False
RD-1014074,Retail,False,False,False
RD-1014075,Fleet,False,False,False
RD-1014076,Retail,False,False,False
RD-1014077,Retail,False,False,False
RD-1014078,Retail,False,False,False
RD-1014079,Retail,False,False,False
RD-1014080,Fleet,False,False,False
RD-1014081,Fleet,False,False,False
RD-1014082,Retail,False,False,False
RD-1014083,Fleet,False,False,False
RD-1014084,Fleet,False,False,False
RD-1014085,Fleet,False,False,False
RD-1014086,Fleet,False,False,False
RD-1014087,Retail,False,False,False
RD-1014088,Retail,False,True,False
RD-1014089,Retail,False,False,False
RD-1014090,Fleet,False,False,False
RD-1014091,Fleet,False,False,False
RD-1014092,Retail,False,False,False
RD-1014093,Fleet,False,False,False
RD-1014094,Fleet,False,False,False
RD-1014095,Fleet,False,False,False
RD-1014096,Retail,False,False,False
RD-1014097,Fleet,False,False,False
RD-1014098,Fleet,False,False,False
RD-1014099,Fleet,False,False,False
RD-1014100,Fleet,False,False,False
RD-1014101,Retail,False,False,False
RD-1014102,Fleet,False,False,False
RD-1014103,Fleet,False,False,False
RD-1014104,Fleet,False,False,False
RD-1014105,Fleet,False,False,False
RD-1014106,Retail,False,False,False
RD-1014107,Fleet,False,False,False
RD-1014108,Fleet,False,False,False
RD-1014109,Retail,False,False,False
RD-1014110,Fleet,False,False,False
RD-1014111,Fleet,False,True,False
RD-1014112,Fleet,False,False,False
RD-1014113,Fleet,False,False,False
RD-1014114,Fleet,False,False,False
RD-1014115,Retail,False,False,False
RD-1014116,Retail,False,False,False
RD-1014117,Fleet,False,False,False
RD-1014118,Fleet,False,False,False
RD-1014119,Fleet,True,False,False
RD-1014120,Fleet,False,False,False
RD-1014121,Fleet,False,False,False
RD-1014122,Fleet,False,False,False
RD-1014123,Fleet,False,False,False
RD-1014124,Fleet,False,False,False
RD-1014125,Retail,False,False,False
RD-1014126,Retail,False,False,False
RD-1014127,Retail,False,False,False
RD-1014128,Retail,False,False,False
RD-1014129,Retail,False,False,False
RD-1014130,Fleet,False,False,False
RD-1014131,Retail,False,True,False
RD-1014132,Fleet,False,False,False
RD-1014133,Fleet,False,False,False
RD-1014134,Retail,False,False,False
RD-1014135,Fleet,False,False,False
RD-1014136,Retail,False,False,False
RD-1014137,Fleet,False,False,False
RD-1014138,Retail,False,False,False
RD-1014139,Fleet,False,False,False
RD-1014140,Fleet,False,False,False
RD-1014141,Retail,False,False,False
RD-1014142,Retail,False,False,False
RD-1014143,Retail,False,False,False
RD-1014144,Fleet,False,False,False
RD-1014145,Retail,False,False,False
RD-1014146,Fleet,False,False,False
RD-1014147,Fleet,False,False,False
RD-1014148,Retail,False,False,False
RD-1014149,Retail,False,False,False
RD-1014150,Fleet,False,True,False
RD-1014151,Retail,False,False,False
RD-1014152,Retail,False,False,False
RD-1014153,Fleet,False,False,False
RD-1014154,Retail,False,False,False
RD-1014155,Fleet,False,True,False
RD-1014156,Fleet,False,False,False
RD-1014157,Fleet,False,False,False
RD-1014158,Retail,False,False,False
RD-1014159,Fleet,False,False,False
RD-1014160,Fleet,False,False,False
RD-1014161,Retail,False,False,False
RD-1014162,Fleet,False,False,False
RD-1014163,Fleet,False,False,False
RD-1014164,Retail,False,False,False
RD-1014165,Retail,False,False,False
RD-1014166,Fleet,False,False,False
RD-1014167,Fleet,False,True,False
RD-1014168,Fleet,False,False,False
RD-1014169,Fleet,False,False,False
RD-1014170,Retail,False,False,False
RD-1014171,Fleet,False,True,False
RD-1014172,Fleet,False,True,False
RD-1014173,Fleet,False,True,False
RD-1014174,Fleet,False,False,False
RD-1014175,Fleet,False,False,False
RD-1014176,Retail,False,False,False
RD-1014177,Retail,False,False,False
RD-1014178,Fleet,True,False,False
RD-1014179,Fleet,False,False,False
RD-1014180,Fleet,False,False,False
RD-1014181,Retail,False,False,False
RD-1014182,Fleet,False,False,False
RD-1014183,Retail,False,False,False
RD-1014184,Retail,False,False,False
RD-1014185,Fleet,False,False,False
RD-1014186,Retail,False,False,False
RD-1014187,Retail,False,False,False
RD-1014188,Fleet,False,False,False
RD-1014189,Fleet,False,False,False
RD-1014190,Retail,False,False,False
RD-1014191,Fleet,False,False,False
RD-1014192,Fleet,False,False,False
RD-1014193,Retail,False,False,False
RD-1014194,Fleet,False,False,False
RD-1014195,Fleet,False,False,False
RD-1014196,Retail,False,False,False
RD-1014197,Fleet,False,False,False
RD-1014198,Retail,False,False,False
RD-1014199,Fleet,False,False,False
RD-1014200,Fleet,False,False,False
RD-1014201,Retail,False,False,False
RD-1014202,Retail,False,False,False
RD-1014203,Fleet,False,False,False
RD-1014204,Retail,False,False,False
RD-1014205,Retail,False,False,False
RD-1014206,Fleet,False,True,False
RD-1014207,Retail,False,False,False
RD-1014208,Retail,False,False,False
RD-1014209,Fleet,False,False,False
RD-1014210,Retail,False,False,False
RD-1014211,Retail,False,False,False
RD-1014212,Fleet,False,False,False
RD-1014213,Fleet,False,False,False
RD-1014214,Fleet,False,False,False
RD-1014215,Retail,False,False,False
RD-1014216,Fleet,False,False,False
RD-1014217,Retail,False,False,False
RD-1014218,Retail,False,False,False
RD-1014219,Fleet,False,False,False
RD-1014220,Fleet,False,False,False
RD-1014221,Retail,False,False,False
RD-1014222,Retail,False,False,False
RD-1014223,Fleet,True,True,False
RD-1014224,Retail,False,False,False
RD-1014225,Fleet,False,False,False
RD-1014226,Fleet,False,False,False
RD-1014227,Retail,False,False,False
RD-1014228,Fleet,False,False,False
RD-1014229,Fleet,False,False,False
RD-1014230,Fleet,False,False,False
RD-1014231,Retail,False,False,False
RD-1014232,Retail,False,False,False
RD-1014233,Fleet,False,False,False
RD-1014234,Retail,False,False,False
RD-1014235,Fleet,False,False,False
RD-1014236,Retail,False,False,False
RD-1014237,Retail,False,True,False
RD-1014238,Retail,False,False,False
RD-1014239,Fleet,False,False,False
RD-1014240,Fleet,False,False,False
RD-1014241,Fleet,False,True,False
RD-1014242,Fleet,False,False,False
RD-1014243,Retail,False,False,False
RD-1014244,Retail,False,False,False
RD-1014245,Retail,False,False,False
RD-1014246,Fleet,False,False,False
RD-1014247,Fleet,False,False,False
RD-1014248,Fleet,False,False,False
RD-1014249,Retail,False,False,False
RD-1014250,Retail,False,False,False
RD-1014251,Fleet,False,True,False
RD-1014252,Fleet,False,False,False
RD-1014253,Retail,False,False,False
RD-1014254,Fleet,False,False,False
RD-1014255,Fleet,False,False,False
RD-1014256,Retail,False,False,False
RD-1014257,Fleet,False,False,False
RD-1014258,Fleet,False,False,False
RD-1014259,Fleet,False,False,False
RD-1014260,Fleet,False,False,False
RD-1014261,Retail,False,False,False
RD-1014262,Fleet,False,False,False
RD-1014263,Fleet,False,False,False
RD-1014264,Retail,False,False,False
RD-1014265,Fleet,False,False,False
RD-1014266,Fleet,False,False,False
RD-1014267,Fleet,False,False,False
RD-1014268,Fleet,False,False,False
RD-1014269,Fleet,False,False,False
RD-1014270,Retail,False,False,False
RD-1014271,Retail,False,False,False
RD-1014272,Retail,False,False,False
RD-1014273,Fleet,False,False,False
RD-1014274,Fleet,False,True,False
RD-1014275,Fleet,False,False,False
RD-1014276,Fleet,False,False,False
RD-1014277,Retail,False,False,False
RD-1014278,Retail,False,False,False
RD-1014279,Fleet,False,False,False
RD-1014280,Retail,False,False,False
RD-1014281,Retail,False,False,False
RD-1014282,Fleet,False,False,False
RD-1014283,Fleet,False,False,False
RD-1014284,Retail,False,False,False
RD-1014285,Retail,False,False,False
RD-1014286,Fleet,False,False,False
RD-1014287,Fleet,False,False,False
RD-1014288,Retail,False,False,False
RD-1014289,Retail,False,True,False
RD-1014290,Fleet,False,False,False
RD-1014291,Retail,False,False,False
RD-1014292,Fleet,False,False,False
RD-1014293,Retail,False,False,False
RD-1014294,Fleet,False,False,False
RD-1014295,Retail,False,False,False
RD-1014296,Fleet,False,False,False
RD-1014297,Fleet,False,False,False
RD-1014298,Retail,False,False,False
RD-1014299,Fleet,False,False,False
RD-1014300,Retail,False,False,False
RD-1014301,Fleet,False,False,False
RD-1014302,Fleet,False,False,False
RD-1014303,Retail,False,False,False
RD-1014304,Retail,False,True,False
RD-1014305,Retail,False,False,False
RD-1014306,Fleet,False,False,False
RD-1014307,Retail,False,False,False
RD-1014308,Fleet,False,False,False
RD-1014309,Fleet,False,False,False
RD-1014310,Retail,False,True,False
RD-1014311,Fleet,True,False,False
RD-1014312,Fleet,False,False,False
RD-1014313,Retail,False,False,False
RD-1014314,Fleet,False,True,False
RD-1014315,Fleet,False,False,False
RD-1014316,Fleet,False,False,False
RD-1014317,Fleet,False,False,False
RD-1014318,Fleet,False,False,False
RD-1014319,Fleet,False,False,False
RD-1014320,Fleet,False,False,False
RD-1014321,Retail,False,False,False
RD-1014322,Fleet,False,False,False
RD-1014323,Fleet,False,False,False
RD-1014324,Retail,False,False,False
RD-1014325,Retail,False,False,False
RD-1014326,Fleet,False,False,False
RD-1014327,Fleet,False,False,False
RD-1014328,Fleet,False,False,False
RD-1014329,Fleet,False,False,False
RD-1014330,Fleet,False,False,False
RD-1014331,Fleet,False,False,False
RD-1014332,Fleet,False,False,False
RD-1014333,Retail,False,False,False
RD-1014334,Retail,False,False,False
RD-1014335,Fleet,False,False,False
RD-1014336,Fleet,False,False,False
RD-1014337,Fleet,False,False,False
RD-1014338,Fleet,False,False,False
RD-1014339,Retail,False,False,False
RD-1014340,Retail,False,False,False
RD-1014341,Fleet,False,False,False
RD-1014342,Fleet,False,False,False
RD-1014343,Retail,False,False,False
RD-1014344,Retail,False,False,False
RD-1014345,Fleet,False,False,False
RD-1014346,Fleet,False,False,False
RD-1014347,Fleet,False,False,False
RD-1014348,Fleet,False,False,False
RD-1014349,Fleet,False,False,False
RD-1014350,Retail,False,False,False
RD-1014351,Fleet,False,False,False
RD-1014352,Fleet,False,False,False
RD-1014353,Retail,False,False,False
RD-1014354,Retail,False,False,False
RD-1014355,Retail,False,False,False
RD-1014356,Retail,False,False,False
RD-1014357,Fleet,False,False,False
RD-1014358,Retail,False,False,False
RD-1014359,Fleet,False,False,False
RD-1014360,Retail,False,False,False
RD-1014361,Retail,False,False,False
RD-1014362,Fleet,False,False,False
RD-1014363,Fleet,False,False,False
RD-1014364,Fleet,False,True,False
RD-1014365,Fleet,False,False,False
RD-1014366,Fleet,False,False,False
RD-1014367,Fleet,False,False,False
RD-1014368,Retail,False,False,False
RD-1014369,Fleet,False,False,False
RD-1014370,Fleet,False,False,False
RD-1014371,Fleet,True,False,False
RD-1014372,Retail,False,False,False
RD-1014373,Retail,False,False,False
RD-1014374,Fleet,False,False,False
RD-1014375,Retail,False,False,False
RD-1014376,Retail,False,False,False
RD-1014377,Retail,False,False,False
RD-1014378,Retail,False,False,False
RD-1014379,Fleet,False,False,False
RD-1014380,Retail,False,False,False
RD-1014381,Retail,False,False,False
RD-1014382,Fleet,False,False,False
RD-1014383,Retail,False,False,False
RD-1014384,Retail,False,False,False
RD-1014385,Fleet,False,False,False
RD-1014386,Fleet,False,False,False
RD-1014387,Fleet,False,False,False
RD-1014388,Fleet,False,True,False
RD-1014389,Fleet,False,False,False
RD-1014390,Fleet,False,False,False
RD-1014391,Retail,False,False,False
RD-1014392,Retail,False,False,False
RD-1014393,Retail,False,True,False
RD-1014394,Fleet,False,False,False
RD-1014395,Retail,False,False,False
RD-1014396,Retail,False,False,False
RD-1014397,Fleet,False,False,False
RD-1014398,Retail,False,False,False
RD-1014399,Retail,False,False,False
RD-1014400,Retail,False,False,False
RD-1014401,Fleet,False,False,False
RD-1014402,Retail,False,False,False
RD-1014403,Fleet,False,False,False
RD-1014404,Retail,False,False,False
RD-1014405,Retail,False,False,False
RD-1014406,Fleet,False,False,False
RD-1014407,Fleet,False,False,False
RD-1014408,Fleet,False,False,False
RD-1014409,Retail,False,False,False
RD-1014410,Fleet,False,False,False
RD-1014411,Retail,False,False,False
RD-1014412,Retail,False,False,False
RD-1014413,Retail,False,False,False
RD-1014414,Fleet,False,False,False
RD-1014415,Retail,False,False,False
RD-1014416,Retail,False,False,False
RD-1014417,Fleet,False,False,False
RD-1014418,Retail,False,False,False
RD-1014419,Fleet,False,False,False
RD-1014420,Fleet,False,False,False
RD-1014421,Fleet,False,False,False
RD-1014422,Fleet,False,False,False
RD-1014423,Fleet,False,False,False
RD-1014424,Retail,False,False,False
RD-1014425,Fleet,False,False,False
RD-1014426,Fleet,False,False,False
RD-1014427,Fleet,False,False,False
RD-1014428,Retail,False,False,False
RD-1014429,Fleet,False,False,False
RD-1014430,Fleet,False,True,False
RD-1014431,Retail,False,False,False
RD-1014432,Fleet,False,False,False
RD-1014433,Fleet,False,False,False
RD-1014434,Fleet,False,True,False
RD-1014435,Retail,False,False,False
RD-1014436,Retail,False,False,False
RD-1014437,Retail,False,False,False
RD-1014438,Fleet,False,False,False
RD-1014439,Retail,False,False,False
RD-1014440,Retail,False,False,False
RD-1014441,Retail,False,False,False
RD-1014442,Retail,False,False,False
RD-1014443,Retail,False,False,False
RD-1014444,Retail,False,False,False
RD-1014445,Retail,False,False,False
RD-1014446,Retail,False,False,False
RD-1014447,Fleet,False,False,False
RD-1014448,Retail,False,False,False
RD-1014449,Fleet,False,False,False
RD-1014450,Fleet,False,False,False
RD-1014451,Retail,False,False,False
RD-1014452,Retail,False,False,False
RD-1014453,Fleet,False,False,False
RD-1014454,Fleet,False,False,False
RD-1014455,Fleet,False,False,False
RD-1014456,Fleet,False,False,False
RD-1014457,Retail,False,False,False
RD-1014458,Fleet,False,False,False
RD-1014459,Fleet,False,False,False
RD-1014460,Fleet,False,False,False
RD-1014461,Fleet,False,True,False
RD-1014462,Fleet,False,False,False
RD-1014463,Fleet,False,False,False
RD-1014464,Fleet,False,False,False
RD-1014465,Fleet,False,False,False
RD-1014466,Retail,False,False,False
RD-1014467,Fleet,False,False,False
RD-1014468,Fleet,False,False,False
RD-1014469,Fleet,False,True,False
RD-1014470,Fleet,True,False,False
RD-1014471,Fleet,False,False,False
RD-1014472,Fleet,False,False,False
RD-1014473,Retail,False,False,False
RD-1014474,Retail,False,False,False
RD-1014475,Fleet,False,False,False
RD-1014476,Retail,False,False,False
RD-1014477,Retail,False,False,False
RD-1014478,Fleet,False,False,False
RD-1014479,Retail,False,False,False
RD-1014480,Retail,False,False,False
RD-1014481,Retail,False,False,False
RD-1014482,Retail,False,False,False
RD-1014483,Fleet,False,False,False
RD-1014484,Retail,False,False,False
RD-1014485,Retail,False,False,False
RD-1014486,Retail,False,False,False
RD-1014487,Fleet,False,False,False
RD-1014488,Retail,False,False,False
RD-1014489,Retail,False,False,False
RD-1014490,Retail,False,False,False
RD-1014491,Fleet,False,False,False
RD-1014492,Fleet,False,False,False
RD-1014493,Retail,False,False,False
RD-1014494,Fleet,False,False,False
RD-1014495,Fleet,False,False,False
RD-1014496,Fleet,False,True,False
RD-1014497,Fleet,False,False,False
RD-1014498,Retail,False,False,False
RD-1014499,Fleet,False,False,False
RD-1014500,Fleet,False,False,False
RD-1014501,Fleet,False,False,False
RD-1014502,Fleet,False,False,False
RD-1014503,Retail,False,False,False
RD-1014504,Retail,False,False,False
RD-1014505,Retail,False,False,False
RD-1014506,Fleet,False,False,False
RD-1014507,Fleet,False,False,False
RD-1014508,Retail,False,False,False
RD-1014509,Retail,False,False,False
RD-1014510,Retail,False,False,False
RD-1014511,Retail,False,False,False
RD-1014512,Fleet,True,False,False
RD-1014513,Fleet,False,False,False
RD-1014514,Fleet,True,False,False
RD-1014515,Fleet,False,False,False
RD-1014516,Fleet,False,True,False
RD-1014517,Retail,False,False,False
RD-1014518,Fleet,True,False,False
RD-1014519,Retail,False,True,False
RD-1014520,Fleet,False,False,False
RD-1014521,Fleet,False,False,False
RD-1014522,Fleet,False,False,False
RD-1014523,Fleet,False,False,False
RD-1014524,Retail,False,False,False
RD-1014525,Retail,False,False,False
RD-1014526,Fleet,False,False,False
RD-1014527,Retail,False,False,False
RD-1014528,Retail,False,False,False
RD-1014529,Fleet,False,False,False
RD-1014530,Retail,False,False,False
RD-1014531,Fleet,False,False,False
RD-1014532,Fleet,True,True,False
RD-1014533,Retail,False,True,False
RD-1014534,Fleet,False,False,False
RD-1014535,Retail,False,False,False
RD-1014536,Fleet,False,False,False
RD-1014537,Fleet,True,False,False
RD-1014538,Fleet,False,False,False
RD-1014539,Retail,False,False,False
RD-1014540,Retail,False,False,False
RD-1014541,Fleet,False,False,False
RD-1014542,Fleet,False,False,False
RD-1014543,Fleet,False,False,False
RD-1014544,Retail,False,False,False
RD-1014545,Fleet,False,False,False
RD-1014546,Retail,False,False,False
RD-1014547,Fleet,False,False,False
RD-1014548,Fleet,False,False,False
RD-1014549,Fleet,False,False,False
RD-1014550,Fleet,False,True,False
RD-1014551,Retail,False,False,False
RD-1014552,Fleet,False,False,False
RD-1014553,Fleet,False,False,False
RD-1014554,Fleet,False,False,False
RD-1014555,Fleet,False,False,False
RD-1014556,Fleet,False,False,False
RD-1014557,Fleet,False,False,False
RD-1014558,Retail,False,False,False
RD-1014559,Fleet,False,False,False
RD-1014560,Fleet,False,False,False
RD-1014561,Retail,False,False,False
RD-1014562,Retail,False,False,False
RD-1014563,Retail,False,False,False
RD-1014564,Fleet,False,False,False
RD-1014565,Fleet,False,False,False
RD-1014566,Fleet,False,False,False
RD-1014567,Fleet,False,False,False
RD-1014568,Fleet,False,False,False
RD-1014569,Retail,False,False,False
RD-1014570,Retail,False,False,False
RD-1014571,Retail,False,False,False
RD-1014572,Retail,False,False,False
RD-1014573,Retail,False,False,False
RD-1014574,Fleet,False,True,False
RD-1014575,Fleet,False,False,False
RD-1014576,Fleet,False,False,False
RD-1014577,Fleet,False,False,False
RD-1014578,Retail,False,False,False
RD-1014579,Fleet,False,False,False
RD-1014580,Retail,False,False,False
RD-1014581,Retail,False,False,False
RD-1014582,Fleet,False,False,False
RD-1014583,Fleet,False,False,False
RD-1014584,Fleet,False,False,False
RD-1014585,Fleet,False,False,False
RD-1014586,Fleet,False,False,False
RD-1014587,Fleet,False,False,False
RD-1014588,Fleet,False,False,False
RD-1014589,Fleet,False,False,False
RD-1014590,Retail,False,False,False
RD-1014591,Retail,False,True,False
RD-1014592,Fleet,False,False,False
RD-1014593,Fleet,False,False,False
RD-1014594,Retail,False,False,False
RD-1014595,Retail,False,False,False
RD-1014596,Fleet,False,False,False
RD-1014597,Retail,False,False,False
RD-1014598,Fleet,False,False,False
RD-1014599,Fleet,False,False,False
RD-1014600,Fleet,False,False,False
RD-1014601,Fleet,False,False,False
RD-1014602,Retail,False,False,False
RD-1014603,Fleet,False,False,False
RD-1014604,Retail,False,False,False
RD-1014605,Fleet,False,False,False
RD-1014606,Fleet,False,False,False
RD-1014607,Retail,False,False,False
RD-1014608,Retail,False,False,False
RD-1014609,Fleet,False,False,False
RD-1014610,Fleet,False,False,False
RD-1014611,Fleet,False,False,False
RD-1014612,Fleet,False,False,False
RD-1014613,Fleet,False,False,False
RD-1014614,Retail,False,False,False
RD-1014615,Retail,False,False,False
RD-1014616,Retail,False,False,False
RD-1014617,Retail,False,False,False
RD-1014618,Fleet,False,False,False
RD-1014619,Retail,False,False,False
RD-1014620,Retail,False,False,False
RD-1014621,Fleet,False,False,False
RD-1014622,Retail,False,False,False
RD-1014623,Fleet,False,False,False
RD-1014624,Retail,False,False,False
RD-1014625,Retail,False,False,False
RD-1014626,Retail,False,False,False
RD-1014627,Retail,False,False,False
RD-1014628,Retail,False,False,False
RD-1014629,Fleet,False,False,False
RD-1014630,Fleet,False,False,False
RD-1014631,Fleet,False,False,False
RD-1014632,Fleet,False,False,False
RD-1014633,Fleet,False,False,False
RD-1014634,Fleet,False,False,False
RD-1014635,Fleet,False,True,False
RD-1014636,Fleet,False,True,False
RD-1014637,Fleet,False,False,False
RD-1014638,Fleet,False,False,False
RD-1014639,Fleet,False,False,False
RD-1014640,Fleet,False,False,False
RD-1014641,Retail,False,False,False
RD-1014642,Fleet,False,False,False
RD-1014643,Fleet,False,False,False
RD-1014644,Retail,False,False,False
RD-1014645,Fleet,False,False,False
RD-1014646,Fleet,False,False,False
RD-1014647,Fleet,False,False,False
RD-1014648,Retail,False,False,False
RD-1014649,Fleet,False,False,False
RD-1014650,Retail,False,False,False
RD-1014651,Fleet,False,False,False
RD-1014652,Fleet,False,False,False
RD-1014653,Retail,False,True,False
RD-1014654,Fleet,False,False,False
RD-1014655,Retail,False,False,False
RD-1014656,Retail,False,False,False
RD-1014657,Fleet,False,False,False
RD-1014658,Fleet,False,False,False
RD-1014659,Fleet,False,False,False
RD-1014660,Fleet,False,False,False
RD-1014661,Retail,True,False,False
RD-1014662,Fleet,False,False,False
RD-1014663,Fleet,False,False,False
RD-1014664,Fleet,False,False,False
RD-1014665,Fleet,False,False,False
RD-1014666,Fleet,False,False,False
RD-1014667,Fleet,False,True,False
RD-1014668,Fleet,False,False,False
RD-1014669,Fleet,False,False,False
RD-1014670,Retail,False,False,False
RD-1014671,Retail,False,False,False
RD-1014672,Retail,False,False,False
RD-1014673,Retail,False,False,False
RD-1014674,Retail,True,False,False
RD-1014675,Retail,False,False,False
RD-1014676,Fleet,False,False,False
RD-1014677,Retail,False,False,False
RD-1014678,Retail,False,False,False
RD-1014679,Fleet,False,False,False
RD-1014680,Fleet,False,False,False
RD-1014681,Retail,False,False,False
RD-1014682,Fleet,False,False,False
RD-1014683,Fleet,False,False,False
RD-1014684,Fleet,False,False,False
RD-1014685,Retail,False,False,False
RD-1014686,Retail,False,False,False
RD-1014687,Retail,False,False,False
RD-1014688,Fleet,False,False,False
RD-1014689,Fleet,False,False,False
RD-1014690,Retail,False,False,False
RD-1014691,Fleet,False,False,False
RD-1014692,Fleet,False,False,False
RD-1014693,Retail,False,False,False
RD-1014694,Fleet,False,False,False
RD-1014695,Fleet,False,True,False
RD-1014696,Retail,False,False,False
RD-1014697,Retail,False,False,False
RD-1014698,Retail,False,False,False
RD-1014699,Fleet,False,False,False
RD-1014700,Fleet,False,False,False
RD-1014701,Retail,False,True,False
RD-1014702,Fleet,False,False,False
RD-1014703,Fleet,False,False,False
RD-1014704,Fleet,False,True,False
RD-1014705,Retail,False,False,False
RD-1014706,Retail,False,False,False
RD-1014707,Retail,False,False,False
RD-1014708,Retail,False,False,False
RD-1014709,Fleet,False,False,False
RD-1014710,Retail,False,False,False
RD-1014711,Fleet,False,False,False
RD-1014712,Fleet,False,True,False
RD-1014713,Fleet,False,False,False
RD-1014714,Fleet,False,False,False
RD-1014715,Retail,False,False,False
RD-1014716,Retail,False,False,False
RD-1014717,Fleet,False,False,False
RD-1014718,Retail,False,False,False
RD-1014719,Retail,False,False,False
RD-1014720,Fleet,False,False,False
RD-1014721,Fleet,False,False,False
RD-1014722,Retail,False,False,False
RD-1014723,Fleet,False,False,False
RD-1014724,Retail,False,False,False
RD-1014725,Fleet,False,True,False
RD-1014726,Fleet,False,False,False
RD-1014727,Fleet,False,False,False
RD-1014728,Fleet,False,False,False
RD-1014729,Fleet,False,False,False
RD-1014730,Fleet,False,False,False
RD-1014731,Fleet,False,False,False
RD-1014732,Fleet,False,False,False
RD-1014733,Fleet,False,False,False
RD-1014734,Retail,False,False,False
RD-1014735,Fleet,False,False,False
RD-1014736,Retail,False,False,False
RD-1014737,Retail,False,False,False
RD-1014738,Fleet,False,False,False
RD-1014739,Retail,False,False,False
RD-1014740,Fleet,False,False,False
RD-1014741,Fleet,False,False,False
RD-1014742,Retail,False,False,False
RD-1014743,Fleet,False,False,False
RD-1014744,Retail,False,False,False
RD-1014745,Fleet,False,False,False
RD-1014746,Retail,False,False,False
RD-1014747,Fleet,False,False,False
RD-1014748,Fleet,False,False,False
RD-1014749,Fleet,False,False,False
RD-1014750,Retail,False,True,False
RD-1014751,Retail,False,False,False
RD-1014752,Fleet,False,True,False
RD-1014753,Fleet,False,False,False
RD-1014754,Fleet,False,False,False
RD-1014755,Retail,False,False,False
RD-1014756,Fleet,False,False,False
RD-1014757,Fleet,False,False,False
RD-1014758,Fleet,False,False,False
RD-1014759,Fleet,False,False,False
RD-1014760,Retail,False,False,False
RD-1014761,Fleet,False,False,False
RD-1014762,Fleet,False,False,False
RD-1014763,Fleet,False,True,False
RD-1014764,Fleet,False,False,False
RD-1014765,Retail,False,False,False
RD-1014766,Fleet,False,False,False
RD-1014767,Fleet,False,False,False
RD-1014768,Retail,False,True,False
RD-1014769,Fleet,False,False,False
RD-1014770,Retail,False,False,False
RD-1014771,Fleet,False,False,False
RD-1014772,Retail,False,False,False
RD-1014773,Fleet,False,False,False
RD-1014774,Fleet,False,False,False
RD-1014775,Retail,False,False,False
RD-1014776,Fleet,False,False,False
RD-1014777,Fleet,False,False,False
RD-1014778,Fleet,False,False,False
RD-1014779,Fleet,False,False,False
RD-1014780,Retail,False,False,False
RD-1014781,Fleet,False,False,False
RD-1014782,Fleet,False,False,False
RD-1014783,Fleet,False,False,False
RD-1014784,Fleet,False,False,False
RD-1014785,Fleet,False,False,False
RD-1014786,Fleet,False,False,False
RD-1014787,Fleet,False,False,False
RD-1014788,Fleet,False,False,False
RD-1014789,Fleet,False,False,False
RD-1014790,Retail,False,False,False
RD-1014791,Retail,False,False,False
RD-1014792,Retail,False,False,False
RD-1014793,Retail,False,False,False
RD-1014794,Fleet,False,False,False
RD-1014795,Retail,False,False,False
RD-1014796,Fleet,False,False,False
RD-1014797,Fleet,False,False,False
RD-1014798,Retail,False,False,False
RD-1014799,Fleet,False,False,False
RD-1014800,Retail,False,False,False
RD-1014801,Fleet,False,False,False
RD-1014802,Fleet,False,False,False
RD-1014803,Fleet,False,False,False
RD-1014804,Fleet,False,True,False
RD-1014805,Fleet,False,False,False
RD-1014806,Fleet,False,True,False
RD-1014807,Retail,False,False,False
RD-1014808,Fleet,False,False,False
RD-1014809,Fleet,False,False,False
RD-1014810,Fleet,False,False,False
RD-1014811,Fleet,False,False,False
RD-1014812,Fleet,False,False,False
RD-1014813,Fleet,True,False,False
RD-1014814,Fleet,False,False,False
RD-1014815,Retail,False,False,False
RD-1014816,Fleet,False,False,False
RD-1014817,Fleet,False,True,False
RD-1014818,Fleet,False,False,False
RD-1014819,Fleet,False,False,False
RD-1014820,Fleet,False,False,False
RD-1014821,Fleet,False,False,False
RD-1014822,Fleet,False,False,False
RD-1014823,Fleet,False,False,False
RD-1014824,Retail,False,False,False
RD-1014825,Fleet,False,False,False
RD-1014826,Fleet,False,False,False
RD-1014827,Retail,False,False,False
RD-1014828,Fleet,False,False,False
RD-1014829,Retail,False,False,False
RD-1014830,Retail,False,False,False
RD-1014831,Fleet,False,False,False
RD-1014832,Fleet,False,False,False
RD-1014833,Fleet,False,False,False
RD-1014834,Retail,False,False,False
RD-1014835,Retail,False,False,False
RD-1014836,Retail,False,True,False
RD-1014837,Fleet,False,False,False
RD-1014838,Fleet,False,False,False
RD-1014839,Retail,False,False,False
RD-1014840,Fleet,False,False,False
RD-1014841,Fleet,False,False,False
RD-1014842,Fleet,False,False,False
RD-1014843,Fleet,False,False,False
RD-1014844,Fleet,False,False,False
RD-1014845,Retail,False,False,False
RD-1014846,Fleet,False,False,False
RD-1014847,Fleet,False,False,False
RD-1014848,Retail,False,False,False
RD-1014849,Fleet,False,False,False
RD-1014850,Fleet,False,True,False
RD-1014851,Retail,False,False,False
RD-1014852,Retail,False,False,False
RD-1014853,Retail,False,False,False
RD-1014854,Fleet,False,False,False
RD-1014855,Retail,False,False,False
RD-1014856,Retail,False,False,False
RD-1014857,Retail,False,False,False
RD-1014858,Fleet,False,False,False
RD-1014859,Fleet,False,False,False
RD-1014860,Fleet,False,False,False
RD-1014861,Retail,False,False,False
RD-1014862,Fleet,False,True,False
RD-1014863,Retail,False,False,False
RD-1014864,Retail,False,False,False
RD-1014865,Fleet,False,True,False
RD-1014866,Retail,False,False,False
RD-1014867,Fleet,False,False,False
RD-1014868,Fleet,False,False,False
RD-1014869,Retail,False,False,False
RD-1014870,Retail,False,False,False
RD-1014871,Retail,False,False,False
RD-1014872,Retail,False,False,False
RD-1014873,Fleet,False,False,False
RD-1014874,Fleet,False,False,False
RD-1014875,Fleet,False,False,False
RD-1014876,Fleet,False,False,False
RD-1014877,Fleet,False,True,False
RD-1014878,Fleet,False,False,False
RD-1014879,Fleet,False,False,False
RD-1014880,Fleet,False,True,False
RD-1014881,Fleet,False,False,False
RD-1014882,Fleet,False,False,False
RD-1014883,Fleet,False,False,False
RD-1014884,Retail,False,False,False
RD-1014885,Fleet,False,True,False
RD-1014886,Retail,False,False,False
RD-1014887,Fleet,False,False,False
RD-1014888,Fleet,False,False,False
RD-1014889,Fleet,False,False,False
RD-1014890,Fleet,False,False,False
RD-1014891,Fleet,False,False,False
RD-1014892,Fleet,False,False,False
RD-1014893,Retail,False,False,False
RD-1014894,Retail,False,False,False
RD-1014895,Retail,False,False,False
RD-1014896,Retail,False,False,False
RD-1014897,Retail,False,False,False
RD-1014898,Fleet,False,False,False
RD-1014899,Fleet,False,False,False
RD-1014900,Retail,False,False,False
RD-1014901,Retail,False,False,False
RD-1014902,Fleet,False,False,False
RD-1014903,Fleet,False,True,False
RD-1014904,Retail,False,False,False
RD-1014905,Retail,False,False,False
RD-1014906,Retail,False,True,False
RD-1014907,Fleet,False,False,False
RD-1014908,Fleet,False,False,False
RD-1014909,Fleet,False,False,False
RD-1014910,Fleet,False,False,False
RD-1014911,Retail,False,False,False
RD-1014912,Fleet,False,False,False
RD-1014913,Fleet,False,False,False
RD-1014914,Fleet,False,True,False
RD-1014915,Retail,False,False,False
RD-1014916,Fleet,False,False,False
RD-1014917,Fleet,False,False,False
RD-1014918,Fleet,False,False,False
RD-1014919,Retail,False,False,False
RD-1014920,Retail,False,False,False
RD-1014921,Fleet,False,False,False
RD-1014922,Fleet,False,True,False
RD-1014923,Retail,False,False,False
RD-1014924,Fleet,False,False,False
RD-1014925,Fleet,False,False,False
RD-1014926,Fleet,False,False,False
RD-1014927,Fleet,False,False,False
RD-1014928,Retail,False,False,False
RD-1014929,Retail,False,False,False
RD-1014930,Retail,False,False,False
RD-1014931,Fleet,False,False,False
RD-1014932,Retail,False,False,False
RD-1014933,Retail,False,False,False
RD-1014934,Fleet,False,False,False
RD-1014935,Fleet,False,False,False
RD-1014936,Fleet,False,False,False
RD-1014937,Fleet,False,False,False
RD-1014938,Retail,False,True,False
RD-1014939,Fleet,False,False,False
RD-1014940,Retail,False,False,False
RD-1014941,Retail,False,True,False
RD-1014942,Retail,False,False,False
RD-1014943,Fleet,False,False,False
RD-1014944,Retail,False,False,False
RD-1014945,Fleet,False,False,False
RD-1014946,Retail,False,False,False
RD-1014947,Fleet,False,False,False
RD-1014948,Fleet,False,False,False
RD-1014949,Fleet,False,False,False
RD-1014950,Fleet,False,False,False
RD-1014951,Fleet,False,False,False
RD-1014952,Retail,False,False,False
RD-1014953,Fleet,True,False,False
RD-1014954,Retail,False,False,False
RD-1014955,Fleet,False,False,False
RD-1014956,Fleet,False,False,False
RD-1014957,Retail,False,False,False
RD-1014958,Fleet,False,False,False
RD-1014959,Fleet,False,False,False
RD-1014960,Retail,False,False,False
RD-1014961,Fleet,False,False,False
RD-1014962,Fleet,False,False,False
RD-1014963,Fleet,False,False,False
RD-1014964,Fleet,False,False,False
RD-1014965,Retail,False,False,False
RD-1014966,Retail,False,False,False
RD-1014967,Fleet,False,False,False
RD-1014968,Fleet,False,False,False
RD-1014969,Retail,False,False,False
RD-1014971,Retail,False,False,False
RD-1014972,Fleet,False,False,False
RD-1014973,Fleet,False,False,False
RD-1014974,Retail,False,False,False
RD-1014975,Fleet,False,False,False
RD-1014976,Fleet,True,False,False
RD-1014977,Fleet,False,False,False
RD-1014978,Retail,False,False,False
RD-1014979,Retail,False,False,False
RD-1014980,Fleet,False,False,False
RD-1014981,Fleet,False,False,False
RD-1014982,Fleet,False,True,False
RD-1014983,Fleet,False,True,False
RD-1014984,Fleet,False,False,False
RD-1014985,Fleet,False,False,False
RD-1014986,Fleet,False,False,False
RD-1014987,Retail,False,True,False
RD-1014988,Fleet,False,False,False
RD-1014989,Fleet,False,False,False
RD-1014990,Fleet,False,False,False
RD-1014991,Fleet,False,False,False
RD-1014992,Fleet,False,True,False
RD-1014993,Retail,False,False,False
RD-1014994,Fleet,False,False,False
RD-1014995,Retail,False,False,False
RD-1014996,Fleet,False,False,False
RD-1014997,Fleet,False,False,False
RD-1014998,Retail,False,False,False
RD-1014999,Retail,False,False,False
RD-1015000,Fleet,False,False,False
RD-1015001,Fleet,False,False,False
RD-1015002,Retail,False,False,False
RD-1015003,Fleet,False,False,False
RD-1015004,Fleet,False,False,False
RD-1015005,Fleet,False,False,False
RD-1015006,Retail,True,False,False
RD-1015007,Retail,False,False,False
RD-1015008,Fleet,False,False,False
RD-1015009,Fleet,False,False,False
RD-1015010,Fleet,False,False,False
RD-1015011,Retail,False,False,False
RD-1015012,Fleet,False,False,False
RD-1015013,Retail,False,False,False
RD-1015014,Fleet,False,False,False
RD-1015015,Fleet,False,False,False
RD-1015016,Fleet,False,False,False
RD-1015017,Retail,False,False,False
RD-1015018,Fleet,False,False,False
RD-1015019,Fleet,False,False,False
RD-1015020,Fleet,False,False,False
RD-1015021,Retail,False,False,False
RD-1015022,Fleet,False,False,False
RD-1015023,Retail,False,False,False
RD-1015024,Fleet,False,False,False
RD-1015025,Fleet,False,False,False
RD-1015026,Fleet,False,False,False
RD-1015027,Retail,False,False,False
RD-1015028,Fleet,False,False,False
RD-1015029,Fleet,False,False,False
RD-1015030,Fleet,False,False,False
RD-1015031,Fleet,False,False,False
RD-1015032,Fleet,False,False,False
RD-1015033,Fleet,False,False,False
RD-1015034,Fleet,False,False,False
RD-1015035,Retail,False,False,False
RD-1015036,Fleet,False,False,False
RD-1015037,Fleet,True,False,False
RD-1015038,Fleet,False,False,False
RD-1015039,Fleet,False,False,False
RD-1015040,Fleet,False,False,False
RD-1015041,Fleet,False,True,False
RD-1015042,Retail,False,False,False
RD-1015043,Fleet,False,False,False
RD-1015044,Fleet,False,False,False
RD-1015045,Retail,False,False,False
RD-1015046,Retail,False,False,False
RD-1015047,Retail,False,False,False
RD-1015048,Retail,False,False,False
RD-1015049,Fleet,False,False,False
RD-1015050,Fleet,False,False,False
RD-1015051,Retail,False,False,False
RD-1015052,Fleet,False,False,False
RD-1015053,Fleet,False,False,False
RD-1015054,Retail,False,False,False
RD-1015055,Fleet,False,False,False
RD-1015056,Fleet,False,False,False
RD-1015057,Retail,False,False,False
RD-1015058,Fleet,False,False,False
RD-1015059,Retail,False,False,False
RD-1015060,Retail,False,False,False
RD-1015061,Fleet,False,False,False
RD-1015062,Fleet,False,False,False
RD-1015063,Retail,False,False,False
RD-1015064,Retail,False,False,False
RD-1015065,Fleet,False,False,False
RD-1015066,Fleet,False,False,False
RD-1015067,Fleet,False,False,False
RD-1015068,Fleet,False,False,False
RD-1015069,Fleet,False,False,False
RD-1015070,Retail,False,False,False
RD-1015071,Fleet,False,False,False
RD-1015072,Fleet,False,False,False
RD-1015073,Fleet,False,False,False
RD-1015074,Fleet,False,False,False
RD-1015075,Fleet,False,True,False
RD-1015076,Fleet,False,False,False
RD-1015077,Fleet,False,False,False
RD-1015078,Fleet,False,False,False
RD-1015079,Retail,False,False,False
RD-1015080,Retail,False,False,False
RD-1015081,Fleet,False,False,False
RD-1015082,Fleet,False,False,False
RD-1015083,Fleet,True,False,False
RD-1015084,Retail,False,False,False
RD-1015085,Retail,False,True,False
RD-1015086,Retail,False,False,False
RD-1015087,Fleet,False,False,False
RD-1015088,Fleet,False,False,False
RD-1015089,Fleet,False,False,False
RD-1015090,Retail,False,False,False
RD-1015091,Fleet,False,False,False
RD-1015092,Fleet,False,False,False
RD-1015093,Retail,False,False,False
RD-1015094,Fleet,False,False,False
RD-1015095,Retail,False,False,False
RD-1015096,Fleet,False,False,False
RD-1015097,Fleet,False,False,False
RD-1015098,Fleet,False,False,False
RD-1015099,Fleet,True,True,False
RD-1015100,Retail,False,False,False
RD-1015101,Retail,False,False,False
RD-1015102,Retail,False,False,False
RD-1015103,Fleet,False,True,False
RD-1015104,Retail,False,False,False
RD-1015105,Retail,False,False,False
RD-1015106,Fleet,False,False,False
RD-1015107,Retail,False,False,False
RD-1015108,Fleet,False,False,False
RD-1015109,Retail,False,False,False
RD-1015110,Fleet,False,False,False
RD-1015111,Fleet,False,False,False
RD-1015112,Fleet,False,False,False
RD-1015113,Fleet,False,False,False
RD-1015114,Fleet,False,False,False
RD-1015115,Retail,False,True,False
RD-1015116,Retail,False,False,False
RD-1015117,Fleet,False,False,False
RD-1015118,Retail,False,False,False
RD-1015119,Fleet,False,False,False
RD-1015120,Retail,False,False,False
RD-1015121,Fleet,False,False,False
RD-1015122,Fleet,False,True,False
RD-1015123,Fleet,False,False,False
RD-1015124,Retail,False,False,False
RD-1015125,Retail,False,False,False
RD-1015126,Fleet,False,False,False
RD-1015127,Fleet,False,False,False
RD-1015128,Retail,False,False,False
RD-1015129,Retail,False,False,False
RD-1015130,Retail,False,False,False
RD-1015131,Retail,False,False,False
RD-1015132,Fleet,False,False,False
RD-1015133,Fleet,False,False,False
RD-1015134,Retail,False,False,False
RD-1015135,Fleet,False,False,False
RD-1015136,Retail,False,False,False
RD-1015137,Retail,False,True,False
RD-1015138,Fleet,False,True,False
RD-1015139,Fleet,False,True,False
RD-1015140,Fleet,False,False,False
RD-1015141,Fleet,False,False,False
RD-1015142,Retail,False,False,False
RD-1015143,Fleet,False,True,False
RD-1015144,Fleet,False,False,False
RD-1015145,Fleet,False,False,False
RD-1015146,Fleet,False,False,False
RD-1015147,Fleet,False,False,False
RD-1015148,Fleet,False,False,False
RD-1015149,Fleet,False,False,False
RD-1015150,Fleet,False,False,False
RD-1015152,Retail,False,True,False
RD-1015153,Fleet,False,True,False
RD-1015154,Retail,False,False,False
RD-1015155,Retail,False,False,False
RD-1015156,Fleet,False,False,False
RD-1015157,Fleet,False,False,False
RD-1015158,Retail,False,False,False
RD-1015159,Retail,False,False,False
RD-1015160,Retail,False,False,False
RD-1015161,Fleet,False,False,False
RD-1015162,Fleet,False,False,False
RD-1015163,Fleet,False,False,False
RD-1015164,Fleet,False,False,False
RD-1015165,Fleet,False,False,False
RD-1015166,Fleet,False,False,False
RD-1015167,Fleet,False,True,False
RD-1015168,Fleet,False,False,False
RD-1015169,Fleet,False,False,False
RD-1015170,Fleet,False,True,False
RD-1015171,Fleet,False,False,False
RD-1015172,Retail,False,False,False
RD-1015173,Fleet,False,False,False
RD-1015174,Fleet,False,False,False
RD-1015175,Fleet,False,False,False
RD-1015176,Fleet,False,False,False
RD-1015177,Fleet,False,False,False
RD-1015178,Fleet,False,False,False
RD-1015179,Retail,False,False,False
RD-1015180,Fleet,False,False,False
RD-1015181,Fleet,False,False,False
RD-1015182,Fleet,False,False,False
RD-1015183,Retail,False,False,False
RD-1015184,Retail,False,False,False
RD-1015185,Fleet,False,False,False
RD-1015186,Retail,False,False,False
RD-1015187,Fleet,False,False,False
RD-1015188,Retail,False,False,False
RD-1015189,Fleet,False,False,False
RD-1015190,Retail,False,False,False
RD-1015191,Fleet,False,False,False
RD-1015192,Fleet,False,False,False
RD-1015193,Retail,False,False,False
RD-1015194,Fleet,False,False,False
RD-1015195,Fleet,False,False,False
RD-1015196,Fleet,False,False,False
RD-1015197,Retail,False,False,False
RD-1015198,Fleet,False,False,False
RD-1015199,Retail,False,False,False
RD-1015200,Fleet,False,False,False
RD-1015201,Retail,False,False,False
RD-1015202,Fleet,False,False,False
RD-1015203,Retail,False,False,False
RD-1015204,Fleet,False,False,False
RD-1015205,Fleet,False,False,False
RD-1015206,Fleet,False,False,False
RD-1015207,Retail,False,False,False
RD-1015208,Fleet,False,False,False
RD-1015209,Retail,False,False,False
RD-1015210,Retail,False,True,False
RD-1015211,Fleet,False,False,False
RD-1015212,Retail,False,False,False
RD-1015213,Retail,False,False,False
RD-1015214,Fleet,False,False,False
RD-1015215,Retail,False,True,False
RD-1015216,Fleet,False,False,False
RD-1015217,Fleet,False,False,False
RD-1015218,Fleet,False,False,False
RD-1015219,Fleet,False,False,False
RD-1015220,Fleet,False,False,False
RD-1015221,Fleet,False,False,False
RD-1015222,Retail,False,False,False
RD-1015223,Fleet,False,False,False
RD-1015224,Retail,False,False,False
RD-1015225,Fleet,False,False,False
RD-1015226,Fleet,False,False,False
RD-1015227,Fleet,False,False,False
RD-1015228,Fleet,False,True,False
RD-1015229,Fleet,False,False,False
RD-1015230,Retail,False,False,False
RD-1015231,Fleet,False,False,False
RD-1015232,Retail,False,False,False
RD-1015233,Fleet,False,False,False
RD-1015234,Retail,False,True,False
RD-1015235,Retail,False,False,False
RD-1015236,Fleet,False,False,False
RD-1015237,Fleet,False,False,False
RD-1015238,Fleet,False,False,False
RD-1015239,Fleet,False,False,False
RD-1015240,Fleet,False,False,False
RD-1015241,Fleet,False,False,False
RD-1015242,Fleet,False,False,False
RD-1015243,Retail,False,False,False
RD-1015244,Fleet,False,False,False
RD-1015245,Fleet,False,False,False
RD-1015246,Fleet,False,False,False
RD-1015247,Fleet,False,False,False
RD-1015248,Retail,False,False,False
RD-1015249,Retail,False,False,False
RD-1015250,Retail,False,False,False
RD-1015251,Retail,False,True,False
RD-1015252,Fleet,False,False,False
RD-1015253,Fleet,False,False,False
RD-1015254,Fleet,False,True,False
RD-1015255,Retail,False,False,False
RD-1015256,Fleet,False,False,False
RD-1015257,Retail,False,False,False
RD-1015258,Retail,True,False,False
RD-1015259,Fleet,False,False,False
RD-1015260,Fleet,False,False,False
RD-1015261,Fleet,False,False,False
RD-1015262,Fleet,False,False,False
RD-1015263,Fleet,False,False,False
RD-1015264,Retail,False,False,False
RD-1015265,Fleet,False,False,False
RD-1015266,Retail,False,False,False
RD-1015267,Fleet,False,False,False
RD-1015268,Retail,False,False,False
RD-1015269,Fleet,False,False,False
RD-1015270,Fleet,False,False,False
RD-1015271,Fleet,False,False,False
RD-1015272,Fleet,False,True,False
RD-1015273,Fleet,False,False,False
RD-1015274,Retail,False,False,False
RD-1015275,Fleet,False,False,False
RD-1015276,Fleet,False,False,False
RD-1015277,Fleet,False,False,False
RD-1015278,Fleet,False,False,False
RD-1015279,Fleet,False,False,False
RD-1015280,Fleet,False,False,False
RD-1015281,Fleet,False,False,False
RD-1015282,Fleet,False,False,False
RD-1015283,Fleet,False,False,False
RD-1015284,Fleet,False,False,False
RD-1015285,Retail,False,False,False
RD-1015286,Retail,False,False,False
RD-1015287,Retail,False,False,False
RD-1015288,Retail,False,False,False
RD-1015289,Fleet,False,False,False
RD-1015290,Retail,False,False,False
RD-1015291,Fleet,False,False,False
RD-1015292,Retail,False,False,False
RD-1015293,Retail,False,False,False
RD-1015294,Retail,False,False,False
RD-1015295,Retail,False,False,False
RD-1015296,Fleet,False,False,False
RD-1015297,Fleet,False,False,False
RD-1015298,Fleet,False,False,False
RD-1015299,Fleet,False,False,False
RD-1015300,Fleet,False,False,False
RD-1015301,Fleet,False,False,False
RD-1015302,Retail,False,False,False
RD-1015303,Retail,False,False,False
RD-1015304,Retail,False,False,False
RD-1015305,Fleet,False,False,False
RD-1015306,Retail,False,False,False
RD-1015307,Retail,False,False,False
RD-1015308,Fleet,False,False,False
RD-1015309,Retail,False,False,False
RD-1015310,Retail,False,False,False
RD-1015311,Fleet,False,False,False
RD-1015312,Fleet,False,False,False
RD-1015313,Retail,False,False,False
RD-1015314,Fleet,False,False,False
RD-1015315,Retail,False,False,False
RD-1015316,Retail,False,False,False
RD-1015317,Fleet,False,False,False
RD-1015318,Fleet,False,False,False
RD-1015319,Fleet,False,False,False
RD-1015320,Retail,False,False,False
RD-1015321,Retail,False,False,False
RD-1015322,Fleet,False,False,False
RD-1015323,Fleet,True,False,False
RD-1015324,Fleet,False,False,False
RD-1015325,Fleet,True,False,False
RD-1015326,Fleet,False,False,False
RD-1015327,Fleet,False,True,False
RD-1015328,Fleet,False,False,False
RD-1015329,Retail,False,False,False
RD-1015330,Retail,False,False,False
RD-1015331,Fleet,False,False,False
RD-1015332,Fleet,False,False,False
RD-1015333,Fleet,False,False,False
RD-1015334,Retail,False,False,False
RD-1015335,Fleet,False,False,False
RD-1015336,Fleet,False,False,False
RD-1015337,Fleet,False,False,False
RD-1015338,Fleet,False,False,False
RD-1015339,Fleet,False,False,False
RD-1015340,Fleet,False,False,False
RD-1015341,Retail,False,False,False
RD-1015342,Fleet,False,False,False
RD-1015343,Fleet,False,False,False
RD-1015344,Retail,False,False,False
RD-1015345,Retail,False,True,False
RD-1015346,Fleet,False,False,False
RD-1015347,Fleet,False,False,False
RD-1015348,Fleet,False,False,False
RD-1015349,Retail,False,False,False
RD-1015350,Fleet,False,False,False
RD-1015351,Fleet,False,False,False
RD-1015352,Retail,False,False,False
RD-1015353,Fleet,False,False,False
RD-1015354,Retail,False,False,False
RD-1015355,Fleet,False,False,False
RD-1015356,Fleet,False,False,False
RD-1015357,Fleet,False,False,False
RD-1015358,Retail,False,False,False
RD-1015359,Fleet,False,False,False
RD-1015360,Fleet,False,False,False
RD-1015361,Retail,False,False,False
RD-1015362,Fleet,False,False,False
RD-1015363,Fleet,False,True,False
RD-1015364,Retail,False,False,False
RD-1015365,Retail,False,False,False
RD-1015366,Fleet,False,False,False
RD-1015367,Retail,False,False,False
RD-1015368,Fleet,False,False,False
RD-1015369,Retail,False,False,False
RD-1015370,Fleet,False,False,False
RD-1015371,Fleet,False,False,False
RD-1015372,Retail,False,False,False
RD-1015373,Fleet,False,False,False
RD-1015374,Fleet,False,True,False
RD-1015375,Retail,False,False,False
RD-1015376,Fleet,False,False,False
RD-1015377,Fleet,False,False,False
RD-1015378,Fleet,False,False,False
RD-1015379,Fleet,False,False,False
RD-1015380,Fleet,False,False,False
RD-1015381,Retail,False,False,False
RD-1015382,Retail,False,False,False
RD-1015383,Retail,False,False,False
RD-1015384,Retail,False,False,False
RD-1015385,Fleet,False,False,False
RD-1015386,Retail,True,False,False
RD-1015387,Fleet,False,False,False
RD-1015388,Fleet,False,False,False
RD-1015389,Retail,False,False,False
RD-1015390,Fleet,False,True,False
RD-1015391,Retail,False,False,False
RD-1015392,Retail,False,False,False
RD-1015393,Retail,False,False,False
RD-1015394,Retail,False,True,False
RD-1015395,Fleet,False,False,False
RD-1015396,Fleet,False,True,False
RD-1015397,Fleet,False,False,False
RD-1015398,Fleet,False,False,False
RD-1015399,Fleet,False,False,False
RD-1015400,Retail,False,True,False
RD-1015401,Retail,False,False,False
RD-1015402,Fleet,False,False,False
RD-1015403,Retail,False,False,False
RD-1015404,Retail,False,True,False
RD-1015405,Retail,False,True,False
RD-1015406,Fleet,False,False,False
RD-1015407,Retail,False,False,False
RD-1015408,Fleet,False,False,False
RD-1015409,Fleet,True,False,False
RD-1015410,Retail,False,False,False
RD-1015411,Fleet,False,False,False
RD-1015412,Fleet,False,False,False
RD-1015413,Fleet,False,False,False
RD-1015414,Retail,False,False,False
RD-1015415,Fleet,False,False,False
RD-1015416,Fleet,False,False,False
RD-1015417,Fleet,False,False,False
RD-1015418,Retail,False,False,False
RD-1015419,Fleet,False,False,False
RD-1015420,Retail,False,False,False
RD-1015421,Fleet,False,False,False
RD-1015422,Fleet,False,False,False
RD-1015423,Retail,True,False,False
RD-1015424,Retail,False,False,False
RD-1015425,Fleet,False,False,False
RD-1015426,Fleet,False,False,False
RD-1015427,Fleet,False,False,False
RD-1015428,Retail,False,False,False
RD-1015429,Fleet,False,False,False
RD-1015430,Fleet,False,False,False
RD-1015431,Fleet,False,False,False
RD-1015432,Retail,False,True,False
RD-1015433,Fleet,False,False,False
RD-1015434,Retail,False,False,False
RD-1015435,Retail,False,False,False
RD-1015436,Fleet,False,False,False
RD-1015437,Fleet,False,False,False
RD-1015438,Fleet,False,False,False
RD-1015439,Fleet,False,False,False
RD-1015440,Retail,False,False,False
RD-1015441,Retail,False,False,False
RD-1015442,Retail,False,False,False
RD-1015443,Fleet,False,False,False
RD-1015444,Retail,False,False,False
RD-1015445,Retail,False,False,False
RD-1015446,Fleet,False,False,False
RD-1015447,Fleet,False,False,False
RD-1015448,Fleet,False,False,False
RD-1015449,Fleet,True,False,False
RD-1015450,Retail,False,False,False
RD-1015451,Fleet,False,False,False
RD-1015452,Fleet,False,False,False
RD-1015453,Fleet,False,False,False
RD-1015454,Retail,False,False,False
RD-1015455,Retail,False,False,False
RD-1015456,Retail,False,False,False
RD-1015457,Fleet,False,False,False
RD-1015458,Retail,False,False,False
RD-1015459,Fleet,False,False,False
RD-1015460,Retail,False,False,False
RD-1015461,Fleet,False,False,False
RD-1015462,Retail,False,False,False
RD-1015463,Retail,False,False,False
RD-1015464,Fleet,False,False,False
RD-1015465,Fleet,False,False,False
RD-1015466,Fleet,False,False,False
RD-1015467,Fleet,False,False,False
RD-1015468,Fleet,False,False,False
RD-1015469,Fleet,False,False,False
RD-1015470,Retail,False,False,False
RD-1015471,Fleet,False,False,False
RD-1015472,Fleet,False,False,False
RD-1015473,Fleet,False,False,False
RD-1015474,Fleet,False,False,False
RD-1015475,Fleet,False,False,False
RD-1015476,Retail,False,False,False
RD-1015477,Fleet,False,False,False
RD-1015478,Retail,False,False,False
RD-1015479,Fleet,False,False,False
RD-1015480,Retail,False,False,False
RD-1015481,Fleet,False,False,False
RD-1015482,Fleet,False,False,False
RD-1015483,Fleet,False,False,False
RD-1015484,Retail,False,False,False
RD-1015485,Retail,False,False,False
RD-1015486,Retail,False,False,False
RD-1015487,Fleet,False,False,False
RD-1015488,Fleet,False,False,False
RD-1015489,Retail,False,False,False
RD-1015490,Fleet,False,False,False
RD-1015491,Fleet,False,False,False
RD-1015492,Fleet,False,False,False
RD-1015493,Fleet,False,False,False
RD-1015494,Retail,False,False,False
RD-1015495,Fleet,False,True,False
RD-1015496,Fleet,False,False,False
RD-1015497,Fleet,False,False,False
RD-1015498,Retail,False,False,False
RD-1015499,Retail,False,True,False
RD-1015500,Retail,False,False,False
RD-1015501,Retail,False,False,False
RD-1015502,Fleet,False,False,False
RD-1015503,Retail,False,False,False
RD-1015504,Fleet,False,False,False
RD-1015505,Fleet,False,True,False
RD-1015506,Fleet,False,False,False
RD-1015507,Fleet,False,False,False
RD-1015508,Fleet,False,False,False
RD-1015509,Fleet,False,False,False
RD-1015510,Fleet,False,False,False
RD-1015511,Fleet,True,False,False
RD-1015512,Retail,False,False,False
RD-1015513,Fleet,False,False,False
RD-1015514,Fleet,False,False,False
RD-1015515,Retail,False,False,False
RD-1015516,Retail,False,False,False
RD-1015517,Retail,False,False,False
RD-1015518,Fleet,False,False,False
RD-1015519,Retail,False,False,False
RD-1015520,Retail,False,False,False
RD-1015521,Fleet,False,False,False
RD-1015522,Fleet,False,False,False
RD-1015523,Retail,False,False,False
RD-1015524,Fleet,False,False,False
RD-1015525,Fleet,False,False,False
RD-1015526,Fleet,False,True,False
RD-1015527,Fleet,False,False,False
RD-1015528,Fleet,False,True,False
RD-1015529,Fleet,False,False,False
RD-1015530,Retail,False,False,False
RD-1015531,Fleet,False,False,False
RD-1015532,Fleet,False,False,False
RD-1015533,Retail,False,False,False
RD-1015534,Fleet,False,False,False
RD-1015535,Retail,False,False,False
RD-1015536,Fleet,False,False,False
RD-1015537,Fleet,False,False,False
RD-1015538,Fleet,False,False,False
RD-1015539,Retail,False,False,False
RD-1015540,Retail,False,False,False
RD-1015541,Retail,False,False,False
RD-1015542,Fleet,False,False,False
RD-1015543,Fleet,False,False,False
RD-1015544,Fleet,False,False,False
RD-1015545,Retail,False,False,False
RD-1015546,Fleet,False,False,False
RD-1015547,Retail,False,False,False
RD-1015548,Fleet,False,False,False
RD-1015549,Fleet,False,False,False
RD-1015550,Retail,False,False,False
RD-1015551,Retail,False,False,False
RD-1015552,Fleet,False,False,False
RD-1015553,Fleet,False,False,False
RD-1015554,Retail,False,False,False
RD-1015555,Fleet,False,False,False
RD-1015556,Retail,False,False,False
RD-1015557,Retail,False,False,False
RD-1015558,Fleet,False,False,False
RD-1015559,Retail,False,False,False
RD-1015560,Fleet,False,False,False
RD-1015561,Fleet,False,False,False
RD-1015562,Retail,False,False,False
RD-1015563,Retail,False,True,False
RD-1015564,Retail,False,True,False
RD-1015565,Fleet,False,False,False
RD-1015566,Fleet,False,False,False
RD-1015567,Retail,False,False,False
RD-1015568,Fleet,False,False,False
RD-1015569,Retail,False,False,False
RD-1015570,Fleet,False,False,False
RD-1015571,Retail,False,False,False
RD-1015572,Fleet,False,False,False
RD-1015573,Fleet,False,False,False
RD-1015574,Fleet,False,False,False
RD-1015575,Retail,False,False,False
RD-1015576,Fleet,False,False,False
RD-1015577,Retail,False,False,False
RD-1015578,Fleet,False,False,False
RD-1015579,Retail,False,False,False
RD-1015580,Retail,False,False,False
RD-1015581,Fleet,False,False,False
RD-1015582,Fleet,False,False,False
RD-1015583,Retail,False,False,False
RD-1015584,Retail,False,False,False
RD-1015585,Fleet,False,False,False
RD-1015586,Fleet,False,False,False
RD-1015587,Fleet,False,False,False
RD-1015588,Fleet,False,False,False
RD-1015589,Retail,False,False,False
RD-1015590,Retail,False,False,False
RD-1015591,Retail,False,False,False
RD-1015592,Fleet,False,False,False
RD-1015593,Retail,False,False,False
RD-1015594,Retail,False,False,False
RD-1015595,Retail,False,False,False
RD-1015596,Retail,False,True,False
RD-1015597,Fleet,False,True,False
RD-1015598,Fleet,False,False,False
RD-1015599,Fleet,False,False,False
RD-1015600,Fleet,False,False,False
RD-1015601,Fleet,False,False,False
RD-1015602,Fleet,False,False,False
RD-1015603,Retail,False,False,False
RD-1015604,Retail,False,False,False
RD-1015605,Fleet,False,False,False
RD-1015606,Retail,False,False,False
RD-1015607,Fleet,False,False,False
RD-1015608,Fleet,False,False,False
RD-1015609,Retail,False,True,False
RD-1015610,Retail,False,False,False
RD-1015611,Fleet,False,False,False
RD-1015612,Retail,False,False,False
RD-1015613,Fleet,False,False,False
RD-1015614,Fleet,False,False,False
RD-1015615,Fleet,False,False,False
RD-1015616,Fleet,False,False,False
RD-1015617,Fleet,False,False,False
RD-1015618,Fleet,False,False,False
RD-1015619,Fleet,False,False,False
RD-1015620,Fleet,False,False,False
RD-1015621,Fleet,False,False,False
RD-1015622,Fleet,False,False,False
RD-1015624,Fleet,False,False,False
RD-1015625,Retail,False,False,False
RD-1015626,Fleet,False,False,False
RD-1015627,Fleet,False,False,False
RD-1015628,Retail,False,False,False
RD-1015629,Fleet,False,False,False
RD-1015630,Fleet,False,False,False
RD-1015631,Fleet,False,False,False
RD-1015632,Fleet,False,False,False
RD-1015633,Retail,False,False,False
RD-1015634,Fleet,False,False,False
RD-1015635,Fleet,False,False,False
RD-1015636,Retail,False,False,False
RD-1015637,Fleet,False,False,False
RD-1015638,Retail,False,False,False
RD-1015639,Fleet,False,False,False
RD-1015640,Fleet,False,False,False
RD-1015641,Fleet,False,False,False
RD-1015642,Fleet,False,False,False
RD-1015643,Fleet,False,False,False
RD-1015644,Fleet,False,False,False
RD-1015645,Fleet,False,False,False
RD-1015646,Retail,False,False,False
RD-1015647,Retail,False,False,False
RD-1015648,Fleet,False,False,False
RD-1015649,Fleet,False,True,False
RD-1015650,Retail,False,False,False
RD-1015651,Fleet,False,False,False
RD-1015652,Fleet,False,False,False
RD-1015653,Retail,False,False,False
RD-1015654,Fleet,False,False,False
RD-1015655,Retail,False,True,False
RD-1015656,Retail,False,False,False
RD-1015657,Retail,False,False,False
RD-1015658,Retail,False,False,False
RD-1015659,Fleet,False,False,False
RD-1015660,Fleet,False,False,False
RD-1015661,Fleet,False,False,False
RD-1015662,Retail,False,False,False
RD-1015663,Retail,False,False,False
RD-1015664,Fleet,False,False,False
RD-1015665,Retail,False,False,False
RD-1015666,Fleet,False,False,False
RD-1015667,Retail,False,False,False
RD-1015668,Fleet,False,False,False
RD-1015669,Fleet,False,False,False
RD-1015670,Fleet,False,False,False
RD-1015671,Fleet,False,False,False
RD-1015672,Fleet,False,True,False
RD-1015673,Retail,False,False,False
RD-1015674,Fleet,False,False,False
RD-1015675,Fleet,False,False,False
RD-1015676,Fleet,False,False,False
RD-1015677,Retail,False,False,False
RD-1015678,Fleet,False,False,False
RD-1015679,Retail,False,False,False
RD-1015680,Retail,False,False,False
RD-1015681,Fleet,False,False,False
RD-1015682,Fleet,False,False,False
RD-1015683,Fleet,False,False,False
RD-1015684,Fleet,False,True,False
RD-1015685,Retail,False,False,False
RD-1015686,Fleet,False,False,False
RD-1015687,Retail,False,False,False
RD-1015688,Fleet,False,False,False
RD-1015689,Fleet,False,False,False
RD-1015690,Fleet,False,False,False
RD-1015691,Fleet,False,False,False
RD-1015692,Retail,False,False,False
RD-1015693,Fleet,False,False,False
RD-1015694,Fleet,False,False,False
RD-1015695,Fleet,False,False,False
RD-1015696,Fleet,False,False,False
RD-1015697,Retail,False,False,False
RD-1015698,Fleet,False,False,False
RD-1015699,Retail,False,False,False
RD-1015700,Retail,False,False,False
RD-1015701,Fleet,False,False,False
RD-1015702,Fleet,False,False,False
RD-1015703,Retail,False,False,False
RD-1015704,Retail,False,False,False
RD-1015705,Fleet,False,False,False
RD-1015706,Retail,False,False,False
RD-1015707,Retail,False,False,False
RD-1015708,Fleet,False,False,False
RD-1015709,Retail,False,False,False
RD-1015710,Fleet,False,False,False
RD-1015711,Fleet,False,False,False
RD-1015712,Retail,False,False,False
RD-1015713,Fleet,False,False,False
RD-1015714,Retail,False,False,False
RD-1015715,Retail,False,False,False
RD-1015716,Fleet,False,False,False
RD-1015717,Fleet,False,True,False
RD-1015718,Fleet,False,False,False
RD-1015719,Fleet,False,False,False
RD-1015720,Retail,False,False,False
RD-1015721,Retail,False,False,False
RD-1015722,Fleet,False,False,False
RD-1015723,Retail,False,True,False
RD-1015724,Fleet,False,False,False
RD-1015725,Fleet,False,False,False
RD-1015726,Retail,False,False,False
RD-1015727,Retail,False,False,False
RD-1015728,Fleet,False,False,False
RD-1015729,Retail,False,False,False
RD-1015730,Retail,False,False,False
RD-1015731,Fleet,False,False,False
RD-1015732,Fleet,False,True,False
RD-1015733,Retail,False,False,False
RD-1015734,Retail,False,False,False
RD-1015735,Retail,False,False,False
RD-1015736,Fleet,False,False,False
RD-1015737,Retail,False,False,False
RD-1015738,Retail,False,False,False
RD-1015739,Fleet,False,False,False
RD-1015740,Fleet,False,False,False
RD-1015741,Fleet,False,False,False
RD-1015742,Fleet,False,False,False
RD-1015743,Retail,False,False,False
RD-1015744,Retail,False,False,False
RD-1015745,Fleet,False,False,False
RD-1015746,Retail,False,False,False
RD-1015747,Retail,False,False,False
RD-1015748,Retail,False,False,False
RD-1015749,Fleet,False,False,False
RD-1015750,Fleet,False,False,False
RD-1015751,Fleet,False,False,False
RD-1015752,Fleet,False,False,False
RD-1015753,Fleet,False,False,False
RD-1015754,Retail,False,False,False
RD-1015755,Fleet,False,False,False
RD-1015756,Retail,False,False,False
RD-1015757,Fleet,False,False,False
RD-1015758,Retail,False,False,False
RD-1015759,Fleet,False,False,False
RD-1015760,Fleet,False,False,False
RD-1015761,Retail,False,False,False
RD-1015762,Fleet,False,False,False
RD-1015763,Fleet,False,False,False
RD-1015764,Fleet,False,False,False
RD-1015765,Fleet,False,False,False
RD-1015766,Retail,False,False,False
RD-1015767,Fleet,False,False,False
RD-1015768,Retail,False,False,False
RD-1015769,Fleet,False,False,False
RD-1015770,Fleet,False,False,False
RD-1015771,Retail,False,False,False
RD-1015772,Fleet,False,False,False
RD-1015773,Fleet,False,False,False
RD-1015774,Fleet,False,False,False
RD-1015775,Fleet,False,False,False
RD-1015776,Fleet,False,False,False
RD-1015777,Retail,False,False,False
RD-1015778,Retail,False,False,False
RD-1015779,Fleet,False,False,False
RD-1015780,Retail,False,False,False
RD-1015781,Retail,False,False,False
RD-1015782,Fleet,False,False,False
RD-1015783,Fleet,False,False,False
RD-1015784,Fleet,False,False,False
RD-1015785,Fleet,False,False,False
RD-1015786,Retail,False,False,False
RD-1015787,Fleet,False,False,False
RD-1015788,Retail,False,False,False
RD-1015789,Retail,False,False,False
RD-1015790,Fleet,False,False,False
RD-1015791,Retail,False,False,False
RD-1015792,Retail,False,False,False
RD-1015793,Fleet,False,False,False
RD-1015794,Fleet,False,True,False
RD-1015795,Fleet,False,False,False
RD-1015796,Retail,False,False,False
RD-1015797,Fleet,False,False,False
RD-1015798,Retail,False,False,False
RD-1015799,Fleet,True,False,False
RD-1015800,Fleet,False,False,False
RD-1015801,Retail,False,False,False
RD-1015802,Fleet,False,False,False
RD-1015803,Retail,False,False,False
RD-1015804,Retail,False,False,False
RD-1015805,Fleet,False,False,False
RD-1015806,Fleet,False,False,False
RD-1015807,Retail,False,False,False
RD-1015808,Fleet,False,True,False
RD-1015809,Fleet,False,False,False
RD-1015810,Retail,False,False,False
RD-1015811,Fleet,False,False,False
RD-1015812,Retail,False,False,False
RD-1015813,Retail,False,False,False
RD-1015814,Fleet,False,False,False
RD-1015815,Fleet,False,False,False
RD-1015816,Retail,False,False,False
RD-1015817,Fleet,False,False,False
RD-1015818,Retail,False,False,False
RD-1015819,Fleet,False,False,False
RD-1015820,Fleet,False,False,False
RD-1015821,Retail,False,False,False
RD-1015822,Fleet,False,True,False
RD-1015823,Retail,False,False,False
RD-1015824,Retail,False,False,False
RD-1015825,Fleet,False,False,False
RD-1015826,Retail,False,False,False
RD-1015827,Fleet,False,False,False
RD-1015828,Fleet,False,True,False
RD-1015829,Retail,False,False,False
RD-1015830,Fleet,False,False,False
RD-1015831,Fleet,False,False,False
RD-1015832,Retail,False,False,False
RD-1015833,Fleet,False,True,False
RD-1015834,Fleet,False,False,False
RD-1015835,Fleet,False,False,False
RD-1015836,Fleet,False,False,False
RD-1015837,Retail,False,False,False
RD-1015838,Fleet,False,False,False
RD-1015839,Fleet,False,False,False
RD-1015840,Fleet,False,False,False
RD-1015841,Retail,False,False,False
RD-1015842,Fleet,False,False,False
RD-1015843,Retail,False,False,False
RD-1015844,Retail,False,False,False
RD-1015845,Retail,False,False,False
RD-1015846,Retail,False,False,False
RD-1015847,Fleet,False,False,False
RD-1015848,Fleet,False,False,False
RD-1015849,Retail,False,False,False
RD-1015850,Retail,False,False,False
RD-1015851,Fleet,False,False,False
RD-1015852,Retail,False,False,False
RD-1015853,Retail,False,False,False
RD-1015854,Fleet,False,False,False
RD-1015855,Retail,False,False,False
RD-1015856,Fleet,False,True,False
RD-1015857,Fleet,False,False,False
RD-1015858,Fleet,False,False,False
RD-1015859,Retail,False,False,False
RD-1015860,Fleet,False,False,False
RD-1015861,Fleet,False,True,False
RD-1015862,Fleet,False,False,False
RD-1015863,Fleet,False,False,False
RD-1015864,Fleet,False,False,False
RD-1015865,Fleet,False,False,False
RD-1015866,Fleet,False,False,False
RD-1015867,Fleet,False,False,False
RD-1015868,Fleet,False,False,False
RD-1015869,Fleet,False,False,False
RD-1015870,Retail,False,False,False
RD-1015871,Retail,False,False,False
RD-1015872,Fleet,False,False,False
RD-1015873,Fleet,False,False,False
RD-1015874,Fleet,False,False,False
RD-1015875,Retail,False,False,False
RD-1015876,Retail,False,False,False
RD-1015877,Fleet,False,False,False
RD-1015878,Retail,False,False,False
RD-1015879,Fleet,False,False,False
RD-1015880,Fleet,False,False,False
RD-1015881,Fleet,False,False,False
RD-1015882,Retail,False,False,False
RD-1015883,Fleet,False,False,False
RD-1015885,Fleet,False,False,False
RD-1015886,Retail,False,False,False
RD-1015887,Fleet,False,False,False
RD-1015888,Retail,False,False,False
RD-1015889,Fleet,False,False,False
RD-1015890,Retail,False,False,False
RD-1015891,Fleet,True,False,False
RD-1015892,Fleet,False,False,False
RD-1015893,Retail,False,False,False
RD-1015894,Retail,False,False,False
RD-1015895,Retail,True,False,False
RD-1015896,Fleet,False,False,False
RD-1015897,Retail,False,False,False
RD-1015898,Fleet,False,False,False
RD-1015899,Fleet,False,False,False
RD-1015900,Retail,False,False,False
RD-1015901,Retail,False,False,False
RD-1015902,Fleet,False,False,False
RD-1015903,Retail,False,False,False
RD-1015904,Retail,False,False,False
RD-1015905,Fleet,False,False,False
RD-1015906,Fleet,False,False,False
RD-1015907,Fleet,False,False,False
RD-1015908,Retail,False,False,False
RD-1015909,Fleet,False,False,False
RD-1015910,Fleet,False,False,False
RD-1015911,Fleet,False,False,False
RD-1015912,Fleet,False,False,False
RD-1015913,Retail,False,False,False
RD-1015914,Fleet,False,False,False
RD-1015915,Retail,False,False,False
RD-1015916,Fleet,False,False,False
RD-1015917,Fleet,False,False,False
RD-1015918,Fleet,False,True,False
RD-1015919,Retail,False,False,False
RD-1015920,Fleet,False,False,False
RD-1015921,Fleet,False,False,False
RD-1015922,Fleet,False,False,False
RD-1015923,Fleet,False,False,False
RD-1015924,Retail,False,False,False
RD-1015925,Fleet,False,False,False
RD-1015926,Retail,False,False,False
RD-1015927,Retail,False,False,False
RD-1015928,Fleet,False,True,False
RD-1015929,Retail,False,False,False
RD-1015930,Retail,False,False,False
RD-1015931,Fleet,False,False,False
RD-1015932,Fleet,False,False,False
RD-1015933,Retail,False,False,False
RD-1015934,Retail,False,False,False
RD-1015935,Fleet,False,False,False
RD-1015936,Fleet,False,False,False
RD-1015937,Fleet,False,False,False
RD-1015938,Retail,False,False,False
RD-1015939,Retail,False,False,False
RD-1015940,Retail,False,False,False
RD-1015941,Fleet,False,False,False
RD-1015942,Retail,False,False,False
RD-1015943,Fleet,False,False,False
RD-1015944,Fleet,False,False,False
RD-1015945,Fleet,False,False,False
RD-1015946,Retail,False,False,False
RD-1015947,Fleet,False,False,False
RD-1015948,Fleet,False,False,False
RD-1015949,Retail,False,False,False
RD-1015950,Retail,False,False,False
RD-1015951,Fleet,False,False,False
RD-1015952,Fleet,False,False,False
RD-1015953,Retail,False,False,False
RD-1015954,Fleet,False,False,False
RD-1015955,Fleet,False,False,False
RD-1015956,Fleet,False,False,False
RD-1015957,Retail,False,False,False
RD-1015958,Retail,False,False,False
RD-1015959,Retail,False,False,False
RD-1015960,Retail,False,False,False
RD-1015961,Fleet,False,False,False
RD-1015962,Retail,False,False,False
RD-1015963,Retail,False,False,False
RD-1015964,Fleet,False,False,False
RD-1015965,Fleet,True,False,False
RD-1015966,Retail,False,False,False
RD-1015967,Fleet,False,False,False
RD-1015968,Fleet,False,False,False
RD-1015969,Retail,False,False,False
RD-1015970,Fleet,False,False,False
RD-1015971,Fleet,False,False,False
RD-1015972,Retail,False,False,False
RD-1015973,Fleet,False,False,False
RD-1015974,Retail,False,False,False
RD-1015975,Fleet,False,False,False
RD-1015976,Retail,False,False,False
RD-1015977,Retail,False,True,False
RD-1015978,Fleet,False,False,False
RD-1015979,Fleet,False,False,False
RD-1015980,Fleet,False,False,False
RD-1015981,Fleet,False,False,False
RD-1015982,Fleet,False,False,False
RD-1015983,Fleet,False,False,False
RD-1015984,Fleet,False,False,False
RD-1015985,Retail,False,False,False
RD-1015986,Fleet,False,True,False
RD-1015987,Retail,False,False,False
RD-1015988,Retail,False,False,False
RD-1015989,Fleet,False,False,False
RD-1015990,Retail,False,False,False
RD-1015991,Retail,False,False,False
RD-1015992,Fleet,False,False,False
RD-1015993,Fleet,False,False,False
RD-1015994,Fleet,False,False,False
RD-1015995,Retail,False,False,False
RD-1015996,Fleet,False,False,False
RD-1015997,Fleet,False,False,False
RD-1015998,Retail,False,False,False
RD-1015999,Fleet,True,False,False
RD-1016000,Fleet,False,False,False
RD-1016001,Retail,False,False,False
RD-1016002,Retail,False,False,False
RD-1016003,Retail,False,False,False
RD-1016004,Fleet,False,False,False
RD-1016005,Fleet,False,False,False
RD-1016006,Fleet,False,False,False
RD-1016007,Fleet,False,False,False
RD-1016008,Fleet,False,False,False
RD-1016009,Fleet,False,True,False
RD-1016010,Retail,False,False,False
RD-1016011,Retail,False,False,False
RD-1016012,Fleet,False,True,False
RD-1016013,Fleet,False,False,False
RD-1016014,Fleet,False,False,False
RD-1016015,Retail,False,False,False
RD-1016016,Fleet,False,False,False
RD-1016017,Fleet,False,False,False
RD-1016018,Fleet,False,False,False
RD-1016019,Fleet,False,True,False
RD-1016020,Fleet,False,False,False
RD-1016021,Fleet,False,False,False
RD-1016022,Fleet,False,False,False
RD-1016023,Fleet,False,True,False
RD-1016024,Retail,False,False,False
RD-1016025,Fleet,False,False,False
RD-1016026,Retail,False,False,False
RD-1016027,Fleet,False,False,False
RD-1016028,Fleet,False,False,False
RD-1016029,Fleet,False,False,False
RD-1016030,Retail,False,False,False
RD-1016031,Fleet,False,False,False
RD-1016032,Fleet,False,False,False
RD-1016033,Fleet,False,False,False
RD-1016034,Fleet,False,False,False
RD-1016035,Fleet,False,False,False
RD-1016036,Retail,False,False,False
RD-1016037,Fleet,False,False,False
RD-1016038,Retail,False,False,False
RD-1016039,Retail,False,False,False
RD-1016040,Fleet,False,False,False
RD-1016041,Fleet,False,False,False
RD-1016042,Fleet,False,False,False
RD-1016043,Retail,False,False,False
RD-1016044,Fleet,False,False,False
RD-1016045,Fleet,False,False,False
RD-1016046,Fleet,False,False,False
RD-1016047,Fleet,False,False,False
RD-1016048,Fleet,False,False,False
RD-1016049,Fleet,False,False,False
RD-1016050,Retail,False,False,False
RD-1016051,Retail,False,False,False
RD-1016052,Fleet,False,False,False
RD-1016053,Fleet,False,False,False
RD-1016054,Fleet,False,False,False
RD-1016055,Retail,False,True,False
RD-1016056,Fleet,False,False,False
RD-1016057,Retail,True,True,False
RD-1016058,Fleet,False,False,False
RD-1016059,Fleet,False,False,False
RD-1016060,Fleet,False,False,False
RD-1016061,Fleet,False,False,False
RD-1016062,Retail,False,False,False
RD-1016063,Fleet,False,False,False
RD-1016064,Retail,False,False,False
RD-1016065,Fleet,False,True,False
RD-1016066,Fleet,False,False,False
RD-1016067,Fleet,False,True,False
RD-1016068,Fleet,False,False,False
RD-1016069,Retail,False,False,False
RD-1016070,Retail,False,False,False
RD-1016071,Fleet,False,False,False
RD-1016072,Retail,False,False,False
RD-1016073,Fleet,False,False,False
RD-1016074,Retail,False,False,False
RD-1016075,Fleet,False,False,False
RD-1016076,Fleet,False,False,False
RD-1016077,Retail,False,False,False
RD-1016078,Fleet,False,False,False
RD-1016079,Fleet,False,False,False
RD-1016080,Fleet,False,False,False
RD-1016081,Retail,False,False,False
RD-1016082,Fleet,False,False,False
RD-1016083,Fleet,False,False,False
RD-1016084,Retail,False,False,False
RD-1016085,Fleet,False,False,False
RD-1016086,Fleet,False,True,False
RD-1016087,Retail,False,False,False
RD-1016088,Fleet,False,False,False
RD-1016089,Retail,False,False,False
RD-1016090,Fleet,False,False,False
RD-1016091,Fleet,False,False,False
RD-1016092,Retail,False,False,False
RD-1016093,Fleet,False,False,False
RD-1016094,Retail,False,False,False
RD-1016095,Fleet,False,False,False
RD-1016096,Fleet,False,False,False
RD-1016097,Retail,False,False,False
RD-1016098,Retail,False,False,False
RD-1016099,Fleet,False,False,False
RD-1016100,Fleet,False,True,False
RD-1016101,Fleet,False,False,False
RD-1016102,Fleet,False,False,False
RD-1016103,Fleet,False,True,False
RD-1016104,Fleet,False,False,False
RD-1016105,Fleet,False,False,False
RD-1016106,Fleet,True,False,False
RD-1016107,Retail,False,False,False
RD-1016108,Retail,False,False,False
RD-1016109,Retail,False,False,False
RD-1016110,Fleet,False,False,False
RD-1016111,Retail,False,False,False
RD-1016112,Fleet,False,False,False
RD-1016113,Fleet,False,False,False
RD-1016114,Fleet,False,False,False
RD-1016115,Fleet,False,False,False
RD-1016116,Retail,False,False,False
RD-1016117,Retail,False,False,False
RD-1016118,Fleet,False,True,False
RD-1016119,Fleet,False,False,False
RD-1016120,Fleet,False,False,False
RD-1016121,Retail,False,False,False
RD-1016122,Retail,False,False,False
RD-1016123,Retail,False,False,False
RD-1016124,Fleet,False,False,False
RD-1016125,Retail,False,False,False
RD-1016126,Fleet,False,False,False
RD-1016127,Fleet,False,False,False
RD-1016128,Retail,False,False,False
RD-1016129,Fleet,False,False,False
RD-1016130,Fleet,False,False,False
RD-1016131,Fleet,False,False,False
RD-1016132,Fleet,False,False,False
RD-1016133,Fleet,False,False,False
RD-1016134,Fleet,False,False,False
RD-1016135,Fleet,False,False,False
RD-1016136,Fleet,False,False,False
RD-1016137,Fleet,False,False,False
RD-1016138,Fleet,False,False,False
RD-1016139,Fleet,False,False,False
RD-1016140,Fleet,False,False,False
RD-1016141,Fleet,False,False,False
RD-1016142,Fleet,False,False,False
RD-1016143,Fleet,False,False,False
RD-1016144,Fleet,False,False,False
RD-1016145,Fleet,False,False,False
RD-1016146,Retail,False,False,False
RD-1016147,Fleet,False,False,False
RD-1016148,Fleet,False,False,False
RD-1016149,Fleet,False,True,False
RD-1016150,Retail,False,False,False
RD-1016151,Retail,False,False,False
RD-1016152,Fleet,False,False,False
RD-1016153,Retail,False,False,False
RD-1016154,Fleet,False,True,False
RD-1016155,Retail,False,False,False
RD-1016156,Fleet,False,False,False
RD-1016157,Fleet,False,False,False
RD-1016158,Retail,False,False,False
RD-1016159,Fleet,False,False,False
RD-1016160,Fleet,True,False,False
RD-1016161,Fleet,False,False,False
RD-1016162,Retail,False,False,False
RD-1016163,Retail,False,False,False
RD-1016164,Fleet,False,False,False
RD-1016165,Retail,False,False,False
RD-1016166,Fleet,False,False,False
RD-1016167,Fleet,False,False,False
RD-1016168,Fleet,False,False,False
RD-1016169,Fleet,False,False,False
RD-1016170,Fleet,False,False,False
RD-1016171,Fleet,False,False,False
RD-1016172,Retail,False,False,False
RD-1016173,Fleet,False,False,False
RD-1016174,Retail,False,False,False
RD-1016175,Fleet,False,False,False
RD-1016176,Retail,False,False,False
RD-1016177,Retail,False,False,False
RD-1016178,Retail,False,False,False
RD-1016179,Fleet,False,False,False
RD-1016180,Retail,False,False,False
RD-1016181,Retail,False,False,False
RD-1016182,Retail,False,False,False
RD-1016183,Retail,False,False,False
RD-1016184,Retail,False,False,False
RD-1016185,Retail,False,False,False
RD-1016186,Retail,False,False,False
RD-1016187,Fleet,False,False,False
RD-1016188,Fleet,False,False,False
RD-1016189,Retail,False,False,False
RD-1016190,Fleet,False,False,False
RD-1016191,Fleet,False,False,False
RD-1016192,Fleet,False,False,False
RD-1016193,Retail,False,False,False
RD-1016194,Fleet,False,False,False
RD-1016195,Fleet,False,False,False
RD-1016196,Fleet,False,False,False
RD-1016197,Fleet,False,False,False
RD-1016198,Retail,False,False,False
RD-1016199,Fleet,False,False,False
RD-1016200,Fleet,False,True,False
RD-1016201,Retail,False,False,False
RD-1016202,Fleet,False,False,False
RD-1016203,Retail,False,True,False
RD-1016204,Fleet,False,False,False
RD-1016205,Retail,False,False,False
RD-1016206,Fleet,False,False,False
RD-1016207,Fleet,False,False,False
RD-1016208,Fleet,True,False,False
RD-1016209,Fleet,False,False,False
RD-1016210,Retail,False,False,False
RD-1016211,Fleet,False,False,False
RD-1016212,Fleet,False,False,False
RD-1016213,Fleet,False,False,False
RD-1016214,Fleet,False,False,False
RD-1016215,Retail,False,False,False
RD-1016216,Retail,False,True,False
RD-1016217,Retail,False,False,False
RD-1016218,Fleet,False,False,False
RD-1016219,Fleet,False,False,False
RD-1016220,Fleet,False,False,False
RD-1016221,Retail,False,False,False
RD-1016222,Fleet,False,False,False
RD-1016223,Fleet,False,False,False
RD-1016224,Fleet,False,False,False
RD-1016225,Retail,False,False,False
RD-1016226,Retail,False,False,False
RD-1016227,Fleet,False,False,False
RD-1016228,Retail,False,False,False
RD-1016229,Retail,False,False,False
RD-1016230,Fleet,False,False,False
RD-1016231,Retail,False,False,False
RD-1016232,Fleet,False,False,False
RD-1016233,Retail,False,False,False
RD-1016234,Fleet,False,False,False
RD-1016235,Fleet,False,False,False
RD-1016236,Fleet,False,False,False
RD-1016237,Fleet,False,False,False
RD-1016238,Retail,False,True,False
RD-1016239,Retail,False,False,False
RD-1016240,Fleet,False,False,False
RD-1016241,Retail,False,False,False
RD-1016242,Retail,False,True,False
RD-1016243,Fleet,False,True,False
RD-1016244,Retail,False,False,False
RD-1016245,Fleet,False,False,False
RD-1016246,Fleet,False,False,False
RD-1016247,Fleet,False,False,False
RD-1016248,Fleet,False,False,False
RD-1016249,Retail,False,False,False
RD-1016250,Retail,True,False,False
RD-1016251,Fleet,False,False,False
RD-1016252,Fleet,False,False,False
RD-1016253,Retail,False,False,False
RD-1016254,Fleet,False,False,False
RD-1016255,Fleet,False,False,False
RD-1016256,Retail,False,False,False
RD-1016257,Retail,False,False,False
RD-1016258,Retail,False,False,False
RD-1016259,Retail,False,False,False
RD-1016260,Fleet,False,False,False
RD-1016261,Fleet,False,False,False
RD-1016262,Fleet,False,False,False
RD-1016263,Fleet,False,True,False
RD-1016264,Retail,False,False,False
RD-1016265,Fleet,False,False,False
RD-1016266,Fleet,False,False,False
RD-1016267,Retail,False,False,False
RD-1016268,Retail,False,False,False
RD-1016269,Fleet,False,False,False
RD-1016270,Fleet,False,False,False
RD-1016271,Fleet,False,False,False
RD-1016272,Retail,False,False,False
RD-1016273,Fleet,False,False,False
RD-1016274,Retail,False,False,False
RD-1016275,Fleet,False,False,False
RD-1016276,Retail,False,False,False
RD-1016277,Retail,False,False,False
RD-1016278,Retail,False,False,False
RD-1016279,Fleet,False,True,False
RD-1016280,Fleet,False,False,False
RD-1016281,Fleet,False,False,False
RD-1016282,Retail,False,False,False
RD-1016283,Fleet,False,False,False
RD-1016284,Fleet,False,False,False
RD-1016285,Fleet,False,False,False
RD-1016286,Fleet,False,False,False
RD-1016287,Retail,False,False,False
RD-1016288,Fleet,False,False,False
RD-1016289,Fleet,False,False,False
RD-1016290,Retail,False,False,False
RD-1016291,Fleet,False,False,False
RD-1016292,Fleet,False,False,False
RD-1016293,Fleet,False,False,False
RD-1016294,Retail,False,False,False
RD-1016295,Fleet,False,False,False
RD-1016296,Retail,False,False,False
RD-1016297,Fleet,False,False,False
RD-1016298,Fleet,False,False,False
RD-1016299,Fleet,False,False,False
RD-1016300,Fleet,True,False,False
RD-1016301,Retail,False,False,False
RD-1016302,Fleet,False,True,False
RD-1016303,Fleet,False,False,False
RD-1016304,Retail,False,False,False
RD-1016305,Fleet,False,False,False
RD-1016306,Fleet,False,False,False
RD-1016307,Fleet,False,False,False
RD-1016308,Retail,False,True,False
RD-1016309,Fleet,False,False,False
RD-1016310,Retail,False,False,False
RD-1016311,Fleet,False,False,False
RD-1016312,Retail,False,False,False
RD-1016313,Retail,False,False,False
RD-1016314,Fleet,False,False,False
RD-1016315,Fleet,False,False,False
RD-1016316,Retail,False,False,False
RD-1016317,Fleet,False,False,False
RD-1016318,Fleet,False,False,False
RD-1016319,Retail,False,False,False
RD-1016320,Fleet,False,False,False
RD-1016321,Fleet,False,False,False
RD-1016322,Fleet,True,False,False
RD-1016323,Fleet,False,False,False
RD-1016324,Retail,False,False,False
RD-1016325,Fleet,False,False,False
RD-1016326,Retail,False,False,False
RD-1016327,Fleet,True,False,False
RD-1016328,Fleet,False,True,False
RD-1016329,Retail,False,False,False
RD-1016330,Retail,False,False,False
RD-1016331,Retail,False,False,False
RD-1016332,Fleet,True,False,False
RD-1016333,Fleet,False,False,False
RD-1016334,Fleet,False,False,False
RD-1016335,Retail,False,False,False
RD-1016336,Fleet,False,False,False
RD-1016337,Fleet,False,False,False
RD-1016338,Retail,False,False,False
RD-1016339,Fleet,False,False,False
RD-1016340,Fleet,False,False,False
RD-1016341,Fleet,False,False,False
RD-1016342,Fleet,False,False,False
RD-1016343,Retail,False,False,False
RD-1016344,Fleet,False,False,False
RD-1016345,Fleet,True,False,False
RD-1016346,Fleet,False,False,False
RD-1016347,Retail,False,False,False
RD-1016348,Fleet,False,False,False
RD-1016349,Fleet,False,False,False
RD-1016350,Fleet,False,False,False
RD-1016351,Retail,False,False,False
RD-1016352,Fleet,False,False,False
RD-1016353,Fleet,False,False,False
RD-1016354,Retail,False,False,False
RD-1016355,Retail,False,True,False
RD-1016356,Fleet,False,False,False
RD-1016357,Retail,False,False,False
RD-1016358,Retail,False,False,False
RD-1016359,Fleet,False,False,False
RD-1016360,Fleet,False,False,False
RD-1016361,Fleet,True,False,False
RD-1016362,Fleet,False,False,False
RD-1016363,Fleet,False,True,False
RD-1016364,Retail,False,False,False
RD-1016365,Fleet,False,False,False
RD-1016366,Fleet,False,False,False
RD-1016367,Fleet,False,False,False
RD-1016368,Fleet,False,False,False
RD-1016369,Fleet,True,False,False
RD-1016370,Fleet,False,False,False
RD-1016371,Retail,False,False,False
RD-1016372,Fleet,False,False,False
RD-1016373,Fleet,False,False,False
RD-1016374,Fleet,False,False,False
RD-1016375,Fleet,False,False,False
RD-1016376,Fleet,False,False,False
RD-1016377,Retail,False,False,False
RD-1016378,Fleet,False,False,False
RD-1016379,Retail,False,False,False
RD-1016380,Retail,False,False,False
RD-1016381,Retail,False,False,False
RD-1016382,Fleet,False,False,False
RD-1016383,Fleet,False,False,False
RD-1016384,Retail,False,False,False
RD-1016385,Fleet,True,False,False
RD-1016386,Fleet,False,True,False
RD-1016387,Fleet,False,False,False
RD-1016388,Fleet,False,False,False
RD-1016389,Fleet,False,False,False
RD-1016390,Fleet,False,False,False
RD-1016391,Fleet,False,False,False
RD-1016392,Fleet,False,False,False
RD-1016393,Fleet,False,False,False
RD-1016394,Retail,False,False,False
RD-1016395,Fleet,False,False,False
RD-1016396,Retail,False,False,False
RD-1016397,Fleet,False,False,False
RD-1016398,Fleet,False,False,False
RD-1016399,Fleet,False,False,False
RD-1016400,Retail,False,False,False
RD-1016401,Fleet,False,False,False
RD-1016402,Fleet,False,False,False
RD-1016403,Retail,False,False,False
RD-1016404,Retail,False,False,False
RD-1016405,Fleet,True,False,False
RD-1016406,Fleet,False,False,False
RD-1016407,Retail,False,False,False
RD-1016408,Retail,False,False,False
RD-1016409,Retail,False,False,False
RD-1016410,Retail,False,True,False
RD-1016411,Fleet,False,True,False
RD-1016412,Fleet,False,False,False
RD-1016413,Retail,False,False,False
RD-1016414,Retail,False,False,False
RD-1016415,Retail,False,False,False
RD-1016416,Fleet,False,True,False
RD-1016417,Fleet,False,False,False
RD-1016418,Fleet,False,False,False
RD-1016419,Retail,False,False,False
RD-1016420,Fleet,True,True,False
RD-1016421,Retail,False,False,False
RD-1016422,Fleet,False,False,False
RD-1016423,Fleet,False,False,False
RD-1016424,Retail,False,False,False
RD-1016425,Fleet,False,False,False
RD-1016426,Fleet,False,False,False
RD-1016427,Retail,False,True,False
RD-1016428,Fleet,False,False,False
RD-1016429,Fleet,True,False,False
RD-1016430,Fleet,False,False,False
RD-1016431,Retail,False,False,False
RD-1016432,Fleet,False,False,False
RD-1016433,Retail,False,False,False
RD-1016434,Fleet,False,False,False
RD-1016435,Fleet,False,False,False
RD-1016436,Retail,False,False,False
RD-1016437,Fleet,False,False,False
RD-1016438,Retail,False,False,False
RD-1016439,Retail,False,False,False
RD-1016440,Retail,False,False,False
RD-1016441,Fleet,False,False,False
RD-1016442,Retail,False,False,False
RD-1016443,Retail,False,False,False
RD-1016444,Fleet,False,False,False
RD-1016445,Fleet,False,False,False
RD-1016446,Fleet,False,False,False
RD-1016447,Fleet,False,False,False
RD-1016448,Fleet,False,False,False
RD-1016449,Fleet,False,False,False
RD-1016450,Retail,False,False,False
RD-1016451,Fleet,False,False,False
RD-1016452,Retail,False,False,False
RD-1016453,Fleet,False,False,False
RD-1016454,Fleet,False,False,False
RD-1016455,Fleet,False,False,False
RD-1016456,Retail,False,False,False
RD-1016457,Retail,False,False,False
RD-1016458,Fleet,True,False,False
RD-1016459,Fleet,False,False,False
RD-1016460,Fleet,False,False,False
RD-1016461,Fleet,False,False,False
RD-1016462,Retail,False,False,False
RD-1016463,Retail,False,False,False
RD-1016464,Retail,True,False,False
RD-1016465,Fleet,False,True,False
RD-1016466,Retail,False,False,False
RD-1016467,Retail,False,False,False
RD-1016468,Fleet,False,False,False
RD-1016469,Fleet,False,False,False
RD-1016470,Retail,False,False,False
RD-1016471,Fleet,False,False,False
RD-1016472,Fleet,False,False,False
RD-1016473,Retail,False,False,False
RD-1016474,Retail,False,False,False
RD-1016475,Fleet,False,True,False
RD-1016476,Fleet,False,False,False
RD-1016477,Fleet,False,False,False
RD-1016478,Fleet,False,False,False
RD-1016479,Fleet,False,False,False
RD-1016480,Retail,False,False,False
RD-1016481,Fleet,False,False,False
RD-1016482,Retail,False,False,False
RD-1016483,Fleet,False,False,False
RD-1016484,Fleet,False,False,False
RD-1016485,Retail,False,False,False
RD-1016486,Retail,False,False,False
RD-1016487,Fleet,False,False,False
RD-1016488,Fleet,False,False,False
RD-1016489,Retail,False,False,False
RD-1016490,Fleet,False,False,False
RD-1016491,Fleet,False,False,False
RD-1016492,Retail,False,False,False
RD-1016493,Retail,False,False,False
RD-1016494,Retail,False,False,False
RD-1016495,Fleet,False,False,False
RD-1016496,Fleet,False,False,False
RD-1016497,Retail,True,False,False
RD-1016498,Fleet,False,False,False
RD-1016499,Fleet,False,False,False
RD-1016500,Retail,False,False,False
RD-1016501,Fleet,False,False,False
RD-1016502,Fleet,False,False,False
RD-1016503,Fleet,False,True,False
RD-1016504,Fleet,False,False,False
RD-1016505,Retail,False,False,False
RD-1016506,Retail,False,False,False
RD-1016507,Retail,False,False,False
RD-1016508,Retail,False,True,False
RD-1016509,Retail,False,False,False
RD-1016510,Retail,False,True,False
RD-1016511,Fleet,False,False,False
RD-1016512,Fleet,False,False,False
RD-1016513,Fleet,False,False,False
RD-1016514,Fleet,False,True,False
RD-1016515,Fleet,False,True,False
RD-1016516,Fleet,False,False,False
RD-1016517,Fleet,False,False,False
RD-1016518,Retail,False,False,False
RD-1016519,Fleet,False,False,False
RD-1016520,Fleet,False,False,False
RD-1016521,Fleet,False,True,False
RD-1016522,Retail,False,False,False
RD-1016523,Retail,False,False,False
RD-1016524,Fleet,False,False,False
RD-1016525,Fleet,False,False,False
RD-1016526,Fleet,False,False,False
RD-1016527,Fleet,False,False,False
RD-1016528,Retail,False,False,False
RD-1016529,Fleet,False,False,False
RD-1016530,Fleet,False,False,False
RD-1016531,Fleet,False,False,False
RD-1016532,Fleet,True,False,False
RD-1016533,Fleet,False,False,False
RD-1016534,Retail,True,True,False
RD-1016535,Fleet,False,False,False
RD-1016536,Fleet,False,False,False
RD-1016537,Fleet,False,True,False
RD-1016538,Fleet,False,False,False
RD-1016539,Fleet,False,False,False
RD-1016540,Fleet,False,False,False
RD-1016541,Retail,False,False,False
RD-1016542,Fleet,False,False,False
RD-1016543,Fleet,False,False,False
RD-1016544,Fleet,False,False,False
RD-1016545,Retail,False,False,False
RD-1016546,Fleet,False,False,False
RD-1016547,Retail,True,False,False
RD-1016548,Retail,True,False,False
RD-1016549,Retail,False,False,False
RD-1016550,Retail,False,False,False
RD-1016551,Fleet,False,False,False
RD-1016552,Fleet,False,False,False
RD-1016553,Retail,False,False,False
RD-1016554,Retail,False,False,False
RD-1016555,Retail,False,False,False
RD-1016556,Fleet,False,False,False
RD-1016557,Fleet,True,False,False
RD-1016558,Retail,False,False,False
RD-1016559,Retail,False,False,False
RD-1016560,Fleet,False,False,False
RD-1016561,Retail,False,False,False
RD-1016562,Fleet,False,True,False
RD-1016563,Fleet,False,False,False
RD-1016564,Retail,False,False,False
RD-1016565,Retail,False,False,False
RD-1016566,Retail,False,False,False
RD-1016567,Fleet,False,False,False
RD-1016568,Fleet,False,False,False
RD-1016569,Fleet,False,True,False
RD-1016570,Fleet,False,False,False
RD-1016571,Fleet,False,False,False
RD-1016572,Retail,False,False,False
RD-1016573,Fleet,False,False,False
RD-1016574,Fleet,False,False,False
RD-1016575,Retail,False,False,False
RD-1016576,Retail,False,False,False
RD-1016577,Fleet,False,False,False
RD-1016578,Retail,False,False,False
RD-1016579,Fleet,False,False,False
RD-1016580,Retail,False,False,False
RD-1016581,Retail,False,False,False
RD-1016582,Fleet,False,False,False
RD-1016583,Retail,False,False,False
RD-1016584,Fleet,False,False,False
RD-1016585,Fleet,False,False,False
RD-1016586,Fleet,False,False,False
RD-1016587,Retail,False,False,False
RD-1016588,Retail,False,False,False
RD-1016589,Retail,False,False,False
RD-1016590,Fleet,False,False,False
RD-1016591,Retail,False,False,False
RD-1016592,Fleet,False,False,False
RD-1016593,Fleet,True,False,False
RD-1016594,Fleet,False,False,False
RD-1016595,Fleet,True,False,False
RD-1016596,Fleet,False,False,False
RD-1016597,Retail,False,False,False
RD-1016598,Retail,True,False,False
RD-1016599,Retail,False,False,False
RD-1016600,Fleet,False,True,False
RD-1016601,Fleet,False,False,False
RD-1016602,Retail,False,False,False
RD-1016603,Fleet,False,False,False
RD-1016604,Fleet,False,False,False
RD-1016605,Fleet,False,False,False
RD-1016606,Fleet,False,False,False
RD-1016607,Fleet,False,True,False
RD-1016608,Retail,False,False,False
RD-1016609,Retail,False,False,False
RD-1016610,Fleet,False,False,False
RD-1016611,Retail,False,False,False
RD-1016612,Fleet,False,False,False
RD-1016613,Retail,False,True,False
RD-1016614,Retail,False,False,False
RD-1016615,Fleet,False,False,False
RD-1016616,Fleet,True,False,False
RD-1016617,Fleet,False,False,False
RD-1016618,Retail,False,False,False
RD-1016619,Fleet,False,False,False
RD-1016620,Fleet,False,False,False
RD-1016621,Retail,False,True,False
RD-1016622,Retail,False,False,False
RD-1016623,Fleet,False,False,False
RD-1016624,Retail,False,False,False
RD-1016625,Fleet,False,False,False
RD-1016626,Fleet,False,False,False
RD-1016627,Fleet,False,False,False
RD-1016628,Retail,False,False,False
RD-1016629,Fleet,False,False,False
RD-1016630,Retail,False,False,False
RD-1016631,Retail,False,False,False
RD-1016632,Fleet,False,False,False
RD-1016633,Fleet,False,False,False
RD-1016634,Fleet,False,False,False
RD-1016635,Retail,False,False,False
RD-1016636,Retail,False,False,False
RD-1016637,Retail,False,False,False
RD-1016638,Fleet,False,False,False
RD-1016639,Retail,False,False,False
RD-1016640,Fleet,False,True,False
RD-1016641,Fleet,False,False,False
RD-1016642,Retail,False,False,False
RD-1016643,Fleet,False,False,False
RD-1016644,Retail,False,False,False
RD-1016645,Fleet,True,False,False
RD-1016646,Retail,False,False,False
RD-1016647,Retail,False,False,False
RD-1016648,Retail,False,False,False
RD-1016649,Fleet,False,False,False
RD-1016650,Fleet,False,False,False
RD-1016651,Fleet,True,False,False
RD-1016652,Retail,False,False,False
RD-1016653,Fleet,False,False,False
RD-1016654,Fleet,False,False,False
RD-1016655,Fleet,False,False,False
RD-1016656,Fleet,False,False,False
RD-1016657,Fleet,False,False,False
RD-1016658,Fleet,True,True,False
RD-1016659,Fleet,False,False,False
RD-1016660,Fleet,False,False,False
RD-1016661,Fleet,False,False,False
RD-1016662,Retail,False,False,False
RD-1016663,Fleet,False,False,False
RD-1016664,Fleet,False,False,False
RD-1016665,Retail,False,False,False
RD-1016666,Retail,False,False,False
RD-1016667,Fleet,False,False,False
RD-1016668,Retail,False,False,False
RD-1016669,Fleet,False,False,False
RD-1016670,Retail,False,False,False
RD-1016671,Fleet,False,False,False
RD-1016672,Fleet,False,False,False
RD-1016673,Fleet,False,False,False
RD-1016674,Retail,False,True,False
RD-1016675,Retail,False,False,False
RD-1016676,Fleet,False,False,False
RD-1016677,Retail,False,False,False
RD-1016678,Fleet,False,False,False
RD-1016679,Fleet,False,False,False
RD-1016680,Fleet,False,True,False
RD-1016681,Fleet,False,False,False
RD-1016682,Retail,False,False,False
RD-1016683,Retail,False,True,False
RD-1016684,Retail,False,False,False
RD-1016685,Fleet,False,False,False
RD-1016686,Fleet,False,False,False
RD-1016687,Fleet,False,False,False
RD-1016688,Fleet,True,False,False
RD-1016689,Fleet,False,False,False
RD-1016690,Fleet,True,False,False
RD-1016691,Fleet,False,False,False
RD-1016692,Retail,False,False,False
RD-1016693,Fleet,False,False,False
RD-1016694,Fleet,False,False,False
RD-1016695,Fleet,False,False,False
RD-1016696,Fleet,False,False,False
RD-1016697,Retail,False,False,False
RD-1016698,Retail,False,False,False
RD-1016699,Retail,False,False,False
RD-1016700,Retail,False,False,False
RD-1016701,Fleet,False,False,False
RD-1016702,Retail,False,False,False
RD-1016703,Fleet,False,False,False
RD-1016704,Fleet,False,False,False
RD-1016705,Fleet,False,False,False
RD-1016706,Fleet,False,False,False
RD-1016707,Retail,False,False,False
RD-1016708,Fleet,False,False,False
RD-1016709,Fleet,False,False,False
RD-1016710,Fleet,True,False,False
RD-1016711,Retail,False,False,False
RD-1016712,Retail,False,False,False
RD-1016713,Fleet,False,False,False
RD-1016714,Fleet,False,False,False
RD-1016715,Fleet,False,False,False
RD-1016716,Fleet,False,False,False
RD-1016717,Fleet,False,False,False
RD-1016718,Fleet,False,False,False
RD-1016719,Fleet,False,False,False
RD-1016720,Fleet,False,False,False
RD-1016721,Fleet,False,False,False
RD-1016722,Retail,False,False,False
RD-1016723,Fleet,False,False,False
RD-1016724,Fleet,False,False,False
RD-1016725,Fleet,False,False,False
RD-1016726,Fleet,False,False,False
RD-1016727,Retail,False,False,False
RD-1016728,Fleet,False,False,False
RD-1016729,Fleet,False,False,False
RD-1016730,Retail,False,False,False
RD-1016731,Fleet,False,False,False
RD-1016732,Retail,False,False,False
RD-1016733,Fleet,False,False,False
RD-1016734,Retail,False,False,False
RD-1016735,Fleet,False,False,False
RD-1016736,Retail,False,True,False
RD-1016737,Fleet,False,False,False
RD-1016738,Fleet,False,False,False
RD-1016739,Fleet,False,False,False
RD-1016740,Fleet,False,True,False
RD-1016741,Retail,False,False,False
RD-1016742,Retail,False,False,False
RD-1016743,Retail,False,False,False
RD-1016744,Fleet,False,False,False
RD-1016745,Fleet,False,False,False
RD-1016746,Fleet,False,False,False
RD-1016747,Fleet,False,False,False
RD-1016748,Fleet,True,False,False
RD-1016749,Retail,False,False,False
RD-1016750,Fleet,True,False,False
RD-1016751,Fleet,False,False,False
RD-1016752,Fleet,False,False,False
RD-1016753,Fleet,False,False,False
RD-1016754,Retail,False,False,False
RD-1016755,Fleet,False,False,False
RD-1016756,Fleet,False,False,False
RD-1016757,Retail,False,False,False
RD-1016758,Fleet,False,False,False
RD-1016759,Fleet,False,False,False
RD-1016760,Fleet,False,False,False
RD-1016761,Retail,False,False,False
RD-1016762,Retail,False,False,False
RD-1016763,Retail,False,False,False
RD-1016764,Retail,False,False,False
RD-1016765,Fleet,False,False,False
RD-1016766,Retail,False,False,False
RD-1016767,Fleet,False,False,False
RD-1016768,Fleet,False,False,False
RD-1016769,Fleet,False,False,False
RD-1016770,Fleet,False,False,False
RD-1016771,Fleet,False,False,False
RD-1016772,Fleet,True,False,False
RD-1016773,Fleet,False,False,False
RD-1016774,Fleet,False,False,False
RD-1016775,Fleet,False,False,False
RD-1016776,Fleet,False,True,False
RD-1016777,Fleet,False,False,False
RD-1016778,Retail,False,False,False
RD-1016779,Fleet,False,False,False
RD-1016780,Fleet,False,False,False
RD-1016781,Retail,False,False,False
RD-1016782,Retail,False,False,False
RD-1016783,Fleet,False,False,False
RD-1016784,Fleet,False,False,False
RD-1016785,Retail,False,False,False
RD-1016786,Retail,False,False,False
RD-1016787,Fleet,False,False,False
RD-1016788,Fleet,False,False,False
RD-1016789,Fleet,False,False,False
RD-1016790,Retail,False,False,False
RD-1016791,Retail,False,False,False
RD-1016792,Fleet,True,False,False
RD-1016793,Fleet,False,False,False
RD-1016794,Fleet,False,False,False
RD-1016795,Retail,False,False,False
RD-1016796,Fleet,False,False,False
RD-1016797,Retail,False,False,False
RD-1016798,Fleet,False,False,False
RD-1016799,Fleet,False,False,False
RD-1016800,Retail,False,False,False
RD-1016801,Fleet,False,False,False
RD-1016802,Fleet,False,False,False
RD-1016803,Retail,False,False,False
RD-1016804,Retail,False,False,False
RD-1016805,Retail,False,False,False
RD-1016806,Fleet,False,False,False
RD-1016807,Retail,False,False,False
RD-1016808,Retail,False,False,False
RD-1016810,Retail,False,False,False
RD-1016811,Fleet,False,False,False
RD-1016812,Fleet,False,False,False
RD-1016813,Fleet,False,False,False
RD-1016814,Fleet,False,True,False
RD-1016815,Fleet,False,False,False
RD-1016816,Fleet,False,False,False
RD-1016817,Fleet,False,False,False
RD-1016818,Retail,False,False,False
RD-1016819,Retail,False,False,False
RD-1016820,Fleet,False,False,False
RD-1016821,Fleet,False,False,False
RD-1016822,Fleet,False,False,False
RD-1016823,Fleet,False,False,False
RD-1016824,Fleet,False,False,False
RD-1016825,Retail,True,False,False
RD-1016826,Fleet,True,False,False
RD-1016827,Retail,False,False,False
RD-1016828,Fleet,False,False,False
RD-1016829,Fleet,False,False,False
RD-1016830,Fleet,False,False,False
RD-1016831,Fleet,False,False,False
RD-1016832,Fleet,False,False,False
RD-1016833,Fleet,False,False,False
RD-1016834,Retail,False,False,False
RD-1016835,Retail,False,False,False
RD-1016836,Retail,False,False,False
RD-1016837,Fleet,False,False,False
RD-1016838,Retail,False,False,False
RD-1016839,Fleet,False,False,False
RD-1016840,Fleet,False,True,False
RD-1016841,Retail,False,True,False
RD-1016842,Retail,False,False,False
RD-1016843,Retail,False,False,False
RD-1016844,Retail,False,False,False
RD-1016845,Retail,False,False,False
RD-1016846,Retail,False,False,False
RD-1016847,Fleet,False,False,False
RD-1016848,Retail,False,False,False
RD-1016849,Fleet,False,False,False
RD-1016850,Fleet,False,False,False
RD-1016851,Fleet,False,False,False
RD-1016852,Retail,False,False,False
RD-1016853,Fleet,False,False,False
RD-1016854,Fleet,False,False,False
RD-1016855,Retail,False,False,False
RD-1016856,Retail,False,False,False
RD-1016857,Retail,False,False,False
RD-1016858,Fleet,False,False,False
RD-1016859,Fleet,False,False,False
RD-1016860,Fleet,False,False,False
RD-1016861,Fleet,True,False,False
RD-1016862,Fleet,False,False,False
RD-1016863,Fleet,False,True,False
RD-1016864,Fleet,False,False,False
RD-1016865,Retail,False,False,False
RD-1016866,Retail,False,False,False
RD-1016867,Fleet,False,False,False
RD-1016868,Retail,False,False,False
RD-1016869,Fleet,False,False,False
RD-1016870,Fleet,False,False,False
RD-1016871,Fleet,False,False,False
RD-1016872,Fleet,False,False,False
RD-1016873,Fleet,False,False,False
RD-1016874,Fleet,False,False,False
RD-1016875,Retail,False,False,False
RD-1016876,Fleet,True,False,False
RD-1016877,Fleet,False,False,False
RD-1016878,Retail,False,False,False
RD-1016879,Retail,False,False,False
RD-1016880,Fleet,False,False,False
RD-1016881,Fleet,False,False,False
RD-1016882,Fleet,False,False,False
RD-1016883,Retail,False,False,False
RD-1016884,Fleet,False,False,False
RD-1016885,Fleet,False,False,False
RD-1016886,Fleet,True,False,False
RD-1016887,Fleet,False,False,False
RD-1016888,Fleet,False,False,False
RD-1016889,Retail,False,False,False
RD-1016890,Retail,True,False,False
RD-1016891,Retail,False,False,False
RD-1016892,Fleet,False,False,False
RD-1016893,Fleet,False,False,False
RD-1016894,Fleet,False,False,False
RD-1016895,Retail,False,False,False
RD-1016896,Retail,False,False,False
RD-1016897,Retail,False,False,False
RD-1016898,Fleet,False,False,False
RD-1016899,Fleet,False,False,False
RD-1016900,Fleet,False,False,False
RD-1016901,Retail,True,False,False
RD-1016902,Retail,False,False,False
RD-1016903,Fleet,False,False,False
RD-1016904,Fleet,False,False,False
RD-1016905,Retail,False,False,False
RD-1016906,Fleet,False,False,False
RD-1016907,Retail,False,False,False
RD-1016908,Retail,False,True,False
RD-1016909,Retail,False,False,False
RD-1016910,Retail,False,False,False
RD-1016911,Retail,False,False,False
RD-1016912,Retail,False,False,False
RD-1016913,Fleet,False,False,False
RD-1016914,Fleet,False,False,False
RD-1016915,Fleet,False,False,False
RD-1016916,Fleet,True,False,False
RD-1016917,Retail,False,False,False
RD-1016918,Fleet,False,False,False
RD-1016919,Retail,False,False,False
RD-1016920,Retail,False,False,False
RD-1016921,Fleet,False,False,False
RD-1016922,Fleet,False,False,False
RD-1016923,Fleet,False,False,False
RD-1016924,Fleet,False,False,False
RD-1016925,Retail,False,False,False
RD-1016926,Fleet,False,True,False
RD-1016927,Retail,False,False,False
RD-1016928,Retail,False,False,False
RD-1016929,Fleet,False,False,False
RD-1016930,Fleet,False,False,False
RD-1016931,Retail,False,False,False
RD-1016932,Retail,False,False,False
RD-1016933,Fleet,False,True,False
RD-1016934,Retail,False,False,False
RD-1016935,Fleet,False,False,False
RD-1016936,Fleet,False,False,False
RD-1016937,Fleet,False,False,False
RD-1016938,Fleet,False,False,False
RD-1016939,Retail,True,False,False
RD-1016940,Fleet,True,False,False
RD-1016941,Retail,False,False,False
RD-1016942,Fleet,False,False,False
RD-1016943,Fleet,False,False,False
RD-1016944,Retail,False,False,False
RD-1016945,Fleet,False,False,False
RD-1016946,Retail,False,False,False
RD-1016947,Retail,False,False,False
RD-1016948,Retail,False,True,False
RD-1016949,Fleet,False,False,False
RD-1016950,Retail,False,False,False
RD-1016951,Retail,False,False,False
RD-1016952,Retail,False,False,False
RD-1016953,Fleet,False,False,False
RD-1016954,Fleet,False,False,False
RD-1016955,Fleet,False,False,False
RD-1016956,Retail,False,False,False
RD-1016957,Fleet,False,False,False
RD-1016958,Retail,False,False,False
RD-1016959,Fleet,False,False,False
RD-1016960,Fleet,False,False,False
RD-1016961,Retail,False,False,False
RD-1016962,Fleet,False,False,False
RD-1016963,Fleet,False,False,False
RD-1016964,Fleet,False,False,False
RD-1016965,Retail,False,False,False
RD-1016966,Fleet,False,False,False
RD-1016967,Fleet,True,False,False
RD-1016968,Retail,False,False,False
RD-1016969,Fleet,False,True,False
RD-1016970,Fleet,False,False,False
RD-1016971,Fleet,False,False,False
RD-1016972,Fleet,False,False,False
RD-1016973,Retail,False,False,False
RD-1016974,Retail,False,False,False
RD-1016975,Fleet,False,False,False
RD-1016976,Fleet,False,False,False
RD-1016977,Fleet,False,False,False
RD-1016978,Fleet,False,False,False
RD-1016979,Fleet,False,False,False
RD-1016980,Fleet,False,False,False
RD-1016981,Retail,False,False,False
RD-1016982,Retail,False,False,False
RD-1016983,Fleet,False,False,False
RD-1016984,Retail,False,False,False
RD-1016985,Fleet,False,True,False
RD-1016986,Fleet,False,False,False
RD-1016987,Fleet,False,False,False
RD-1016988,Fleet,False,False,False
RD-1016989,Fleet,False,False,False
RD-1016990,Fleet,False,False,False
RD-1016991,Fleet,False,False,False
RD-1016992,Fleet,False,False,False
RD-1016993,Fleet,False,False,False
RD-1016994,Retail,False,False,False
RD-1016995,Fleet,False,False,False
RD-1016996,Fleet,False,False,False
RD-1016997,Fleet,False,False,False
RD-1016998,Retail,False,False,False
RD-1016999,Fleet,False,True,False
RD-1017000,Fleet,False,False,False
RD-1017001,Fleet,False,False,False
RD-1017002,Retail,False,False,False
RD-1017003,Fleet,False,False,False
RD-1017004,Fleet,False,False,False
RD-1017005,Fleet,False,True,False
RD-1017006,Fleet,False,False,False
RD-1017007,Retail,False,False,False
RD-1017008,Fleet,False,False,False
RD-1017009,Fleet,False,False,False
RD-1017010,Fleet,False,False,False
RD-1017011,Fleet,False,False,False
RD-1017012,Retail,False,False,False
RD-1017013,Retail,False,False,False
RD-1017014,Fleet,False,True,False
RD-1017015,Retail,False,False,False
RD-1017016,Fleet,False,False,False
RD-1017017,Retail,False,False,False
RD-1017018,Fleet,False,False,False
RD-1017019,Fleet,False,False,False
RD-1017020,Retail,False,False,False
RD-1017021,Retail,False,False,False
RD-1017022,Retail,False,False,False
RD-1017023,Retail,False,False,False
RD-1017024,Fleet,True,False,False
RD-1017025,Fleet,False,False,False
RD-1017026,Retail,False,True,False
RD-1017027,Fleet,False,False,False
RD-1017028,Retail,False,False,False
RD-1017029,Fleet,False,False,False
RD-1017030,Fleet,False,False,False
RD-1017031,Retail,False,False,False
RD-1017032,Fleet,False,False,False
RD-1017033,Fleet,False,False,False
RD-1017034,Fleet,True,False,False
RD-1017035,Retail,False,False,False
RD-1017036,Fleet,False,False,False
RD-1017037,Retail,False,False,False
RD-1017038,Retail,False,False,False
RD-1017039,Retail,False,False,False
RD-1017040,Retail,False,False,False
RD-1017041,Fleet,False,False,False
RD-1017042,Fleet,False,False,False
RD-1017043,Retail,False,False,False
RD-1017044,Fleet,False,False,False
RD-1017045,Fleet,False,False,False
RD-1017046,Retail,False,False,False
RD-1017047,Fleet,False,False,False
RD-1017048,Fleet,False,False,False
RD-1017049,Fleet,False,False,False
RD-1017050,Fleet,True,False,False
RD-1017051,Retail,False,False,False
RD-1017052,Fleet,False,False,False
RD-1017053,Fleet,False,False,False
RD-1017054,Fleet,False,False,False
RD-1017055,Fleet,False,False,False
RD-1017056,Retail,False,False,False
RD-1017057,Fleet,False,False,False
RD-1017058,Retail,False,False,False
RD-1017059,Fleet,False,False,False
RD-1017060,Fleet,False,False,False
RD-1017061,Retail,False,False,False
RD-1017063,Fleet,False,False,False
RD-1017064,Fleet,False,False,False
RD-1017065,Fleet,False,False,False
RD-1017066,Retail,False,False,False
RD-1017067,Fleet,False,False,False
RD-1017068,Fleet,False,False,False
RD-1017069,Fleet,False,False,False
RD-1017070,Retail,False,False,False
RD-1017071,Retail,False,False,False
RD-1017072,Fleet,False,False,False
RD-1017073,Retail,False,False,False
RD-1017074,Fleet,False,True,False
RD-1017075,Retail,False,False,False
RD-1017076,Fleet,False,False,False
RD-1017077,Retail,False,False,False
RD-1017078,Fleet,False,False,False
RD-1017079,Fleet,False,False,False
RD-1017080,Fleet,False,False,False
RD-1017081,Fleet,True,False,False
RD-1017082,Fleet,False,False,False
RD-1017083,Retail,False,False,False
RD-1017084,Fleet,False,False,False
RD-1017085,Fleet,False,False,False
RD-1017086,Fleet,False,False,False
RD-1017087,Fleet,False,True,False
RD-1017088,Retail,False,False,False
RD-1017089,Fleet,False,False,False
RD-1017090,Fleet,False,False,False
RD-1017091,Retail,False,False,False
RD-1017092,Retail,False,False,False
RD-1017093,Retail,False,False,False
RD-1017094,Fleet,False,False,False
RD-1017095,Fleet,False,False,False
RD-1017096,Retail,False,False,False
RD-1017097,Retail,False,False,False
RD-1017098,Retail,False,False,False
RD-1017099,Fleet,False,False,False
RD-1017100,Fleet,False,False,False
RD-1017101,Retail,False,False,False
RD-1017102,Retail,False,False,False
RD-1017103,Retail,False,False,False
RD-1017104,Retail,True,False,False
RD-1017105,Fleet,False,False,False
RD-1017106,Fleet,False,False,False
RD-1017107,Retail,False,True,False
RD-1017108,Retail,False,False,False
RD-1017109,Fleet,False,False,False
RD-1017110,Retail,False,False,False
RD-1017111,Retail,False,False,False
RD-1017112,Fleet,False,False,False
RD-1017113,Fleet,False,False,False
RD-1017114,Fleet,False,False,False
RD-1017115,Retail,True,False,False
RD-1017116,Retail,False,False,False
RD-1017117,Retail,False,False,False
RD-1017118,Retail,False,False,False
RD-1017119,Fleet,False,False,False
RD-1017120,Retail,False,False,False
RD-1017121,Fleet,False,False,False
RD-1017122,Fleet,False,False,False
RD-1017123,Fleet,False,False,False
RD-1017124,Retail,False,False,False
RD-1017125,Fleet,False,False,False
RD-1017126,Retail,False,False,False
RD-1017127,Fleet,False,False,False
RD-1017128,Fleet,False,False,False
RD-1017129,Fleet,False,False,False
RD-1017130,Fleet,False,False,False
RD-1017131,Retail,False,False,False
RD-1017132,Retail,False,False,False
RD-1017133,Retail,False,False,False
RD-1017134,Fleet,True,False,False
RD-1017135,Fleet,False,False,False
RD-1017136,Fleet,False,False,False
RD-1017137,Fleet,False,False,False
RD-1017138,Fleet,False,False,False
RD-1017139,Retail,False,False,False
RD-1017140,Retail,False,False,False
RD-1017141,Retail,False,False,False
RD-1017142,Fleet,False,True,False
RD-1017143,Retail,False,False,False
RD-1017144,Retail,False,False,False
RD-1017145,Retail,False,False,False
RD-1017146,Fleet,False,False,False
RD-1017147,Fleet,False,False,False
RD-1017148,Retail,False,False,False
RD-1017149,Fleet,False,False,False
RD-1017150,Retail,False,True,False
RD-1017151,Retail,False,False,False
RD-1017152,Fleet,False,False,False
RD-1017153,Fleet,False,False,False
RD-1017154,Fleet,False,False,False
RD-1017155,Fleet,False,False,False
RD-1017156,Fleet,False,False,False
RD-1017157,Fleet,False,False,False
RD-1017158,Fleet,False,False,False
RD-1017159,Fleet,True,False,False
RD-1017160,Retail,False,False,False
RD-1017161,Fleet,False,False,False
RD-1017162,Retail,False,False,False
RD-1017163,Fleet,False,False,False
RD-1017164,Retail,False,False,False
RD-1017165,Retail,False,False,False
RD-1017166,Fleet,False,False,False
RD-1017167,Retail,False,False,False
RD-1017168,Retail,False,False,False
RD-1017169,Fleet,False,False,False
RD-1017170,Retail,False,False,False
RD-1017171,Retail,False,False,False
RD-1017172,Fleet,False,False,False
RD-1017173,Fleet,False,True,False
RD-1017174,Fleet,False,False,False
RD-1017175,Fleet,False,False,False
RD-1017176,Retail,False,False,False
RD-1017177,Fleet,False,False,False
RD-1017178,Fleet,False,False,False
RD-1017179,Retail,False,False,False
RD-1017180,Fleet,False,False,False
RD-1017181,Fleet,False,False,False
RD-1017182,Fleet,False,False,False
RD-1017183,Retail,False,False,False
RD-1017184,Fleet,True,False,False
RD-1017185,Retail,False,False,False
RD-1017186,Retail,False,False,False
RD-1017187,Fleet,False,False,False
RD-1017188,Fleet,False,False,False
RD-1017189,Fleet,False,False,False
RD-1017190,Retail,False,False,False
RD-1017191,Fleet,True,False,False
RD-1017192,Fleet,False,False,False
RD-1017193,Fleet,False,False,False
RD-1017194,Retail,False,False,False
RD-1017195,Fleet,False,False,False
RD-1017196,Fleet,False,False,False
RD-1017197,Fleet,False,False,False
RD-1017198,Fleet,False,False,False
RD-1017199,Fleet,False,False,False
RD-1017200,Retail,False,False,False
RD-1017201,Retail,False,False,False
RD-1017202,Retail,False,False,False
RD-1017203,Fleet,False,False,False
RD-1017204,Fleet,False,False,False
RD-1017205,Retail,False,False,False
RD-1017206,Fleet,False,False,False
RD-1017207,Fleet,False,False,False
RD-1017208,Retail,False,False,False
RD-1017209,Fleet,False,False,False
RD-1017210,Retail,False,False,False
RD-1017211,Retail,False,False,False
RD-1017212,Fleet,True,False,False
RD-1017213,Fleet,False,True,False
RD-1017214,Fleet,False,False,False
RD-1017215,Retail,False,False,False
RD-1017216,Fleet,False,False,False
RD-1017217,Retail,False,False,False
RD-1017218,Retail,False,False,False
RD-1017219,Fleet,False,False,False
RD-1017220,Fleet,False,False,False
RD-1017221,Retail,True,False,False
RD-1017222,Retail,False,False,False
RD-1017223,Fleet,False,False,False
RD-1017224,Fleet,False,False,False
RD-1017225,Fleet,False,False,False
RD-1017226,Fleet,False,False,False
RD-1017227,Retail,False,False,False
RD-1017228,Retail,False,False,False
RD-1017229,Retail,False,False,False
RD-1017230,Fleet,False,False,False
RD-1017231,Fleet,True,False,False
RD-1017232,Retail,False,False,False
RD-1017233,Retail,False,False,False
RD-1017234,Fleet,True,False,False
RD-1017235,Retail,False,False,False
RD-1017236,Retail,False,True,False
RD-1017237,Retail,False,False,False
RD-1017238,Retail,False,False,False
RD-1017239,Retail,True,False,False
RD-1017240,Fleet,False,False,False
RD-1017241,Fleet,False,False,False
RD-1017242,Retail,False,False,False
RD-1017243,Retail,False,False,False
RD-1017244,Retail,False,False,False
RD-1017245,Fleet,False,False,False
RD-1017246,Fleet,False,False,False
RD-1017247,Fleet,False,False,False
RD-1017248,Retail,False,False,False
RD-1017249,Retail,False,True,False
RD-1017250,Retail,False,False,False
RD-1017251,Fleet,False,False,False
RD-1017252,Retail,False,False,False
RD-1017253,Fleet,False,False,False
RD-1017254,Fleet,False,False,False
RD-1017255,Fleet,False,False,False
RD-1017256,Retail,False,False,False
RD-1017257,Fleet,False,False,False
RD-1017258,Fleet,False,False,False
RD-1017259,Fleet,False,False,False
RD-1017260,Fleet,True,False,False
RD-1017261,Fleet,False,False,False
RD-1017262,Fleet,False,False,False
RD-1017263,Fleet,False,False,False
RD-1017264,Retail,False,False,False
RD-1017265,Fleet,False,False,False
RD-1017266,Retail,False,False,False
RD-1017267,Fleet,False,False,False
RD-1017268,Retail,False,False,False
RD-1017269,Fleet,False,False,False
RD-1017270,Retail,False,False,False
RD-1017271,Fleet,False,False,False
RD-1017272,Fleet,False,False,False
RD-1017273,Fleet,False,False,False
RD-1017274,Retail,False,False,False
RD-1017275,Fleet,False,False,False
RD-1017276,Fleet,False,False,False
RD-1017277,Fleet,False,False,False
RD-1017278,Fleet,False,False,False
RD-1017279,Retail,False,False,False
RD-1017280,Fleet,False,False,False
RD-1017281,Fleet,False,False,False
RD-1017282,Retail,False,False,False
RD-1017283,Fleet,False,False,False
RD-1017284,Fleet,False,False,False
RD-1017285,Retail,False,False,False
RD-1017286,Fleet,False,False,False
RD-1017287,Fleet,False,False,False
RD-1017288,Fleet,True,False,False
RD-1017289,Retail,False,False,False
RD-1017290,Retail,False,False,False
RD-1017291,Fleet,False,False,False
RD-1017292,Retail,False,False,False
RD-1017293,Fleet,False,False,False
RD-1017294,Retail,False,False,False
RD-1017295,Fleet,False,False,False
RD-1017296,Fleet,False,False,False
RD-1017297,Retail,False,False,False
RD-1017298,Retail,False,False,False
RD-1017299,Retail,False,False,False
RD-1017300,Fleet,False,False,False
RD-1017301,Fleet,False,False,False
RD-1017302,Fleet,False,False,False
RD-1017303,Fleet,False,False,False
RD-1017304,Retail,False,False,False
RD-1017305,Fleet,False,False,False
RD-1017306,Fleet,False,False,False
RD-1017307,Retail,False,False,False
RD-1017308,Retail,False,False,False
RD-1017309,Retail,False,False,False
RD-1017310,Fleet,False,False,False
RD-1017311,Retail,False,False,False
RD-1017312,Retail,False,False,False
RD-1017313,Fleet,True,False,False
RD-1017314,Fleet,False,False,False
RD-1017315,Fleet,False,False,False
RD-1017316,Retail,True,False,False
RD-1017317,Fleet,False,False,False
RD-1017318,Fleet,False,False,False
RD-1017319,Fleet,False,False,False
RD-1017320,Fleet,False,False,False
RD-1017321,Fleet,True,False,False
RD-1017322,Fleet,False,False,False
RD-1017323,Fleet,False,False,False
RD-1017324,Fleet,False,False,False
RD-1017325,Fleet,False,False,False
RD-1017326,Retail,True,False,False
RD-1017327,Fleet,False,False,False
RD-1017328,Retail,False,False,False
RD-1017329,Fleet,False,True,False
RD-1017330,Fleet,True,False,False
RD-1017331,Fleet,False,False,False
RD-1017332,Retail,True,False,False
RD-1017333,Fleet,False,False,False
RD-1017334,Retail,False,False,False
RD-1017335,Fleet,False,False,False
RD-1017336,Fleet,True,False,False
RD-1017337,Fleet,False,False,False
RD-1017338,Fleet,False,False,False
RD-1017339,Fleet,False,False,False
RD-1017340,Fleet,False,False,False
RD-1017341,Fleet,False,False,False
RD-1017342,Fleet,True,False,False
RD-1017343,Fleet,False,True,False
RD-1017344,Fleet,False,True,False
RD-1017345,Fleet,True,False,False
RD-1017346,Retail,False,False,False
RD-1017347,Fleet,False,False,False
RD-1017348,Fleet,False,False,False
RD-1017349,Fleet,False,False,False
RD-1017350,Retail,False,False,False
RD-1017351,Fleet,False,False,False
RD-1017352,Retail,False,False,False
RD-1017353,Fleet,False,False,False
RD-1017354,Fleet,False,False,False
RD-1017355,Fleet,False,False,False
RD-1017356,Fleet,False,False,False
RD-1017357,Fleet,False,False,False
RD-1017358,Retail,False,False,False
RD-1017359,Retail,False,False,False
RD-1017360,Fleet,False,False,False
RD-1017361,Fleet,True,False,False
RD-1017362,Fleet,False,False,False
RD-1017363,Fleet,False,False,False
RD-1017364,Fleet,False,False,False
RD-1017365,Fleet,False,False,False
RD-1017366,Retail,False,False,False
RD-1017367,Fleet,False,False,False
RD-1017368,Fleet,False,False,False
RD-1017369,Fleet,False,False,False
RD-1017370,Fleet,False,False,False
RD-1017371,Fleet,False,False,False
RD-1017372,Fleet,True,False,False
RD-1017373,Fleet,False,False,False
RD-1017374,Retail,True,False,False
RD-1017375,Retail,False,False,False
RD-1017376,Fleet,False,False,False
RD-1017377,Fleet,False,False,False
RD-1017378,Retail,False,False,False
RD-1017379,Fleet,False,False,False
RD-1017380,Retail,False,False,False
RD-1017381,Retail,False,False,False
RD-1017382,Fleet,False,False,False
RD-1017383,Fleet,False,False,False
RD-1017384,Fleet,False,False,False
RD-1017385,Retail,False,False,False
RD-1017386,Fleet,True,True,False
RD-1017387,Retail,False,False,False
RD-1017388,Fleet,False,False,False
RD-1017389,Retail,False,False,False
RD-1017390,Fleet,False,False,False
RD-1017391,Retail,False,False,False
RD-1017392,Fleet,False,False,False
RD-1017393,Retail,False,False,False
RD-1017394,Fleet,False,False,False
RD-1017395,Fleet,False,False,False
RD-1017396,Fleet,False,False,False
RD-1017397,Retail,False,False,False
RD-1017398,Retail,False,False,False
RD-1017399,Retail,False,False,False
RD-1017400,Retail,False,False,False
RD-1017401,Retail,False,False,False
RD-1017402,Fleet,False,False,False
RD-1017403,Fleet,False,False,False
RD-1017404,Fleet,True,False,False
RD-1017405,Fleet,False,True,False
RD-1017406,Fleet,False,False,False
RD-1017407,Retail,False,False,False
RD-1017408,Fleet,False,False,False
RD-1017409,Fleet,False,False,False
RD-1017410,Retail,False,False,False
RD-1017411,Retail,True,False,False
RD-1017412,Fleet,False,False,False
RD-1017413,Fleet,False,False,False
RD-1017414,Fleet,False,False,False
RD-1017415,Retail,False,False,False
RD-1017416,Retail,False,False,False
RD-1017417,Fleet,False,False,False
RD-1017418,Retail,False,False,False
RD-1017419,Fleet,False,False,False
RD-1017420,Fleet,False,False,False
RD-1017421,Fleet,False,False,False
RD-1017422,Retail,False,True,False
RD-1017423,Fleet,False,False,False
RD-1017424,Retail,False,False,False
RD-1017425,Fleet,True,True,False
RD-1017426,Fleet,False,False,False
RD-1017427,Fleet,False,False,False
RD-1017428,Fleet,False,False,False
RD-1017429,Fleet,False,False,False
RD-1017430,Fleet,False,False,False
RD-1017431,Fleet,False,False,False
RD-1017432,Retail,False,False,False
RD-1017433,Fleet,True,False,False
RD-1017434,Retail,True,True,False
RD-1017435,Fleet,True,False,False
RD-1017436,Fleet,False,False,False
RD-1017437,Retail,False,False,False
RD-1017438,Fleet,False,False,False
RD-1017439,Fleet,False,False,False
RD-1017440,Fleet,False,False,False
RD-1017441,Retail,False,False,False
RD-1017442,Fleet,False,False,False
RD-1017443,Fleet,False,True,False
RD-1017444,Fleet,False,False,False
RD-1017445,Fleet,True,False,False
RD-1017446,Fleet,False,False,False
RD-1017447,Fleet,False,False,False
RD-1017448,Retail,False,False,False
RD-1017449,Retail,True,False,False
RD-1017450,Fleet,False,False,False
RD-1017451,Fleet,False,False,False
RD-1017452,Fleet,False,False,False
RD-1017453,Fleet,False,False,False
RD-1017454,Retail,True,False,False
RD-1017455,Fleet,False,False,False
RD-1017456,Retail,False,False,False
RD-1017457,Retail,False,False,False
RD-1017458,Retail,False,False,False
RD-1017459,Fleet,False,False,False
RD-1017460,Retail,False,False,False
RD-1017461,Fleet,False,False,False
RD-1017462,Fleet,False,False,False
RD-1017463,Fleet,False,False,False
RD-1017464,Fleet,False,False,False
RD-1017465,Fleet,False,False,False
RD-1017466,Fleet,False,False,False
RD-1017467,Fleet,False,False,False
RD-1017468,Fleet,False,False,False
RD-1017469,Fleet,False,True,False
RD-1017470,Retail,False,False,False
RD-1017471,Retail,False,False,False
RD-1017472,Fleet,False,False,False
RD-1017473,Retail,False,False,False
RD-1017474,Fleet,False,False,False
RD-1017475,Fleet,False,False,False
RD-1017476,Fleet,False,False,False
RD-1017477,Fleet,True,False,False
RD-1017478,Fleet,False,False,False
RD-1017479,Fleet,False,False,False
RD-1017480,Fleet,False,False,False
RD-1017481,Retail,False,False,False
RD-1017482,Fleet,False,False,False
RD-1017483,Fleet,False,False,False
RD-1017484,Fleet,False,False,False
RD-1017485,Fleet,False,False,False
RD-1017486,Retail,False,False,False
RD-1017487,Fleet,False,False,False
RD-1017488,Fleet,False,False,False
RD-1017489,Fleet,False,False,False
RD-1017490,Retail,False,False,False
RD-1017491,Fleet,False,False,False
RD-1017492,Fleet,False,False,False
RD-1017493,Retail,False,False,False
RD-1017494,Fleet,False,False,False
RD-1017495,Fleet,False,True,False
RD-1017496,Fleet,False,False,False
RD-1017497,Fleet,False,False,False
RD-1017498,Fleet,False,False,False
RD-1017499,Fleet,False,True,False
RD-1017500,Retail,False,False,False
RD-1017501,Retail,False,False,False
RD-1017502,Fleet,False,False,False
RD-1017503,Fleet,False,False,False
RD-1017504,Retail,False,False,False
RD-1017505,Retail,True,False,False
RD-1017506,Retail,False,False,False
RD-1017507,Fleet,False,True,False
RD-1017508,Fleet,False,False,False
RD-1017509,Fleet,False,False,False
RD-1017510,Fleet,False,False,False
RD-1017511,Retail,False,False,False
RD-1017512,Fleet,False,False,False
RD-1017513,Retail,False,False,False
RD-1017514,Retail,True,False,False
RD-1017515,Fleet,False,False,False
RD-1017516,Fleet,False,False,False
RD-1017517,Fleet,False,False,False
RD-1017518,Retail,False,False,False
RD-1017519,Retail,False,False,False
RD-1017520,Fleet,True,False,False
RD-1017521,Fleet,False,False,False
RD-1017522,Fleet,False,False,False
RD-1017523,Retail,False,False,False
RD-1017524,Fleet,False,False,False
RD-1017525,Retail,False,False,False
RD-1017526,Fleet,False,False,False
RD-1017527,Retail,False,False,False
RD-1017528,Retail,True,False,False
RD-1017529,Fleet,False,False,False
RD-1017530,Retail,False,False,False
RD-1017531,Fleet,False,False,False
RD-1017532,Fleet,False,False,False
RD-1017533,Fleet,False,False,False
RD-1017534,Fleet,False,False,False
RD-1017535,Retail,False,False,False
RD-1017536,Retail,False,False,False
RD-1017537,Retail,False,False,False
RD-1017538,Fleet,False,False,False
RD-1017539,Retail,False,False,False
RD-1017540,Retail,False,False,False
RD-1017541,Retail,False,False,False
RD-1017542,Fleet,False,False,False
RD-1017543,Fleet,False,False,False
RD-1017544,Retail,True,False,False
RD-1017545,Retail,False,False,False
RD-1017546,Fleet,False,False,False
RD-1017547,Fleet,False,False,False
RD-1017548,Retail,True,False,False
RD-1017549,Fleet,False,False,False
RD-1017550,Fleet,False,False,False
RD-1017551,Retail,False,True,False
RD-1017552,Fleet,False,False,False
RD-1017553,Retail,True,False,False
RD-1017554,Fleet,False,False,False
RD-1017555,Fleet,False,False,False
RD-1017556,Retail,False,False,False
RD-1017557,Retail,False,False,False
RD-1017559,Fleet,False,False,False
RD-1017560,Fleet,False,False,False
RD-1017561,Retail,False,False,False
RD-1017562,Fleet,False,False,False
RD-1017563,Fleet,False,True,False
RD-1017564,Retail,False,False,False
RD-1017565,Retail,False,False,False
RD-1017566,Retail,False,False,False
RD-1017567,Fleet,False,False,False
RD-1017568,Retail,False,False,False
RD-1017569,Retail,False,False,False
RD-1017570,Fleet,False,False,False
RD-1017571,Fleet,False,False,False
RD-1017572,Fleet,True,False,False
RD-1017573,Fleet,False,False,False
RD-1017574,Retail,False,False,False
RD-1017575,Fleet,False,False,False
RD-1017576,Fleet,False,False,False
RD-1017577,Retail,False,True,False
RD-1017578,Fleet,False,False,False
RD-1017579,Fleet,False,False,False
RD-1017580,Retail,False,False,False
RD-1017581,Retail,False,False,False
RD-1017582,Retail,False,False,False
RD-1017583,Retail,False,False,False
RD-1017584,Retail,False,False,False
RD-1017585,Fleet,False,False,False
RD-1017586,Fleet,False,False,False
RD-1017587,Fleet,False,False,False
RD-1017588,Fleet,False,False,False
RD-1017589,Retail,False,False,False
RD-1017590,Fleet,False,False,False
RD-1017591,Fleet,False,False,False
RD-1017592,Retail,False,True,False
RD-1017593,Fleet,False,False,False
RD-1017594,Retail,False,False,False
RD-1017595,Retail,False,False,False
RD-1017596,Fleet,True,False,False
RD-1017597,Retail,True,False,False
RD-1017598,Fleet,False,True,False
RD-1017599,Fleet,False,False,False
RD-1017600,Fleet,False,False,False
RD-1017601,Fleet,False,False,False
RD-1017602,Fleet,False,False,False
RD-1017603,Retail,True,False,False
RD-1017604,Fleet,False,False,False
RD-1017605,Retail,True,False,False
RD-1017606,Fleet,False,False,False
RD-1017607,Fleet,False,False,False
RD-1017608,Retail,False,False,False
RD-1017609,Fleet,False,False,False
RD-1017610,Retail,False,False,False
RD-1017611,Retail,False,False,False
RD-1017612,Retail,False,False,False
RD-1017613,Fleet,False,False,False
RD-1017614,Retail,True,False,False
RD-1017615,Retail,True,False,False
RD-1017616,Fleet,False,False,False
RD-1017617,Retail,False,False,False
RD-1017618,Retail,False,False,False
RD-1017619,Retail,False,False,False
RD-1017620,Fleet,False,False,False
RD-1017621,Fleet,False,False,False
RD-1017622,Retail,False,False,False
RD-1017623,Fleet,True,False,False
RD-1017624,Retail,True,False,False
RD-1017625,Retail,False,False,False
RD-1017626,Fleet,False,False,False
RD-1017627,Fleet,False,False,False
RD-1017628,Fleet,False,False,False
RD-1017629,Fleet,False,False,False
RD-1017630,Fleet,True,False,False
RD-1017631,Fleet,False,False,False
RD-1017632,Fleet,True,False,False
RD-1017633,Retail,False,False,False
RD-1017634,Retail,False,False,False
RD-1017635,Fleet,False,False,False
RD-1017636,Retail,False,False,False
RD-1017637,Fleet,True,False,False
RD-1017638,Fleet,False,False,False
RD-1017639,Retail,False,False,False
RD-1017640,Retail,False,False,False
RD-1017641,Fleet,False,False,False
RD-1017642,Fleet,False,False,False
RD-1017643,Fleet,False,False,False
RD-1017644,Fleet,False,False,False
RD-1017645,Fleet,True,False,False
RD-1017646,Fleet,False,False,False
RD-1017647,Fleet,False,False,False
RD-1017648,Fleet,False,False,False
RD-1017649,Retail,False,False,False
RD-1017650,Retail,False,False,False
RD-1017651,Fleet,False,False,False
RD-1017652,Fleet,False,False,False
RD-1017653,Fleet,False,False,False
RD-1017654,Fleet,False,False,False
RD-1017655,Retail,False,False,False
RD-1017656,Fleet,False,False,False
RD-1017657,Retail,False,False,False
RD-1017658,Fleet,False,False,False
RD-1017659,Fleet,True,False,False
RD-1017660,Fleet,False,False,False
RD-1017661,Fleet,False,False,False
RD-1017662,Fleet,True,False,False
RD-1017663,Retail,False,False,False
RD-1017664,Retail,False,False,False
RD-1017665,Retail,False,False,False
RD-1017666,Retail,False,False,False
RD-1017667,Retail,False,False,False
RD-1017668,Retail,False,False,False
RD-1017669,Fleet,False,False,False
RD-1017670,Retail,False,False,False
RD-1017671,Fleet,False,False,False
RD-1017672,Fleet,False,False,False
RD-1017673,Retail,False,False,False
RD-1017674,Retail,False,False,False
RD-1017675,Retail,False,True,False
RD-1017676,Retail,False,False,False
RD-1017677,Fleet,False,False,False
RD-1017678,Fleet,False,False,False
RD-1017679,Retail,False,False,False
RD-1017680,Fleet,False,False,False
RD-1017681,Retail,True,False,False
RD-1017682,Fleet,False,False,False
RD-1017683,Fleet,False,False,False
RD-1017684,Fleet,False,False,False
RD-1017685,Retail,False,False,False
RD-1017686,Fleet,True,True,False
RD-1017687,Fleet,False,False,False
RD-1017688,Fleet,False,False,False
RD-1017689,Retail,False,True,False
RD-1017690,Fleet,False,False,False
RD-1017691,Fleet,False,False,False
RD-1017692,Retail,False,False,False
RD-1017693,Fleet,False,False,False
RD-1017694,Fleet,False,False,False
RD-1017695,Fleet,False,False,False
RD-1017696,Fleet,False,False,False
RD-1017697,Retail,True,True,False
RD-1017698,Fleet,False,False,False
RD-1017699,Fleet,False,False,False
RD-1017700,Fleet,False,False,False
RD-1017701,Retail,False,False,False
RD-1017702,Fleet,False,False,False
RD-1017703,Retail,False,False,False
RD-1017704,Fleet,False,False,False
RD-1017705,Fleet,False,False,False
RD-1017706,Fleet,True,False,False
RD-1017707,Retail,False,False,False
RD-1017708,Fleet,False,False,False
RD-1017709,Retail,True,False,False
RD-1017710,Fleet,False,False,False
RD-1017711,Retail,False,False,False
RD-1017712,Retail,False,False,False
RD-1017713,Fleet,True,False,False
RD-1017714,Fleet,True,False,False
RD-1017715,Fleet,False,False,False
RD-1017716,Fleet,False,False,False
RD-1017717,Fleet,False,False,False
RD-1017718,Fleet,False,False,False
RD-1017719,Retail,False,False,False
RD-1017720,Retail,False,False,False
RD-1017721,Retail,False,False,False
RD-1017722,Fleet,False,False,False
RD-1017723,Fleet,False,False,False
RD-1017724,Fleet,False,False,False
RD-1017725,Fleet,False,False,False
RD-1017726,Fleet,False,False,False
RD-1017727,Fleet,False,False,False
RD-1017728,Retail,True,False,False
RD-1017729,Fleet,False,False,False
RD-1017730,Fleet,False,True,False
RD-1017731,Fleet,False,False,False
RD-1017732,Fleet,False,False,False
RD-1017733,Retail,False,False,False
RD-1017734,Retail,False,True,False
RD-1017735,Fleet,False,False,False
RD-1017736,Fleet,False,False,False
RD-1017737,Retail,False,False,False
RD-1017738,Fleet,False,False,False
RD-1017739,Retail,False,False,False
RD-1017740,Fleet,True,False,False
RD-1017741,Retail,False,False,False
RD-1017742,Fleet,False,False,False
RD-1017743,Fleet,False,False,False
RD-1017744,Fleet,False,False,False
RD-1017745,Fleet,False,False,False
RD-1017746,Fleet,False,False,False
RD-1017747,Fleet,False,False,False
RD-1017748,Fleet,False,False,False
RD-1017749,Fleet,False,False,False
RD-1017750,Fleet,False,False,False
RD-1017751,Retail,False,False,False
RD-1017752,Fleet,False,False,False
RD-1017753,Fleet,False,False,False
RD-1017754,Retail,False,False,False
RD-1017755,Retail,False,False,False
RD-1017756,Fleet,False,False,False
RD-1017757,Retail,False,False,False
RD-1017758,Fleet,False,False,False
RD-1017759,Fleet,False,False,False
RD-1017760,Fleet,False,False,False
RD-1017761,Fleet,False,False,False
RD-1017762,Fleet,False,False,False
RD-1017763,Fleet,False,False,False
RD-1017764,Retail,False,False,False
RD-1017765,Fleet,False,False,False
RD-1017766,Fleet,False,False,False
RD-1017767,Fleet,False,True,False
RD-1017768,Fleet,False,False,False
RD-1017769,Fleet,False,False,False
RD-1017770,Fleet,False,False,False
RD-1017771,Fleet,True,False,False
RD-1017772,Fleet,False,False,False
RD-1017773,Fleet,False,False,False
RD-1017774,Fleet,True,False,False
RD-1017775,Fleet,False,False,False
RD-1017776,Retail,False,False,False
RD-1017777,Retail,False,False,False
RD-1017778,Fleet,False,False,False
RD-1017779,Retail,False,False,False
RD-1017780,Fleet,False,False,False
RD-1017781,Retail,False,False,False
RD-1017782,Fleet,False,False,False
RD-1017783,Fleet,False,False,False
RD-1017784,Fleet,False,False,False
RD-1017785,Fleet,False,False,False
RD-1017786,Retail,False,False,False
RD-1017787,Retail,False,False,False
RD-1017788,Fleet,False,False,False
RD-1017789,Fleet,True,False,False
RD-1017790,Fleet,False,False,False
RD-1017791,Fleet,False,False,False
RD-1017792,Retail,False,False,False
RD-1017793,Fleet,False,False,False
RD-1017794,Fleet,False,False,False
RD-1017795,Fleet,False,False,False
RD-1017796,Retail,False,False,False
RD-1017797,Fleet,False,False,False
RD-1017798,Retail,False,False,False
RD-1017799,Fleet,False,True,False
RD-1017800,Fleet,False,False,False
RD-1017801,Fleet,False,False,False
RD-1017802,Fleet,True,False,False
RD-1017803,Retail,False,False,False
RD-1017804,Fleet,False,False,False
RD-1017805,Fleet,False,True,False
RD-1017806,Retail,False,False,False
RD-1017807,Fleet,False,False,False
RD-1017808,Retail,False,False,False
RD-1017809,Fleet,False,False,False
RD-1017810,Retail,False,False,False
RD-1017811,Fleet,False,True,False
RD-1017812,Fleet,True,False,False
RD-1017813,Fleet,False,False,False
RD-1017814,Retail,False,False,False
RD-1017815,Fleet,False,False,False
RD-1017816,Fleet,True,False,False
RD-1017817,Fleet,False,False,False
RD-1017818,Retail,True,False,False
RD-1017819,Fleet,False,False,False
RD-1017820,Fleet,False,False,False
RD-1017821,Fleet,False,False,False
RD-1017822,Fleet,False,False,False
RD-1017823,Retail,False,False,False
RD-1017824,Fleet,False,False,False
RD-1017825,Fleet,False,False,False
RD-1017826,Fleet,False,False,False
RD-1017827,Fleet,True,False,False
RD-1017828,Retail,False,False,False
RD-1017829,Fleet,False,False,False
RD-1017830,Fleet,False,False,False
RD-1017831,Fleet,False,False,False
RD-1017832,Retail,False,False,False
RD-1017833,Fleet,False,False,False
RD-1017834,Fleet,False,False,False
RD-1017835,Retail,False,False,False
RD-1017836,Retail,False,False,False
RD-1017837,Retail,False,False,False
RD-1017838,Fleet,False,False,False
RD-1017839,Fleet,False,False,False
RD-1017840,Retail,False,False,False
RD-1017841,Retail,False,False,False
RD-1017842,Fleet,False,False,False
RD-1017843,Retail,False,False,False
RD-1017844,Retail,False,False,False
RD-1017845,Retail,False,False,False
RD-1017846,Retail,False,False,False
RD-1017847,Fleet,False,False,False
RD-1017848,Fleet,False,False,False
RD-1017849,Fleet,False,False,False
RD-1017850,Retail,False,False,False
RD-1017851,Retail,False,False,False
RD-1017852,Fleet,False,True,False
RD-1017853,Retail,False,False,False
RD-1017854,Fleet,False,False,False
RD-1017855,Fleet,False,False,False
RD-1017856,Fleet,False,False,False
RD-1017857,Retail,False,False,False
RD-1017858,Retail,False,False,False
RD-1017859,Fleet,False,False,False
RD-1017860,Retail,False,False,False
RD-1017861,Fleet,False,False,False
RD-1017862,Fleet,False,True,False
RD-1017863,Fleet,False,False,False
RD-1017864,Retail,True,False,False
RD-1017865,Fleet,False,False,False
RD-1017866,Retail,False,False,False
RD-1017867,Fleet,False,False,False
RD-1017868,Fleet,True,False,False
RD-1017869,Retail,False,False,False
RD-1017870,Fleet,False,False,False
RD-1017871,Fleet,False,False,False
RD-1017872,Fleet,False,False,False
RD-1017873,Fleet,False,False,False
RD-1017874,Retail,False,False,False
RD-1017875,Retail,False,False,False
RD-1017876,Fleet,False,True,False
RD-1017877,Fleet,False,False,False
RD-1017878,Fleet,True,False,False
RD-1017879,Fleet,False,True,False
RD-1017880,Fleet,False,False,False
RD-1017881,Retail,False,False,False
RD-1017882,Fleet,False,False,False
RD-1017883,Fleet,False,False,False
RD-1017884,Fleet,False,False,False
RD-1017885,Fleet,False,False,False
RD-1017886,Retail,False,False,False
RD-1017887,Retail,False,False,False
RD-1017888,Retail,True,False,False
RD-1017889,Retail,False,False,False
RD-1017890,Retail,False,False,False
RD-1017891,Fleet,False,False,False
RD-1017892,Fleet,False,False,False
RD-1017893,Fleet,False,False,False
RD-1017894,Fleet,False,False,False
RD-1017895,Retail,False,False,False
RD-1017896,Fleet,False,False,False
RD-1017897,Fleet,False,False,False
RD-1017898,Fleet,False,False,False
RD-1017899,Fleet,True,False,False
RD-1017900,Fleet,True,False,False
RD-1017901,Fleet,False,False,False
RD-1017902,Fleet,False,False,False
RD-1017903,Retail,False,False,False
RD-1017904,Retail,True,False,False
RD-1017905,Retail,False,False,False
RD-1017906,Retail,False,False,False
RD-1017907,Retail,False,False,False
RD-1017908,Retail,False,False,False
RD-1017909,Fleet,False,False,False
RD-1017910,Retail,False,False,False
RD-1017911,Fleet,False,False,False
RD-1017912,Fleet,False,False,False
RD-1017913,Fleet,False,False,False
RD-1017914,Fleet,False,False,False
RD-1017915,Fleet,False,False,False
RD-1017916,Fleet,False,False,False
RD-1017917,Fleet,False,False,False
RD-1017918,Fleet,False,False,False
RD-1017919,Fleet,False,False,False
RD-1017920,Fleet,False,False,False
RD-1017921,Fleet,False,False,False
RD-1017922,Fleet,False,False,False
RD-1017923,Fleet,False,False,False
RD-1017924,Fleet,False,False,False
RD-1017925,Fleet,False,False,False
RD-1017926,Fleet,False,False,False
RD-1017927,Fleet,False,False,False
RD-1017928,Fleet,False,False,False
RD-1017929,Retail,False,False,False
RD-1017930,Fleet,False,False,False
RD-1017931,Fleet,False,False,False
RD-1017932,Fleet,False,False,False
RD-1017933,Fleet,False,False,False
RD-1017934,Retail,False,False,False
RD-1017935,Retail,False,False,False
RD-1017936,Retail,False,False,False
RD-1017937,Fleet,False,False,False
RD-1017938,Retail,False,False,False
RD-1017939,Fleet,False,False,False
RD-1017940,Fleet,False,False,False
RD-1017941,Fleet,False,False,False
RD-1017942,Fleet,True,False,False
RD-1017943,Retail,True,False,False
RD-1017944,Fleet,False,False,False
RD-1017945,Retail,False,False,False
RD-1017946,Fleet,False,False,False
RD-1017947,Fleet,False,False,False
RD-1017948,Retail,False,False,False
RD-1017949,Fleet,True,False,False
RD-1017950,Retail,False,False,False
RD-1017951,Fleet,False,False,False
RD-1017952,Fleet,False,False,False
RD-1017953,Retail,False,False,False
RD-1017954,Retail,False,False,False
RD-1017955,Fleet,False,False,False
RD-1017956,Fleet,False,False,False
RD-1017957,Retail,False,True,False
RD-1017958,Retail,False,False,False
RD-1017959,Fleet,True,False,False
RD-1017960,Fleet,False,False,False
RD-1017961,Retail,False,False,False
RD-1017962,Fleet,False,False,False
RD-1017963,Retail,False,False,False
RD-1017964,Fleet,False,False,False
RD-1017965,Fleet,False,False,False
RD-1017966,Retail,False,False,False
RD-1017967,Retail,False,False,False
RD-1017968,Fleet,False,False,False
RD-1017969,Fleet,False,False,False
RD-1017970,Fleet,False,False,False
RD-1017971,Fleet,True,False,False
RD-1017972,Retail,False,True,False
RD-1017973,Retail,False,False,False
RD-1017974,Retail,False,False,False
RD-1017975,Fleet,False,False,False
RD-1017976,Fleet,False,False,False
RD-1017977,Retail,False,False,False
RD-1017978,Retail,False,False,False
RD-1017979,Retail,False,False,False
RD-1017980,Retail,False,False,False
RD-1017981,Fleet,False,False,False
RD-1017982,Fleet,True,False,False
RD-1017983,Fleet,False,False,False
RD-1017984,Fleet,False,False,False
RD-1017985,Fleet,False,False,False
RD-1017986,Fleet,True,False,False
RD-1017987,Fleet,False,False,False
RD-1017988,Retail,False,False,False
RD-1017989,Fleet,True,False,False
RD-1017990,Retail,False,False,False
RD-1017991,Fleet,False,False,False
RD-1017992,Retail,False,False,False
RD-1017993,Fleet,False,False,False
RD-1017994,Fleet,True,False,False
RD-1017995,Fleet,True,False,False
RD-1017996,Retail,False,False,False
RD-1017997,Retail,False,False,False
RD-1017998,Retail,False,True,False
RD-1017999,Retail,False,False,False
RD-1018000,Retail,False,False,False
RD-1018001,Fleet,False,False,False
RD-1018002,Retail,False,False,False
RD-1018003,Fleet,False,False,False
RD-1018004,Retail,False,False,False
RD-1018005,Fleet,True,False,False
RD-1018006,Retail,False,False,False
RD-1018007,Retail,False,False,False
RD-1018008,Fleet,False,False,False
RD-1018009,Fleet,False,False,False
RD-1018010,Fleet,False,False,True
RD-1018011,Retail,False,False,False
RD-1018012,Fleet,False,False,False
RD-1018013,Fleet,False,False,False
RD-1018014,Fleet,False,False,False
RD-1018015,Retail,False,False,False
RD-1018016,Fleet,False,False,False
RD-1018017,Fleet,False,False,False
RD-1018018,Retail,False,False,False
RD-1018019,Retail,True,False,False
RD-1018020,Fleet,False,False,False
RD-1018021,Fleet,True,False,False
RD-1018022,Retail,False,False,False
RD-1018023,Retail,False,False,False
RD-1018024,Fleet,False,False,False
RD-1018025,Fleet,True,False,False
RD-1018026,Retail,False,False,False
RD-1018027,Fleet,False,False,False
RD-1018028,Retail,True,False,False
RD-1018029,Fleet,False,False,False
RD-1018030,Fleet,False,True,False
RD-1018031,Fleet,False,False,False
RD-1018032,Retail,False,False,False
RD-1018033,Fleet,False,False,False
RD-1018034,Retail,True,False,False
RD-1018035,Fleet,False,False,False
RD-1018036,Retail,False,False,False
RD-1018037,Fleet,False,False,False
RD-1018038,Fleet,False,False,False
RD-1018039,Retail,False,False,False
RD-1018040,Fleet,False,False,False
RD-1018041,Retail,False,False,False
RD-1018042,Fleet,False,False,False
RD-1018043,Retail,False,False,False
RD-1018044,Fleet,False,False,False
RD-1018045,Fleet,True,False,False
RD-1018046,Fleet,False,False,False
RD-1018047,Fleet,False,False,False
RD-1018048,Fleet,False,False,False
RD-1018049,Fleet,True,False,False
RD-1018050,Retail,False,False,False
RD-1018051,Retail,True,False,False
RD-1018052,Fleet,False,False,False
RD-1018053,Fleet,False,False,False
RD-1018054,Fleet,False,False,False
RD-1018055,Fleet,False,False,False
RD-1018056,Retail,False,False,False
RD-1018057,Fleet,False,False,False
RD-1018058,Fleet,False,False,False
RD-1018059,Retail,False,False,False
RD-1018060,Fleet,False,True,False
RD-1018061,Retail,False,False,False
RD-1018062,Retail,False,False,False
RD-1018063,Retail,False,False,False
RD-1018064,Retail,False,False,False
RD-1018065,Fleet,True,False,False
RD-1018066,Retail,False,False,False
RD-1018067,Fleet,True,False,False
RD-1018068,Fleet,False,False,False
RD-1018069,Fleet,False,False,False
RD-1018070,Fleet,False,False,False
RD-1018071,Retail,False,False,False
RD-1018072,Fleet,False,False,False
RD-1018073,Retail,False,False,False
RD-1018074,Retail,False,False,False
RD-1018075,Fleet,False,False,False
RD-1018076,Retail,False,False,False
RD-1018077,Fleet,True,False,False
RD-1018078,Fleet,False,False,False
RD-1018079,Fleet,False,False,False
RD-1018080,Fleet,False,False,False
RD-1018081,Fleet,False,False,False
RD-1018082,Retail,False,False,False
RD-1018083,Fleet,False,False,False
RD-1018084,Fleet,False,False,False
RD-1018085,Fleet,False,True,False
RD-1018086,Retail,False,False,False
RD-1018087,Retail,False,False,False
RD-1018088,Fleet,False,False,False
RD-1018089,Fleet,False,False,False
RD-1018090,Retail,False,False,False
RD-1018091,Retail,False,False,False
RD-1018092,Retail,False,False,False
RD-1018093,Fleet,False,False,False
RD-1018094,Fleet,False,False,False
RD-1018095,Fleet,False,False,False
RD-1018096,Retail,False,False,False
RD-1018097,Fleet,False,False,False
RD-1018098,Fleet,False,False,False
RD-1018099,Fleet,False,False,False
RD-1018100,Fleet,False,True,False
RD-1018101,Fleet,False,False,False
RD-1018102,Retail,True,False,False
RD-1018103,Fleet,False,False,False
RD-1018104,Retail,False,True,False
RD-1018105,Fleet,False,False,False
RD-1018106,Fleet,False,False,False
RD-1018107,Retail,False,False,False
RD-1018108,Fleet,False,False,False
RD-1018109,Retail,False,False,False
RD-1018110,Fleet,False,False,False
RD-1018111,Fleet,False,False,False
RD-1018112,Retail,False,False,False
RD-1018113,Retail,False,False,False
RD-1018114,Fleet,False,False,False
RD-1018115,Fleet,False,False,False
RD-1018116,Fleet,False,False,False
RD-1018117,Fleet,False,False,False
RD-1018118,Fleet,False,False,False
RD-1018119,Fleet,False,False,False
RD-1018120,Fleet,False,False,False
RD-1018121,Retail,False,False,False
RD-1018122,Retail,False,False,False
RD-1018123,Fleet,False,False,False
RD-1018124,Fleet,False,False,False
RD-1018126,Fleet,False,False,False
RD-1018127,Fleet,False,False,False
RD-1018128,Retail,False,False,False
RD-1018129,Retail,False,False,False
RD-1018130,Retail,False,False,False
RD-1018131,Retail,False,False,False
RD-1018132,Fleet,False,False,False
RD-1018133,Fleet,False,False,False
RD-1018134,Fleet,False,False,False
RD-1018135,Retail,False,False,False
RD-1018136,Fleet,False,False,False
RD-1018137,Retail,False,False,False
RD-1018138,Retail,False,False,False
RD-1018139,Fleet,False,False,False
RD-1018140,Fleet,True,False,False
RD-1018141,Fleet,False,False,False
RD-1018142,Retail,False,False,False
RD-1018143,Retail,False,False,False
RD-1018144,Fleet,False,False,False
RD-1018145,Fleet,False,False,False
RD-1018146,Fleet,False,False,False
RD-1018147,Fleet,False,True,False
RD-1018148,Retail,False,False,False
RD-1018149,Fleet,False,False,False
RD-1018150,Fleet,False,False,False
RD-1018151,Fleet,False,False,False
RD-1018152,Fleet,False,False,False
RD-1018153,Fleet,False,False,False
RD-1018154,Fleet,False,False,False
RD-1018155,Fleet,True,False,False
RD-1018156,Fleet,True,False,False
RD-1018157,Fleet,False,False,False
RD-1018158,Fleet,False,False,False
RD-1018159,Fleet,False,False,False
RD-1018160,Retail,False,False,False
RD-1018161,Fleet,False,False,False
RD-1018162,Fleet,False,False,False
RD-1018163,Retail,False,False,False
RD-1018164,Retail,False,False,False
RD-1018165,Fleet,False,False,False
RD-1018166,Fleet,False,False,False
RD-1018167,Fleet,True,True,False
RD-1018168,Retail,False,False,False
RD-1018169,Fleet,False,False,False
RD-1018170,Fleet,False,False,False
RD-1018171,Fleet,True,False,False
RD-1018172,Retail,False,False,False
RD-1018173,Fleet,False,False,False
RD-1018174,Fleet,False,False,False
RD-1018175,Fleet,False,False,False
RD-1018176,Retail,False,False,False
RD-1018177,Retail,True,False,False
RD-1018178,Fleet,False,False,False
RD-1018179,Fleet,False,False,False
RD-1018180,Fleet,False,False,False
RD-1018181,Fleet,False,False,False
RD-1018182,Fleet,False,False,False
RD-1018183,Fleet,False,False,False
RD-1018184,Fleet,False,False,False
RD-1018185,Fleet,False,False,False
RD-1018186,Retail,False,False,False
RD-1018187,Fleet,False,False,False
RD-1018188,Fleet,False,False,False
RD-1018189,Fleet,False,False,False
RD-1018190,Fleet,False,True,False
RD-1018191,Fleet,False,False,False
RD-1018192,Retail,False,False,False
RD-1018193,Retail,False,False,False
RD-1018194,Fleet,False,False,False
RD-1018195,Retail,False,False,False
RD-1018196,Retail,True,False,False
RD-1018197,Retail,True,False,False
RD-1018198,Retail,False,False,False
RD-1018199,Fleet,False,False,False
RD-1018200,Retail,True,False,False
RD-1018202,Fleet,True,False,False
RD-1018203,Retail,False,False,False
RD-1018204,Retail,False,False,False
RD-1018205,Retail,False,False,False
RD-1018206,Retail,False,False,False
RD-1018207,Fleet,False,False,False
RD-1018208,Fleet,True,False,False
RD-1018209,Fleet,False,False,False
RD-1018211,Fleet,False,False,False
RD-1018212,Fleet,False,False,False
RD-1018213,Fleet,False,False,False
RD-1018214,Fleet,False,False,False
RD-1018215,Fleet,False,False,False
RD-1018216,Retail,False,False,False
RD-1018217,Retail,False,False,False
RD-1018218,Fleet,True,False,False
RD-1018219,Fleet,False,False,False
RD-1018220,Fleet,False,False,False
RD-1018221,Retail,False,False,False
RD-1018222,Fleet,False,False,False
RD-1018223,Fleet,True,False,False
RD-1018224,Fleet,False,False,False
RD-1018225,Retail,False,False,False
RD-1018226,Fleet,False,False,False
RD-1018227,Fleet,False,False,False
RD-1018228,Fleet,False,False,False
RD-1018229,Fleet,False,False,False
RD-1018230,Retail,False,False,False
RD-1018231,Retail,False,False,False
RD-1018232,Fleet,False,False,False
RD-1018233,Fleet,False,False,False
RD-1018234,Retail,False,False,False
RD-1018235,Retail,False,False,False
RD-1018236,Retail,False,False,False
RD-1018237,Fleet,False,False,False
RD-1018238,Fleet,False,False,False
RD-1018239,Fleet,False,False,False
RD-1018240,Fleet,False,False,False
RD-1018241,Fleet,True,False,False
RD-1018242,Fleet,False,False,False
RD-1018243,Fleet,False,False,False
RD-1018244,Retail,False,False,False
RD-1018245,Fleet,False,False,False
RD-1018246,Retail,False,False,False
RD-1018247,Fleet,True,False,False
RD-1018248,Fleet,False,True,False
RD-1018249,Fleet,False,False,False
RD-1018250,Fleet,True,False,False
RD-1018251,Retail,False,False,False
RD-1018252,Retail,False,False,False
RD-1018253,Fleet,False,False,False
RD-1018254,Fleet,False,False,False
RD-1018255,Fleet,False,False,False
RD-1018256,Fleet,False,False,False
RD-1018257,Retail,False,False,False
RD-1018258,Fleet,False,False,False
RD-1018259,Retail,False,False,False
RD-1018260,Retail,True,False,False
RD-1018261,Retail,False,False,False
RD-1018262,Fleet,False,False,False
RD-1018263,Fleet,False,False,False
RD-1018264,Fleet,False,False,False
RD-1018265,Retail,False,False,False
RD-1018266,Retail,False,False,False
RD-1018267,Fleet,False,False,False
RD-1018268,Fleet,True,False,False
RD-1018269,Retail,False,False,False
RD-1018270,Fleet,False,True,False
RD-1018271,Fleet,False,False,False
RD-1018272,Fleet,False,False,False
RD-1018273,Retail,False,False,False
RD-1018274,Retail,False,False,False
RD-1018275,Fleet,False,False,False
RD-1018276,Fleet,False,False,False
RD-1018277,Retail,False,False,False
RD-1018278,Fleet,False,False,False
RD-1018279,Retail,False,False,False
RD-1018280,Fleet,False,False,False
RD-1018281,Fleet,False,False,False
RD-1018282,Retail,False,False,False
RD-1018283,Retail,False,False,False
RD-1018284,Retail,False,False,False
RD-1018285,Fleet,False,False,False
RD-1018286,Fleet,False,False,False
RD-1018287,Retail,False,False,False
RD-1018288,Retail,False,False,False
RD-1018289,Retail,True,False,False
RD-1018290,Fleet,False,False,False
RD-1018291,Retail,False,False,False
RD-1018292,Fleet,False,True,False
RD-1018293,Retail,False,False,False
RD-1018294,Fleet,False,False,False
RD-1018295,Fleet,True,False,False
RD-1018296,Retail,False,False,False
RD-1018297,Retail,True,False,False
RD-1018298,Fleet,False,False,False
RD-1018299,Fleet,False,False,False
RD-1018300,Retail,False,False,False
RD-1018301,Fleet,False,False,False
RD-1018302,Retail,False,False,False
RD-1018303,Fleet,True,False,False
RD-1018304,Fleet,False,False,False
RD-1018305,Fleet,False,False,False
RD-1018306,Fleet,False,False,False
RD-1018307,Fleet,False,False,False
RD-1018308,Fleet,True,False,False
RD-1018309,Fleet,True,False,False
RD-1018310,Fleet,False,False,False
RD-1018311,Retail,False,False,False
RD-1018312,Fleet,False,False,False
RD-1018313,Fleet,False,False,False
RD-1018314,Retail,False,False,False
RD-1018315,Fleet,False,False,False
RD-1018316,Fleet,False,False,False
RD-1018317,Fleet,False,False,False
RD-1018318,Fleet,False,False,False
RD-1018319,Retail,False,False,False
RD-1018320,Fleet,False,False,False
RD-1018321,Fleet,False,False,False
RD-1018322,Fleet,False,False,False
RD-1018323,Fleet,False,False,False
RD-1018324,Fleet,False,False,False
RD-1018325,Fleet,False,False,False
RD-1018326,Retail,False,False,False
RD-1018327,Retail,False,False,False
RD-1018328,Retail,False,False,False
RD-1018329,Fleet,False,False,False
RD-1018330,Fleet,False,False,False
RD-1018331,Fleet,True,False,False
RD-1018332,Fleet,True,True,False
RD-1018333,Fleet,False,False,False
RD-1018334,Fleet,False,False,False
RD-1018335,Fleet,False,False,False
RD-1018336,Fleet,True,False,False
RD-1018337,Fleet,False,True,False
RD-1018338,Fleet,False,False,False
RD-1018339,Fleet,False,False,False
RD-1018340,Fleet,False,False,False
RD-1018341,Fleet,False,False,False
RD-1018342,Fleet,False,False,False
RD-1018343,Fleet,False,False,False
RD-1018344,Retail,False,False,False
RD-1018345,Fleet,False,False,False
RD-1018346,Fleet,False,False,False
RD-1018347,Fleet,False,False,False
RD-1018348,Retail,False,False,False
RD-1018349,Retail,False,False,False
RD-1018350,Fleet,False,False,False
RD-1018351,Retail,True,False,False
RD-1018352,Retail,False,False,False
RD-1018353,Fleet,False,False,False
RD-1018354,Retail,False,False,False
RD-1018355,Retail,False,False,False
RD-1018356,Fleet,True,False,False
RD-1018357,Retail,False,False,False
RD-1018358,Retail,False,False,False
RD-1018359,Fleet,False,False,False
RD-1018360,Fleet,False,False,False
RD-1018361,Retail,True,False,False
RD-1018362,Fleet,False,False,False
RD-1018363,Fleet,False,False,False
RD-1018364,Fleet,False,False,False
RD-1018365,Fleet,False,False,False
RD-1018366,Fleet,False,False,False
RD-1018367,Fleet,False,False,False
RD-1018368,Retail,False,False,False
RD-1018369,Retail,False,False,False
RD-1018370,Fleet,False,False,False
RD-1018371,Fleet,False,True,False
RD-1018372,Retail,False,False,False
RD-1018373,Retail,False,False,False
RD-1018374,Retail,False,False,False
RD-1018375,Fleet,False,False,False
RD-1018376,Retail,False,False,False
RD-1018377,Fleet,False,False,False
RD-1018378,Fleet,False,False,False
RD-1018379,Retail,False,False,False
RD-1018380,Fleet,False,False,False
RD-1018381,Fleet,False,False,False
RD-1018382,Fleet,False,False,False
RD-1018383,Fleet,False,False,False
RD-1018384,Fleet,False,False,False
RD-1018385,Fleet,False,False,False
RD-1018386,Retail,False,False,False
RD-1018387,Fleet,False,False,False
RD-1018388,Retail,True,False,False
RD-1018389,Retail,False,False,False
RD-1018390,Fleet,False,False,False
RD-1018391,Fleet,False,False,False
RD-1018392,Fleet,False,True,False
RD-1018393,Fleet,False,False,False
RD-1018394,Retail,False,False,False
RD-1018395,Fleet,True,False,False
RD-1018396,Fleet,False,False,False
RD-1018397,Fleet,True,False,False
RD-1018398,Retail,False,False,False
RD-1018399,Fleet,True,False,False
RD-1018400,Fleet,False,False,False
RD-1018401,Retail,False,False,False
RD-1018402,Fleet,False,True,False
RD-1018403,Retail,False,False,False
RD-1018404,Retail,False,False,False
RD-1018405,Retail,False,False,False
RD-1018406,Retail,False,False,False
RD-1018407,Fleet,False,False,False
RD-1018408,Fleet,True,False,False
RD-1018409,Fleet,False,False,False
RD-1018410,Fleet,False,False,False
RD-1018411,Fleet,True,False,False
RD-1018412,Retail,False,False,False
RD-1018413,Fleet,True,False,False
RD-1018414,Retail,False,False,False
RD-1018415,Fleet,False,False,False
RD-1018416,Fleet,False,True,False
RD-1018417,Fleet,False,False,False
RD-1018418,Retail,False,False,False
RD-1018419,Fleet,False,False,False
RD-1018420,Retail,False,False,False
RD-1018421,Fleet,False,False,False
RD-1018422,Fleet,False,False,False
RD-1018423,Fleet,False,False,False
RD-1018424,Fleet,False,False,False
RD-1018425,Retail,False,False,False
RD-1018426,Fleet,False,False,False
RD-1018427,Fleet,False,False,False
RD-1018428,Fleet,True,False,False
RD-1018429,Retail,False,False,False
RD-1018430,Fleet,False,False,False
RD-1018431,Retail,True,False,False
RD-1018432,Fleet,False,False,False
RD-1018433,Fleet,False,False,False
RD-1018434,Fleet,False,False,False
RD-1018435,Fleet,False,False,False
RD-1018436,Fleet,False,False,False
RD-1018437,Fleet,False,False,False
RD-1018438,Fleet,False,False,False
RD-1018439,Retail,False,False,False
RD-1018440,Fleet,False,False,False
RD-1018441,Fleet,True,False,False
RD-1018442,Fleet,False,False,False
RD-1018443,Retail,False,False,False
RD-1018444,Fleet,False,False,False
RD-1018445,Retail,False,False,False
RD-1018446,Fleet,False,False,False
RD-1018447,Fleet,False,False,False
RD-1018448,Fleet,False,False,False
RD-1018449,Fleet,False,False,False
RD-1018450,Retail,True,False,False
RD-1018451,Retail,False,False,False
RD-1018452,Retail,False,False,False
RD-1018453,Fleet,False,False,False
RD-1018454,Retail,False,False,False
RD-1018455,Retail,False,False,False
RD-1018456,Fleet,False,False,False
RD-1018457,Retail,False,False,False
RD-1018458,Fleet,False,False,False
RD-1018459,Fleet,False,False,False
RD-1018460,Retail,False,True,False
RD-1018461,Retail,False,False,False
RD-1018462,Fleet,False,False,False
RD-1018463,Fleet,False,False,False
RD-1018464,Retail,False,False,False
RD-1018465,Retail,False,False,False
RD-1018466,Fleet,False,False,False
RD-1018467,Fleet,False,False,False
RD-1018468,Retail,False,False,False
RD-1018469,Fleet,False,False,False
RD-1018470,Retail,False,False,False
RD-1018471,Fleet,True,False,False
RD-1018472,Retail,False,False,False
RD-1018473,Fleet,False,False,False
RD-1018474,Fleet,False,False,False
RD-1018475,Fleet,False,False,False
RD-1018476,Retail,False,False,False
RD-1018477,Fleet,False,False,False
RD-1018478,Fleet,False,False,False
RD-1018479,Retail,False,False,False
RD-1018480,Retail,False,False,False
RD-1018481,Retail,False,False,False
RD-1018483,Fleet,False,False,False
RD-1018484,Retail,False,False,False
RD-1018485,Retail,False,False,False
RD-1018486,Fleet,False,False,False
RD-1018487,Retail,False,False,False
RD-1018488,Fleet,False,False,False
RD-1018489,Fleet,False,False,False
RD-1018490,Retail,True,False,False
RD-1018491,Fleet,False,False,False
RD-1018492,Fleet,False,False,False
RD-1018493,Fleet,False,False,False
RD-1018494,Fleet,False,False,False
RD-1018495,Retail,False,False,False
RD-1018496,Retail,False,False,False
RD-1018497,Fleet,False,False,False
RD-1018498,Fleet,False,False,False
RD-1018499,Fleet,False,False,False
RD-1018500,Fleet,False,False,False
RD-1018501,Retail,False,False,False
RD-1018502,Retail,False,False,False
RD-1018503,Fleet,True,False,False
RD-1018504,Fleet,False,False,False
RD-1018505,Fleet,True,False,False
RD-1018506,Retail,False,False,False
RD-1018507,Fleet,False,False,False
RD-1018508,Fleet,True,False,False
RD-1018509,Fleet,False,False,False
RD-1018510,Retail,False,True,False
RD-1018511,Fleet,False,False,False
RD-1018512,Retail,False,False,False
RD-1018513,Fleet,False,False,False
RD-1018514,Retail,False,False,False
RD-1018515,Retail,False,False,False
RD-1018516,Retail,False,False,False
RD-1018517,Fleet,False,False,False
RD-1018518,Fleet,False,False,False
RD-1018519,Fleet,False,False,False
RD-1018520,Fleet,False,False,False
RD-1018521,Fleet,False,False,False
RD-1018522,Fleet,False,False,False
RD-1018523,Retail,False,False,False
RD-1018524,Fleet,False,False,False
RD-1018525,Fleet,False,False,False
RD-1018526,Fleet,False,True,False
RD-1018527,Fleet,False,False,False
RD-1018528,Fleet,False,False,False
RD-1018529,Fleet,False,False,False
RD-1018530,Fleet,False,False,False
RD-1018531,Fleet,False,False,False
RD-1018532,Retail,False,False,False
RD-1018533,Fleet,True,False,False
RD-1018534,Fleet,False,False,False
RD-1018535,Fleet,False,False,False
RD-1018536,Fleet,False,False,False
RD-1018537,Retail,False,False,False
RD-1018538,Fleet,False,False,False
RD-1018539,Fleet,False,False,False
RD-1018540,Fleet,False,False,False
RD-1018541,Retail,False,False,False
RD-1018542,Fleet,True,False,False
RD-1018543,Retail,False,False,False
RD-1018544,Fleet,False,False,False
RD-1018545,Fleet,False,False,False
RD-1018546,Retail,False,False,False
RD-1018547,Retail,False,False,False
RD-1018548,Fleet,False,False,False
RD-1018549,Fleet,False,False,False
RD-1018550,Retail,False,False,False
RD-1018551,Fleet,True,False,False
RD-1018552,Fleet,False,False,False
RD-1018553,Retail,False,False,False
RD-1018554,Retail,False,False,False
RD-1018555,Fleet,False,False,False
RD-1018556,Fleet,False,True,False
RD-1018557,Fleet,False,False,False
RD-1018558,Fleet,False,False,False
RD-1018559,Fleet,False,False,False
RD-1018560,Fleet,False,False,False
RD-1018562,Retail,True,False,False
RD-1018563,Retail,False,False,False
RD-1018564,Retail,False,False,False
RD-1018565,Retail,False,False,False
RD-1018566,Fleet,False,False,False
RD-1018567,Fleet,False,False,False
RD-1018568,Retail,True,False,False
RD-1018569,Retail,False,False,False
RD-1018570,Fleet,False,False,False
RD-1018571,Fleet,False,False,False
RD-1018572,Retail,False,False,False
RD-1018573,Fleet,True,False,False
RD-1018574,Fleet,True,False,False
RD-1018575,Retail,False,False,False
RD-1018576,Retail,False,False,False
RD-1018577,Fleet,False,False,False
RD-1018578,Retail,False,False,False
RD-1018579,Fleet,False,False,False
RD-1018580,Retail,False,False,False
RD-1018581,Retail,False,False,False
RD-1018582,Fleet,False,False,False
RD-1018583,Fleet,False,False,False
RD-1018584,Fleet,False,False,False
RD-1018585,Fleet,True,False,False
RD-1018586,Fleet,False,False,False
RD-1018587,Retail,False,False,False
RD-1018588,Fleet,True,False,False
RD-1018589,Fleet,False,False,False
RD-1018590,Fleet,False,False,False
RD-1018591,Retail,False,False,False
RD-1018592,Fleet,False,False,False
RD-1018593,Retail,False,False,False
RD-1018594,Retail,False,False,False
RD-1018595,Fleet,False,True,False
RD-1018596,Fleet,False,False,False
RD-1018597,Retail,False,False,False
RD-1018598,Retail,True,False,False
RD-1018599,Retail,False,False,False
RD-1018600,Retail,False,False,False
RD-1018601,Retail,False,True,False
RD-1018602,Fleet,False,False,False
RD-1018603,Fleet,False,False,False
RD-1018604,Fleet,False,False,False
RD-1018605,Retail,False,False,False
RD-1018606,Fleet,False,False,False
RD-1018607,Fleet,False,False,False
RD-1018608,Retail,True,False,False
RD-1018609,Retail,False,False,False
RD-1018610,Fleet,False,False,False
RD-1018611,Fleet,False,False,False
RD-1018612,Fleet,False,False,False
RD-1018613,Fleet,False,False,False
RD-1018614,Retail,False,False,False
RD-1018615,Fleet,False,False,False
RD-1018616,Fleet,False,False,False
RD-1018617,Retail,False,False,False
RD-1018618,Fleet,False,False,False
RD-1018619,Fleet,False,False,False
RD-1018620,Fleet,False,False,False
RD-1018622,Fleet,True,True,False
RD-1018623,Fleet,False,False,False
RD-1018625,Fleet,False,False,False
RD-1018626,Fleet,False,False,False
RD-1018627,Retail,False,False,False
RD-1018628,Retail,False,False,False
RD-1018629,Retail,False,False,False
RD-1018630,Fleet,False,False,False
RD-1018631,Retail,False,False,False
RD-1018633,Fleet,False,False,False
RD-1018634,Retail,False,False,False
RD-1018635,Fleet,False,False,False
RD-1018636,Retail,False,False,False
RD-1018637,Fleet,False,False,False
RD-1018638,Retail,False,True,False
RD-1018639,Fleet,True,False,False
RD-1018640,Fleet,False,False,False
RD-1018641,Retail,False,True,False
RD-1018642,Fleet,False,False,False
RD-1018643,Fleet,False,False,False
RD-1018644,Fleet,False,False,False
RD-1018645,Retail,False,False,False
RD-1018647,Retail,False,True,False
RD-1018648,Fleet,False,False,False
RD-1018649,Fleet,True,False,False
RD-1018650,Fleet,True,False,False
RD-1018651,Fleet,False,False,False
RD-1018652,Retail,False,False,False
RD-1018654,Fleet,False,False,False
RD-1018655,Fleet,False,False,False
RD-1018656,Fleet,False,False,False
RD-1018657,Fleet,False,False,False
RD-1018658,Fleet,False,False,False
RD-1018659,Fleet,True,False,False
RD-1018660,Fleet,False,False,False
RD-1018661,Fleet,False,False,False
RD-1018662,Retail,False,False,False
RD-1018663,Retail,False,False,False
RD-1018664,Fleet,False,False,False
RD-1018665,Fleet,False,False,False
RD-1018666,Fleet,False,False,False
RD-1018667,Fleet,False,False,False
RD-1018668,Retail,False,False,False
RD-1018670,Fleet,False,False,False
RD-1018671,Fleet,False,False,False
RD-1018672,Fleet,False,False,False
RD-1018673,Retail,False,False,False
RD-1018674,Fleet,False,False,False
RD-1018675,Retail,False,False,False
RD-1018676,Fleet,False,False,False
RD-1018677,Fleet,False,False,False
RD-1018678,Retail,False,False,False
RD-1018680,Fleet,False,False,False
RD-1018681,Fleet,False,False,False
RD-1018682,Fleet,False,False,False
RD-1018683,Fleet,False,False,False
RD-1018684,Fleet,True,False,False
RD-1018685,Fleet,False,False,False
RD-1018686,Fleet,False,False,False
RD-1018687,Fleet,False,False,False
RD-1018688,Fleet,True,False,False
RD-1018690,Fleet,False,False,False
RD-1018692,Fleet,False,False,False
RD-1018693,Fleet,False,False,False
RD-1018694,Retail,False,False,False
RD-1018695,Fleet,False,False,False
RD-1018696,Fleet,False,False,False
RD-1018697,Retail,False,False,False
RD-1018699,Fleet,False,False,False
RD-1018700,Fleet,False,False,False
RD-1018701,Fleet,False,False,False
RD-1018702,Fleet,False,False,False
RD-1018703,Fleet,False,False,False
RD-1018704,Retail,False,False,False
RD-1018705,Retail,False,False,False
RD-1018706,Retail,False,False,False
RD-1018707,Fleet,False,False,False
RD-1018708,Fleet,False,False,False
RD-1018710,Fleet,False,False,False
RD-1018711,Fleet,False,False,False
RD-1018712,Retail,False,False,False
RD-1018713,Retail,False,False,False
RD-1018714,Fleet,False,False,False
RD-1018715,Fleet,False,False,False
RD-1018717,Fleet,True,False,False
RD-1018720,Fleet,False,True,False
RD-1018721,Fleet,True,False,False
RD-1018722,Retail,False,False,False
RD-1018723,Fleet,False,False,False
RD-1018726,Fleet,False,False,False
RD-1018728,Fleet,False,False,False
RD-1018730,Fleet,False,False,False
RD-1018732,Retail,False,False,False
RD-1018733,Fleet,False,False,False
RD-1018734,Fleet,False,False,False
RD-1018735,Fleet,False,False,False
RD-1018738,Fleet,False,False,False
RD-1018739,Fleet,False,False,False
RD-1018740,Retail,False,False,False
RD-1018742,Retail,False,False,False
RD-1018745,Retail,False,False,False
RD-1018747,Retail,False,False,False
RD-1018748,Fleet,False,False,False
RD-1018749,Fleet,False,False,False
RD-1018750,Fleet,False,False,False
RD-1018751,Retail,True,False,False
RD-1018755,Fleet,False,False,False
RD-1018758,Fleet,False,False,False
RD-1018759,Fleet,False,False,False
RD-1018762,Retail,False,False,False
RD-1018763,Fleet,False,False,False
RD-1018764,Fleet,False,False,False
RD-1018766,Fleet,False,False,False
RD-1018768,Retail,False,False,False
