rider_id,is_retained_30d,swaps_30d,completed_30d,failed_30d,abandoned_30d
RD-1000000,True,28,24,2,2
RD-1000001,True,5,4,1,0
RD-1000002,True,34,32,1,0
RD-1000003,True,34,33,0,1
RD-1000004,True,26,26,0,0
RD-1000005,True,27,27,0,0
RD-1000006,True,22,20,2,0
RD-1000007,True,23,21,1,1
RD-1000008,True,20,19,1,0
RD-1000009,True,39,38,1,0
RD-1000010,True,29,29,0,0
RD-1000011,True,30,28,1,1
RD-1000012,True,27,27,0,0
RD-1000013,True,27,26,1,0
RD-1000014,True,23,23,0,0
RD-1000015,True,31,29,1,1
RD-1000016,True,40,37,1,1
RD-1000017,True,28,26,2,0
RD-1000018,True,29,28,1,0
RD-1000019,True,37,35,2,0
RD-1000020,True,34,32,1,0
RD-1000021,True,38,38,0,0
RD-1000022,True,24,24,0,0
RD-1000023,True,21,21,0,0
RD-1000024,True,42,41,0,1
RD-1000025,True,30,28,2,0
RD-1000026,True,37,34,1,2
RD-1000027,True,31,29,1,1
RD-1000028,True,28,28,0,0
RD-1000029,True,30,29,1,0
RD-1000030,True,36,33,2,1
RD-1000031,True,31,31,0,0
RD-1000032,True,31,28,3,0
RD-1000033,True,46,46,0,0
RD-1000034,True,7,7,0,0
RD-1000035,True,29,26,2,0
RD-1000036,True,22,22,0,0
RD-1000037,True,4,4,0,0
RD-1000038,True,32,30,1,0
RD-1000039,True,22,18,0,4
RD-1000040,True,32,30,1,1
RD-1000041,True,27,26,1,0
RD-1000042,True,23,23,0,0
RD-1000043,True,25,23,1,1
RD-1000044,True,33,33,0,0
RD-1000045,True,42,42,0,0
RD-1000046,True,31,30,0,1
RD-1000047,True,28,26,0,1
RD-1000048,True,29,29,0,0
RD-1000049,True,25,23,1,0
RD-1000050,True,26,25,0,1
RD-1000051,True,25,25,0,0
RD-1000052,True,32,30,1,1
RD-1000053,True,42,41,0,1
RD-1000054,True,38,37,1,0
RD-1000055,True,20,19,0,1
RD-1000056,True,25,22,1,1
RD-1000057,True,22,19,1,2
RD-1000058,True,29,26,0,2
RD-1000059,True,26,25,1,0
RD-1000060,True,24,21,3,0
RD-1000061,True,33,28,4,1
RD-1000062,True,40,38,1,1
RD-1000063,True,21,20,1,0
RD-1000064,True,26,24,1,0
RD-1000065,True,27,26,0,1
RD-1000066,True,30,29,1,0
RD-1000067,True,35,30,4,1
RD-1000068,True,35,32,2,0
RD-1000069,True,26,25,1,0
RD-1000070,True,25,24,0,1
RD-1000071,True,29,28,1,0
RD-1000072,True,23,22,1,0
RD-1000073,True,21,20,1,0
RD-1000074,True,33,31,1,0
RD-1000075,True,32,31,1,0
RD-1000076,True,22,22,0,0
RD-1000077,True,20,19,1,0
RD-1000078,True,24,23,1,0
RD-1000079,True,27,26,1,0
RD-1000080,True,27,24,2,1
RD-1000081,True,25,24,0,1
RD-1000082,True,24,22,2,0
RD-1000083,True,32,31,0,0
RD-1000084,True,28,24,3,0
RD-1000085,True,29,28,0,1
RD-1000086,True,28,28,0,0
RD-1000087,True,28,25,2,1
RD-1000088,True,24,23,0,1
RD-1000089,True,21,19,1,1
RD-1000090,True,39,38,0,1
RD-1000091,True,27,25,2,0
RD-1000092,True,24,22,2,0
RD-1000093,True,28,28,0,0
RD-1000094,True,30,26,3,1
RD-1000095,True,20,19,1,0
RD-1000096,True,25,25,0,0
RD-1000097,True,26,25,0,1
RD-1000098,True,34,33,1,0
RD-1000099,True,33,32,0,0
RD-1000100,True,35,33,1,0
RD-1000101,True,30,26,2,0
RD-1000102,True,33,32,1,0
RD-1000103,True,30,27,2,0
RD-1000104,True,34,32,1,0
RD-1000105,True,31,31,0,0
RD-1000106,True,24,23,0,1
RD-1000107,True,28,27,0,0
RD-1000108,True,24,22,0,2
RD-1000109,True,26,26,0,0
RD-1000110,True,33,33,0,0
RD-1000111,True,22,20,1,1
RD-1000112,True,24,24,0,0
RD-1000113,True,49,47,0,1
RD-1000114,True,22,21,1,0
RD-1000115,True,18,16,1,1
RD-1000116,True,35,34,1,0
RD-1000117,True,9,8,1,0
RD-1000118,True,29,27,1,1
RD-1000119,True,38,38,0,0
RD-1000120,True,35,32,2,1
RD-1000121,True,27,23,3,0
RD-1000122,True,41,41,0,0
RD-1000123,True,25,25,0,0
RD-1000124,True,15,12,2,1
RD-1000125,True,24,22,1,1
RD-1000126,True,27,25,1,0
RD-1000127,True,27,26,1,0
RD-1000128,True,28,28,0,0
RD-1000129,True,26,25,1,0
RD-1000130,True,28,28,0,0
RD-1000131,True,22,22,0,0
RD-1000132,True,27,26,1,0
RD-1000133,True,27,25,1,1
RD-1000134,True,25,25,0,0
RD-1000135,True,37,37,0,0
RD-1000136,True,44,44,0,0
RD-1000137,True,24,24,0,0
RD-1000138,True,33,32,1,0
RD-1000139,True,17,16,0,0
RD-1000140,True,24,24,0,0
RD-1000141,True,25,24,0,0
RD-1000142,True,35,33,1,0
RD-1000143,True,15,14,1,0
RD-1000144,True,31,30,0,1
RD-1000145,True,23,21,1,1
RD-1000146,True,35,35,0,0
RD-1000147,True,25,23,1,0
RD-1000148,True,31,25,5,1
RD-1000149,True,31,31,0,0
RD-1000150,True,23,23,0,0
RD-1000151,True,38,37,1,0
RD-1000152,True,29,29,0,0
RD-1000153,True,31,29,1,1
RD-1000154,True,22,22,0,0
RD-1000155,True,30,30,0,0
RD-1000156,True,16,13,0,2
RD-1000157,True,45,45,0,0
RD-1000158,True,28,22,2,4
RD-1000159,True,26,25,1,0
RD-1000160,True,22,21,1,0
RD-1000161,True,6,6,0,0
RD-1000162,True,22,18,2,2
RD-1000163,True,20,18,1,1
RD-1000164,True,33,32,1,0
RD-1000165,True,32,31,0,0
RD-1000166,True,42,41,1,0
RD-1000167,True,25,24,0,1
RD-1000168,True,40,39,0,1
RD-1000169,True,23,21,2,0
RD-1000170,True,32,31,0,0
RD-1000171,True,28,27,1,0
RD-1000172,True,34,34,0,0
RD-1000173,True,31,30,0,0
RD-1000174,True,40,39,0,1
RD-1000175,True,29,29,0,0
RD-1000176,True,10,10,0,0
RD-1000177,True,25,23,1,1
RD-1000178,True,36,35,0,0
RD-1000179,True,39,38,1,0
RD-1000180,True,27,26,1,0
RD-1000181,True,27,26,0,0
RD-1000182,True,27,23,2,1
RD-1000183,True,28,24,1,0
RD-1000184,True,37,34,1,0
RD-1000185,True,36,34,0,0
RD-1000186,True,22,21,1,0
RD-1000187,True,4,4,0,0
RD-1000188,True,30,30,0,0
RD-1000189,True,37,36,0,0
RD-1000190,True,20,20,0,0
RD-1000191,True,35,34,0,1
RD-1000192,True,23,23,0,0
RD-1000193,True,25,25,0,0
RD-1000194,True,45,45,0,0
RD-1000195,True,33,32,0,0
RD-1000196,True,28,26,2,0
RD-1000197,True,38,38,0,0
RD-1000198,True,29,27,1,1
RD-1000199,True,24,23,0,0
RD-1000200,True,36,34,0,0
RD-1000201,True,29,29,0,0
RD-1000202,True,25,25,0,0
RD-1000203,True,31,31,0,0
RD-1000204,True,16,15,1,0
RD-1000205,True,28,28,0,0
RD-1000206,True,50,50,0,0
RD-1000207,True,24,23,1,0
RD-1000208,True,33,31,0,1
RD-1000209,True,26,22,3,0
RD-1000210,True,18,15,2,1
RD-1000211,True,26,25,1,0
RD-1000212,True,30,30,0,0
RD-1000213,True,31,31,0,0
RD-1000214,True,29,29,0,0
RD-1000215,True,33,31,1,1
RD-1000216,True,30,30,0,0
RD-1000217,True,29,29,0,0
RD-1000218,True,43,41,0,1
RD-1000219,True,30,29,0,0
RD-1000220,True,41,39,1,1
RD-1000221,True,20,20,0,0
RD-1000222,True,19,18,1,0
RD-1000223,True,26,25,0,1
RD-1000224,True,30,29,0,0
RD-1000225,True,32,32,0,0
RD-1000226,True,31,30,1,0
RD-1000227,True,31,30,1,0
RD-1000228,True,31,28,2,0
RD-1000229,True,44,44,0,0
RD-1000230,True,31,30,0,1
RD-1000231,True,32,32,0,0
RD-1000232,True,25,24,0,0
RD-1000233,True,35,32,1,1
RD-1000234,True,28,27,0,0
RD-1000235,True,25,24,0,0
RD-1000236,True,25,25,0,0
RD-1000237,True,29,29,0,0
RD-1000238,True,23,21,2,0
RD-1000239,True,36,36,0,0
RD-1000240,True,32,30,2,0
RD-1000241,True,31,29,2,0
RD-1000242,True,30,30,0,0
RD-1000243,True,30,28,1,0
RD-1000244,True,16,12,1,2
RD-1000245,True,31,31,0,0
RD-1000246,True,24,21,0,2
RD-1000247,True,31,30,1,0
RD-1000248,True,25,24,1,0
RD-1000249,True,34,34,0,0
RD-1000250,True,33,30,3,0
RD-1000251,True,27,25,2,0
RD-1000252,True,20,18,0,2
RD-1000253,True,24,24,0,0
RD-1000254,True,23,23,0,0
RD-1000255,True,27,25,1,0
RD-1000256,True,27,26,1,0
RD-1000257,True,29,27,1,1
RD-1000258,True,8,7,0,1
RD-1000259,True,29,29,0,0
RD-1000260,True,8,8,0,0
RD-1000261,True,37,34,3,0
RD-1000262,True,4,4,0,0
RD-1000263,True,25,21,2,2
RD-1000264,True,31,31,0,0
RD-1000265,True,29,27,1,1
RD-1000266,True,23,22,1,0
RD-1000267,True,30,29,1,0
RD-1000268,True,20,16,2,0
RD-1000269,True,38,37,1,0
RD-1000270,True,32,31,0,1
RD-1000271,True,37,34,2,1
RD-1000272,True,36,34,1,1
RD-1000273,True,21,20,0,1
RD-1000274,True,36,35,1,0
RD-1000275,True,26,25,0,1
RD-1000276,True,32,31,0,0
RD-1000277,True,42,41,0,1
RD-1000278,True,33,31,1,0
RD-1000279,True,24,23,0,1
RD-1000280,True,26,26,0,0
RD-1000281,True,25,22,1,1
RD-1000282,True,25,25,0,0
RD-1000283,True,32,31,0,0
RD-1000284,True,24,23,0,0
RD-1000285,True,29,29,0,0
RD-1000286,True,21,21,0,0
RD-1000287,True,29,27,1,1
RD-1000288,True,28,27,1,0
RD-1000289,True,25,24,1,0
RD-1000290,True,42,40,0,2
RD-1000291,True,27,27,0,0
RD-1000292,True,41,40,1,0
RD-1000293,True,10,9,1,0
RD-1000294,True,35,34,1,0
RD-1000295,True,22,22,0,0
RD-1000296,True,35,32,3,0
RD-1000297,True,24,22,1,1
RD-1000298,True,26,25,1,0
RD-1000299,True,28,27,1,0
RD-1000300,True,27,27,0,0
RD-1000301,True,15,14,0,1
RD-1000302,True,43,40,3,0
RD-1000303,True,30,29,1,0
RD-1000304,True,28,27,0,1
RD-1000305,True,14,14,0,0
RD-1000306,True,23,21,1,0
RD-1000307,True,35,35,0,0
RD-1000308,True,22,21,0,1
RD-1000309,True,28,25,1,2
RD-1000310,True,25,23,2,0
RD-1000311,True,35,31,4,0
RD-1000312,True,29,29,0,0
RD-1000313,True,22,22,0,0
RD-1000314,True,49,45,3,1
RD-1000315,True,25,24,1,0
RD-1000316,True,35,35,0,0
RD-1000317,True,27,27,0,0
RD-1000318,True,35,34,1,0
RD-1000319,True,34,32,1,0
RD-1000320,True,25,25,0,0
RD-1000321,True,29,27,1,0
RD-1000322,True,27,25,1,1
RD-1000323,True,26,25,1,0
RD-1000324,True,35,32,3,0
RD-1000325,True,25,24,0,1
RD-1000326,True,35,35,0,0
RD-1000327,True,33,32,1,0
RD-1000328,True,33,32,1,0
RD-1000329,True,24,24,0,0
RD-1000330,True,30,30,0,0
RD-1000331,True,11,10,0,1
RD-1000332,True,31,28,1,1
RD-1000333,True,25,23,2,0
RD-1000334,True,45,43,2,0
RD-1000335,True,24,24,0,0
RD-1000336,True,32,31,1,0
RD-1000337,True,10,10,0,0
RD-1000338,True,36,36,0,0
RD-1000339,True,30,29,0,1
RD-1000340,True,26,25,1,0
RD-1000341,True,27,26,1,0
RD-1000342,True,6,6,0,0
RD-1000343,True,28,27,1,0
RD-1000344,True,27,26,1,0
RD-1000345,True,31,30,1,0
RD-1000346,True,25,23,1,1
RD-1000347,True,42,40,1,0
RD-1000348,True,31,29,0,1
RD-1000349,True,25,25,0,0
RD-1000350,True,6,6,0,0
RD-1000351,True,32,29,1,2
RD-1000352,True,21,19,0,2
RD-1000353,True,35,32,1,2
RD-1000354,True,5,5,0,0
RD-1000355,True,30,29,0,1
RD-1000356,True,29,28,0,1
RD-1000357,True,22,22,0,0
RD-1000358,True,33,33,0,0
RD-1000359,True,29,28,0,0
RD-1000360,True,23,23,0,0
RD-1000361,True,24,23,0,0
RD-1000362,True,28,27,1,0
RD-1000363,True,29,28,0,1
RD-1000364,True,28,26,2,0
RD-1000365,True,34,33,1,0
RD-1000366,True,32,30,1,0
RD-1000367,True,27,25,1,0
RD-1000368,True,33,33,0,0
RD-1000369,True,28,25,2,1
RD-1000370,True,39,37,1,0
RD-1000371,True,19,18,1,0
RD-1000372,True,28,28,0,0
RD-1000373,True,24,24,0,0
RD-1000374,True,27,25,0,2
RD-1000375,True,32,28,2,1
RD-1000376,True,26,25,0,1
RD-1000377,True,34,33,1,0
RD-1000378,True,25,25,0,0
RD-1000379,True,27,27,0,0
RD-1000380,True,26,25,0,1
RD-1000381,True,36,35,1,0
RD-1000382,True,31,30,0,1
RD-1000383,True,31,28,2,0
RD-1000384,True,20,17,3,0
RD-1000385,True,32,31,1,0
RD-1000386,True,42,42,0,0
RD-1000387,True,32,32,0,0
RD-1000388,True,25,24,0,1
RD-1000389,True,37,37,0,0
RD-1000390,True,28,26,0,0
RD-1000391,True,30,29,0,0
RD-1000392,True,32,30,1,0
RD-1000393,True,28,26,1,1
RD-1000394,True,26,26,0,0
RD-1000395,True,26,24,0,0
RD-1000396,True,25,24,0,1
RD-1000397,True,26,24,2,0
RD-1000398,True,12,10,1,1
RD-1000399,True,41,40,1,0
RD-1000400,True,40,39,1,0
RD-1000401,True,38,37,1,0
RD-1000402,True,33,32,1,0
RD-1000403,True,25,24,0,0
RD-1000404,True,41,40,0,1
RD-1000405,True,32,31,1,0
RD-1000406,True,30,30,0,0
RD-1000407,True,20,20,0,0
RD-1000408,True,26,24,1,1
RD-1000409,True,20,18,1,1
RD-1000410,True,12,12,0,0
RD-1000411,True,43,42,1,0
RD-1000412,True,31,31,0,0
RD-1000413,True,28,25,2,1
RD-1000414,True,13,12,0,1
RD-1000415,True,36,33,2,1
RD-1000416,True,23,22,0,1
RD-1000417,True,30,29,1,0
RD-1000418,True,29,29,0,0
RD-1000419,True,29,29,0,0
RD-1000420,True,34,33,1,0
RD-1000421,True,24,24,0,0
RD-1000422,True,35,33,1,0
RD-1000423,True,26,25,1,0
RD-1000424,True,32,32,0,0
RD-1000425,True,29,27,2,0
RD-1000426,True,43,40,2,1
RD-1000427,True,29,29,0,0
RD-1000428,True,27,26,0,0
RD-1000429,True,8,7,1,0
RD-1000430,True,25,24,1,0
RD-1000431,True,38,37,0,1
RD-1000432,True,34,31,2,0
RD-1000433,True,32,32,0,0
RD-1000434,True,35,34,1,0
RD-1000435,True,40,38,1,0
RD-1000436,True,31,29,0,1
RD-1000437,True,32,32,0,0
RD-1000438,True,30,29,1,0
RD-1000439,True,28,25,3,0
RD-1000440,True,22,19,1,1
RD-1000441,True,44,43,0,1
RD-1000442,True,29,25,2,2
RD-1000443,True,26,25,0,1
RD-1000444,True,32,31,1,0
RD-1000445,True,29,28,0,1
RD-1000446,True,40,39,1,0
RD-1000447,True,27,27,0,0
RD-1000448,True,20,19,0,1
RD-1000449,True,31,31,0,0
RD-1000450,True,33,33,0,0
RD-1000451,True,12,11,0,0
RD-1000452,True,7,7,0,0
RD-1000453,True,31,29,1,1
RD-1000454,True,33,31,2,0
RD-1000455,True,30,27,2,0
RD-1000456,True,24,24,0,0
RD-1000457,True,27,26,1,0
RD-1000458,True,40,40,0,0
RD-1000459,True,34,34,0,0
RD-1000460,True,27,26,1,0
RD-1000461,True,36,35,1,0
RD-1000462,True,30,30,0,0
RD-1000463,True,33,32,0,0
RD-1000464,True,25,23,0,1
RD-1000465,True,4,4,0,0
RD-1000466,True,36,33,2,1
RD-1000467,True,32,28,2,2
RD-1000468,True,20,20,0,0
RD-1000469,True,28,27,1,0
RD-1000470,True,29,28,0,0
RD-1000471,True,25,25,0,0
RD-1000472,True,26,25,1,0
RD-1000473,True,26,26,0,0
RD-1000474,True,44,44,0,0
RD-1000475,True,29,28,0,1
RD-1000476,True,27,27,0,0
RD-1000477,True,32,32,0,0
RD-1000478,True,25,25,0,0
RD-1000479,True,26,25,0,1
RD-1000480,True,20,19,0,1
RD-1000481,True,30,28,0,2
RD-1000482,True,26,25,1,0
RD-1000483,True,8,8,0,0
RD-1000484,True,33,32,0,0
RD-1000485,True,44,42,2,0
RD-1000486,True,23,22,0,0
RD-1000487,True,20,19,1,0
RD-1000488,True,23,21,1,0
RD-1000489,True,33,32,0,0
RD-1000490,True,20,19,1,0
RD-1000491,True,33,33,0,0
RD-1000492,True,26,25,1,0
RD-1000493,True,31,30,1,0
RD-1000494,True,3,3,0,0
RD-1000495,True,34,33,0,1
RD-1000496,True,24,23,1,0
RD-1000497,True,32,28,0,3
RD-1000498,True,37,36,1,0
RD-1000499,True,30,30,0,0
RD-1000500,True,31,30,1,0
RD-1000501,True,22,21,1,0
RD-1000502,True,21,20,1,0
RD-1000503,True,40,39,1,0
RD-1000504,True,9,8,0,0
RD-1000505,True,21,21,0,0
RD-1000506,True,36,35,0,1
RD-1000507,True,26,25,0,1
RD-1000508,True,26,26,0,0
RD-1000509,True,26,24,1,1
RD-1000510,True,33,33,0,0
RD-1000511,True,37,36,0,0
RD-1000512,True,32,32,0,0
RD-1000513,True,30,30,0,0
RD-1000514,True,27,26,1,0
RD-1000515,True,49,46,1,2
RD-1000516,True,32,31,0,1
RD-1000517,True,28,27,1,0
RD-1000518,True,23,23,0,0
RD-1000519,True,43,42,1,0
RD-1000520,True,26,25,1,0
RD-1000521,True,26,25,0,0
RD-1000522,True,24,21,3,0
RD-1000523,True,11,9,1,1
RD-1000524,True,31,29,1,0
RD-1000525,True,26,24,2,0
RD-1000526,True,35,35,0,0
RD-1000527,True,27,27,0,0
RD-1000528,True,38,36,2,0
RD-1000529,True,45,45,0,0
RD-1000530,True,27,27,0,0
RD-1000531,True,12,12,0,0
RD-1000532,True,2,2,0,0
RD-1000533,True,30,29,0,1
RD-1000534,True,34,32,1,1
RD-1000535,True,15,14,1,0
RD-1000536,True,25,23,2,0
RD-1000537,True,33,33,0,0
RD-1000538,True,33,33,0,0
RD-1000539,True,30,30,0,0
RD-1000540,True,20,20,0,0
RD-1000541,True,27,24,2,0
RD-1000542,True,10,8,0,2
RD-1000543,True,29,29,0,0
RD-1000544,True,27,27,0,0
RD-1000545,True,35,33,1,1
RD-1000546,True,31,31,0,0
RD-1000547,True,33,33,0,0
RD-1000548,True,23,23,0,0
RD-1000549,True,29,28,0,1
RD-1000550,True,46,44,1,1
RD-1000551,True,20,19,1,0
RD-1000552,True,25,24,1,0
RD-1000553,True,29,29,0,0
RD-1000554,True,28,27,1,0
RD-1000555,True,31,30,0,1
RD-1000556,True,24,23,1,0
RD-1000557,True,20,20,0,0
RD-1000558,True,30,29,0,1
RD-1000559,True,22,20,1,1
RD-1000560,True,26,25,1,0
RD-1000561,True,51,49,1,0
RD-1000562,True,36,34,1,1
RD-1000563,True,34,34,0,0
RD-1000564,True,42,38,3,1
RD-1000565,True,16,14,2,0
RD-1000566,True,21,20,1,0
RD-1000567,True,10,9,1,0
RD-1000568,True,22,22,0,0
RD-1000569,True,26,24,1,1
RD-1000570,True,28,28,0,0
RD-1000571,True,34,34,0,0
RD-1000572,True,23,22,1,0
RD-1000573,True,27,26,1,0
RD-1000574,True,30,28,1,1
RD-1000575,True,27,26,1,0
RD-1000576,True,49,45,2,2
RD-1000577,True,31,31,0,0
RD-1000578,True,26,24,1,1
RD-1000579,True,5,5,0,0
RD-1000580,True,43,42,0,0
RD-1000581,True,31,31,0,0
RD-1000582,True,26,24,1,1
RD-1000583,True,28,26,1,0
RD-1000584,True,23,22,1,0
RD-1000585,True,27,26,1,0
RD-1000586,True,21,19,2,0
RD-1000587,True,7,6,0,1
RD-1000588,True,32,30,1,0
RD-1000589,True,9,9,0,0
RD-1000590,True,24,24,0,0
RD-1000591,True,37,35,2,0
RD-1000592,True,23,22,1,0
RD-1000593,True,35,33,0,1
RD-1000594,True,51,50,0,0
RD-1000595,True,27,26,1,0
RD-1000596,True,25,24,0,1
RD-1000597,True,32,32,0,0
RD-1000598,True,15,15,0,0
RD-1000599,True,27,27,0,0
RD-1000600,True,27,27,0,0
RD-1000601,True,29,28,0,1
RD-1000602,True,25,24,0,0
RD-1000603,True,6,6,0,0
RD-1000604,True,22,20,2,0
RD-1000605,True,14,13,0,0
RD-1000606,True,28,27,1,0
RD-1000607,True,34,33,0,0
RD-1000608,True,29,27,1,1
RD-1000609,True,29,28,0,1
RD-1000610,True,52,49,3,0
RD-1000611,True,28,27,1,0
RD-1000612,True,31,28,2,1
RD-1000613,True,30,28,2,0
RD-1000614,True,29,29,0,0
RD-1000615,True,33,32,0,0
RD-1000616,True,36,31,2,0
RD-1000617,True,25,23,2,0
RD-1000618,True,33,33,0,0
RD-1000619,True,36,33,1,1
RD-1000620,True,28,27,1,0
RD-1000621,True,25,25,0,0
RD-1000622,True,29,29,0,0
RD-1000623,True,20,19,1,0
RD-1000624,True,22,21,0,1
RD-1000625,True,26,26,0,0
RD-1000626,True,16,16,0,0
RD-1000627,True,23,21,1,0
RD-1000628,True,26,25,1,0
RD-1000629,True,18,17,1,0
RD-1000630,True,27,25,1,1
RD-1000631,True,5,5,0,0
RD-1000632,True,24,24,0,0
RD-1000633,True,23,22,1,0
RD-1000634,True,22,19,2,1
RD-1000635,True,28,28,0,0
RD-1000636,True,34,32,1,0
RD-1000637,True,37,37,0,0
RD-1000638,True,42,41,0,0
RD-1000639,True,27,25,2,0
RD-1000640,True,35,30,5,0
RD-1000641,True,26,24,1,0
RD-1000642,True,31,27,2,2
RD-1000643,True,29,28,1,0
RD-1000644,True,27,25,2,0
RD-1000645,True,26,24,2,0
RD-1000646,True,27,27,0,0
RD-1000647,True,16,16,0,0
RD-1000648,True,34,33,1,0
RD-1000649,True,38,37,1,0
RD-1000650,True,46,45,0,1
RD-1000651,True,44,43,0,0
RD-1000652,True,28,26,0,2
RD-1000653,True,22,22,0,0
RD-1000654,True,24,24,0,0
RD-1000655,True,40,38,1,0
RD-1000656,True,32,31,0,1
RD-1000657,True,33,32,0,0
RD-1000658,True,28,27,1,0
RD-1000659,True,25,24,0,1
RD-1000660,True,20,19,1,0
RD-1000661,True,30,28,1,1
RD-1000662,True,41,39,1,1
RD-1000663,True,25,24,1,0
RD-1000664,True,27,27,0,0
RD-1000665,True,44,42,2,0
RD-1000666,True,30,29,0,1
RD-1000667,True,29,28,1,0
RD-1000668,True,30,28,1,1
RD-1000669,True,25,25,0,0
RD-1000670,True,27,27,0,0
RD-1000671,True,25,25,0,0
RD-1000672,True,26,25,0,1
RD-1000673,True,29,29,0,0
RD-1000674,True,29,28,0,1
RD-1000675,True,22,19,2,1
RD-1000676,True,35,35,0,0
RD-1000677,True,32,31,1,0
RD-1000678,True,40,37,2,1
RD-1000679,True,30,27,2,1
RD-1000680,True,17,15,2,0
RD-1000681,True,22,20,2,0
RD-1000682,True,40,40,0,0
RD-1000683,True,27,26,0,0
RD-1000684,True,17,16,0,1
RD-1000685,True,21,21,0,0
RD-1000686,True,28,28,0,0
RD-1000687,True,11,11,0,0
RD-1000688,True,42,39,2,1
RD-1000689,True,23,23,0,0
RD-1000690,True,23,23,0,0
RD-1000691,True,26,24,1,1
RD-1000692,True,16,14,1,1
RD-1000693,True,30,26,3,1
RD-1000694,True,30,29,0,1
RD-1000695,True,33,30,2,1
RD-1000696,True,30,28,2,0
RD-1000697,True,41,39,2,0
RD-1000698,True,27,27,0,0
RD-1000699,True,21,21,0,0
RD-1000700,True,23,21,0,1
RD-1000701,True,25,25,0,0
RD-1000702,True,26,26,0,0
RD-1000703,True,35,32,2,1
RD-1000704,True,41,41,0,0
RD-1000705,True,30,30,0,0
RD-1000706,True,28,24,3,1
RD-1000707,True,36,35,1,0
RD-1000708,True,30,29,1,0
RD-1000709,True,28,25,1,2
RD-1000710,True,29,24,3,2
RD-1000711,True,26,23,2,0
RD-1000712,True,38,36,1,1
RD-1000713,True,6,6,0,0
RD-1000714,True,37,37,0,0
RD-1000715,True,25,23,2,0
RD-1000716,True,7,6,0,1
RD-1000717,True,19,19,0,0
RD-1000718,True,29,27,2,0
RD-1000719,True,26,23,2,1
RD-1000720,True,23,21,2,0
RD-1000721,True,21,18,1,2
RD-1000722,True,28,28,0,0
RD-1000723,True,29,28,1,0
RD-1000724,True,34,32,1,1
RD-1000725,True,37,37,0,0
RD-1000726,True,24,21,0,3
RD-1000727,True,35,34,0,1
RD-1000728,True,29,29,0,0
RD-1000729,True,25,23,1,1
RD-1000730,True,28,28,0,0
RD-1000731,True,31,31,0,0
RD-1000732,True,30,30,0,0
RD-1000733,True,33,33,0,0
RD-1000734,True,37,35,1,1
RD-1000735,True,27,25,1,0
RD-1000736,True,29,28,0,1
RD-1000737,True,34,31,0,0
RD-1000738,True,23,23,0,0
RD-1000739,True,24,23,1,0
RD-1000740,True,38,37,1,0
RD-1000741,True,33,31,1,1
RD-1000742,True,6,5,1,0
RD-1000743,True,26,24,2,0
RD-1000744,True,21,21,0,0
RD-1000745,True,39,39,0,0
RD-1000746,True,36,35,0,1
RD-1000747,True,18,17,1,0
RD-1000748,True,23,21,1,1
RD-1000749,True,33,33,0,0
RD-1000750,True,31,28,1,0
RD-1000751,True,25,25,0,0
RD-1000752,True,43,42,1,0
RD-1000753,True,38,38,0,0
RD-1000754,True,29,26,1,2
RD-1000755,True,29,25,3,1
RD-1000756,True,30,30,0,0
RD-1000757,True,30,30,0,0
RD-1000758,True,33,31,1,0
RD-1000759,True,38,34,3,1
RD-1000760,True,28,26,2,0
RD-1000761,True,22,20,2,0
RD-1000762,True,27,27,0,0
RD-1000763,True,33,30,1,1
RD-1000764,True,40,38,1,1
RD-1000765,True,27,25,0,1
RD-1000766,True,19,18,1,0
RD-1000767,True,44,43,0,0
RD-1000768,True,24,22,1,1
RD-1000769,True,33,33,0,0
RD-1000770,True,29,28,0,0
RD-1000771,True,34,30,2,1
RD-1000772,True,26,25,0,1
RD-1000773,True,31,29,1,1
RD-1000774,True,26,25,0,1
RD-1000775,True,22,22,0,0
RD-1000776,True,32,32,0,0
RD-1000777,True,28,27,1,0
RD-1000778,True,27,27,0,0
RD-1000779,True,22,22,0,0
RD-1000780,True,32,32,0,0
RD-1000781,True,17,17,0,0
RD-1000782,True,20,19,0,1
RD-1000783,True,40,40,0,0
RD-1000784,True,27,26,1,0
RD-1000785,True,26,25,0,0
RD-1000786,True,39,38,0,1
RD-1000787,True,26,25,1,0
RD-1000788,True,29,28,1,0
RD-1000789,True,6,6,0,0
RD-1000790,True,35,33,1,1
RD-1000791,True,33,30,1,1
RD-1000792,True,25,21,2,2
RD-1000793,True,24,21,1,2
RD-1000794,True,29,27,0,1
RD-1000795,True,25,24,0,1
RD-1000796,True,31,29,1,1
RD-1000797,True,28,26,1,1
RD-1000798,True,31,29,1,0
RD-1000799,True,30,29,1,0
RD-1000800,True,26,25,0,1
RD-1000801,True,40,39,0,1
RD-1000802,True,31,29,0,1
RD-1000803,True,26,21,3,2
RD-1000804,True,25,24,1,0
RD-1000805,True,16,16,0,0
RD-1000806,True,35,31,2,1
RD-1000807,True,25,23,2,0
RD-1000808,True,38,38,0,0
RD-1000809,True,27,27,0,0
RD-1000810,True,28,28,0,0
RD-1000811,True,29,27,0,1
RD-1000812,True,26,26,0,0
RD-1000813,True,27,26,1,0
RD-1000814,True,23,19,1,3
RD-1000815,True,12,11,1,0
RD-1000816,True,40,39,0,0
RD-1000817,True,26,25,1,0
RD-1000818,True,16,15,0,1
RD-1000819,True,2,2,0,0
RD-1000820,True,41,40,1,0
RD-1000821,True,27,26,0,0
RD-1000822,True,38,36,1,0
RD-1000823,True,19,19,0,0
RD-1000824,True,24,24,0,0
RD-1000825,True,26,25,1,0
RD-1000826,True,29,29,0,0
RD-1000827,True,36,34,1,1
RD-1000828,True,31,28,2,0
RD-1000829,True,31,28,1,1
RD-1000830,True,33,31,2,0
RD-1000831,True,26,25,1,0
RD-1000832,True,26,25,1,0
RD-1000833,True,29,27,0,0
RD-1000834,True,29,29,0,0
RD-1000835,True,35,33,2,0
RD-1000836,True,32,32,0,0
RD-1000837,True,27,26,1,0
RD-1000838,True,28,24,2,2
RD-1000839,True,43,40,0,2
RD-1000840,True,35,33,0,1
RD-1000841,True,34,33,0,1
RD-1000842,True,28,27,1,0
RD-1000843,True,22,22,0,0
RD-1000844,True,26,23,2,1
RD-1000845,True,34,33,1,0
RD-1000846,True,24,19,4,1
RD-1000847,True,37,34,3,0
RD-1000848,True,23,22,1,0
RD-1000849,True,45,43,1,0
RD-1000850,True,25,25,0,0
RD-1000851,True,35,33,1,0
RD-1000852,True,26,25,0,0
RD-1000853,True,19,19,0,0
RD-1000854,True,49,47,2,0
RD-1000855,True,27,25,2,0
RD-1000856,True,24,23,0,0
RD-1000857,True,29,27,1,0
RD-1000858,True,29,28,0,1
RD-1000859,True,28,28,0,0
RD-1000860,True,31,30,0,0
RD-1000861,True,24,24,0,0
RD-1000862,True,29,26,3,0
RD-1000863,True,26,25,0,0
RD-1000864,True,36,35,0,0
RD-1000865,True,26,25,1,0
RD-1000866,True,13,13,0,0
RD-1000867,True,34,32,1,1
RD-1000868,True,28,25,2,1
RD-1000869,True,22,22,0,0
RD-1000870,True,25,25,0,0
RD-1000871,True,28,27,1,0
RD-1000872,True,29,28,1,0
RD-1000873,True,31,28,2,1
RD-1000874,True,28,28,0,0
RD-1000875,True,18,18,0,0
RD-1000876,True,27,26,1,0
RD-1000877,True,5,5,0,0
RD-1000878,True,27,27,0,0
RD-1000879,True,22,21,0,1
RD-1000880,True,26,25,1,0
RD-1000881,True,21,20,0,1
RD-1000882,True,26,21,2,2
RD-1000883,True,19,19,0,0
RD-1000884,True,10,10,0,0
RD-1000885,True,32,32,0,0
RD-1000886,True,27,27,0,0
RD-1000887,True,38,37,0,0
RD-1000888,True,21,20,1,0
RD-1000889,True,18,17,0,1
RD-1000890,True,33,32,1,0
RD-1000891,True,34,34,0,0
RD-1000892,True,36,36,0,0
RD-1000893,True,26,26,0,0
RD-1000894,True,32,30,1,1
RD-1000895,True,25,24,1,0
RD-1000896,True,34,33,0,1
RD-1000897,True,33,29,3,1
RD-1000898,True,29,24,4,1
RD-1000899,True,22,22,0,0
RD-1000900,True,39,37,1,0
RD-1000901,True,28,28,0,0
RD-1000902,True,31,31,0,0
RD-1000903,True,21,21,0,0
RD-1000904,True,25,24,1,0
RD-1000905,True,24,22,1,1
RD-1000906,True,10,8,2,0
RD-1000907,True,27,27,0,0
RD-1000908,True,19,17,2,0
RD-1000909,True,19,19,0,0
RD-1000910,True,30,29,1,0
RD-1000911,True,21,20,1,0
RD-1000912,True,37,35,1,1
RD-1000913,True,31,31,0,0
RD-1000914,True,28,25,1,2
RD-1000915,True,27,27,0,0
RD-1000916,True,32,31,0,0
RD-1000917,True,31,30,1,0
RD-1000918,True,28,28,0,0
RD-1000919,True,37,37,0,0
RD-1000920,True,29,29,0,0
RD-1000921,True,23,22,1,0
RD-1000922,True,22,19,1,1
RD-1000923,True,11,11,0,0
RD-1000924,True,47,42,2,2
RD-1000925,True,35,34,0,0
RD-1000926,True,29,28,1,0
RD-1000927,True,24,23,1,0
RD-1000928,True,49,48,0,1
RD-1000929,True,22,18,3,0
RD-1000930,True,40,37,1,2
RD-1000931,True,36,35,1,0
RD-1000932,True,24,24,0,0
RD-1000933,True,20,19,1,0
RD-1000934,True,36,36,0,0
RD-1000935,True,51,50,1,0
RD-1000936,True,34,33,0,1
RD-1000937,True,20,19,0,0
RD-1000938,True,31,31,0,0
RD-1000939,True,20,19,1,0
RD-1000940,True,30,28,0,0
RD-1000941,True,28,28,0,0
RD-1000942,True,16,14,2,0
RD-1000943,True,41,40,1,0
RD-1000944,True,32,31,1,0
RD-1000945,True,29,29,0,0
RD-1000946,True,32,28,3,1
RD-1000947,True,10,10,0,0
RD-1000948,True,19,19,0,0
RD-1000949,True,36,36,0,0
RD-1000950,True,3,3,0,0
RD-1000951,True,31,30,1,0
RD-1000952,True,37,35,1,0
RD-1000953,True,29,27,2,0
RD-1000954,True,43,40,1,2
RD-1000955,True,9,8,1,0
RD-1000956,True,17,15,2,0
RD-1000957,True,40,39,1,0
RD-1000958,True,31,29,2,0
RD-1000959,True,25,25,0,0
RD-1000960,True,20,18,2,0
RD-1000961,True,39,35,3,1
RD-1000962,True,41,41,0,0
RD-1000963,True,27,27,0,0
RD-1000964,True,21,21,0,0
RD-1000965,True,21,21,0,0
RD-1000966,True,34,33,1,0
RD-1000967,True,39,38,0,0
RD-1000968,True,39,38,0,1
RD-1000969,True,28,27,0,1
RD-1000970,True,34,32,0,0
RD-1000971,True,28,27,1,0
RD-1000972,True,21,20,0,0
RD-1000973,True,25,23,2,0
RD-1000974,True,22,21,0,1
RD-1000975,True,21,19,0,1
RD-1000976,True,17,15,2,0
RD-1000977,True,29,29,0,0
RD-1000978,True,45,44,1,0
RD-1000979,True,28,27,1,0
RD-1000980,True,27,26,1,0
RD-1000981,True,32,31,1,0
RD-1000982,True,40,37,2,1
RD-1000983,True,26,24,1,0
RD-1000984,True,25,24,0,0
RD-1000985,True,23,22,0,1
RD-1000986,True,31,28,0,1
RD-1000987,True,29,28,1,0
RD-1000988,True,25,24,0,1
RD-1000989,True,26,26,0,0
RD-1000990,True,28,26,1,1
RD-1000991,True,38,37,1,0
RD-1000992,True,37,33,3,1
RD-1000993,True,45,41,1,2
RD-1000994,True,24,23,1,0
RD-1000995,True,24,19,2,2
RD-1000996,True,30,26,3,1
RD-1000997,True,4,4,0,0
RD-1000998,True,32,30,1,1
RD-1000999,True,27,26,0,1
RD-1001000,True,44,43,0,0
RD-1001001,True,23,23,0,0
RD-1001002,True,33,32,1,0
RD-1001003,True,21,21,0,0
RD-1001004,True,29,29,0,0
RD-1001005,True,34,32,0,1
RD-1001006,True,30,28,2,0
RD-1001007,True,39,37,1,0
RD-1001008,True,26,26,0,0
RD-1001009,True,24,23,1,0
RD-1001010,True,34,32,1,1
RD-1001011,True,35,33,0,2
RD-1001012,True,25,24,1,0
RD-1001013,True,26,24,1,1
RD-1001014,True,25,23,0,2
RD-1001015,True,26,24,2,0
RD-1001016,True,47,43,2,2
RD-1001017,True,34,32,1,1
RD-1001018,True,24,24,0,0
RD-1001019,True,35,34,0,1
RD-1001020,True,21,20,1,0
RD-1001021,True,26,25,1,0
RD-1001022,True,33,29,3,1
RD-1001023,True,33,32,0,0
RD-1001024,True,29,27,2,0
RD-1001025,True,37,36,0,1
RD-1001026,True,31,31,0,0
RD-1001027,True,22,19,2,1
RD-1001028,True,32,32,0,0
RD-1001029,True,35,33,2,0
RD-1001030,True,20,19,1,0
RD-1001031,True,27,27,0,0
RD-1001032,True,36,34,1,1
RD-1001033,True,35,34,0,1
RD-1001034,True,30,28,0,1
RD-1001035,True,37,37,0,0
RD-1001036,True,33,31,1,0
RD-1001037,True,33,33,0,0
RD-1001038,True,26,24,1,0
RD-1001039,True,29,27,1,1
RD-1001040,True,29,27,1,0
RD-1001041,True,32,31,1,0
RD-1001042,True,19,18,0,0
RD-1001043,True,43,40,3,0
RD-1001044,True,11,10,1,0
RD-1001045,True,41,41,0,0
RD-1001046,True,25,23,2,0
RD-1001047,True,20,20,0,0
RD-1001048,True,34,33,0,1
RD-1001049,True,28,28,0,0
RD-1001050,True,44,43,1,0
RD-1001051,True,31,28,3,0
RD-1001052,True,36,34,1,1
RD-1001053,True,25,23,1,1
RD-1001054,True,45,42,2,0
RD-1001055,True,32,31,1,0
RD-1001056,True,33,32,1,0
RD-1001057,True,38,37,1,0
RD-1001058,True,22,20,2,0
RD-1001059,True,28,28,0,0
RD-1001060,True,46,44,2,0
RD-1001061,True,33,33,0,0
RD-1001062,True,29,28,0,1
RD-1001063,True,26,25,0,0
RD-1001064,True,21,19,1,1
RD-1001065,True,31,30,0,1
RD-1001066,True,45,43,1,1
RD-1001067,True,34,31,1,2
RD-1001068,True,29,29,0,0
RD-1001069,True,25,25,0,0
RD-1001070,True,31,30,1,0
RD-1001071,True,26,25,1,0
RD-1001072,True,25,24,0,1
RD-1001073,True,21,19,2,0
RD-1001074,True,24,23,0,1
RD-1001075,True,51,51,0,0
RD-1001076,True,33,29,3,1
RD-1001077,True,22,20,1,1
RD-1001078,True,15,13,0,2
RD-1001079,True,33,30,2,1
RD-1001080,True,24,22,0,1
RD-1001081,True,34,32,1,0
RD-1001082,True,22,22,0,0
RD-1001083,True,25,25,0,0
RD-1001084,True,31,28,1,0
RD-1001085,True,29,27,1,0
RD-1001086,True,41,38,2,1
RD-1001087,True,39,37,2,0
RD-1001088,True,22,18,4,0
RD-1001089,True,30,29,1,0
RD-1001090,True,39,39,0,0
RD-1001091,True,22,21,1,0
RD-1001092,True,30,28,0,1
RD-1001093,True,24,21,2,1
RD-1001094,True,24,23,1,0
RD-1001095,True,31,26,5,0
RD-1001096,True,26,26,0,0
RD-1001097,True,32,30,1,1
RD-1001098,True,32,31,1,0
RD-1001099,True,23,21,1,1
RD-1001100,True,23,23,0,0
RD-1001101,True,23,22,1,0
RD-1001102,True,36,34,1,0
RD-1001103,True,26,25,1,0
RD-1001104,True,25,25,0,0
RD-1001105,True,35,33,1,1
RD-1001106,True,33,33,0,0
RD-1001107,True,22,22,0,0
RD-1001108,True,28,28,0,0
RD-1001109,True,29,29,0,0
RD-1001110,True,31,31,0,0
RD-1001111,True,28,26,2,0
RD-1001112,True,33,33,0,0
RD-1001113,True,33,32,1,0
RD-1001114,True,36,34,1,0
RD-1001115,True,32,31,0,1
RD-1001116,True,25,22,2,1
RD-1001117,True,31,30,0,0
RD-1001118,True,33,32,0,1
RD-1001119,True,32,30,1,1
RD-1001120,True,28,27,0,1
RD-1001121,True,26,25,0,1
RD-1001122,True,32,31,0,1
RD-1001123,True,24,23,1,0
RD-1001124,True,26,26,0,0
RD-1001125,True,30,30,0,0
RD-1001126,True,27,26,0,1
RD-1001127,True,21,19,1,1
RD-1001128,True,24,23,1,0
RD-1001129,True,24,24,0,0
RD-1001130,True,23,23,0,0
RD-1001131,True,22,22,0,0
RD-1001132,True,33,31,1,1
RD-1001133,True,29,29,0,0
RD-1001134,True,36,35,1,0
RD-1001135,True,28,28,0,0
RD-1001136,True,21,20,1,0
RD-1001137,True,17,16,0,1
RD-1001138,True,27,26,0,1
RD-1001139,True,22,21,0,0
RD-1001140,True,28,27,1,0
RD-1001141,True,22,19,2,1
RD-1001142,True,26,24,1,1
RD-1001143,True,34,32,2,0
RD-1001144,True,34,31,2,0
RD-1001145,True,40,40,0,0
RD-1001146,True,29,29,0,0
RD-1001147,True,28,27,0,1
RD-1001148,True,19,18,1,0
RD-1001149,True,12,12,0,0
RD-1001150,True,40,39,1,0
RD-1001151,True,28,27,0,1
RD-1001152,True,29,26,0,3
RD-1001153,True,37,35,1,1
RD-1001154,True,26,23,3,0
RD-1001155,True,23,21,0,1
RD-1001156,True,26,26,0,0
RD-1001157,True,22,21,0,0
RD-1001158,True,25,24,0,1
RD-1001159,True,24,24,0,0
RD-1001160,True,29,28,0,1
RD-1001161,True,26,26,0,0
RD-1001162,True,34,32,2,0
RD-1001163,True,31,28,2,1
RD-1001164,True,44,42,2,0
RD-1001165,True,34,34,0,0
RD-1001166,True,28,28,0,0
RD-1001167,True,24,20,2,0
RD-1001168,True,31,31,0,0
RD-1001169,True,46,41,3,1
RD-1001170,True,31,28,1,1
RD-1001171,True,29,28,1,0
RD-1001172,True,32,31,0,1
RD-1001173,True,29,29,0,0
RD-1001174,True,28,28,0,0
RD-1001175,True,25,25,0,0
RD-1001176,True,28,28,0,0
RD-1001177,True,32,30,2,0
RD-1001178,True,18,18,0,0
RD-1001179,True,48,46,1,1
RD-1001180,True,38,37,0,1
RD-1001181,True,30,29,1,0
RD-1001182,True,26,25,1,0
RD-1001183,True,24,23,0,1
RD-1001184,True,28,28,0,0
RD-1001185,True,27,26,0,0
RD-1001186,True,32,32,0,0
RD-1001187,True,25,23,2,0
RD-1001188,True,55,51,3,1
RD-1001189,True,25,23,2,0
RD-1001190,True,27,25,2,0
RD-1001191,True,28,26,0,1
RD-1001192,True,39,39,0,0
RD-1001193,True,26,24,1,0
RD-1001194,True,30,30,0,0
RD-1001195,True,30,29,1,0
RD-1001196,True,29,27,2,0
RD-1001197,True,30,24,3,3
RD-1001198,True,34,32,1,1
RD-1001199,True,30,28,0,2
RD-1001200,True,37,37,0,0
RD-1001201,True,35,34,1,0
RD-1001202,True,38,37,0,1
RD-1001203,True,31,31,0,0
RD-1001204,True,30,28,1,1
RD-1001205,True,26,21,2,1
RD-1001206,True,31,30,0,1
RD-1001207,True,25,24,1,0
RD-1001208,True,31,31,0,0
RD-1001209,True,31,31,0,0
RD-1001210,True,20,17,3,0
RD-1001211,True,31,29,0,1
RD-1001212,True,26,26,0,0
RD-1001213,True,28,24,1,3
RD-1001214,True,24,24,0,0
RD-1001215,True,28,28,0,0
RD-1001216,True,23,22,1,0
RD-1001217,True,24,22,2,0
RD-1001218,True,30,29,1,0
RD-1001219,True,30,30,0,0
RD-1001220,True,36,33,1,2
RD-1001221,True,46,43,2,0
RD-1001222,True,28,27,1,0
RD-1001223,True,43,41,2,0
RD-1001224,True,45,44,0,0
RD-1001225,True,35,32,1,1
RD-1001226,True,36,35,0,1
RD-1001227,True,32,31,0,0
RD-1001228,True,22,21,0,0
RD-1001229,True,31,31,0,0
RD-1001230,True,3,3,0,0
RD-1001231,True,25,25,0,0
RD-1001232,True,31,30,1,0
RD-1001233,True,23,22,0,1
RD-1001234,True,21,21,0,0
RD-1001235,True,5,4,0,1
RD-1001236,True,23,23,0,0
RD-1001237,True,4,4,0,0
RD-1001238,True,27,25,2,0
RD-1001239,True,21,15,3,2
RD-1001240,True,25,24,0,1
RD-1001241,True,31,31,0,0
RD-1001242,True,27,25,1,0
RD-1001243,True,30,26,2,1
RD-1001244,True,27,26,0,1
RD-1001245,True,37,35,1,1
RD-1001246,True,24,22,1,0
RD-1001247,True,26,25,0,1
RD-1001248,True,16,15,0,1
RD-1001249,True,22,22,0,0
RD-1001250,True,37,35,1,1
RD-1001251,True,23,22,1,0
RD-1001252,True,31,31,0,0
RD-1001253,True,35,33,0,1
RD-1001254,True,28,26,1,0
RD-1001255,True,34,30,2,0
RD-1001256,True,30,30,0,0
RD-1001257,True,24,24,0,0
RD-1001258,True,31,31,0,0
RD-1001259,True,24,24,0,0
RD-1001260,True,30,27,2,1
RD-1001261,True,25,24,0,1
RD-1001262,True,25,23,1,1
RD-1001263,True,5,2,3,0
RD-1001264,True,5,5,0,0
RD-1001265,True,6,5,1,0
RD-1001266,True,23,21,0,2
RD-1001267,True,24,23,0,0
RD-1001268,True,11,11,0,0
RD-1001269,True,27,24,2,0
RD-1001270,True,51,49,0,1
RD-1001271,True,37,35,1,0
RD-1001272,True,40,40,0,0
RD-1001273,True,26,25,0,1
RD-1001274,True,30,30,0,0
RD-1001275,True,32,27,4,1
RD-1001276,True,27,26,1,0
RD-1001277,True,31,29,1,0
RD-1001278,True,23,21,0,1
RD-1001279,True,27,25,1,1
RD-1001280,True,42,42,0,0
RD-1001281,True,45,45,0,0
RD-1001282,True,40,37,1,1
RD-1001283,True,3,3,0,0
RD-1001284,True,21,20,1,0
RD-1001285,True,39,37,1,1
RD-1001286,True,31,31,0,0
RD-1001287,True,31,27,2,0
RD-1001288,True,27,24,2,1
RD-1001289,True,31,29,1,1
RD-1001290,True,32,31,0,1
RD-1001291,True,29,28,1,0
RD-1001292,True,26,26,0,0
RD-1001293,True,36,35,1,0
RD-1001294,True,21,19,2,0
RD-1001295,True,31,28,3,0
RD-1001296,True,30,29,1,0
RD-1001297,True,24,23,0,1
RD-1001298,True,30,29,1,0
RD-1001299,True,29,27,2,0
RD-1001300,True,38,36,2,0
RD-1001301,True,25,24,0,0
RD-1001302,True,7,4,2,1
RD-1001303,True,34,32,1,0
RD-1001304,True,27,26,1,0
RD-1001305,True,26,26,0,0
RD-1001306,True,34,33,0,1
RD-1001307,True,23,22,0,1
RD-1001308,True,27,27,0,0
RD-1001309,True,33,32,0,0
RD-1001310,True,34,33,1,0
RD-1001311,True,29,27,1,1
RD-1001312,True,35,35,0,0
RD-1001313,True,34,29,5,0
RD-1001314,True,35,30,4,1
RD-1001315,True,30,30,0,0
RD-1001316,True,34,30,3,0
RD-1001317,True,26,24,1,1
RD-1001318,True,19,15,3,1
RD-1001319,True,32,31,1,0
RD-1001320,True,16,15,1,0
RD-1001321,True,29,28,0,1
RD-1001322,True,28,26,2,0
RD-1001323,True,23,23,0,0
RD-1001324,True,27,27,0,0
RD-1001325,True,28,27,1,0
RD-1001326,True,21,21,0,0
RD-1001327,True,28,26,2,0
RD-1001328,True,22,20,1,0
RD-1001329,True,26,26,0,0
RD-1001330,True,21,20,0,1
RD-1001331,True,33,33,0,0
RD-1001332,True,33,31,0,2
RD-1001333,True,22,21,0,1
RD-1001334,True,20,19,1,0
RD-1001335,True,30,27,0,3
RD-1001336,True,49,45,0,2
RD-1001337,True,24,23,1,0
RD-1001338,True,34,34,0,0
RD-1001339,True,28,24,4,0
RD-1001340,True,2,2,0,0
RD-1001341,True,34,34,0,0
RD-1001342,True,52,50,1,1
RD-1001343,True,24,23,1,0
RD-1001344,True,20,19,0,0
RD-1001345,True,24,24,0,0
RD-1001346,True,22,21,0,0
RD-1001347,True,29,26,2,1
RD-1001348,True,30,30,0,0
RD-1001349,True,33,33,0,0
RD-1001350,True,28,28,0,0
RD-1001351,True,24,22,2,0
RD-1001352,True,26,23,1,2
RD-1001353,True,25,23,2,0
RD-1001354,True,30,28,1,0
RD-1001355,True,31,30,1,0
RD-1001356,True,44,43,1,0
RD-1001357,True,2,2,0,0
RD-1001358,True,21,21,0,0
RD-1001359,True,18,17,1,0
RD-1001360,True,28,23,3,1
RD-1001361,True,41,40,1,0
RD-1001362,True,23,23,0,0
RD-1001363,True,25,24,1,0
RD-1001364,True,19,17,2,0
RD-1001365,True,35,34,1,0
RD-1001366,True,29,28,1,0
RD-1001367,True,34,34,0,0
RD-1001368,True,26,23,0,2
RD-1001369,True,30,29,1,0
RD-1001370,True,33,32,0,1
RD-1001371,True,37,37,0,0
RD-1001372,True,29,29,0,0
RD-1001373,True,20,19,1,0
RD-1001374,True,21,20,0,0
RD-1001375,True,40,40,0,0
RD-1001376,True,34,33,0,1
RD-1001377,True,33,32,0,0
RD-1001378,True,33,32,1,0
RD-1001379,True,42,41,0,0
RD-1001380,True,27,26,0,1
RD-1001381,True,28,26,1,0
RD-1001382,True,26,23,2,1
RD-1001383,True,23,20,1,1
RD-1001384,True,37,32,2,1
RD-1001385,True,20,20,0,0
RD-1001386,True,25,22,0,3
RD-1001387,True,25,24,1,0
RD-1001388,True,20,19,1,0
RD-1001389,True,29,28,1,0
RD-1001390,True,27,26,1,0
RD-1001391,True,31,31,0,0
RD-1001392,True,32,29,1,1
RD-1001393,True,33,32,0,0
RD-1001394,True,28,28,0,0
RD-1001395,True,26,26,0,0
RD-1001396,True,32,32,0,0
RD-1001397,True,39,38,0,1
RD-1001398,True,34,32,1,0
RD-1001399,True,24,23,0,0
RD-1001400,True,20,16,1,3
RD-1001401,True,21,21,0,0
RD-1001402,True,43,42,1,0
RD-1001403,True,44,41,2,0
RD-1001404,True,8,8,0,0
RD-1001405,True,26,25,0,0
RD-1001406,True,25,23,1,1
RD-1001407,True,39,39,0,0
RD-1001408,True,36,36,0,0
RD-1001409,True,36,34,2,0
RD-1001410,True,35,27,3,3
RD-1001411,True,42,40,1,0
RD-1001412,True,25,25,0,0
RD-1001413,True,26,26,0,0
RD-1001414,True,26,25,1,0
RD-1001415,True,22,19,1,1
RD-1001416,True,39,39,0,0
RD-1001417,True,29,27,1,0
RD-1001418,True,35,35,0,0
RD-1001419,True,24,24,0,0
RD-1001420,True,27,27,0,0
RD-1001421,True,23,21,2,0
RD-1001422,True,33,32,1,0
RD-1001423,True,37,35,2,0
RD-1001424,True,23,23,0,0
RD-1001425,True,41,37,1,2
RD-1001426,True,35,33,0,1
RD-1001427,True,30,27,1,1
RD-1001428,True,29,29,0,0
RD-1001429,True,26,25,1,0
RD-1001430,True,21,20,1,0
RD-1001431,True,34,33,1,0
RD-1001432,True,44,41,0,1
RD-1001433,True,29,29,0,0
RD-1001434,True,30,29,1,0
RD-1001435,True,29,28,0,1
RD-1001436,True,18,18,0,0
RD-1001437,True,25,25,0,0
RD-1001438,True,27,26,1,0
RD-1001439,True,22,21,1,0
RD-1001440,True,39,37,1,0
RD-1001441,True,22,22,0,0
RD-1001442,True,39,38,0,1
RD-1001443,True,20,18,1,1
RD-1001444,True,27,25,2,0
RD-1001445,True,56,54,1,1
RD-1001446,True,23,22,1,0
RD-1001447,True,30,30,0,0
RD-1001448,True,34,27,4,3
RD-1001449,True,14,12,1,1
RD-1001450,True,25,24,1,0
RD-1001451,True,31,30,1,0
RD-1001452,True,23,23,0,0
RD-1001453,True,33,33,0,0
RD-1001454,True,24,23,0,1
RD-1001455,True,23,23,0,0
RD-1001456,True,19,19,0,0
RD-1001457,True,36,32,2,2
RD-1001458,True,30,30,0,0
RD-1001459,True,24,23,1,0
RD-1001460,True,26,26,0,0
RD-1001461,True,26,24,2,0
RD-1001462,True,7,7,0,0
RD-1001463,True,31,31,0,0
RD-1001464,True,26,25,1,0
RD-1001465,True,31,30,1,0
RD-1001466,True,31,31,0,0
RD-1001467,True,37,36,1,0
RD-1001468,True,25,25,0,0
RD-1001469,True,24,23,1,0
RD-1001470,True,35,31,1,2
RD-1001471,True,31,30,0,0
RD-1001472,True,28,27,1,0
RD-1001473,True,28,27,0,1
RD-1001474,True,33,33,0,0
RD-1001475,True,26,25,0,1
RD-1001476,True,29,27,2,0
RD-1001477,True,27,27,0,0
RD-1001478,True,24,22,0,1
RD-1001479,True,28,26,2,0
RD-1001480,True,38,35,1,1
RD-1001481,True,33,33,0,0
RD-1001482,True,32,31,1,0
RD-1001483,True,23,22,1,0
RD-1001484,True,30,27,2,0
RD-1001485,True,30,30,0,0
RD-1001486,True,28,27,0,1
RD-1001487,True,12,12,0,0
RD-1001488,True,36,35,0,1
RD-1001489,True,30,30,0,0
RD-1001490,True,37,34,1,1
RD-1001491,True,27,27,0,0
RD-1001492,True,29,27,2,0
RD-1001493,True,27,26,1,0
RD-1001494,True,33,32,1,0
RD-1001495,True,24,24,0,0
RD-1001496,True,26,26,0,0
RD-1001497,True,29,29,0,0
RD-1001498,True,24,21,1,2
RD-1001499,True,38,34,2,1
RD-1001500,True,35,34,1,0
RD-1001501,True,32,27,1,2
RD-1001502,True,38,38,0,0
RD-1001503,True,32,30,1,1
RD-1001504,True,25,23,2,0
RD-1001505,True,31,28,2,1
RD-1001506,True,28,28,0,0
RD-1001507,True,29,29,0,0
RD-1001508,True,25,24,1,0
RD-1001509,True,19,18,1,0
RD-1001510,True,33,31,1,1
RD-1001511,True,20,19,0,1
RD-1001512,True,25,25,0,0
RD-1001513,True,24,23,1,0
RD-1001514,True,26,25,0,1
RD-1001515,True,39,38,0,1
RD-1001516,True,24,24,0,0
RD-1001517,True,28,28,0,0
RD-1001518,True,38,36,1,1
RD-1001519,True,17,17,0,0
RD-1001520,True,34,33,1,0
RD-1001521,True,29,29,0,0
RD-1001522,True,30,29,1,0
RD-1001523,True,21,21,0,0
RD-1001524,True,32,32,0,0
RD-1001525,True,32,32,0,0
RD-1001526,True,32,30,0,1
RD-1001527,True,24,23,1,0
RD-1001528,True,26,24,1,0
RD-1001529,True,31,29,2,0
RD-1001530,True,18,18,0,0
RD-1001531,True,34,33,1,0
RD-1001532,True,32,30,0,0
RD-1001533,True,26,24,1,1
RD-1001534,True,33,33,0,0
RD-1001535,True,29,27,0,1
RD-1001536,True,33,32,1,0
RD-1001537,True,36,33,1,1
RD-1001538,True,26,25,0,1
RD-1001539,True,44,41,2,1
RD-1001540,True,35,34,0,0
RD-1001541,True,42,40,1,0
RD-1001542,True,29,28,1,0
RD-1001543,True,38,37,1,0
RD-1001544,True,27,24,2,1
RD-1001545,True,26,23,1,1
RD-1001546,True,30,30,0,0
RD-1001547,True,28,28,0,0
RD-1001548,True,24,23,0,1
RD-1001549,True,22,19,3,0
RD-1001550,True,34,31,3,0
RD-1001551,True,28,28,0,0
RD-1001552,True,47,46,0,1
RD-1001553,True,37,36,1,0
RD-1001554,True,29,29,0,0
RD-1001555,True,48,48,0,0
RD-1001556,True,29,26,3,0
RD-1001557,True,43,42,0,0
RD-1001558,True,35,34,0,0
RD-1001559,True,33,32,1,0
RD-1001560,True,28,27,1,0
RD-1001561,True,25,24,1,0
RD-1001562,True,32,30,2,0
RD-1001563,True,31,29,1,1
RD-1001564,True,28,28,0,0
RD-1001565,True,31,29,0,0
RD-1001566,True,32,30,2,0
RD-1001567,True,26,25,1,0
RD-1001568,True,27,24,0,3
RD-1001569,True,26,24,2,0
RD-1001570,True,22,22,0,0
RD-1001571,True,14,14,0,0
RD-1001572,True,35,33,1,1
RD-1001573,True,33,32,1,0
RD-1001574,True,31,31,0,0
RD-1001575,True,28,27,0,0
RD-1001576,True,21,20,0,1
RD-1001577,True,49,45,3,0
RD-1001578,True,29,27,0,2
RD-1001579,True,36,36,0,0
RD-1001580,True,23,21,1,1
RD-1001581,True,31,29,2,0
RD-1001582,True,26,26,0,0
RD-1001583,True,17,17,0,0
RD-1001584,True,51,50,0,0
RD-1001585,True,23,23,0,0
RD-1001586,True,28,27,0,1
RD-1001587,True,31,31,0,0
RD-1001588,True,17,16,1,0
RD-1001589,True,32,32,0,0
RD-1001590,True,29,25,2,2
RD-1001591,True,22,20,1,1
RD-1001592,True,28,28,0,0
RD-1001593,True,41,41,0,0
RD-1001594,True,32,30,0,0
RD-1001595,True,32,31,0,1
RD-1001596,True,32,32,0,0
RD-1001597,True,23,21,1,1
RD-1001598,True,29,29,0,0
RD-1001599,True,27,27,0,0
RD-1001600,True,21,20,0,1
RD-1001601,True,24,18,5,1
RD-1001602,True,23,22,1,0
RD-1001603,True,37,37,0,0
RD-1001604,True,42,40,1,1
RD-1001605,True,22,22,0,0
RD-1001606,True,18,16,0,2
RD-1001607,True,40,39,0,0
RD-1001608,True,23,20,1,2
RD-1001609,True,26,25,0,1
RD-1001610,True,38,38,0,0
RD-1001611,True,8,8,0,0
RD-1001612,True,29,28,0,1
RD-1001613,True,26,25,1,0
RD-1001614,True,27,27,0,0
RD-1001615,True,25,25,0,0
RD-1001616,True,26,24,1,0
RD-1001617,True,21,21,0,0
RD-1001618,True,36,35,1,0
RD-1001619,True,22,21,0,1
RD-1001620,True,28,28,0,0
RD-1001621,True,26,23,2,1
RD-1001622,True,36,36,0,0
RD-1001623,True,24,20,4,0
RD-1001624,True,17,15,1,1
RD-1001625,True,20,18,2,0
RD-1001626,True,46,46,0,0
RD-1001627,True,29,29,0,0
RD-1001628,True,15,15,0,0
RD-1001629,True,39,37,2,0
RD-1001630,True,39,35,3,0
RD-1001631,True,34,33,0,1
RD-1001632,True,23,22,1,0
RD-1001633,True,30,29,1,0
RD-1001634,True,53,51,0,1
RD-1001635,True,23,22,1,0
RD-1001636,True,27,26,1,0
RD-1001637,True,40,39,1,0
RD-1001638,True,25,24,0,0
RD-1001639,True,39,38,0,1
RD-1001640,True,30,30,0,0
RD-1001641,True,27,26,1,0
RD-1001642,True,30,26,2,2
RD-1001643,True,21,21,0,0
RD-1001644,True,39,37,0,2
RD-1001645,True,27,25,1,0
RD-1001646,True,25,25,0,0
RD-1001647,True,29,28,0,0
RD-1001648,True,46,45,0,1
RD-1001649,True,39,38,1,0
RD-1001650,True,29,29,0,0
RD-1001651,True,18,16,1,1
RD-1001652,True,37,36,0,0
RD-1001653,True,37,34,1,2
RD-1001654,True,39,37,0,1
RD-1001655,True,33,31,1,1
RD-1001656,True,27,25,2,0
RD-1001657,True,37,37,0,0
RD-1001658,True,45,44,1,0
RD-1001659,True,39,38,1,0
RD-1001660,True,32,30,2,0
RD-1001661,True,29,25,2,1
RD-1001662,True,18,17,0,1
RD-1001663,True,24,24,0,0
RD-1001664,True,19,19,0,0
RD-1001665,True,28,27,1,0
RD-1001666,True,25,24,1,0
RD-1001667,True,27,26,1,0
RD-1001668,True,44,42,1,1
RD-1001669,True,21,20,0,1
RD-1001670,True,25,25,0,0
RD-1001671,True,24,23,0,0
RD-1001672,True,26,26,0,0
RD-1001673,True,29,28,0,0
RD-1001674,True,41,40,0,0
RD-1001675,True,23,22,1,0
RD-1001676,True,31,30,0,1
RD-1001677,True,28,28,0,0
RD-1001678,True,5,5,0,0
RD-1001679,True,42,42,0,0
RD-1001680,True,34,34,0,0
RD-1001681,True,26,25,0,1
RD-1001682,True,42,39,1,2
RD-1001683,True,22,21,1,0
RD-1001684,True,35,30,1,2
RD-1001685,True,28,28,0,0
RD-1001686,True,36,36,0,0
RD-1001687,True,28,23,3,2
RD-1001688,True,25,24,0,0
RD-1001689,True,12,12,0,0
RD-1001690,True,27,27,0,0
RD-1001691,True,23,23,0,0
RD-1001692,True,27,25,1,0
RD-1001693,True,36,34,2,0
RD-1001694,True,46,41,3,0
RD-1001695,True,26,25,1,0
RD-1001696,True,34,34,0,0
RD-1001697,True,28,26,2,0
RD-1001698,True,24,24,0,0
RD-1001699,True,23,22,1,0
RD-1001700,True,37,35,0,1
RD-1001701,True,32,31,0,1
RD-1001702,True,24,23,1,0
RD-1001703,True,26,26,0,0
RD-1001704,True,25,23,1,0
RD-1001705,True,24,23,1,0
RD-1001706,True,29,28,1,0
RD-1001707,True,29,28,0,0
RD-1001708,True,31,24,6,0
RD-1001709,True,33,32,1,0
RD-1001710,True,31,31,0,0
RD-1001711,True,40,39,0,0
RD-1001712,True,22,22,0,0
RD-1001713,True,25,25,0,0
RD-1001714,True,26,23,2,1
RD-1001715,True,23,20,1,1
RD-1001716,True,19,18,0,0
RD-1001717,True,35,35,0,0
RD-1001718,True,25,25,0,0
RD-1001719,True,30,26,4,0
RD-1001720,True,24,24,0,0
RD-1001721,True,28,28,0,0
RD-1001722,True,18,16,0,2
RD-1001723,True,41,40,1,0
RD-1001724,True,24,24,0,0
RD-1001725,True,35,34,0,0
RD-1001726,True,26,25,0,1
RD-1001727,True,40,39,1,0
RD-1001728,True,28,27,1,0
RD-1001729,True,36,34,2,0
RD-1001730,True,35,32,2,1
RD-1001731,True,17,16,1,0
RD-1001732,True,25,23,0,2
RD-1001733,True,33,32,0,1
RD-1001734,True,29,26,2,0
RD-1001735,True,13,12,1,0
RD-1001736,True,21,20,0,1
RD-1001737,True,6,5,1,0
RD-1001738,True,17,16,0,1
RD-1001739,True,23,22,1,0
RD-1001740,True,34,34,0,0
RD-1001741,True,27,25,1,0
RD-1001742,True,33,30,1,2
RD-1001743,True,40,40,0,0
RD-1001744,True,24,23,0,0
RD-1001745,True,28,26,2,0
RD-1001746,True,25,25,0,0
RD-1001747,True,42,40,2,0
RD-1001748,True,30,29,0,0
RD-1001749,True,35,34,0,0
RD-1001750,True,51,50,0,1
RD-1001751,True,27,26,1,0
RD-1001752,True,38,35,1,1
RD-1001753,True,29,29,0,0
RD-1001754,True,25,24,0,0
RD-1001755,True,25,23,1,0
RD-1001756,True,16,16,0,0
RD-1001757,True,32,32,0,0
RD-1001758,True,21,21,0,0
RD-1001759,True,24,21,3,0
RD-1001760,True,32,31,0,1
RD-1001761,True,42,39,2,1
RD-1001762,True,21,19,1,1
RD-1001763,True,28,27,1,0
RD-1001764,True,28,24,1,2
RD-1001765,True,29,29,0,0
RD-1001766,True,15,15,0,0
RD-1001767,True,31,30,0,0
RD-1001768,True,32,29,1,1
RD-1001769,True,26,26,0,0
RD-1001770,True,35,32,1,1
RD-1001771,True,26,26,0,0
RD-1001772,True,32,31,1,0
RD-1001773,True,26,25,0,1
RD-1001774,True,32,31,0,0
RD-1001775,True,38,37,0,1
RD-1001776,True,27,26,1,0
RD-1001777,True,20,16,3,0
RD-1001778,True,20,17,2,1
RD-1001779,True,25,25,0,0
RD-1001780,True,24,22,0,0
RD-1001781,True,23,23,0,0
RD-1001782,True,25,24,1,0
RD-1001783,True,31,30,0,1
RD-1001784,True,23,22,1,0
RD-1001785,True,44,43,1,0
RD-1001786,True,30,29,0,0
RD-1001787,True,31,31,0,0
RD-1001788,True,5,5,0,0
RD-1001789,True,24,24,0,0
RD-1001790,True,26,26,0,0
RD-1001791,True,26,25,0,0
RD-1001792,True,26,26,0,0
RD-1001793,True,35,33,1,1
RD-1001794,True,13,12,0,1
RD-1001795,True,21,19,2,0
RD-1001796,True,27,26,1,0
RD-1001797,True,25,23,2,0
RD-1001798,True,33,32,0,0
RD-1001799,True,32,30,2,0
RD-1001800,True,42,41,1,0
RD-1001801,True,24,23,1,0
RD-1001802,True,33,31,1,1
RD-1001803,True,20,19,1,0
RD-1001804,True,30,28,1,1
RD-1001805,True,28,27,0,0
RD-1001806,True,43,41,2,0
RD-1001807,True,34,33,0,1
RD-1001808,True,27,25,1,1
RD-1001809,True,29,25,1,2
RD-1001810,True,30,30,0,0
RD-1001811,True,24,22,1,0
RD-1001812,True,26,25,0,1
RD-1001813,True,34,33,1,0
RD-1001814,True,40,39,0,0
RD-1001815,True,28,28,0,0
RD-1001816,True,41,37,3,1
RD-1001817,True,26,26,0,0
RD-1001818,True,22,22,0,0
RD-1001819,True,42,37,4,1
RD-1001820,True,32,31,0,0
RD-1001821,True,31,30,1,0
RD-1001822,True,23,23,0,0
RD-1001823,True,32,30,2,0
RD-1001824,True,32,31,1,0
RD-1001825,True,24,22,0,2
RD-1001826,True,29,28,0,1
RD-1001827,True,32,32,0,0
RD-1001828,True,52,49,2,1
RD-1001829,True,30,29,1,0
RD-1001830,True,32,31,0,0
RD-1001831,True,27,26,1,0
RD-1001832,True,30,30,0,0
RD-1001833,True,28,27,1,0
RD-1001834,True,29,28,0,1
RD-1001835,True,19,17,1,1
RD-1001836,True,19,14,4,0
RD-1001837,True,23,22,1,0
RD-1001838,True,22,20,1,1
RD-1001839,True,29,27,1,1
RD-1001840,True,35,32,3,0
RD-1001841,True,34,33,0,0
RD-1001842,True,45,44,1,0
RD-1001843,True,26,25,1,0
RD-1001844,True,30,27,2,0
RD-1001845,True,35,34,0,1
RD-1001846,True,24,23,0,0
RD-1001847,True,28,28,0,0
RD-1001848,True,23,18,5,0
RD-1001849,True,30,30,0,0
RD-1001850,True,19,18,0,1
RD-1001851,True,26,25,1,0
RD-1001852,True,30,29,1,0
RD-1001853,True,26,26,0,0
RD-1001854,True,33,30,1,1
RD-1001855,True,22,22,0,0
RD-1001856,True,27,27,0,0
RD-1001857,True,17,16,0,1
RD-1001858,True,27,26,0,0
RD-1001859,True,40,39,1,0
RD-1001860,True,37,36,1,0
RD-1001861,True,24,23,0,1
RD-1001862,True,39,36,1,1
RD-1001863,True,42,42,0,0
RD-1001864,True,27,25,1,1
RD-1001865,True,27,27,0,0
RD-1001866,True,34,32,2,0
RD-1001867,True,18,17,0,1
RD-1001868,True,24,24,0,0
RD-1001869,True,29,29,0,0
RD-1001870,True,24,22,0,1
RD-1001871,True,26,24,1,0
RD-1001872,True,29,27,0,0
RD-1001873,True,28,26,1,0
RD-1001874,True,13,11,0,2
RD-1001875,True,39,37,1,1
RD-1001876,True,25,25,0,0
RD-1001877,True,32,30,1,1
RD-1001878,True,18,15,2,1
RD-1001879,True,27,24,2,0
RD-1001880,True,20,20,0,0
RD-1001881,True,24,24,0,0
RD-1001882,True,40,37,2,1
RD-1001883,True,32,31,0,1
RD-1001884,True,23,23,0,0
RD-1001885,True,36,35,1,0
RD-1001886,True,24,22,1,1
RD-1001887,True,26,26,0,0
RD-1001888,True,35,34,1,0
RD-1001889,True,31,30,0,1
RD-1001890,True,21,21,0,0
RD-1001891,True,33,31,1,1
RD-1001892,True,30,28,1,0
RD-1001893,True,36,34,0,2
RD-1001894,True,28,27,1,0
RD-1001895,True,41,37,3,0
RD-1001896,True,23,23,0,0
RD-1001897,True,27,26,0,1
RD-1001898,True,23,23,0,0
RD-1001899,True,24,24,0,0
RD-1001900,True,33,33,0,0
RD-1001901,True,27,25,0,2
RD-1001902,True,35,33,1,0
RD-1001903,True,27,26,0,1
RD-1001904,True,26,26,0,0
RD-1001905,True,38,37,1,0
RD-1001906,True,25,25,0,0
RD-1001907,True,20,19,1,0
RD-1001908,True,28,26,0,1
RD-1001909,True,25,25,0,0
RD-1001910,True,28,27,1,0
RD-1001911,True,31,29,0,0
RD-1001912,True,24,24,0,0
RD-1001913,True,27,27,0,0
RD-1001914,True,37,35,0,1
RD-1001915,True,28,27,0,0
RD-1001916,True,30,29,1,0
RD-1001917,True,23,21,1,1
RD-1001918,True,32,31,1,0
RD-1001919,True,18,18,0,0
RD-1001920,True,25,25,0,0
RD-1001921,True,33,32,1,0
RD-1001922,True,23,20,2,0
RD-1001923,True,29,26,1,2
RD-1001924,True,44,44,0,0
RD-1001925,True,33,30,1,1
RD-1001926,True,30,29,0,0
RD-1001927,True,33,32,1,0
RD-1001928,True,27,27,0,0
RD-1001929,True,17,15,0,2
RD-1001930,True,24,24,0,0
RD-1001931,True,27,27,0,0
RD-1001932,True,21,21,0,0
RD-1001933,True,29,29,0,0
RD-1001934,True,37,36,0,0
RD-1001935,True,22,21,0,1
RD-1001936,True,26,25,0,0
RD-1001937,True,43,43,0,0
RD-1001938,True,28,28,0,0
RD-1001939,True,27,26,1,0
RD-1001940,True,29,28,1,0
RD-1001941,True,37,35,1,1
RD-1001942,True,23,22,0,1
RD-1001943,True,44,42,2,0
RD-1001944,True,20,20,0,0
RD-1001945,True,31,30,1,0
RD-1001946,True,43,39,1,2
RD-1001947,True,37,34,2,0
RD-1001948,True,33,30,2,0
RD-1001949,True,33,28,4,0
RD-1001950,True,33,32,1,0
RD-1001951,True,5,4,0,1
RD-1001952,True,22,20,1,1
RD-1001953,True,29,27,1,0
RD-1001954,True,26,24,1,1
RD-1001955,True,23,23,0,0
RD-1001956,True,21,21,0,0
RD-1001957,True,23,19,2,1
RD-1001958,True,33,32,0,1
RD-1001959,True,38,35,2,0
RD-1001960,True,24,24,0,0
RD-1001961,True,27,26,1,0
RD-1001962,True,27,26,0,1
RD-1001963,True,17,16,0,1
RD-1001964,True,23,23,0,0
RD-1001965,True,30,30,0,0
RD-1001966,True,30,30,0,0
RD-1001967,True,25,22,2,1
RD-1001968,True,25,24,1,0
RD-1001969,True,30,29,1,0
RD-1001970,True,25,23,2,0
RD-1001971,True,35,33,1,1
RD-1001972,True,9,9,0,0
RD-1001973,True,31,30,0,0
RD-1001974,True,31,31,0,0
RD-1001975,True,19,18,1,0
RD-1001976,True,20,19,1,0
RD-1001977,True,22,22,0,0
RD-1001978,True,27,25,1,1
RD-1001979,True,27,25,2,0
RD-1001980,True,30,27,0,2
RD-1001981,True,23,22,1,0
RD-1001982,True,26,25,0,1
RD-1001983,True,21,20,0,1
RD-1001984,True,24,24,0,0
RD-1001985,True,23,21,1,1
RD-1001986,True,37,37,0,0
RD-1001987,True,28,28,0,0
RD-1001988,True,21,19,1,1
RD-1001989,True,29,29,0,0
RD-1001990,True,29,25,1,2
RD-1001991,True,29,29,0,0
RD-1001992,True,24,24,0,0
RD-1001993,True,30,30,0,0
RD-1001994,True,23,23,0,0
RD-1001995,True,34,31,2,0
RD-1001996,True,42,41,0,1
RD-1001997,True,32,31,1,0
RD-1001998,True,19,18,1,0
RD-1001999,True,29,25,1,3
RD-1002000,True,26,26,0,0
RD-1002001,True,34,30,3,1
RD-1002002,True,29,27,2,0
RD-1002003,True,38,38,0,0
RD-1002004,True,25,22,1,2
RD-1002005,True,28,25,1,1
RD-1002006,True,28,27,0,1
RD-1002007,True,23,22,0,1
RD-1002008,True,51,48,2,0
RD-1002009,True,34,33,1,0
RD-1002010,True,26,25,0,0
RD-1002011,True,9,9,0,0
RD-1002012,True,19,17,2,0
RD-1002013,True,24,24,0,0
RD-1002014,True,41,39,2,0
RD-1002015,True,29,29,0,0
RD-1002016,True,29,29,0,0
RD-1002017,True,24,24,0,0
RD-1002018,True,29,26,2,0
RD-1002019,True,27,26,0,0
RD-1002020,True,43,43,0,0
RD-1002021,True,25,22,1,1
RD-1002022,True,19,18,1,0
RD-1002023,True,41,37,1,1
RD-1002024,True,30,29,0,0
RD-1002025,True,41,38,1,1
RD-1002026,True,21,20,1,0
RD-1002027,True,30,30,0,0
RD-1002028,True,20,16,2,2
RD-1002029,True,30,28,1,0
RD-1002030,True,29,27,2,0
RD-1002031,True,27,26,1,0
RD-1002032,True,26,25,1,0
RD-1002033,True,38,37,0,0
RD-1002034,True,15,14,0,1
RD-1002035,True,27,25,1,0
RD-1002036,True,32,28,1,2
RD-1002037,True,31,31,0,0
RD-1002038,True,31,30,0,1
RD-1002039,True,31,30,1,0
RD-1002040,True,20,20,0,0
RD-1002041,True,16,13,0,1
RD-1002042,True,35,32,1,2
RD-1002043,True,35,32,2,1
RD-1002044,True,41,41,0,0
RD-1002045,True,37,35,0,2
RD-1002046,True,28,28,0,0
RD-1002047,True,6,6,0,0
RD-1002048,True,23,22,0,0
RD-1002049,True,26,25,0,1
RD-1002050,True,19,18,0,1
RD-1002051,True,29,28,0,0
RD-1002052,True,31,31,0,0
RD-1002053,True,21,20,1,0
RD-1002054,True,20,18,1,1
RD-1002055,True,28,27,1,0
RD-1002056,True,31,29,1,1
RD-1002057,True,25,24,0,1
RD-1002058,True,28,27,1,0
RD-1002059,True,31,29,1,1
RD-1002060,True,29,26,1,2
RD-1002061,True,26,26,0,0
RD-1002062,True,33,32,1,0
RD-1002063,True,21,21,0,0
RD-1002064,True,40,40,0,0
RD-1002065,True,35,33,1,1
RD-1002066,True,32,30,0,2
RD-1002067,True,28,26,0,2
RD-1002068,True,5,5,0,0
RD-1002069,True,35,33,0,1
RD-1002070,True,30,28,1,0
RD-1002071,True,31,31,0,0
RD-1002072,True,23,21,1,1
RD-1002073,True,16,15,0,1
RD-1002074,True,7,6,1,0
RD-1002075,True,35,33,2,0
RD-1002076,True,24,23,1,0
RD-1002077,True,31,31,0,0
RD-1002078,True,23,22,1,0
RD-1002079,True,23,20,2,1
RD-1002080,True,34,31,2,1
RD-1002081,True,34,34,0,0
RD-1002082,True,26,24,2,0
RD-1002083,True,37,35,1,0
RD-1002084,True,26,25,0,1
RD-1002085,True,27,26,1,0
RD-1002086,True,26,22,0,2
RD-1002087,True,23,20,2,1
RD-1002088,True,31,29,1,1
RD-1002089,True,35,30,3,2
RD-1002090,True,28,27,0,1
RD-1002091,True,28,27,0,1
RD-1002092,True,37,37,0,0
RD-1002093,True,24,24,0,0
RD-1002094,True,37,35,0,0
RD-1002095,True,61,60,0,1
RD-1002096,True,31,29,1,0
RD-1002097,True,25,25,0,0
RD-1002098,True,25,23,0,2
RD-1002099,True,48,47,0,1
RD-1002100,True,28,24,3,1
RD-1002101,True,32,32,0,0
RD-1002102,True,46,43,2,0
RD-1002103,True,6,6,0,0
RD-1002104,True,27,27,0,0
RD-1002105,True,24,24,0,0
RD-1002106,True,30,30,0,0
RD-1002107,True,31,29,0,1
RD-1002108,True,29,29,0,0
RD-1002109,True,30,28,2,0
RD-1002110,True,19,18,1,0
RD-1002111,True,33,32,0,0
RD-1002112,True,30,29,1,0
RD-1002113,True,27,25,0,2
RD-1002114,True,22,22,0,0
RD-1002115,True,25,24,1,0
RD-1002116,True,27,24,1,2
RD-1002117,True,45,44,1,0
RD-1002118,True,22,22,0,0
RD-1002119,True,43,41,2,0
RD-1002120,True,36,36,0,0
RD-1002121,True,43,38,2,2
RD-1002122,True,30,28,2,0
RD-1002123,True,39,38,1,0
RD-1002124,True,34,33,1,0
RD-1002125,True,30,28,1,1
RD-1002126,True,31,30,0,1
RD-1002127,True,40,40,0,0
RD-1002128,True,48,45,3,0
RD-1002129,True,25,23,1,1
RD-1002130,True,26,23,2,0
RD-1002131,True,29,29,0,0
RD-1002132,True,22,21,0,1
RD-1002133,True,32,30,1,1
RD-1002134,True,31,30,0,0
RD-1002135,True,29,27,1,0
RD-1002136,True,37,35,0,1
RD-1002137,True,9,8,1,0
RD-1002138,True,33,32,0,0
RD-1002139,True,20,20,0,0
RD-1002140,True,39,36,1,2
RD-1002141,True,22,20,1,0
RD-1002142,True,20,20,0,0
RD-1002143,True,27,26,1,0
RD-1002144,True,32,28,3,1
RD-1002145,True,23,23,0,0
RD-1002146,True,30,30,0,0
RD-1002147,True,32,28,2,2
RD-1002148,True,28,26,1,1
RD-1002149,True,5,5,0,0
RD-1002150,True,29,29,0,0
RD-1002151,True,33,33,0,0
RD-1002152,True,21,19,0,0
RD-1002153,True,15,13,1,1
RD-1002154,True,21,21,0,0
RD-1002155,True,26,25,1,0
RD-1002156,True,31,30,0,0
RD-1002157,True,41,40,1,0
RD-1002158,True,29,28,1,0
RD-1002159,True,25,25,0,0
RD-1002160,True,25,25,0,0
RD-1002161,True,22,21,1,0
RD-1002162,True,31,30,1,0
RD-1002163,True,22,22,0,0
RD-1002164,True,34,31,2,0
RD-1002165,True,26,26,0,0
RD-1002166,True,6,5,1,0
RD-1002167,True,31,30,0,1
RD-1002168,True,32,32,0,0
RD-1002169,True,28,25,1,1
RD-1002170,True,28,27,0,1
RD-1002171,True,31,30,1,0
RD-1002172,True,39,36,3,0
RD-1002173,True,6,5,0,1
RD-1002174,True,31,28,3,0
RD-1002175,True,26,24,1,0
RD-1002176,True,26,25,1,0
RD-1002177,True,10,10,0,0
RD-1002178,True,20,18,1,1
RD-1002179,True,41,40,0,0
RD-1002180,True,25,22,2,1
RD-1002181,True,35,35,0,0
RD-1002182,True,19,16,0,3
RD-1002183,True,39,38,0,0
RD-1002184,True,38,36,1,1
RD-1002185,True,46,44,2,0
RD-1002186,True,30,29,0,1
RD-1002187,True,31,28,1,0
RD-1002188,True,4,4,0,0
RD-1002189,True,22,21,1,0
RD-1002190,True,31,31,0,0
RD-1002191,True,36,36,0,0
RD-1002192,True,27,27,0,0
RD-1002193,True,37,31,3,2
RD-1002194,True,32,31,1,0
RD-1002195,True,21,21,0,0
RD-1002196,True,23,22,1,0
RD-1002197,True,35,35,0,0
RD-1002198,True,28,28,0,0
RD-1002199,True,30,29,0,1
RD-1002200,True,28,28,0,0
RD-1002201,True,4,4,0,0
RD-1002202,True,26,22,2,1
RD-1002203,True,28,27,0,1
RD-1002204,True,31,31,0,0
RD-1002205,True,28,28,0,0
RD-1002206,True,26,23,2,1
RD-1002207,True,21,19,2,0
RD-1002208,True,27,25,2,0
RD-1002209,True,20,18,2,0
RD-1002210,True,33,33,0,0
RD-1002211,True,35,32,3,0
RD-1002212,True,41,41,0,0
RD-1002213,True,29,29,0,0
RD-1002214,True,25,22,2,1
RD-1002215,True,33,32,1,0
RD-1002216,True,35,34,0,0
RD-1002217,True,33,33,0,0
RD-1002218,True,28,28,0,0
RD-1002219,True,22,21,1,0
RD-1002220,True,36,35,1,0
RD-1002221,True,22,20,0,1
RD-1002222,True,29,27,1,1
RD-1002223,True,49,47,0,0
RD-1002224,True,27,26,1,0
RD-1002225,True,39,39,0,0
RD-1002226,True,27,24,2,1
RD-1002227,True,30,30,0,0
RD-1002228,True,31,29,1,1
RD-1002229,True,22,21,1,0
RD-1002230,True,32,30,1,1
RD-1002231,True,30,29,0,0
RD-1002232,True,24,23,0,1
RD-1002233,True,34,32,1,1
RD-1002234,True,39,38,0,1
RD-1002235,True,33,31,0,0
RD-1002236,True,25,23,0,0
RD-1002237,True,31,30,0,0
RD-1002238,True,26,24,1,1
RD-1002239,True,31,30,0,1
RD-1002240,True,23,20,2,1
RD-1002241,True,20,20,0,0
RD-1002242,True,26,25,1,0
RD-1002243,True,21,21,0,0
RD-1002244,True,23,21,1,1
RD-1002245,True,33,32,1,0
RD-1002246,True,16,16,0,0
RD-1002247,True,27,25,2,0
RD-1002248,True,25,23,1,1
RD-1002249,True,22,22,0,0
RD-1002250,True,14,13,0,1
RD-1002251,True,36,35,1,0
RD-1002252,True,28,27,1,0
RD-1002253,True,29,25,2,0
RD-1002254,True,49,47,1,1
RD-1002255,True,24,23,1,0
RD-1002256,True,28,27,1,0
RD-1002257,True,5,4,1,0
RD-1002258,True,24,24,0,0
RD-1002259,True,20,20,0,0
RD-1002260,True,28,25,1,0
RD-1002261,True,25,25,0,0
RD-1002262,True,12,9,1,1
RD-1002263,True,30,29,1,0
RD-1002264,True,32,29,3,0
RD-1002265,True,26,26,0,0
RD-1002266,True,27,26,1,0
RD-1002267,True,28,26,0,1
RD-1002268,True,47,46,1,0
RD-1002269,True,26,26,0,0
RD-1002270,True,37,35,1,1
RD-1002271,True,28,28,0,0
RD-1002272,True,36,35,0,0
RD-1002273,True,30,28,0,1
RD-1002274,True,39,39,0,0
RD-1002275,True,25,24,1,0
RD-1002276,True,31,30,1,0
RD-1002277,True,38,36,1,1
RD-1002278,True,26,26,0,0
RD-1002279,True,25,25,0,0
RD-1002280,True,20,20,0,0
RD-1002281,True,37,34,2,0
RD-1002282,True,26,23,1,1
RD-1002283,True,15,15,0,0
RD-1002284,True,34,34,0,0
RD-1002285,True,31,30,1,0
RD-1002286,True,17,14,3,0
RD-1002287,True,21,21,0,0
RD-1002288,True,21,17,3,1
RD-1002289,True,36,36,0,0
RD-1002290,True,24,24,0,0
RD-1002291,True,24,23,1,0
RD-1002292,True,31,31,0,0
RD-1002293,True,24,22,1,1
RD-1002294,True,43,43,0,0
RD-1002295,True,8,8,0,0
RD-1002296,True,30,28,2,0
RD-1002297,True,34,33,1,0
RD-1002298,True,23,21,1,0
RD-1002299,True,30,27,2,0
RD-1002300,True,35,33,2,0
RD-1002301,True,30,27,1,2
RD-1002302,True,26,26,0,0
RD-1002303,True,19,18,0,1
RD-1002304,True,26,24,0,1
RD-1002305,True,20,19,1,0
RD-1002306,True,25,24,1,0
RD-1002307,True,32,32,0,0
RD-1002308,True,37,37,0,0
RD-1002309,True,36,35,1,0
RD-1002310,True,31,29,0,1
RD-1002311,True,29,29,0,0
RD-1002312,True,32,31,1,0
RD-1002313,True,21,21,0,0
RD-1002314,True,39,37,1,1
RD-1002315,True,38,37,0,1
RD-1002316,True,37,35,1,1
RD-1002317,True,29,28,1,0
RD-1002318,True,21,20,1,0
RD-1002319,True,18,17,1,0
RD-1002320,True,33,33,0,0
RD-1002321,True,24,23,0,1
RD-1002322,True,16,16,0,0
RD-1002323,True,16,15,0,1
RD-1002324,True,34,33,1,0
RD-1002325,True,25,24,0,1
RD-1002326,True,6,6,0,0
RD-1002327,True,23,23,0,0
RD-1002328,True,33,32,1,0
RD-1002329,True,37,34,1,2
RD-1002330,True,26,26,0,0
RD-1002331,True,37,37,0,0
RD-1002332,True,34,33,1,0
RD-1002333,True,27,24,2,1
RD-1002334,True,33,33,0,0
RD-1002335,True,31,29,2,0
RD-1002336,True,34,33,0,1
RD-1002337,True,22,22,0,0
RD-1002338,True,27,27,0,0
RD-1002339,True,26,26,0,0
RD-1002340,True,31,31,0,0
RD-1002341,True,29,27,0,1
RD-1002342,True,42,41,1,0
RD-1002343,True,6,6,0,0
RD-1002344,True,33,33,0,0
RD-1002345,True,26,24,1,0
RD-1002346,True,47,42,5,0
RD-1002347,True,23,23,0,0
RD-1002348,True,42,42,0,0
RD-1002349,True,45,44,0,1
RD-1002350,True,29,28,1,0
RD-1002351,True,28,28,0,0
RD-1002352,True,26,26,0,0
RD-1002353,True,44,44,0,0
RD-1002354,True,30,29,0,1
RD-1002355,True,25,25,0,0
RD-1002356,True,28,27,1,0
RD-1002357,True,36,32,4,0
RD-1002358,True,28,28,0,0
RD-1002359,True,40,40,0,0
RD-1002360,True,48,45,3,0
RD-1002361,True,28,26,2,0
RD-1002362,True,24,23,1,0
RD-1002363,True,30,30,0,0
RD-1002364,True,32,32,0,0
RD-1002365,True,18,14,3,1
RD-1002366,True,28,25,3,0
RD-1002367,True,33,32,0,0
RD-1002368,True,34,33,1,0
RD-1002369,True,25,25,0,0
RD-1002370,True,26,26,0,0
RD-1002371,True,26,25,1,0
RD-1002372,True,28,26,0,2
RD-1002373,True,27,27,0,0
RD-1002374,True,24,24,0,0
RD-1002375,True,29,27,1,1
RD-1002376,True,32,30,2,0
RD-1002377,True,39,37,1,1
RD-1002378,True,39,37,0,2
RD-1002379,True,36,36,0,0
RD-1002380,True,24,22,1,1
RD-1002381,True,26,26,0,0
RD-1002382,True,35,33,1,1
RD-1002383,True,24,22,0,2
RD-1002384,True,29,27,1,1
RD-1002385,True,33,33,0,0
RD-1002386,True,23,21,0,2
RD-1002387,True,29,27,1,1
RD-1002388,True,7,7,0,0
RD-1002389,True,25,25,0,0
RD-1002390,True,44,44,0,0
RD-1002391,True,36,35,1,0
RD-1002392,True,29,28,0,0
RD-1002393,True,26,26,0,0
RD-1002394,True,19,18,1,0
RD-1002395,True,44,43,1,0
RD-1002396,True,37,35,1,0
RD-1002397,True,40,39,1,0
RD-1002398,True,8,8,0,0
RD-1002399,True,32,31,1,0
RD-1002400,True,22,21,1,0
RD-1002401,True,34,31,2,1
RD-1002402,True,38,35,2,1
RD-1002403,True,34,33,0,1
RD-1002404,True,41,40,1,0
RD-1002405,True,27,27,0,0
RD-1002406,True,40,39,0,0
RD-1002407,True,36,35,0,1
RD-1002408,True,25,22,3,0
RD-1002409,True,32,29,2,1
RD-1002410,True,22,22,0,0
RD-1002411,True,24,24,0,0
RD-1002412,True,22,22,0,0
RD-1002413,True,28,28,0,0
RD-1002414,True,22,21,0,0
RD-1002415,True,24,22,1,0
RD-1002416,True,38,38,0,0
RD-1002417,True,38,36,2,0
RD-1002418,True,27,26,1,0
RD-1002419,True,28,27,0,1
RD-1002420,True,31,30,1,0
RD-1002421,True,38,38,0,0
RD-1002422,True,29,27,1,1
RD-1002423,True,29,29,0,0
RD-1002424,True,24,20,3,1
RD-1002425,True,29,28,1,0
RD-1002426,True,29,29,0,0
RD-1002427,True,33,32,0,0
RD-1002428,True,28,27,0,1
RD-1002429,True,25,23,2,0
RD-1002430,True,25,24,0,1
RD-1002431,True,36,34,0,1
RD-1002432,True,24,23,0,1
RD-1002433,True,26,26,0,0
RD-1002434,True,27,25,1,1
RD-1002435,True,23,22,1,0
RD-1002436,True,31,31,0,0
RD-1002437,True,9,8,0,1
RD-1002438,True,31,31,0,0
RD-1002439,True,25,24,1,0
RD-1002440,True,20,19,0,0
RD-1002441,True,36,33,1,0
RD-1002442,True,23,23,0,0
RD-1002443,True,36,33,2,1
RD-1002444,True,21,21,0,0
RD-1002445,True,22,20,1,1
RD-1002446,True,13,13,0,0
RD-1002447,True,30,29,0,0
RD-1002448,True,32,30,1,1
RD-1002449,True,31,30,1,0
RD-1002450,True,22,19,2,0
RD-1002451,True,26,26,0,0
RD-1002452,True,25,25,0,0
RD-1002453,True,25,24,1,0
RD-1002454,True,29,29,0,0
RD-1002455,True,29,29,0,0
RD-1002456,True,33,32,0,0
RD-1002457,True,38,37,1,0
RD-1002458,True,34,32,2,0
RD-1002459,True,36,35,0,1
RD-1002460,True,24,23,0,1
RD-1002461,True,21,20,0,1
RD-1002462,True,36,36,0,0
RD-1002463,True,17,14,2,1
RD-1002464,True,31,29,1,0
RD-1002465,True,32,29,2,0
RD-1002466,True,22,21,1,0
RD-1002467,True,29,25,1,2
RD-1002468,True,22,22,0,0
RD-1002469,True,37,37,0,0
RD-1002470,True,40,39,1,0
RD-1002471,True,30,30,0,0
RD-1002472,True,28,27,1,0
RD-1002473,True,31,27,4,0
RD-1002474,True,24,23,1,0
RD-1002475,True,34,32,2,0
RD-1002476,True,23,21,1,1
RD-1002477,True,27,26,1,0
RD-1002478,True,29,28,1,0
RD-1002479,True,24,23,1,0
RD-1002480,True,18,17,1,0
RD-1002481,True,35,34,0,0
RD-1002482,True,32,31,1,0
RD-1002483,True,31,30,0,0
RD-1002484,True,20,19,1,0
RD-1002485,True,20,19,0,1
RD-1002486,True,38,38,0,0
RD-1002487,True,38,36,0,0
RD-1002488,True,30,30,0,0
RD-1002489,True,27,25,0,0
RD-1002490,True,39,37,2,0
RD-1002491,True,28,27,1,0
RD-1002492,True,37,36,1,0
RD-1002493,True,39,37,1,0
RD-1002494,True,23,22,0,1
RD-1002495,True,32,29,1,1
RD-1002496,True,28,26,1,0
RD-1002497,True,28,26,1,1
RD-1002498,True,35,34,0,0
RD-1002499,True,32,31,1,0
RD-1002500,True,28,27,0,1
RD-1002501,True,17,14,2,1
RD-1002502,True,41,41,0,0
RD-1002503,True,25,23,0,2
RD-1002504,True,29,29,0,0
RD-1002505,True,6,6,0,0
RD-1002506,True,8,7,0,1
RD-1002507,True,32,31,1,0
RD-1002508,True,18,17,0,1
RD-1002509,True,29,26,2,1
RD-1002510,True,29,28,1,0
RD-1002511,True,24,23,1,0
RD-1002512,True,27,27,0,0
RD-1002513,True,29,28,0,0
RD-1002514,True,39,37,1,0
RD-1002515,True,44,41,1,2
RD-1002516,True,26,26,0,0
RD-1002517,True,34,31,0,3
RD-1002518,True,29,27,1,1
RD-1002519,True,28,26,2,0
RD-1002520,True,24,24,0,0
RD-1002521,True,35,35,0,0
RD-1002522,True,12,10,2,0
RD-1002523,True,34,34,0,0
RD-1002524,True,21,20,1,0
RD-1002525,True,29,25,3,1
RD-1002526,True,38,37,1,0
RD-1002527,True,28,28,0,0
RD-1002528,True,39,37,1,1
RD-1002529,True,31,30,1,0
RD-1002530,True,28,27,0,1
RD-1002531,True,33,33,0,0
RD-1002532,True,43,41,1,1
RD-1002533,True,26,26,0,0
RD-1002534,True,28,27,1,0
RD-1002535,True,20,18,1,1
RD-1002536,True,23,23,0,0
RD-1002537,True,33,33,0,0
RD-1002538,True,27,26,0,0
RD-1002539,True,37,37,0,0
RD-1002540,True,32,32,0,0
RD-1002541,True,28,28,0,0
RD-1002542,True,25,22,1,2
RD-1002543,True,30,27,1,0
RD-1002544,True,33,33,0,0
RD-1002545,True,34,33,0,0
RD-1002546,True,24,23,1,0
RD-1002547,True,23,23,0,0
RD-1002548,True,26,25,1,0
RD-1002549,True,46,44,1,1
RD-1002550,True,7,7,0,0
RD-1002551,True,28,28,0,0
RD-1002552,True,21,20,0,1
RD-1002553,True,27,27,0,0
RD-1002554,True,33,33,0,0
RD-1002555,True,33,33,0,0
RD-1002556,True,36,33,2,1
RD-1002557,True,21,20,1,0
RD-1002558,True,26,26,0,0
RD-1002559,True,27,26,1,0
RD-1002560,True,21,20,1,0
RD-1002561,True,32,30,0,1
RD-1002562,True,32,30,2,0
RD-1002563,True,35,31,1,2
RD-1002564,True,27,26,1,0
RD-1002565,True,30,29,1,0
RD-1002566,True,38,36,1,1
RD-1002567,True,22,21,1,0
RD-1002568,True,33,31,1,0
RD-1002569,True,24,24,0,0
RD-1002570,True,48,47,0,0
RD-1002571,True,18,17,1,0
RD-1002572,True,32,31,0,1
RD-1002573,True,31,31,0,0
RD-1002574,True,31,27,2,1
RD-1002575,True,27,26,1,0
RD-1002576,True,23,22,0,1
RD-1002577,True,24,22,1,1
RD-1002578,True,29,29,0,0
RD-1002579,True,31,27,4,0
RD-1002580,True,30,30,0,0
RD-1002581,True,27,26,1,0
RD-1002582,True,30,30,0,0
RD-1002583,True,23,20,2,1
RD-1002584,True,27,26,1,0
RD-1002585,True,24,23,1,0
RD-1002586,True,43,41,1,0
RD-1002587,True,29,27,0,2
RD-1002588,True,24,24,0,0
RD-1002589,True,39,36,2,0
RD-1002590,True,40,38,2,0
RD-1002591,True,35,35,0,0
RD-1002592,True,39,37,1,1
RD-1002593,True,31,29,1,1
RD-1002594,True,29,28,1,0
RD-1002595,True,38,35,3,0
RD-1002596,True,29,27,1,1
RD-1002597,True,37,32,4,1
RD-1002598,True,30,30,0,0
RD-1002599,True,18,18,0,0
RD-1002600,True,27,25,0,1
RD-1002601,True,31,30,0,1
RD-1002602,True,30,28,2,0
RD-1002603,True,25,24,1,0
RD-1002604,True,26,21,4,1
RD-1002605,True,18,18,0,0
RD-1002606,True,34,31,2,1
RD-1002607,True,38,36,2,0
RD-1002608,True,38,37,1,0
RD-1002609,True,25,24,0,1
RD-1002610,True,30,30,0,0
RD-1002611,True,29,26,2,0
RD-1002612,True,30,28,1,1
RD-1002613,True,28,28,0,0
RD-1002614,True,44,38,5,1
RD-1002615,True,31,30,1,0
RD-1002616,True,17,17,0,0
RD-1002617,True,28,28,0,0
RD-1002618,True,31,31,0,0
RD-1002619,True,32,28,3,1
RD-1002620,True,26,21,2,1
RD-1002621,True,36,33,2,0
RD-1002622,True,31,30,1,0
RD-1002623,True,26,23,2,1
RD-1002624,True,32,29,2,0
RD-1002625,True,22,22,0,0
RD-1002626,True,27,26,1,0
RD-1002627,True,36,34,2,0
RD-1002628,True,32,32,0,0
RD-1002629,True,40,39,0,1
RD-1002630,True,17,17,0,0
RD-1002631,True,35,34,0,1
RD-1002632,True,17,16,0,0
RD-1002633,True,54,53,1,0
RD-1002634,True,19,19,0,0
RD-1002635,True,36,32,2,2
RD-1002636,True,50,48,0,1
RD-1002637,True,22,22,0,0
RD-1002638,True,28,23,1,1
RD-1002639,True,24,24,0,0
RD-1002640,True,17,17,0,0
RD-1002641,True,27,24,0,2
RD-1002642,True,26,25,0,0
RD-1002643,True,33,33,0,0
RD-1002644,True,24,24,0,0
RD-1002645,True,25,25,0,0
RD-1002646,True,30,29,1,0
RD-1002647,True,28,27,1,0
RD-1002648,True,25,25,0,0
RD-1002649,True,32,30,1,1
RD-1002650,True,33,32,0,1
RD-1002651,True,24,24,0,0
RD-1002652,True,32,31,1,0
RD-1002653,True,30,28,2,0
RD-1002654,True,33,30,2,1
RD-1002655,True,25,25,0,0
RD-1002656,True,32,29,2,0
RD-1002657,True,29,29,0,0
RD-1002658,True,34,34,0,0
RD-1002659,True,32,30,1,1
RD-1002660,True,22,21,0,1
RD-1002661,True,5,5,0,0
RD-1002662,True,34,32,2,0
RD-1002663,True,30,29,1,0
RD-1002664,True,30,28,1,0
RD-1002665,True,36,34,1,0
RD-1002666,True,33,31,2,0
RD-1002667,True,34,34,0,0
RD-1002668,True,34,33,1,0
RD-1002669,True,31,29,2,0
RD-1002670,True,40,39,0,0
RD-1002671,True,33,29,4,0
RD-1002672,True,34,34,0,0
RD-1002673,True,32,26,4,2
RD-1002674,True,33,32,0,1
RD-1002675,True,30,29,1,0
RD-1002676,True,24,23,1,0
RD-1002677,True,28,28,0,0
RD-1002678,True,22,22,0,0
RD-1002679,True,17,16,0,0
RD-1002680,True,25,25,0,0
RD-1002681,True,26,26,0,0
RD-1002682,True,27,26,0,0
RD-1002683,True,14,12,0,0
RD-1002684,True,2,2,0,0
RD-1002685,True,36,34,1,1
RD-1002686,True,30,29,0,1
RD-1002687,True,5,5,0,0
RD-1002688,True,25,23,0,2
RD-1002689,True,28,27,1,0
RD-1002690,True,30,30,0,0
RD-1002691,True,26,26,0,0
RD-1002692,True,48,47,0,0
RD-1002693,True,28,27,0,1
RD-1002694,True,30,30,0,0
RD-1002695,True,46,46,0,0
RD-1002696,True,29,28,1,0
RD-1002697,True,4,4,0,0
RD-1002698,True,23,21,1,1
RD-1002699,True,48,44,1,2
RD-1002700,True,30,30,0,0
RD-1002701,True,33,32,1,0
RD-1002702,True,34,34,0,0
RD-1002703,True,12,12,0,0
RD-1002704,True,40,38,1,1
RD-1002705,True,29,29,0,0
RD-1002706,True,35,33,1,1
RD-1002707,True,33,33,0,0
RD-1002708,True,35,34,0,1
RD-1002709,True,25,24,1,0
RD-1002710,True,32,32,0,0
RD-1002711,True,35,34,0,0
RD-1002712,True,36,33,2,1
RD-1002713,True,32,31,0,0
RD-1002714,True,25,24,0,0
RD-1002715,True,32,31,0,0
RD-1002716,True,45,42,1,2
RD-1002717,True,29,29,0,0
RD-1002718,True,44,42,0,1
RD-1002719,True,37,35,1,1
RD-1002720,True,39,38,0,1
RD-1002721,True,25,25,0,0
RD-1002722,True,35,34,1,0
RD-1002723,True,29,29,0,0
RD-1002724,True,24,24,0,0
RD-1002725,True,23,22,0,1
RD-1002726,True,24,24,0,0
RD-1002727,True,31,28,1,2
RD-1002728,True,41,36,2,2
RD-1002729,True,23,21,1,0
RD-1002730,True,37,36,0,1
RD-1002731,True,22,20,1,1
RD-1002732,True,31,28,1,1
RD-1002733,True,34,33,1,0
RD-1002734,True,39,35,2,2
RD-1002735,True,26,26,0,0
RD-1002736,True,17,17,0,0
RD-1002737,True,28,26,1,1
RD-1002738,True,20,20,0,0
RD-1002739,True,23,21,1,1
RD-1002740,True,26,24,2,0
RD-1002741,True,19,17,1,0
RD-1002742,True,33,30,2,1
RD-1002743,True,29,29,0,0
RD-1002744,True,31,31,0,0
RD-1002745,True,34,33,0,0
RD-1002746,True,40,37,3,0
RD-1002747,True,24,23,0,0
RD-1002748,True,23,22,0,1
RD-1002749,True,50,49,1,0
RD-1002750,True,26,23,3,0
RD-1002751,True,39,38,0,0
RD-1002752,True,34,30,2,1
RD-1002753,True,34,34,0,0
RD-1002754,True,23,21,0,2
RD-1002755,True,26,26,0,0
RD-1002756,True,37,37,0,0
RD-1002757,True,41,40,1,0
RD-1002758,True,9,9,0,0
RD-1002759,True,35,31,1,3
RD-1002760,True,31,30,1,0
RD-1002761,True,27,24,1,2
RD-1002762,True,26,23,2,1
RD-1002763,True,27,25,0,2
RD-1002764,True,43,41,1,1
RD-1002765,True,34,33,1,0
RD-1002766,True,38,36,0,0
RD-1002767,True,14,13,1,0
RD-1002768,True,28,26,1,0
RD-1002769,True,28,26,2,0
RD-1002770,True,43,42,1,0
RD-1002771,True,26,24,2,0
RD-1002772,True,23,22,1,0
RD-1002773,True,34,31,1,1
RD-1002774,True,24,22,1,1
RD-1002775,True,27,27,0,0
RD-1002776,True,29,28,0,1
RD-1002777,True,44,42,1,1
RD-1002778,True,33,33,0,0
RD-1002779,True,19,17,1,1
RD-1002780,True,35,33,1,1
RD-1002781,True,7,7,0,0
RD-1002782,True,24,21,1,0
RD-1002783,True,26,22,1,1
RD-1002784,True,3,2,1,0
RD-1002785,True,38,35,2,1
RD-1002786,True,37,36,1,0
RD-1002787,True,39,38,1,0
RD-1002788,True,25,24,1,0
RD-1002789,True,39,38,1,0
RD-1002790,True,29,29,0,0
RD-1002791,True,29,29,0,0
RD-1002792,True,33,31,1,0
RD-1002793,True,30,30,0,0
RD-1002794,True,47,44,2,1
RD-1002795,True,28,24,3,1
RD-1002796,True,27,26,0,1
RD-1002797,True,26,26,0,0
RD-1002798,True,26,26,0,0
RD-1002799,True,23,22,1,0
RD-1002800,True,32,29,2,1
RD-1002801,True,25,25,0,0
RD-1002802,True,29,28,1,0
RD-1002803,True,28,26,1,0
RD-1002804,True,36,35,0,0
RD-1002805,True,39,36,3,0
RD-1002806,True,36,35,1,0
RD-1002807,True,27,25,1,1
RD-1002808,True,32,31,1,0
RD-1002809,True,30,30,0,0
RD-1002810,True,22,18,1,2
RD-1002811,True,27,27,0,0
RD-1002812,True,26,26,0,0
RD-1002813,True,31,29,0,1
RD-1002814,True,29,29,0,0
RD-1002815,True,31,31,0,0
RD-1002816,True,37,37,0,0
RD-1002817,True,26,25,1,0
RD-1002818,True,28,28,0,0
RD-1002819,True,29,27,2,0
RD-1002820,True,44,44,0,0
RD-1002821,True,32,30,1,1
RD-1002822,True,29,28,0,1
RD-1002823,True,28,27,0,1
RD-1002824,True,5,5,0,0
RD-1002825,True,44,41,3,0
RD-1002826,True,27,26,0,0
RD-1002827,True,51,49,2,0
RD-1002828,True,29,27,0,2
RD-1002829,True,25,23,0,2
RD-1002830,True,32,31,1,0
RD-1002831,True,44,42,1,0
RD-1002832,True,27,26,1,0
RD-1002833,True,18,17,0,1
RD-1002834,True,36,35,1,0
RD-1002835,True,29,29,0,0
RD-1002836,True,5,5,0,0
RD-1002837,True,33,31,1,1
RD-1002838,True,29,28,1,0
RD-1002839,True,32,31,1,0
RD-1002840,True,29,29,0,0
RD-1002841,True,31,30,1,0
RD-1002842,True,28,28,0,0
RD-1002843,True,31,31,0,0
RD-1002844,True,22,21,0,1
RD-1002845,True,28,26,2,0
RD-1002846,True,14,14,0,0
RD-1002847,True,25,25,0,0
RD-1002848,True,30,28,1,1
RD-1002849,True,13,13,0,0
RD-1002850,True,26,24,1,1
RD-1002851,True,29,24,2,3
RD-1002852,True,11,9,1,1
RD-1002853,True,29,26,2,1
RD-1002854,True,15,14,1,0
RD-1002855,True,27,26,1,0
RD-1002856,True,25,25,0,0
RD-1002857,True,28,25,2,1
RD-1002858,True,23,21,1,1
RD-1002859,True,24,24,0,0
RD-1002860,True,27,25,0,0
RD-1002861,True,33,30,0,2
RD-1002862,True,29,29,0,0
RD-1002863,True,18,17,0,0
RD-1002864,True,36,35,1,0
RD-1002865,True,41,40,1,0
RD-1002866,True,22,21,0,1
RD-1002867,True,29,28,1,0
RD-1002868,True,6,6,0,0
RD-1002869,True,24,23,0,0
RD-1002870,True,45,44,1,0
RD-1002871,True,40,38,1,0
RD-1002872,True,20,18,2,0
RD-1002873,True,32,28,2,1
RD-1002874,True,32,31,0,1
RD-1002875,True,27,27,0,0
RD-1002876,True,30,26,2,2
RD-1002877,True,32,31,0,1
RD-1002878,True,37,36,1,0
RD-1002879,True,29,28,0,0
RD-1002880,True,10,9,1,0
RD-1002881,True,26,25,1,0
RD-1002882,True,32,31,0,1
RD-1002883,True,31,30,1,0
RD-1002884,True,41,40,1,0
RD-1002885,True,28,28,0,0
RD-1002886,True,26,25,1,0
RD-1002887,True,29,29,0,0
RD-1002888,True,45,42,1,1
RD-1002889,True,5,4,1,0
RD-1002890,True,18,15,0,3
RD-1002891,True,35,33,0,2
RD-1002892,True,31,31,0,0
RD-1002893,True,29,28,0,0
RD-1002894,True,25,25,0,0
RD-1002895,True,24,23,0,1
RD-1002896,True,33,31,2,0
RD-1002897,True,26,25,1,0
RD-1002898,True,22,20,2,0
RD-1002899,True,40,39,1,0
RD-1002900,True,40,39,1,0
RD-1002901,True,16,16,0,0
RD-1002902,True,27,27,0,0
RD-1002903,True,29,26,1,0
RD-1002904,True,20,19,0,0
RD-1002905,True,22,19,1,1
RD-1002906,True,29,29,0,0
RD-1002907,True,27,24,0,3
RD-1002908,True,27,24,1,2
RD-1002909,True,29,27,2,0
RD-1002910,True,42,41,1,0
RD-1002911,True,30,26,2,2
RD-1002912,True,20,19,0,1
RD-1002913,True,15,15,0,0
RD-1002914,True,29,29,0,0
RD-1002915,False,1,1,0,0
RD-1002916,True,26,25,0,0
RD-1002917,True,33,30,2,1
RD-1002918,True,26,25,1,0
RD-1002919,True,33,31,1,0
RD-1002920,True,32,31,1,0
RD-1002921,True,8,8,0,0
RD-1002922,True,6,6,0,0
RD-1002923,True,29,29,0,0
RD-1002924,True,40,40,0,0
RD-1002925,True,25,23,1,1
RD-1002926,True,34,32,2,0
RD-1002927,True,33,31,1,0
RD-1002928,True,24,24,0,0
RD-1002929,True,40,40,0,0
RD-1002930,True,23,22,1,0
RD-1002931,True,30,29,1,0
RD-1002932,True,28,27,0,1
RD-1002933,True,29,24,4,1
RD-1002934,True,29,28,0,1
RD-1002935,True,23,23,0,0
RD-1002936,True,30,28,2,0
RD-1002937,True,23,21,0,0
RD-1002938,True,31,28,2,1
RD-1002939,True,18,16,1,0
RD-1002940,True,6,5,1,0
RD-1002941,True,43,40,3,0
RD-1002942,True,28,21,6,1
RD-1002943,True,26,23,2,0
RD-1002944,True,28,27,1,0
RD-1002945,True,33,31,0,1
RD-1002946,True,25,25,0,0
RD-1002947,True,24,24,0,0
RD-1002948,True,35,34,1,0
RD-1002949,True,40,40,0,0
RD-1002950,True,36,36,0,0
RD-1002951,True,3,3,0,0
RD-1002952,True,25,24,0,1
RD-1002953,True,33,32,1,0
RD-1002954,True,26,25,1,0
RD-1002955,True,18,17,0,1
RD-1002956,True,26,26,0,0
RD-1002957,True,44,43,0,1
RD-1002958,True,35,31,3,1
RD-1002959,True,20,19,0,1
RD-1002960,True,22,18,4,0
RD-1002961,True,25,22,2,0
RD-1002962,True,24,23,1,0
RD-1002963,True,25,25,0,0
RD-1002964,True,26,24,2,0
RD-1002965,True,35,35,0,0
RD-1002966,True,25,25,0,0
RD-1002967,True,30,27,2,1
RD-1002968,True,25,25,0,0
RD-1002969,True,23,23,0,0
RD-1002970,True,45,45,0,0
RD-1002971,True,30,29,0,0
RD-1002972,True,29,28,1,0
RD-1002973,True,28,27,1,0
RD-1002974,True,47,46,0,0
RD-1002975,True,21,21,0,0
RD-1002976,True,26,23,2,1
RD-1002977,True,45,43,2,0
RD-1002978,True,15,15,0,0
RD-1002979,True,31,31,0,0
RD-1002980,True,42,41,0,1
RD-1002981,True,35,33,2,0
RD-1002982,True,46,44,2,0
RD-1002983,True,28,26,2,0
RD-1002984,True,25,24,0,0
RD-1002985,True,52,51,1,0
RD-1002986,True,23,23,0,0
RD-1002987,True,25,24,0,1
RD-1002988,True,26,25,0,1
RD-1002989,True,30,29,0,0
RD-1002990,True,42,39,2,1
RD-1002991,True,37,36,0,1
RD-1002992,True,31,31,0,0
RD-1002993,True,30,30,0,0
RD-1002994,True,24,23,0,1
RD-1002995,True,26,25,1,0
RD-1002996,True,25,24,0,0
RD-1002997,True,47,47,0,0
RD-1002998,True,27,25,2,0
RD-1002999,True,8,7,1,0
RD-1003000,True,20,18,0,2
RD-1003001,True,34,33,0,1
RD-1003002,True,21,21,0,0
RD-1003003,True,35,34,1,0
RD-1003004,True,26,25,0,1
RD-1003005,True,26,24,1,1
RD-1003006,True,31,29,1,0
RD-1003007,True,30,28,1,1
RD-1003008,True,28,26,2,0
RD-1003009,True,27,22,3,2
RD-1003010,True,42,38,3,0
RD-1003011,True,40,39,1,0
RD-1003012,True,31,31,0,0
RD-1003013,True,26,26,0,0
RD-1003014,True,34,33,1,0
RD-1003015,True,12,11,0,0
RD-1003016,True,5,5,0,0
RD-1003017,True,14,11,2,0
RD-1003018,True,36,35,1,0
RD-1003019,True,37,36,0,0
RD-1003020,True,34,33,0,0
RD-1003021,True,26,24,1,0
RD-1003022,True,30,27,0,0
RD-1003023,True,29,29,0,0
RD-1003024,True,34,33,1,0
RD-1003025,True,26,26,0,0
RD-1003026,True,34,31,0,3
RD-1003027,True,30,29,0,0
RD-1003028,True,40,40,0,0
RD-1003029,True,40,40,0,0
RD-1003030,True,13,12,1,0
RD-1003031,True,29,26,1,2
RD-1003032,True,35,32,2,1
RD-1003033,True,33,29,3,0
RD-1003034,True,15,15,0,0
RD-1003035,True,23,22,1,0
RD-1003036,True,24,22,1,0
RD-1003037,True,36,35,1,0
RD-1003038,True,32,31,0,1
RD-1003039,True,33,31,2,0
RD-1003040,True,35,35,0,0
RD-1003041,True,31,28,1,1
RD-1003042,True,45,42,2,1
RD-1003043,True,38,37,1,0
RD-1003044,True,37,37,0,0
RD-1003045,True,23,23,0,0
RD-1003046,True,26,24,2,0
RD-1003047,True,28,26,1,0
RD-1003048,True,28,27,1,0
RD-1003049,True,30,29,0,0
RD-1003050,True,24,24,0,0
RD-1003051,True,6,5,0,1
RD-1003052,True,22,20,2,0
RD-1003053,True,30,30,0,0
RD-1003054,True,25,25,0,0
RD-1003055,True,26,24,2,0
RD-1003056,True,32,31,1,0
RD-1003057,True,26,23,0,1
RD-1003058,True,20,20,0,0
RD-1003059,True,25,22,0,2
RD-1003060,True,27,25,1,1
RD-1003061,True,41,40,1,0
RD-1003062,True,31,31,0,0
RD-1003063,True,27,27,0,0
RD-1003064,True,27,25,2,0
RD-1003065,True,34,32,2,0
RD-1003066,True,27,25,0,1
RD-1003067,True,44,43,1,0
RD-1003068,True,29,28,1,0
RD-1003069,True,32,32,0,0
RD-1003070,True,31,30,1,0
RD-1003071,True,7,7,0,0
RD-1003072,True,26,24,2,0
RD-1003073,True,21,20,1,0
RD-1003074,True,34,33,0,1
RD-1003075,True,32,30,2,0
RD-1003076,True,38,36,1,1
RD-1003077,True,24,24,0,0
RD-1003078,True,31,30,1,0
RD-1003079,True,24,24,0,0
RD-1003080,True,32,28,2,2
RD-1003081,True,28,27,1,0
RD-1003082,True,18,17,1,0
RD-1003083,True,31,31,0,0
RD-1003084,True,38,36,1,0
RD-1003085,True,35,33,2,0
RD-1003086,True,28,28,0,0
RD-1003087,True,28,26,1,0
RD-1003088,True,41,41,0,0
RD-1003089,True,4,4,0,0
RD-1003090,True,23,21,0,2
RD-1003091,True,33,31,0,1
RD-1003092,True,41,39,0,0
RD-1003093,True,35,33,1,1
RD-1003094,True,27,27,0,0
RD-1003095,True,26,22,2,2
RD-1003096,True,27,25,1,0
RD-1003097,True,19,18,0,1
RD-1003098,True,33,33,0,0
RD-1003099,True,26,26,0,0
RD-1003100,True,19,18,0,1
RD-1003101,True,15,14,1,0
RD-1003102,True,39,36,1,1
RD-1003103,True,21,21,0,0
RD-1003104,True,27,27,0,0
RD-1003105,True,38,38,0,0
RD-1003106,True,31,31,0,0
RD-1003107,True,30,29,0,1
RD-1003108,True,24,22,1,1
RD-1003109,True,28,27,1,0
RD-1003110,True,25,23,2,0
RD-1003111,True,4,4,0,0
RD-1003112,True,30,27,2,0
RD-1003113,True,22,22,0,0
RD-1003114,True,26,23,2,1
RD-1003115,True,28,27,0,0
RD-1003116,True,27,25,2,0
RD-1003117,True,41,39,1,0
RD-1003118,True,30,27,0,2
RD-1003119,True,19,18,1,0
RD-1003120,True,26,25,0,1
RD-1003121,True,27,27,0,0
RD-1003122,True,26,24,0,1
RD-1003123,True,31,30,0,1
RD-1003124,True,27,25,1,0
RD-1003125,True,27,27,0,0
RD-1003126,True,20,20,0,0
RD-1003127,True,31,29,0,1
RD-1003128,True,32,32,0,0
RD-1003129,True,25,24,0,1
RD-1003130,True,27,24,2,0
RD-1003131,True,28,27,1,0
RD-1003132,True,26,25,1,0
RD-1003133,True,46,43,0,1
RD-1003134,True,23,20,2,1
RD-1003135,True,29,27,2,0
RD-1003136,True,35,33,0,1
RD-1003137,True,24,23,0,0
RD-1003138,True,27,26,1,0
RD-1003139,True,40,39,1,0
RD-1003140,True,31,31,0,0
RD-1003141,True,25,22,1,2
RD-1003142,True,21,21,0,0
RD-1003143,True,34,34,0,0
RD-1003144,True,38,36,1,0
RD-1003145,True,21,21,0,0
RD-1003146,True,33,32,1,0
RD-1003147,True,31,31,0,0
RD-1003148,True,20,19,1,0
RD-1003149,True,37,36,0,0
RD-1003150,True,29,29,0,0
RD-1003151,True,40,40,0,0
RD-1003152,True,19,17,2,0
RD-1003153,True,40,39,0,0
RD-1003154,True,43,41,1,1
RD-1003155,True,25,22,3,0
RD-1003156,True,21,16,3,2
RD-1003157,True,22,20,2,0
RD-1003158,True,25,24,1,0
RD-1003159,True,21,21,0,0
RD-1003160,True,25,24,0,1
RD-1003161,True,26,25,1,0
RD-1003162,True,26,25,0,0
RD-1003163,True,25,24,0,1
RD-1003164,True,37,33,3,0
RD-1003165,True,25,24,0,1
RD-1003166,True,27,26,1,0
RD-1003167,True,28,26,1,1
RD-1003168,True,23,23,0,0
RD-1003169,True,40,39,1,0
RD-1003170,True,5,5,0,0
RD-1003171,True,24,23,0,0
RD-1003172,True,35,32,2,0
RD-1003173,True,21,20,0,1
RD-1003174,True,30,29,0,1
RD-1003175,True,28,26,1,0
RD-1003176,True,26,26,0,0
RD-1003177,True,41,40,1,0
RD-1003178,True,34,33,0,1
RD-1003179,True,43,40,2,1
RD-1003180,True,33,32,0,1
RD-1003181,True,35,33,0,0
RD-1003182,True,28,27,1,0
RD-1003183,True,19,19,0,0
RD-1003184,True,30,29,1,0
RD-1003185,True,24,23,0,1
RD-1003186,True,39,38,0,1
RD-1003187,True,31,31,0,0
RD-1003188,True,47,47,0,0
RD-1003189,True,25,25,0,0
RD-1003190,True,24,22,0,1
RD-1003191,True,29,29,0,0
RD-1003192,True,33,32,0,1
RD-1003193,True,23,19,3,1
RD-1003194,True,28,28,0,0
RD-1003195,True,43,42,1,0
RD-1003196,True,20,18,1,1
RD-1003197,True,23,22,1,0
RD-1003198,True,21,19,1,1
RD-1003199,True,26,24,2,0
RD-1003200,True,26,26,0,0
RD-1003201,True,31,29,1,1
RD-1003202,True,31,31,0,0
RD-1003203,True,29,29,0,0
RD-1003204,True,31,29,0,2
RD-1003205,True,26,23,1,2
RD-1003206,True,39,38,0,0
RD-1003207,True,27,27,0,0
RD-1003208,True,38,34,4,0
RD-1003209,True,24,23,1,0
RD-1003210,True,32,29,2,1
RD-1003211,True,21,19,2,0
RD-1003212,True,31,30,0,0
RD-1003213,True,30,30,0,0
RD-1003214,True,43,42,1,0
RD-1003215,True,12,9,2,1
RD-1003216,True,28,27,0,1
RD-1003217,True,25,24,0,0
RD-1003218,True,39,37,2,0
RD-1003219,True,28,27,0,1
RD-1003220,True,20,20,0,0
RD-1003221,True,20,19,0,1
RD-1003222,True,29,28,1,0
RD-1003223,True,29,29,0,0
RD-1003224,True,27,24,2,1
RD-1003225,True,24,23,1,0
RD-1003226,True,28,27,1,0
RD-1003227,True,30,30,0,0
RD-1003228,True,34,33,1,0
RD-1003229,True,31,29,0,2
RD-1003230,True,28,27,0,0
RD-1003231,True,36,35,1,0
RD-1003232,True,30,29,0,0
RD-1003233,True,36,36,0,0
RD-1003234,True,23,23,0,0
RD-1003235,True,26,26,0,0
RD-1003236,True,34,33,0,1
RD-1003237,True,2,2,0,0
RD-1003238,True,25,24,0,1
RD-1003239,True,23,22,1,0
RD-1003240,True,32,30,0,2
RD-1003241,True,28,28,0,0
RD-1003242,True,15,15,0,0
RD-1003243,True,22,21,1,0
RD-1003244,True,26,24,1,1
RD-1003245,True,24,23,1,0
RD-1003246,True,59,58,1,0
RD-1003247,True,33,33,0,0
RD-1003248,True,22,21,1,0
RD-1003249,True,27,27,0,0
RD-1003250,True,22,21,1,0
RD-1003251,True,30,30,0,0
RD-1003252,True,24,23,1,0
RD-1003253,True,39,37,0,2
RD-1003254,True,22,22,0,0
RD-1003255,True,30,27,3,0
RD-1003256,True,26,25,0,1
RD-1003257,True,32,32,0,0
RD-1003258,True,46,46,0,0
RD-1003259,True,26,26,0,0
RD-1003260,True,28,28,0,0
RD-1003261,True,27,27,0,0
RD-1003262,True,25,24,0,1
RD-1003263,True,52,50,1,0
RD-1003264,True,32,31,1,0
RD-1003265,True,26,24,2,0
RD-1003266,True,27,26,0,0
RD-1003267,True,28,26,1,1
RD-1003268,True,33,32,1,0
RD-1003269,True,30,29,0,0
RD-1003270,True,26,26,0,0
RD-1003271,True,35,32,1,1
RD-1003272,True,27,26,0,0
RD-1003273,True,26,24,1,1
RD-1003274,True,23,22,0,1
RD-1003275,True,37,36,1,0
RD-1003276,True,33,32,0,1
RD-1003277,True,34,30,3,1
RD-1003278,True,23,23,0,0
RD-1003279,True,22,21,0,1
RD-1003280,True,27,27,0,0
RD-1003281,True,30,28,1,1
RD-1003282,True,28,27,1,0
RD-1003283,True,24,24,0,0
RD-1003284,True,25,23,1,1
RD-1003285,True,24,23,1,0
RD-1003286,True,29,28,0,1
RD-1003287,True,35,34,0,1
RD-1003288,True,27,27,0,0
RD-1003289,True,27,25,1,0
RD-1003290,True,5,4,0,1
RD-1003291,True,19,17,1,0
RD-1003292,True,29,24,1,2
RD-1003293,True,36,32,1,3
RD-1003294,True,41,40,1,0
RD-1003295,True,30,26,2,1
RD-1003296,True,28,28,0,0
RD-1003297,True,22,22,0,0
RD-1003298,True,14,12,2,0
RD-1003299,True,39,37,1,0
RD-1003300,True,30,30,0,0
RD-1003301,True,31,28,2,0
RD-1003302,True,42,38,3,1
RD-1003303,True,32,30,2,0
RD-1003304,True,41,41,0,0
RD-1003305,True,29,28,0,1
RD-1003306,True,30,29,0,0
RD-1003307,True,41,40,1,0
RD-1003308,True,32,31,0,1
RD-1003309,True,28,28,0,0
RD-1003310,True,26,26,0,0
RD-1003311,True,34,30,2,1
RD-1003312,True,25,25,0,0
RD-1003313,True,28,27,1,0
RD-1003314,True,36,36,0,0
RD-1003315,True,28,28,0,0
RD-1003316,True,29,27,1,0
RD-1003317,True,36,34,1,1
RD-1003318,True,38,37,1,0
RD-1003319,True,34,33,1,0
RD-1003320,True,26,25,1,0
RD-1003321,True,24,23,1,0
RD-1003322,True,30,30,0,0
RD-1003323,True,25,24,0,0
RD-1003324,True,30,30,0,0
RD-1003325,True,31,31,0,0
RD-1003326,True,37,37,0,0
RD-1003327,True,27,26,0,1
RD-1003328,True,31,29,1,1
RD-1003329,True,13,13,0,0
RD-1003330,True,38,38,0,0
RD-1003331,True,25,21,1,2
RD-1003332,True,27,25,0,2
RD-1003333,True,24,22,1,1
RD-1003334,True,36,32,2,1
RD-1003335,True,37,35,1,1
RD-1003336,True,25,25,0,0
RD-1003337,True,43,40,2,0
RD-1003338,True,26,25,0,1
RD-1003339,True,19,17,0,2
RD-1003340,True,41,41,0,0
RD-1003341,True,35,35,0,0
RD-1003342,True,27,25,2,0
RD-1003343,True,35,34,0,1
RD-1003344,True,6,5,1,0
RD-1003345,True,35,33,2,0
RD-1003346,True,42,40,1,1
RD-1003347,True,24,22,0,2
RD-1003348,True,39,38,0,1
RD-1003349,True,6,5,1,0
RD-1003350,True,30,27,2,1
RD-1003351,True,24,23,1,0
RD-1003352,True,12,12,0,0
RD-1003353,True,36,35,1,0
RD-1003354,True,25,21,1,3
RD-1003355,True,24,24,0,0
RD-1003356,True,39,36,2,0
RD-1003357,True,44,42,1,1
RD-1003358,True,19,18,1,0
RD-1003359,True,31,31,0,0
RD-1003360,True,29,27,0,2
RD-1003361,True,16,14,2,0
RD-1003362,True,31,30,1,0
RD-1003363,True,32,29,2,1
RD-1003364,True,36,32,2,2
RD-1003365,True,28,27,0,1
RD-1003366,True,33,31,1,0
RD-1003367,True,38,36,2,0
RD-1003368,True,6,5,1,0
RD-1003369,True,19,16,2,0
RD-1003370,True,25,23,1,1
RD-1003371,True,32,30,2,0
RD-1003372,True,11,11,0,0
RD-1003373,True,29,25,3,1
RD-1003374,True,27,26,0,1
RD-1003375,True,28,27,1,0
RD-1003376,True,26,25,0,1
RD-1003377,True,37,35,1,0
RD-1003378,True,32,31,1,0
RD-1003379,True,31,30,0,1
RD-1003380,True,38,36,0,2
RD-1003381,True,28,28,0,0
RD-1003382,True,31,31,0,0
RD-1003383,True,24,24,0,0
RD-1003384,True,30,26,3,1
RD-1003385,True,22,21,1,0
RD-1003386,True,32,29,2,1
RD-1003387,True,6,6,0,0
RD-1003388,True,26,24,2,0
RD-1003389,True,29,26,0,2
RD-1003390,True,32,28,2,2
RD-1003391,True,25,25,0,0
RD-1003392,True,26,25,1,0
RD-1003393,True,38,36,1,0
RD-1003394,True,22,20,1,0
RD-1003395,True,36,36,0,0
RD-1003396,True,5,5,0,0
RD-1003397,True,12,12,0,0
RD-1003398,True,12,10,1,1
RD-1003399,True,26,24,1,0
RD-1003400,True,30,30,0,0
RD-1003401,True,29,28,1,0
RD-1003402,True,33,33,0,0
RD-1003403,True,20,20,0,0
RD-1003404,True,25,22,1,1
RD-1003405,True,27,27,0,0
RD-1003406,True,32,32,0,0
RD-1003407,True,27,24,1,2
RD-1003408,True,46,43,3,0
RD-1003409,True,23,21,0,1
RD-1003410,True,21,17,3,0
RD-1003411,True,31,30,1,0
RD-1003412,True,30,30,0,0
RD-1003413,True,26,25,0,1
RD-1003414,True,23,20,2,1
RD-1003415,True,29,28,1,0
RD-1003416,True,21,20,0,1
RD-1003417,True,41,40,0,1
RD-1003418,True,24,23,1,0
RD-1003419,True,41,40,0,0
RD-1003420,True,29,28,1,0
RD-1003421,True,24,24,0,0
RD-1003422,True,13,12,1,0
RD-1003423,True,31,30,0,1
RD-1003424,True,27,27,0,0
RD-1003425,True,27,27,0,0
RD-1003426,True,26,26,0,0
RD-1003427,True,35,32,2,0
RD-1003428,True,26,25,0,0
RD-1003429,True,40,38,1,1
RD-1003430,True,23,22,1,0
RD-1003431,True,42,41,1,0
RD-1003432,True,27,27,0,0
RD-1003433,True,24,24,0,0
RD-1003434,True,27,27,0,0
RD-1003435,True,24,22,2,0
RD-1003436,True,41,40,1,0
RD-1003437,True,19,18,1,0
RD-1003438,True,22,21,1,0
RD-1003439,True,28,28,0,0
RD-1003440,True,18,16,0,2
RD-1003441,True,20,19,1,0
RD-1003442,True,45,43,2,0
RD-1003443,True,7,7,0,0
RD-1003444,True,30,28,2,0
RD-1003445,True,36,36,0,0
RD-1003446,True,29,27,1,1
RD-1003447,True,31,30,0,1
RD-1003448,True,27,27,0,0
RD-1003449,True,28,27,0,0
RD-1003450,True,30,28,1,1
RD-1003451,True,25,23,1,1
RD-1003452,True,33,30,2,1
RD-1003453,True,19,18,1,0
RD-1003454,True,29,27,0,2
RD-1003455,True,33,33,0,0
RD-1003456,True,30,26,3,0
RD-1003457,True,28,26,1,1
RD-1003458,True,37,36,1,0
RD-1003459,True,32,32,0,0
RD-1003460,True,26,25,1,0
RD-1003461,True,4,3,0,0
RD-1003462,True,22,22,0,0
RD-1003463,True,33,32,1,0
RD-1003464,True,23,21,2,0
RD-1003465,True,40,39,0,1
RD-1003466,True,22,22,0,0
RD-1003467,True,29,28,0,1
RD-1003468,True,27,26,1,0
RD-1003469,True,29,28,0,1
RD-1003470,True,54,52,1,0
RD-1003471,True,28,28,0,0
RD-1003472,True,39,36,1,0
RD-1003473,True,40,40,0,0
RD-1003474,True,28,28,0,0
RD-1003475,True,30,30,0,0
RD-1003476,True,42,39,1,0
RD-1003477,True,26,25,1,0
RD-1003478,True,24,24,0,0
RD-1003479,True,22,19,2,1
RD-1003480,True,30,28,1,1
RD-1003481,True,30,29,1,0
RD-1003482,True,16,14,2,0
RD-1003483,True,30,28,2,0
RD-1003484,True,27,25,0,2
RD-1003485,True,22,21,1,0
RD-1003486,True,27,27,0,0
RD-1003487,True,40,38,2,0
RD-1003488,True,32,27,3,1
RD-1003489,True,29,28,1,0
RD-1003490,True,22,20,2,0
RD-1003491,True,24,23,1,0
RD-1003492,True,39,34,4,1
RD-1003493,True,31,30,1,0
RD-1003494,True,43,41,1,1
RD-1003495,True,26,26,0,0
RD-1003496,True,35,27,5,1
RD-1003497,True,27,27,0,0
RD-1003498,True,24,22,2,0
RD-1003499,True,38,36,0,2
RD-1003500,True,33,32,1,0
RD-1003501,True,33,31,1,0
RD-1003502,True,26,26,0,0
RD-1003503,True,32,32,0,0
RD-1003504,True,25,24,1,0
RD-1003505,True,41,40,0,0
RD-1003506,True,19,16,2,1
RD-1003507,True,29,29,0,0
RD-1003508,True,29,29,0,0
RD-1003509,True,36,36,0,0
RD-1003510,True,22,20,2,0
RD-1003511,True,22,22,0,0
RD-1003512,True,3,3,0,0
RD-1003513,True,26,26,0,0
RD-1003514,True,36,35,0,1
RD-1003515,True,25,25,0,0
RD-1003516,True,27,27,0,0
RD-1003517,True,30,30,0,0
RD-1003518,True,26,25,1,0
RD-1003519,True,27,25,0,1
RD-1003520,True,26,25,0,0
RD-1003521,True,32,30,1,0
RD-1003522,True,35,34,0,1
RD-1003523,True,32,31,0,1
RD-1003524,True,34,33,0,1
RD-1003525,True,27,26,0,1
RD-1003526,True,24,24,0,0
RD-1003527,True,37,36,1,0
RD-1003528,True,33,33,0,0
RD-1003529,True,26,24,1,1
RD-1003530,True,30,29,0,1
RD-1003531,True,29,28,0,1
RD-1003532,True,35,35,0,0
RD-1003533,True,31,30,0,1
RD-1003534,True,8,7,1,0
RD-1003535,True,25,25,0,0
RD-1003536,True,22,21,1,0
RD-1003537,True,27,21,3,2
RD-1003538,True,24,24,0,0
RD-1003539,True,23,22,0,1
RD-1003540,True,41,40,1,0
RD-1003541,True,34,31,0,2
RD-1003542,True,23,22,1,0
RD-1003543,True,24,24,0,0
RD-1003544,True,35,35,0,0
RD-1003545,True,42,42,0,0
RD-1003546,True,38,37,1,0
RD-1003547,True,29,29,0,0
RD-1003548,True,21,21,0,0
RD-1003549,True,21,17,4,0
RD-1003550,True,26,24,0,1
RD-1003551,True,21,20,1,0
RD-1003552,True,43,42,0,0
RD-1003553,True,24,20,3,1
RD-1003554,True,26,25,0,1
RD-1003555,True,27,26,0,1
RD-1003556,True,21,20,0,1
RD-1003557,True,30,29,1,0
RD-1003558,True,2,2,0,0
RD-1003559,True,27,26,0,1
RD-1003560,True,26,25,0,1
RD-1003561,True,29,28,0,0
RD-1003562,True,34,33,0,0
RD-1003563,True,28,27,1,0
RD-1003564,True,28,28,0,0
RD-1003565,True,34,32,0,2
RD-1003566,True,27,25,2,0
RD-1003567,True,22,22,0,0
RD-1003568,True,30,29,0,1
RD-1003569,True,24,24,0,0
RD-1003570,True,51,49,0,2
RD-1003571,True,26,24,0,2
RD-1003572,True,19,18,0,0
RD-1003573,True,31,25,5,1
RD-1003574,True,26,26,0,0
RD-1003575,True,22,21,1,0
RD-1003576,True,18,15,2,1
RD-1003577,True,26,22,4,0
RD-1003578,True,25,23,1,1
RD-1003579,True,28,23,5,0
RD-1003580,True,20,20,0,0
RD-1003581,True,29,27,0,1
RD-1003582,True,22,21,1,0
RD-1003583,True,31,31,0,0
RD-1003584,True,30,29,1,0
RD-1003585,True,33,33,0,0
RD-1003586,True,26,25,0,0
RD-1003587,True,31,28,2,1
RD-1003588,True,26,25,1,0
RD-1003589,True,37,33,3,1
RD-1003590,True,26,26,0,0
RD-1003591,True,44,43,0,1
RD-1003592,True,24,23,1,0
RD-1003593,True,24,23,0,1
RD-1003594,True,13,12,1,0
RD-1003595,True,24,24,0,0
RD-1003596,True,28,27,1,0
RD-1003597,True,23,21,1,0
RD-1003598,True,33,32,1,0
RD-1003599,True,21,20,0,1
RD-1003600,True,20,19,0,1
RD-1003601,True,25,25,0,0
RD-1003602,True,21,21,0,0
RD-1003603,True,22,20,1,1
RD-1003604,True,22,20,1,0
RD-1003605,True,25,25,0,0
RD-1003606,True,16,16,0,0
RD-1003607,True,40,34,2,2
RD-1003608,True,24,23,0,0
RD-1003609,True,36,36,0,0
RD-1003610,True,20,19,0,1
RD-1003611,True,26,25,1,0
RD-1003612,True,38,37,0,1
RD-1003613,True,21,18,0,1
RD-1003614,True,25,24,0,0
RD-1003615,True,31,29,2,0
RD-1003616,True,18,16,2,0
RD-1003617,True,29,28,0,0
RD-1003618,True,25,22,1,2
RD-1003619,True,26,26,0,0
RD-1003620,True,37,36,0,1
RD-1003621,True,39,36,0,1
RD-1003622,True,31,30,1,0
RD-1003623,True,3,3,0,0
RD-1003624,True,31,31,0,0
RD-1003625,True,28,27,0,0
RD-1003626,True,31,31,0,0
RD-1003627,True,26,25,0,1
RD-1003628,True,23,22,1,0
RD-1003629,True,2,2,0,0
RD-1003630,True,40,39,1,0
RD-1003631,True,15,14,1,0
RD-1003632,True,26,25,0,1
RD-1003633,True,21,20,1,0
RD-1003634,True,31,30,1,0
RD-1003635,True,21,19,2,0
RD-1003636,True,25,22,2,1
RD-1003637,True,23,18,2,2
RD-1003638,True,14,14,0,0
RD-1003639,True,23,22,1,0
RD-1003640,True,23,20,1,2
RD-1003641,False,1,1,0,0
RD-1003642,True,32,31,1,0
RD-1003643,True,25,24,0,0
RD-1003644,True,38,38,0,0
RD-1003645,True,36,36,0,0
RD-1003646,True,21,20,0,0
RD-1003647,True,9,9,0,0
RD-1003648,True,6,6,0,0
RD-1003649,True,34,32,2,0
RD-1003650,True,28,28,0,0
RD-1003651,True,27,26,0,0
RD-1003652,True,9,8,1,0
RD-1003653,True,32,29,2,0
RD-1003654,True,44,43,0,0
RD-1003655,True,2,2,0,0
RD-1003656,True,38,37,0,0
RD-1003657,True,31,30,1,0
RD-1003658,True,43,42,1,0
RD-1003659,True,30,29,0,0
RD-1003660,True,34,34,0,0
RD-1003661,True,30,28,0,2
RD-1003662,True,21,18,1,0
RD-1003663,True,6,5,0,1
RD-1003664,True,26,25,0,0
RD-1003665,True,28,26,1,0
RD-1003666,True,49,48,0,0
RD-1003667,True,24,24,0,0
RD-1003668,True,31,27,3,0
RD-1003669,True,4,4,0,0
RD-1003670,True,14,12,2,0
RD-1003671,True,24,21,1,2
RD-1003672,True,30,30,0,0
RD-1003673,True,19,14,2,3
RD-1003674,True,36,34,2,0
RD-1003675,True,19,17,1,1
RD-1003676,True,27,25,0,1
RD-1003677,True,3,3,0,0
RD-1003678,True,11,11,0,0
RD-1003679,True,3,3,0,0
RD-1003680,True,26,26,0,0
RD-1003681,True,34,33,0,1
RD-1003682,True,27,25,2,0
RD-1003683,True,25,23,1,0
RD-1003684,True,24,23,1,0
RD-1003685,True,20,20,0,0
RD-1003687,True,16,15,1,0
RD-1003688,True,22,17,3,1
RD-1003689,True,26,25,0,1
RD-1003690,True,22,22,0,0
RD-1003691,True,18,16,2,0
RD-1003692,True,3,3,0,0
RD-1003693,True,23,22,0,1
RD-1003694,True,45,43,1,1
RD-1003695,True,28,23,1,3
RD-1003696,True,20,17,2,0
RD-1003697,True,46,44,0,2
RD-1003698,True,24,21,1,1
RD-1003699,True,18,17,1,0
RD-1003700,True,31,28,3,0
RD-1003701,True,30,30,0,0
RD-1003702,True,25,24,1,0
RD-1003703,True,22,20,2,0
RD-1003704,True,27,25,1,1
RD-1003705,True,9,8,1,0
RD-1003706,True,24,23,1,0
RD-1003707,True,23,21,1,0
RD-1003708,True,28,27,0,1
RD-1003709,True,33,29,1,2
RD-1003710,True,23,22,1,0
RD-1003711,True,9,9,0,0
RD-1003712,True,25,23,2,0
RD-1003713,True,33,32,0,1
RD-1003714,True,43,41,0,1
RD-1003715,True,29,27,1,1
RD-1003716,True,11,8,3,0
RD-1003717,True,30,27,2,0
RD-1003718,True,26,26,0,0
RD-1003719,True,33,33,0,0
RD-1003720,True,23,20,2,1
RD-1003721,True,23,23,0,0
RD-1003722,True,33,32,1,0
RD-1003723,True,31,28,2,0
RD-1003724,True,33,32,0,1
RD-1003725,True,28,27,1,0
RD-1003726,True,25,23,0,0
RD-1003727,True,36,35,1,0
RD-1003728,True,28,24,3,0
RD-1003729,True,35,34,1,0
RD-1003730,True,39,39,0,0
RD-1003731,True,26,25,0,1
RD-1003732,True,40,40,0,0
RD-1003733,True,35,35,0,0
RD-1003734,True,17,17,0,0
RD-1003735,True,30,29,1,0
RD-1003736,True,28,27,1,0
RD-1003737,True,7,7,0,0
RD-1003738,True,16,15,0,0
RD-1003739,True,8,8,0,0
RD-1003740,True,35,30,2,2
RD-1003741,True,25,24,1,0
RD-1003742,True,25,25,0,0
RD-1003743,True,20,19,1,0
RD-1003744,True,34,34,0,0
RD-1003745,True,19,19,0,0
RD-1003746,True,27,25,1,1
RD-1003747,True,21,20,1,0
RD-1003748,True,34,33,0,1
RD-1003749,True,31,27,1,1
RD-1003750,True,30,29,0,1
RD-1003751,True,28,27,0,0
RD-1003752,True,21,19,1,1
RD-1003753,True,7,7,0,0
RD-1003754,True,32,31,0,0
RD-1003755,True,24,24,0,0
RD-1003756,True,33,33,0,0
RD-1003757,True,25,24,0,1
RD-1003758,True,29,27,1,1
RD-1003759,True,25,24,1,0
RD-1003760,True,35,33,1,1
RD-1003761,True,22,20,1,1
RD-1003762,True,37,35,2,0
RD-1003763,True,22,20,0,2
RD-1003764,True,35,34,1,0
RD-1003765,True,22,21,1,0
RD-1003766,True,32,32,0,0
RD-1003767,True,25,25,0,0
RD-1003768,True,29,27,1,1
RD-1003769,True,28,28,0,0
RD-1003770,True,25,24,0,0
RD-1003771,True,21,18,2,0
RD-1003772,True,24,23,0,0
RD-1003773,True,28,27,1,0
RD-1003774,True,29,27,2,0
RD-1003775,True,16,15,0,1
RD-1003776,True,34,33,1,0
RD-1003777,True,27,25,1,0
RD-1003778,True,15,14,1,0
RD-1003779,True,31,30,0,0
RD-1003780,True,28,27,1,0
RD-1003781,True,39,39,0,0
RD-1003782,True,22,22,0,0
RD-1003783,True,28,28,0,0
RD-1003784,True,31,31,0,0
RD-1003785,True,23,22,1,0
RD-1003786,True,64,61,1,2
RD-1003787,True,37,34,1,1
RD-1003788,True,39,37,1,0
RD-1003789,True,29,29,0,0
RD-1003790,True,28,27,0,0
RD-1003791,True,30,29,1,0
RD-1003792,True,7,7,0,0
RD-1003793,True,32,30,2,0
RD-1003794,True,9,9,0,0
RD-1003795,True,30,29,1,0
RD-1003796,True,22,22,0,0
RD-1003797,True,44,42,1,1
RD-1003798,True,22,21,0,1
RD-1003799,True,10,10,0,0
RD-1003800,True,35,34,0,0
RD-1003801,True,2,2,0,0
RD-1003802,True,25,24,1,0
RD-1003803,True,25,25,0,0
RD-1003804,True,16,15,0,1
RD-1003805,True,34,33,1,0
RD-1003806,True,30,29,1,0
RD-1003807,True,2,2,0,0
RD-1003808,True,32,31,1,0
RD-1003809,True,27,27,0,0
RD-1003810,True,26,25,1,0
RD-1003811,True,28,28,0,0
RD-1003812,True,21,21,0,0
RD-1003813,True,32,31,1,0
RD-1003814,True,22,20,1,0
RD-1003815,True,28,27,1,0
RD-1003816,True,26,24,1,0
RD-1003817,True,42,41,1,0
RD-1003818,True,22,21,1,0
RD-1003819,True,19,18,1,0
RD-1003820,True,36,36,0,0
RD-1003821,True,11,9,0,2
RD-1003822,True,34,33,1,0
RD-1003823,True,5,5,0,0
RD-1003824,True,32,28,2,2
RD-1003825,True,26,26,0,0
RD-1003827,True,25,22,1,0
RD-1003828,True,35,33,1,1
RD-1003829,True,38,36,1,0
RD-1003830,True,25,24,0,1
RD-1003831,True,27,26,1,0
RD-1003832,True,14,13,1,0
RD-1003833,True,38,36,1,0
RD-1003834,True,28,28,0,0
RD-1003835,True,31,30,0,1
RD-1003836,True,35,35,0,0
RD-1003837,True,27,27,0,0
RD-1003838,True,34,33,0,1
RD-1003839,True,24,24,0,0
RD-1003840,True,31,30,0,0
RD-1003841,True,7,6,1,0
RD-1003842,True,25,24,0,1
RD-1003843,True,15,15,0,0
RD-1003844,True,28,27,1,0
RD-1003845,True,39,35,3,1
RD-1003846,True,27,26,1,0
RD-1003847,True,6,6,0,0
RD-1003848,True,26,24,0,2
RD-1003849,True,23,22,1,0
RD-1003850,True,21,20,0,0
RD-1003851,True,30,30,0,0
RD-1003852,True,24,19,1,3
RD-1003853,True,25,22,1,1
RD-1003854,True,37,36,0,1
RD-1003855,True,6,5,0,1
RD-1003856,True,22,18,1,2
RD-1003857,True,26,23,1,2
RD-1003858,True,9,8,1,0
RD-1003859,True,11,9,2,0
RD-1003860,True,28,27,0,1
RD-1003861,True,41,41,0,0
RD-1003862,True,25,22,1,0
RD-1003863,True,25,25,0,0
RD-1003864,True,12,12,0,0
RD-1003865,True,22,19,2,1
RD-1003866,True,25,24,1,0
RD-1003867,True,39,36,1,0
RD-1003868,True,27,26,1,0
RD-1003869,True,36,33,1,1
RD-1003870,True,31,29,1,1
RD-1003871,True,27,27,0,0
RD-1003872,True,39,35,4,0
RD-1003873,True,23,23,0,0
RD-1003874,True,33,32,1,0
RD-1003875,True,28,27,0,0
RD-1003876,True,31,31,0,0
RD-1003877,True,20,18,1,1
RD-1003878,True,35,34,0,1
RD-1003879,True,34,32,0,2
RD-1003880,True,27,26,1,0
RD-1003881,True,34,32,1,0
RD-1003882,True,24,23,0,1
RD-1003883,True,35,35,0,0
RD-1003884,True,26,25,0,0
RD-1003885,True,40,38,1,1
RD-1003886,True,35,35,0,0
RD-1003887,True,24,22,0,2
RD-1003888,True,24,22,2,0
RD-1003889,True,37,37,0,0
RD-1003890,True,30,28,1,1
RD-1003891,True,28,27,0,1
RD-1003892,True,26,25,1,0
RD-1003893,True,38,38,0,0
RD-1003894,True,31,30,1,0
RD-1003895,True,27,26,1,0
RD-1003896,True,22,20,2,0
RD-1003897,True,27,25,0,2
RD-1003898,True,29,27,1,1
RD-1003899,True,23,21,2,0
RD-1003900,True,27,27,0,0
RD-1003901,True,31,31,0,0
RD-1003902,True,2,1,0,0
RD-1003903,True,32,30,1,1
RD-1003904,True,36,36,0,0
RD-1003905,True,24,23,0,1
RD-1003906,True,28,25,3,0
RD-1003907,True,29,28,1,0
RD-1003908,True,5,5,0,0
RD-1003909,True,4,4,0,0
RD-1003910,True,30,27,2,1
RD-1003911,True,27,25,0,0
RD-1003912,True,26,26,0,0
RD-1003913,True,42,38,3,1
RD-1003914,True,27,25,2,0
RD-1003915,True,42,40,1,1
RD-1003916,True,19,14,3,1
RD-1003917,True,40,39,0,1
RD-1003918,True,8,8,0,0
RD-1003919,True,18,16,1,1
RD-1003920,True,7,7,0,0
RD-1003921,True,29,28,1,0
RD-1003922,True,27,25,1,1
RD-1003923,True,23,23,0,0
RD-1003924,True,28,26,1,0
RD-1003925,True,32,30,1,1
RD-1003926,True,48,46,2,0
RD-1003927,True,26,21,3,1
RD-1003928,True,33,32,0,1
RD-1003929,True,34,34,0,0
RD-1003930,True,36,34,1,1
RD-1003931,True,21,21,0,0
RD-1003932,True,37,34,2,0
RD-1003933,True,27,26,0,0
RD-1003934,True,11,11,0,0
RD-1003935,True,21,19,1,1
RD-1003936,True,24,24,0,0
RD-1003937,True,31,30,1,0
RD-1003938,True,31,31,0,0
RD-1003939,True,27,27,0,0
RD-1003940,True,33,30,1,0
RD-1003941,True,24,24,0,0
RD-1003942,True,25,23,2,0
RD-1003943,True,22,22,0,0
RD-1003944,True,26,26,0,0
RD-1003945,True,13,12,0,1
RD-1003946,True,21,21,0,0
RD-1003947,True,25,25,0,0
RD-1003948,True,30,29,1,0
RD-1003949,True,30,29,1,0
RD-1003950,True,25,25,0,0
RD-1003951,True,26,26,0,0
RD-1003952,True,9,8,0,1
RD-1003953,True,39,38,1,0
RD-1003954,True,34,33,1,0
RD-1003955,True,43,41,1,1
RD-1003956,True,45,43,2,0
RD-1003957,True,37,37,0,0
RD-1003958,True,17,16,0,1
RD-1003959,True,3,3,0,0
RD-1003960,True,23,21,1,1
RD-1003961,True,21,19,2,0
RD-1003962,True,34,31,3,0
RD-1003963,True,31,29,2,0
RD-1003964,True,28,24,2,2
RD-1003965,True,28,27,0,1
RD-1003966,True,27,26,1,0
RD-1003967,True,31,29,1,1
RD-1003968,True,31,31,0,0
RD-1003969,True,19,19,0,0
RD-1003970,True,18,16,1,1
RD-1003971,True,21,17,2,2
RD-1003972,True,22,20,0,2
RD-1003973,True,26,24,1,0
RD-1003974,True,27,26,0,0
RD-1003975,True,26,25,0,0
RD-1003976,True,32,29,0,2
RD-1003977,True,22,21,1,0
RD-1003978,True,37,36,1,0
RD-1003979,True,4,4,0,0
RD-1003980,True,29,29,0,0
RD-1003981,True,19,16,2,1
RD-1003982,True,30,29,0,0
RD-1003983,True,35,33,1,1
RD-1003984,True,26,24,0,1
RD-1003985,True,34,32,1,0
RD-1003986,True,25,22,2,0
RD-1003987,True,28,26,1,0
RD-1003988,True,41,40,1,0
RD-1003989,True,30,29,1,0
RD-1003990,True,38,36,1,0
RD-1003991,True,32,29,1,1
RD-1003992,True,36,36,0,0
RD-1003993,True,34,34,0,0
RD-1003994,True,34,33,0,1
RD-1003995,True,31,30,0,1
RD-1003996,True,21,18,2,1
RD-1003997,True,26,26,0,0
RD-1003998,True,33,32,1,0
RD-1003999,True,29,28,0,0
RD-1004000,True,29,26,2,1
RD-1004001,True,25,23,2,0
RD-1004002,True,37,36,0,1
RD-1004003,True,37,35,1,1
RD-1004004,True,32,32,0,0
RD-1004005,True,12,12,0,0
RD-1004006,True,29,29,0,0
RD-1004007,True,27,25,1,0
RD-1004008,True,26,26,0,0
RD-1004009,True,25,25,0,0
RD-1004010,True,34,33,1,0
RD-1004011,True,23,21,1,0
RD-1004012,True,30,27,3,0
RD-1004013,True,30,30,0,0
RD-1004014,True,25,24,1,0
RD-1004015,True,27,27,0,0
RD-1004016,True,30,30,0,0
RD-1004017,True,31,30,1,0
RD-1004018,True,14,13,1,0
RD-1004019,True,35,28,3,4
RD-1004020,True,25,22,2,1
RD-1004021,True,34,33,0,1
RD-1004022,True,34,34,0,0
RD-1004023,True,25,25,0,0
RD-1004024,True,37,35,1,0
RD-1004025,True,45,44,0,1
RD-1004026,True,47,43,1,3
RD-1004027,True,27,27,0,0
RD-1004028,True,35,34,0,1
RD-1004029,True,31,29,1,0
RD-1004030,True,31,31,0,0
RD-1004031,True,28,28,0,0
RD-1004032,True,26,25,1,0
RD-1004033,True,43,39,2,1
RD-1004034,True,22,22,0,0
RD-1004035,True,33,30,0,3
RD-1004036,True,47,45,1,0
RD-1004037,True,19,18,1,0
RD-1004038,True,24,24,0,0
RD-1004039,True,23,23,0,0
RD-1004040,True,24,24,0,0
RD-1004041,True,30,29,0,1
RD-1004042,True,35,35,0,0
RD-1004043,True,31,31,0,0
RD-1004044,True,31,30,1,0
RD-1004045,True,26,26,0,0
RD-1004046,True,23,22,0,1
RD-1004047,True,29,28,1,0
RD-1004048,True,27,27,0,0
RD-1004049,True,18,16,1,1
RD-1004050,True,30,27,3,0
RD-1004051,True,22,21,0,1
RD-1004052,True,45,43,0,2
RD-1004053,True,19,19,0,0
RD-1004054,True,31,29,1,0
RD-1004055,True,36,34,1,0
RD-1004056,True,22,22,0,0
RD-1004057,True,23,23,0,0
RD-1004058,True,26,25,0,0
RD-1004059,True,35,35,0,0
RD-1004060,True,42,41,1,0
RD-1004061,True,24,23,1,0
RD-1004062,True,22,21,1,0
RD-1004063,True,35,34,0,0
RD-1004064,True,34,33,1,0
RD-1004065,True,22,22,0,0
RD-1004066,True,23,23,0,0
RD-1004067,True,22,22,0,0
RD-1004068,True,13,13,0,0
RD-1004069,True,33,29,3,1
RD-1004070,True,36,30,1,4
RD-1004071,True,29,25,2,2
RD-1004072,True,32,32,0,0
RD-1004073,True,31,29,2,0
RD-1004074,True,28,27,1,0
RD-1004075,True,46,44,0,2
RD-1004076,True,40,39,1,0
RD-1004077,True,4,4,0,0
RD-1004078,True,29,27,1,0
RD-1004079,True,31,31,0,0
RD-1004080,True,25,23,0,2
RD-1004081,True,29,27,2,0
RD-1004082,True,25,23,1,1
RD-1004083,True,27,24,2,0
RD-1004084,True,28,26,1,1
RD-1004085,True,27,25,2,0
RD-1004086,True,45,45,0,0
RD-1004087,True,22,19,1,1
RD-1004088,True,36,32,3,0
RD-1004089,True,29,27,1,1
RD-1004090,True,21,20,1,0
RD-1004091,True,27,27,0,0
RD-1004092,True,36,34,0,1
RD-1004093,True,28,28,0,0
RD-1004094,True,31,28,2,1
RD-1004095,True,26,25,1,0
RD-1004096,True,43,42,1,0
RD-1004097,True,26,23,2,1
RD-1004098,True,27,25,1,1
RD-1004099,True,19,19,0,0
RD-1004100,True,28,26,2,0
RD-1004101,True,22,22,0,0
RD-1004102,True,35,33,2,0
RD-1004103,True,8,8,0,0
RD-1004104,True,3,3,0,0
RD-1004105,True,26,26,0,0
RD-1004106,True,40,37,2,0
RD-1004107,True,25,22,3,0
RD-1004108,True,23,23,0,0
RD-1004109,True,32,32,0,0
RD-1004110,False,2,2,0,0
RD-1004111,True,15,13,1,1
RD-1004112,True,25,24,0,1
RD-1004113,True,34,33,1,0
RD-1004114,True,26,25,0,1
RD-1004115,True,29,27,2,0
RD-1004116,True,26,26,0,0
RD-1004117,True,26,26,0,0
RD-1004118,True,28,28,0,0
RD-1004119,True,35,34,0,1
RD-1004120,True,28,27,0,0
RD-1004121,True,23,23,0,0
RD-1004122,True,24,24,0,0
RD-1004123,True,42,41,1,0
RD-1004124,True,30,30,0,0
RD-1004125,True,28,28,0,0
RD-1004126,False,1,0,1,0
RD-1004127,True,38,36,1,0
RD-1004128,True,15,15,0,0
RD-1004129,True,25,23,2,0
RD-1004130,True,20,18,2,0
RD-1004131,True,33,32,1,0
RD-1004132,True,10,9,0,0
RD-1004133,True,26,25,0,0
RD-1004134,True,28,28,0,0
RD-1004135,True,30,27,0,0
RD-1004136,True,41,41,0,0
RD-1004137,True,16,13,0,2
RD-1004138,True,30,29,1,0
RD-1004139,True,38,37,1,0
RD-1004140,True,27,27,0,0
RD-1004141,True,26,25,0,1
RD-1004142,True,21,20,1,0
RD-1004143,True,3,3,0,0
RD-1004144,True,34,34,0,0
RD-1004145,True,19,17,1,1
RD-1004146,True,40,39,1,0
RD-1004147,True,31,31,0,0
RD-1004148,True,24,23,1,0
RD-1004149,True,25,25,0,0
RD-1004150,True,28,28,0,0
RD-1004151,True,31,31,0,0
RD-1004152,True,32,31,0,0
RD-1004153,True,27,27,0,0
RD-1004154,True,30,29,1,0
RD-1004155,True,47,45,1,0
RD-1004156,True,21,20,1,0
RD-1004157,True,40,38,0,1
RD-1004158,True,28,28,0,0
RD-1004159,True,40,37,2,0
RD-1004160,True,4,3,0,1
RD-1004161,True,42,42,0,0
RD-1004162,True,36,34,1,1
RD-1004163,True,33,33,0,0
RD-1004164,True,36,34,1,0
RD-1004165,True,22,21,1,0
RD-1004166,True,29,29,0,0
RD-1004167,True,38,37,0,0
RD-1004168,True,33,30,3,0
RD-1004169,True,27,26,0,1
RD-1004170,True,25,25,0,0
RD-1004171,True,29,28,1,0
RD-1004172,True,40,36,2,2
RD-1004173,True,5,5,0,0
RD-1004174,True,6,6,0,0
RD-1004175,True,30,29,1,0
RD-1004176,True,24,24,0,0
RD-1004177,True,20,19,1,0
RD-1004178,True,24,22,2,0
RD-1004179,True,32,29,3,0
RD-1004180,True,23,23,0,0
RD-1004181,True,45,45,0,0
RD-1004182,True,21,20,0,0
RD-1004183,True,25,25,0,0
RD-1004184,True,27,26,0,1
RD-1004185,True,24,22,0,1
RD-1004186,True,30,27,2,1
RD-1004187,True,25,24,0,1
RD-1004188,True,22,22,0,0
RD-1004189,True,29,27,1,1
RD-1004190,True,17,17,0,0
RD-1004191,True,3,3,0,0
RD-1004192,True,26,25,0,1
RD-1004193,True,35,33,0,2
RD-1004194,True,22,21,0,0
RD-1004195,True,22,21,0,1
RD-1004196,True,30,29,1,0
RD-1004197,True,3,3,0,0
RD-1004198,True,22,19,2,0
RD-1004199,True,24,24,0,0
RD-1004200,True,27,25,1,1
RD-1004201,True,26,22,2,2
RD-1004202,True,27,27,0,0
RD-1004203,True,4,4,0,0
RD-1004204,True,41,41,0,0
RD-1004205,True,24,23,1,0
RD-1004206,True,14,12,0,2
RD-1004207,True,29,29,0,0
RD-1004208,True,22,21,1,0
RD-1004209,True,18,16,2,0
RD-1004210,True,26,24,0,1
RD-1004211,True,29,29,0,0
RD-1004212,True,40,40,0,0
RD-1004213,True,31,31,0,0
RD-1004214,True,30,28,1,0
RD-1004215,True,8,8,0,0
RD-1004216,True,21,21,0,0
RD-1004217,True,29,29,0,0
RD-1004218,True,17,17,0,0
RD-1004219,True,29,29,0,0
RD-1004220,True,27,27,0,0
RD-1004221,True,30,30,0,0
RD-1004222,True,20,19,1,0
RD-1004223,True,2,2,0,0
RD-1004224,True,44,43,0,1
RD-1004225,True,34,31,2,1
RD-1004226,True,29,27,1,1
RD-1004227,True,22,20,2,0
RD-1004228,True,25,24,0,1
RD-1004229,True,29,28,1,0
RD-1004230,False,1,1,0,0
RD-1004231,True,32,31,1,0
RD-1004232,True,31,30,1,0
RD-1004233,True,34,32,1,1
RD-1004234,True,26,25,1,0
RD-1004235,True,24,24,0,0
RD-1004236,True,42,40,2,0
RD-1004237,True,25,25,0,0
RD-1004238,True,22,21,0,0
RD-1004239,True,25,23,1,1
RD-1004240,True,41,39,1,1
RD-1004241,True,30,26,1,3
RD-1004242,True,25,22,1,2
RD-1004243,True,25,23,1,0
RD-1004244,True,31,28,2,1
RD-1004245,True,30,29,0,0
RD-1004246,True,36,33,2,1
RD-1004247,True,24,22,1,0
RD-1004248,True,2,2,0,0
RD-1004249,True,32,30,1,1
RD-1004250,True,31,29,0,2
RD-1004251,True,34,33,0,1
RD-1004252,True,31,29,1,1
RD-1004253,True,26,24,1,1
RD-1004254,True,28,28,0,0
RD-1004255,True,28,26,1,1
RD-1004256,True,26,25,1,0
RD-1004257,True,29,27,1,1
RD-1004258,True,41,41,0,0
RD-1004259,True,45,44,1,0
RD-1004260,True,29,28,1,0
RD-1004261,True,18,17,0,0
RD-1004262,True,25,25,0,0
RD-1004263,True,21,21,0,0
RD-1004264,True,42,41,1,0
RD-1004265,True,33,32,1,0
RD-1004267,True,26,25,0,1
RD-1004268,True,15,13,1,1
RD-1004269,True,29,29,0,0
RD-1004270,True,35,35,0,0
RD-1004271,True,16,16,0,0
RD-1004272,True,20,19,1,0
RD-1004273,True,20,19,0,1
RD-1004274,True,25,24,1,0
RD-1004275,True,26,26,0,0
RD-1004276,True,33,31,2,0
RD-1004277,True,29,29,0,0
RD-1004278,True,31,29,1,1
RD-1004279,True,24,23,0,1
RD-1004280,True,37,36,0,0
RD-1004281,True,24,22,1,1
RD-1004282,True,27,25,1,1
RD-1004283,True,32,31,0,1
RD-1004284,True,11,10,0,1
RD-1004285,True,18,16,0,1
RD-1004286,True,6,6,0,0
RD-1004287,True,13,13,0,0
RD-1004288,True,25,24,1,0
RD-1004289,True,22,19,1,2
RD-1004290,True,29,27,1,1
RD-1004291,True,35,33,1,1
RD-1004292,True,22,21,0,1
RD-1004293,True,29,29,0,0
RD-1004294,True,23,20,1,0
RD-1004295,True,29,27,1,1
RD-1004296,True,26,24,1,1
RD-1004297,True,41,40,0,0
RD-1004298,True,24,22,2,0
RD-1004299,True,28,28,0,0
RD-1004300,True,24,24,0,0
RD-1004301,True,21,19,2,0
RD-1004302,True,27,25,0,1
RD-1004303,True,19,18,0,1
RD-1004304,True,23,22,0,1
RD-1004305,True,17,17,0,0
RD-1004306,True,31,29,2,0
RD-1004307,True,30,29,1,0
RD-1004308,True,26,25,1,0
RD-1004309,True,28,27,0,1
RD-1004310,True,29,27,1,0
RD-1004311,True,26,25,0,1
RD-1004312,True,32,28,2,2
RD-1004313,True,27,26,1,0
RD-1004314,True,23,23,0,0
RD-1004315,True,26,24,1,0
RD-1004316,True,25,24,0,1
RD-1004317,True,30,30,0,0
RD-1004318,True,33,31,1,0
RD-1004319,True,25,22,2,0
RD-1004320,True,27,26,0,1
RD-1004321,True,40,37,2,1
RD-1004322,True,17,17,0,0
RD-1004323,True,46,43,0,1
RD-1004324,True,32,30,1,0
RD-1004325,True,30,29,0,1
RD-1004326,True,30,29,0,0
RD-1004327,True,25,22,1,0
RD-1004328,True,30,29,1,0
RD-1004329,True,30,30,0,0
RD-1004330,True,30,29,1,0
RD-1004331,True,21,20,1,0
RD-1004332,True,8,8,0,0
RD-1004333,True,35,33,0,0
RD-1004334,True,19,17,0,2
RD-1004335,True,24,24,0,0
RD-1004336,True,37,36,0,1
RD-1004337,True,11,10,1,0
RD-1004338,True,26,26,0,0
RD-1004339,True,26,25,1,0
RD-1004340,True,2,2,0,0
RD-1004341,True,36,35,1,0
RD-1004342,True,9,9,0,0
RD-1004343,True,28,26,2,0
RD-1004344,True,50,50,0,0
RD-1004345,True,33,29,1,3
RD-1004346,True,32,29,3,0
RD-1004347,True,18,15,1,1
RD-1004348,True,27,27,0,0
RD-1004349,True,25,24,0,0
RD-1004350,True,27,26,0,1
RD-1004351,True,30,29,1,0
RD-1004352,True,27,26,1,0
RD-1004353,True,26,23,1,2
RD-1004354,True,27,26,1,0
RD-1004355,True,24,24,0,0
RD-1004356,True,22,20,2,0
RD-1004357,True,30,28,0,1
RD-1004358,True,11,11,0,0
RD-1004359,True,31,30,0,1
RD-1004360,True,30,30,0,0
RD-1004361,True,38,37,1,0
RD-1004362,True,20,20,0,0
RD-1004363,True,24,23,1,0
RD-1004364,True,45,44,0,1
RD-1004365,True,26,25,1,0
RD-1004366,True,3,3,0,0
RD-1004367,True,23,21,1,1
RD-1004368,True,23,23,0,0
RD-1004369,True,51,50,0,1
RD-1004370,True,24,23,0,0
RD-1004371,True,21,18,1,1
RD-1004372,True,27,25,1,0
RD-1004373,True,29,28,0,1
RD-1004374,True,23,22,0,0
RD-1004375,True,35,34,0,1
RD-1004376,True,3,3,0,0
RD-1004377,True,32,31,1,0
RD-1004378,True,32,31,1,0
RD-1004379,True,27,27,0,0
RD-1004380,True,37,37,0,0
RD-1004381,True,41,39,0,1
RD-1004382,True,22,22,0,0
RD-1004383,True,40,39,1,0
RD-1004384,True,26,25,0,1
RD-1004385,True,24,23,0,1
RD-1004386,True,26,25,0,0
RD-1004387,True,22,21,0,1
RD-1004388,True,28,24,3,1
RD-1004389,True,33,31,1,1
RD-1004390,True,28,27,1,0
RD-1004391,True,27,27,0,0
RD-1004392,True,22,22,0,0
RD-1004393,True,27,26,0,1
RD-1004394,True,27,26,1,0
RD-1004395,True,37,35,0,2
RD-1004396,True,29,26,2,1
RD-1004397,True,25,22,0,1
RD-1004398,True,36,35,0,0
RD-1004399,True,32,29,1,2
RD-1004400,True,29,23,2,1
RD-1004401,True,26,25,0,0
RD-1004402,True,31,31,0,0
RD-1004403,True,6,4,2,0
RD-1004404,True,18,18,0,0
RD-1004405,True,20,18,1,1
RD-1004406,True,37,36,1,0
RD-1004407,True,29,27,2,0
RD-1004408,True,34,34,0,0
RD-1004409,True,33,32,1,0
RD-1004410,True,34,34,0,0
RD-1004411,True,32,30,1,1
RD-1004412,True,25,23,2,0
RD-1004413,True,28,27,0,1
RD-1004414,True,5,5,0,0
RD-1004415,True,23,19,2,1
RD-1004416,True,35,34,1,0
RD-1004417,True,33,31,2,0
RD-1004418,True,28,27,0,1
RD-1004419,True,27,27,0,0
RD-1004420,True,31,30,1,0
RD-1004421,True,31,31,0,0
RD-1004422,True,29,28,1,0
RD-1004423,True,28,27,0,0
RD-1004424,True,34,34,0,0
RD-1004425,True,32,30,2,0
RD-1004426,True,35,34,1,0
RD-1004427,True,32,32,0,0
RD-1004428,True,34,33,0,0
RD-1004429,True,24,24,0,0
RD-1004430,True,30,29,1,0
RD-1004431,True,17,17,0,0
RD-1004432,True,25,23,1,0
RD-1004433,True,32,32,0,0
RD-1004434,True,31,29,2,0
RD-1004435,True,37,34,2,1
RD-1004436,True,24,24,0,0
RD-1004437,True,45,43,2,0
RD-1004438,True,30,29,0,0
RD-1004439,True,36,36,0,0
RD-1004440,True,21,20,0,0
RD-1004441,True,11,11,0,0
RD-1004442,True,32,31,0,1
RD-1004443,True,34,33,1,0
RD-1004444,True,21,20,1,0
RD-1004445,True,39,38,0,1
RD-1004446,True,27,27,0,0
RD-1004447,True,26,23,2,1
RD-1004448,True,33,32,0,0
RD-1004449,True,4,4,0,0
RD-1004450,True,21,21,0,0
RD-1004451,True,9,9,0,0
RD-1004452,True,5,5,0,0
RD-1004453,True,30,26,2,0
RD-1004454,True,22,21,1,0
RD-1004455,True,35,34,0,0
RD-1004456,True,18,18,0,0
RD-1004457,True,26,25,1,0
RD-1004458,True,13,12,1,0
RD-1004459,True,23,22,1,0
RD-1004460,True,27,27,0,0
RD-1004461,True,31,30,0,0
RD-1004462,True,27,26,0,1
RD-1004463,True,29,28,1,0
RD-1004464,True,29,29,0,0
RD-1004465,True,14,14,0,0
RD-1004466,True,24,24,0,0
RD-1004467,True,41,40,0,0
RD-1004468,True,23,23,0,0
RD-1004469,True,31,29,1,1
RD-1004470,True,34,32,0,0
RD-1004471,True,24,20,3,1
RD-1004472,True,18,16,2,0
RD-1004473,True,35,34,1,0
RD-1004474,True,28,26,0,2
RD-1004475,True,30,28,2,0
RD-1004476,True,39,37,2,0
RD-1004477,True,28,27,1,0
RD-1004478,True,28,28,0,0
RD-1004479,True,26,24,0,1
RD-1004480,True,29,29,0,0
RD-1004481,True,35,34,0,0
RD-1004482,True,36,33,3,0
RD-1004483,True,39,37,0,2
RD-1004484,True,28,26,1,1
RD-1004485,True,25,24,1,0
RD-1004486,True,25,25,0,0
RD-1004487,True,14,12,1,1
RD-1004488,True,27,27,0,0
RD-1004489,True,15,14,1,0
RD-1004490,True,34,32,0,1
RD-1004491,True,10,8,1,1
RD-1004492,True,24,20,3,1
RD-1004493,True,6,6,0,0
RD-1004494,True,35,34,0,1
RD-1004495,True,18,18,0,0
RD-1004496,True,25,24,1,0
RD-1004497,True,34,33,1,0
RD-1004498,True,30,29,1,0
RD-1004499,True,30,30,0,0
RD-1004500,True,18,18,0,0
RD-1004501,True,30,28,2,0
RD-1004502,True,22,22,0,0
RD-1004503,True,30,28,1,1
RD-1004504,True,46,45,0,1
RD-1004505,True,27,26,1,0
RD-1004506,True,30,30,0,0
RD-1004507,True,2,2,0,0
RD-1004508,True,45,43,2,0
RD-1004509,True,27,27,0,0
RD-1004510,True,30,28,1,1
RD-1004511,True,24,23,1,0
RD-1004512,True,24,22,1,1
RD-1004513,True,40,39,0,0
RD-1004514,True,31,28,1,1
RD-1004515,True,53,50,2,0
RD-1004516,True,23,20,2,1
RD-1004517,True,6,6,0,0
RD-1004518,True,7,7,0,0
RD-1004519,True,10,10,0,0
RD-1004520,True,25,22,1,1
RD-1004521,True,24,21,3,0
RD-1004522,True,6,6,0,0
RD-1004523,True,27,26,1,0
RD-1004524,True,20,20,0,0
RD-1004525,True,35,34,0,1
RD-1004526,True,19,19,0,0
RD-1004527,True,21,19,0,0
RD-1004528,True,29,25,2,2
RD-1004529,True,26,26,0,0
RD-1004530,True,33,33,0,0
RD-1004531,True,30,29,1,0
RD-1004532,True,11,11,0,0
RD-1004533,True,16,14,1,1
RD-1004534,True,51,50,1,0
RD-1004535,True,35,35,0,0
RD-1004536,True,44,42,1,1
RD-1004537,True,41,39,0,2
RD-1004538,True,25,23,0,2
RD-1004539,True,28,28,0,0
RD-1004540,True,30,28,1,1
RD-1004541,True,25,25,0,0
RD-1004542,True,20,19,0,1
RD-1004543,True,19,17,0,1
RD-1004544,True,34,33,1,0
RD-1004545,True,38,37,0,0
RD-1004546,True,36,34,1,1
RD-1004547,True,41,39,1,1
RD-1004548,True,31,29,1,0
RD-1004549,True,24,21,0,3
RD-1004550,True,28,28,0,0
RD-1004551,True,3,3,0,0
RD-1004552,True,27,26,1,0
RD-1004553,True,34,34,0,0
RD-1004554,True,29,29,0,0
RD-1004555,True,27,27,0,0
RD-1004556,True,28,26,2,0
RD-1004557,True,14,9,2,3
RD-1004558,True,44,41,1,1
RD-1004559,True,9,8,1,0
RD-1004560,True,50,49,1,0
RD-1004561,True,39,38,1,0
RD-1004562,True,42,41,1,0
RD-1004563,True,33,32,0,0
RD-1004564,True,28,26,0,2
RD-1004565,True,12,12,0,0
RD-1004566,True,29,28,0,0
RD-1004567,True,3,3,0,0
RD-1004568,True,19,19,0,0
RD-1004569,True,29,27,2,0
RD-1004570,True,28,27,0,1
RD-1004571,True,30,29,1,0
RD-1004572,True,33,29,3,1
RD-1004573,True,26,25,0,1
RD-1004574,True,25,24,1,0
RD-1004575,True,32,32,0,0
RD-1004576,True,31,29,2,0
RD-1004577,True,21,20,0,0
RD-1004578,True,13,11,2,0
RD-1004579,True,44,41,1,2
RD-1004580,True,18,17,0,1
RD-1004581,True,26,25,0,1
RD-1004582,True,34,33,0,1
RD-1004583,True,36,35,1,0
RD-1004584,True,4,3,1,0
RD-1004585,True,16,16,0,0
RD-1004586,True,34,33,1,0
RD-1004587,True,51,50,1,0
RD-1004588,True,34,34,0,0
RD-1004589,True,27,27,0,0
RD-1004590,True,28,27,0,1
RD-1004591,True,28,28,0,0
RD-1004592,True,32,30,0,1
RD-1004593,True,21,19,2,0
RD-1004594,True,27,25,0,0
RD-1004595,True,26,26,0,0
RD-1004596,True,24,22,0,1
RD-1004597,True,26,26,0,0
RD-1004598,True,41,41,0,0
RD-1004599,True,22,20,0,1
RD-1004600,True,31,30,0,1
RD-1004601,True,24,23,1,0
RD-1004602,True,37,36,0,0
RD-1004603,True,36,34,1,1
RD-1004604,True,21,21,0,0
RD-1004605,True,34,33,1,0
RD-1004606,True,20,19,0,1
RD-1004607,True,35,34,0,0
RD-1004608,True,28,26,2,0
RD-1004609,True,24,24,0,0
RD-1004610,True,31,25,2,3
RD-1004611,True,26,26,0,0
RD-1004612,True,42,41,1,0
RD-1004613,True,41,40,0,1
RD-1004614,True,33,33,0,0
RD-1004615,True,34,33,1,0
RD-1004616,True,26,24,2,0
RD-1004617,True,5,4,0,0
RD-1004618,True,29,27,1,1
RD-1004619,True,41,37,3,0
RD-1004620,True,32,31,0,1
RD-1004621,True,19,13,3,1
RD-1004622,True,34,30,1,0
RD-1004623,True,25,24,0,0
RD-1004624,True,14,12,1,0
RD-1004625,True,38,35,2,0
RD-1004626,True,4,4,0,0
RD-1004627,True,38,37,1,0
RD-1004628,True,20,19,1,0
RD-1004629,True,32,27,3,1
RD-1004630,True,44,38,4,1
RD-1004631,True,26,25,0,0
RD-1004632,True,29,27,1,1
RD-1004633,True,49,49,0,0
RD-1004634,True,24,21,2,1
RD-1004635,True,24,24,0,0
RD-1004636,True,24,24,0,0
RD-1004637,True,27,25,0,2
RD-1004638,True,27,27,0,0
RD-1004639,True,2,2,0,0
RD-1004640,True,31,29,0,2
RD-1004641,True,16,15,0,1
RD-1004642,True,26,25,0,1
RD-1004643,False,1,1,0,0
RD-1004644,True,27,25,1,1
RD-1004645,True,28,28,0,0
RD-1004646,True,26,25,1,0
RD-1004647,True,16,13,2,0
RD-1004648,True,30,30,0,0
RD-1004649,True,37,35,1,1
RD-1004650,True,18,18,0,0
RD-1004651,True,32,27,2,2
RD-1004652,True,24,24,0,0
RD-1004653,True,36,36,0,0
RD-1004654,True,27,26,0,1
RD-1004655,True,30,30,0,0
RD-1004656,True,42,40,2,0
RD-1004657,True,30,29,1,0
RD-1004658,True,35,35,0,0
RD-1004659,True,15,11,3,1
RD-1004660,True,22,18,2,2
RD-1004661,True,30,28,1,1
RD-1004662,True,25,24,0,1
RD-1004663,True,34,32,2,0
RD-1004664,True,31,28,1,2
RD-1004665,True,31,29,0,2
RD-1004666,True,21,21,0,0
RD-1004667,True,27,26,0,1
RD-1004668,True,25,22,1,2
RD-1004669,True,28,27,1,0
RD-1004670,True,29,26,1,0
RD-1004671,True,25,24,1,0
RD-1004672,True,41,37,2,1
RD-1004673,True,26,26,0,0
RD-1004674,True,22,22,0,0
RD-1004675,True,25,23,1,0
RD-1004676,True,18,18,0,0
RD-1004677,True,37,37,0,0
RD-1004678,True,25,24,1,0
RD-1004679,True,21,20,0,0
RD-1004680,True,38,36,1,1
RD-1004681,True,29,28,0,0
RD-1004682,True,38,35,2,1
RD-1004683,True,30,28,2,0
RD-1004684,True,31,31,0,0
RD-1004685,True,36,35,0,0
RD-1004686,True,37,34,2,1
RD-1004687,True,20,20,0,0
RD-1004688,True,15,13,0,1
RD-1004689,True,24,22,1,1
RD-1004690,True,16,14,1,0
RD-1004691,True,39,37,0,2
RD-1004692,True,28,27,1,0
RD-1004693,True,27,27,0,0
RD-1004694,True,26,24,2,0
RD-1004695,True,31,31,0,0
RD-1004696,True,31,30,1,0
RD-1004697,True,26,23,3,0
RD-1004698,True,34,32,1,0
RD-1004699,True,19,16,3,0
RD-1004700,True,26,25,1,0
RD-1004701,True,34,33,0,0
RD-1004702,True,24,24,0,0
RD-1004703,True,25,23,1,1
RD-1004704,True,33,32,1,0
RD-1004705,True,29,27,1,1
RD-1004706,True,29,27,1,1
RD-1004707,True,19,19,0,0
RD-1004708,True,18,17,1,0
RD-1004709,True,28,27,0,1
RD-1004710,True,30,28,1,0
RD-1004711,True,31,31,0,0
RD-1004712,True,8,8,0,0
RD-1004713,True,34,32,0,1
RD-1004714,True,24,21,1,2
RD-1004715,True,24,24,0,0
RD-1004716,True,26,26,0,0
RD-1004717,True,45,42,2,1
RD-1004718,True,20,18,0,2
RD-1004719,True,25,18,7,0
RD-1004720,True,39,36,1,1
RD-1004721,True,25,24,0,1
RD-1004722,True,28,27,0,1
RD-1004723,True,22,22,0,0
RD-1004724,True,40,37,0,1
RD-1004725,True,20,17,1,2
RD-1004726,True,29,29,0,0
RD-1004727,True,27,27,0,0
RD-1004728,True,27,25,1,1
RD-1004729,True,29,28,1,0
RD-1004730,True,27,25,2,0
RD-1004731,True,27,24,3,0
RD-1004732,True,24,23,1,0
RD-1004733,True,12,12,0,0
RD-1004734,True,30,29,1,0
RD-1004735,True,34,34,0,0
RD-1004736,True,22,19,3,0
RD-1004737,True,30,29,0,1
RD-1004738,True,33,30,1,0
RD-1004739,True,31,30,0,0
RD-1004740,True,26,25,1,0
RD-1004741,True,31,30,0,0
RD-1004742,True,22,19,1,2
RD-1004743,True,27,26,0,0
RD-1004744,True,27,25,1,1
RD-1004745,True,23,23,0,0
RD-1004746,True,23,23,0,0
RD-1004747,True,3,3,0,0
RD-1004748,True,27,25,1,1
RD-1004749,True,29,29,0,0
RD-1004750,True,23,21,2,0
RD-1004751,True,25,24,0,1
RD-1004752,True,25,24,0,1
RD-1004753,True,31,30,1,0
RD-1004754,True,25,25,0,0
RD-1004755,True,14,11,2,1
RD-1004756,True,20,20,0,0
RD-1004757,True,3,3,0,0
RD-1004758,True,21,20,1,0
RD-1004759,True,25,23,2,0
RD-1004760,True,27,27,0,0
RD-1004761,True,30,29,1,0
RD-1004762,True,31,29,2,0
RD-1004763,True,30,28,0,0
RD-1004764,True,31,29,2,0
RD-1004765,True,33,32,0,1
RD-1004766,True,27,27,0,0
RD-1004767,True,21,17,0,4
RD-1004768,True,32,31,1,0
RD-1004769,True,24,23,0,0
RD-1004770,True,40,37,1,0
RD-1004771,True,38,34,2,1
RD-1004772,True,29,27,1,0
RD-1004773,True,25,23,2,0
RD-1004774,True,23,23,0,0
RD-1004775,True,31,29,1,1
RD-1004776,True,8,7,0,1
RD-1004777,True,26,25,0,0
RD-1004778,True,23,23,0,0
RD-1004779,True,36,34,0,2
RD-1004780,True,24,23,1,0
RD-1004781,True,44,43,1,0
RD-1004782,True,32,31,0,1
RD-1004783,True,32,30,1,1
RD-1004784,False,2,2,0,0
RD-1004785,True,26,26,0,0
RD-1004786,True,33,33,0,0
RD-1004787,True,30,29,1,0
RD-1004788,True,19,18,0,1
RD-1004789,True,26,22,2,2
RD-1004790,True,7,7,0,0
RD-1004791,True,28,27,0,1
RD-1004792,True,30,29,1,0
RD-1004793,True,33,32,0,1
RD-1004794,True,34,32,1,1
RD-1004795,True,33,32,0,1
RD-1004796,True,25,25,0,0
RD-1004797,True,24,23,1,0
RD-1004798,True,25,25,0,0
RD-1004799,True,26,26,0,0
RD-1004800,True,20,20,0,0
RD-1004801,True,30,28,1,1
RD-1004802,True,29,27,0,1
RD-1004803,True,16,16,0,0
RD-1004804,True,34,33,1,0
RD-1004805,True,35,34,0,1
RD-1004806,True,32,30,1,0
RD-1004807,True,22,22,0,0
RD-1004808,True,29,27,0,1
RD-1004809,True,35,33,2,0
RD-1004810,True,26,25,1,0
RD-1004811,True,34,33,0,1
RD-1004812,True,41,40,1,0
RD-1004813,True,27,25,2,0
RD-1004814,True,17,17,0,0
RD-1004815,True,36,35,1,0
RD-1004816,True,20,20,0,0
RD-1004817,True,34,34,0,0
RD-1004818,True,27,23,2,2
RD-1004819,True,33,33,0,0
RD-1004820,True,39,33,2,3
RD-1004821,True,17,15,2,0
RD-1004822,True,30,27,2,1
RD-1004823,True,9,9,0,0
RD-1004824,True,36,35,0,1
RD-1004825,True,29,29,0,0
RD-1004826,True,33,31,1,1
RD-1004827,False,1,1,0,0
RD-1004828,True,24,21,2,1
RD-1004829,True,27,27,0,0
RD-1004830,True,17,15,2,0
RD-1004831,True,32,31,1,0
RD-1004832,True,29,28,0,1
RD-1004833,True,31,30,1,0
RD-1004834,True,41,41,0,0
RD-1004835,False,1,1,0,0
RD-1004836,True,28,25,2,0
RD-1004837,True,27,27,0,0
RD-1004838,True,34,33,0,1
RD-1004839,True,23,21,0,2
RD-1004840,True,20,19,0,1
RD-1004841,True,25,24,0,0
RD-1004842,True,4,4,0,0
RD-1004843,True,27,26,0,1
RD-1004844,True,26,24,1,0
RD-1004845,True,37,37,0,0
RD-1004846,True,24,24,0,0
RD-1004847,True,20,18,2,0
RD-1004848,True,39,39,0,0
RD-1004849,True,36,35,1,0
RD-1004850,True,23,23,0,0
RD-1004851,True,45,44,1,0
RD-1004852,True,33,33,0,0
RD-1004853,True,24,21,2,0
RD-1004854,True,29,27,0,2
RD-1004855,True,29,27,2,0
RD-1004856,True,19,19,0,0
RD-1004857,True,27,26,1,0
RD-1004858,True,22,21,0,0
RD-1004859,True,19,16,2,1
RD-1004860,True,28,27,0,1
RD-1004861,True,33,32,1,0
RD-1004862,True,13,13,0,0
RD-1004863,True,26,24,0,1
RD-1004864,True,24,23,0,1
RD-1004865,True,21,20,1,0
RD-1004866,True,27,27,0,0
RD-1004867,True,35,33,1,1
RD-1004868,True,23,21,0,1
RD-1004869,False,1,1,0,0
RD-1004870,True,23,23,0,0
RD-1004871,True,14,14,0,0
RD-1004872,True,34,34,0,0
RD-1004873,True,32,31,1,0
RD-1004874,True,34,32,1,1
RD-1004875,True,39,36,2,0
RD-1004876,True,34,33,0,1
RD-1004877,True,34,33,0,0
RD-1004878,True,16,15,1,0
RD-1004879,True,26,26,0,0
RD-1004880,True,21,21,0,0
RD-1004881,True,26,25,0,0
RD-1004882,True,40,39,0,1
RD-1004883,True,31,30,0,0
RD-1004884,True,29,27,1,0
RD-1004885,True,21,19,1,1
RD-1004886,True,19,18,0,1
RD-1004887,True,38,38,0,0
RD-1004888,True,32,31,0,1
RD-1004889,True,22,22,0,0
RD-1004890,True,26,23,0,2
RD-1004891,True,30,29,0,0
RD-1004892,True,29,27,1,1
RD-1004893,True,32,29,3,0
RD-1004894,True,18,17,1,0
RD-1004895,True,29,28,0,0
RD-1004896,True,28,27,0,1
RD-1004897,True,27,25,2,0
RD-1004898,True,30,29,0,0
RD-1004899,True,23,22,1,0
RD-1004900,True,40,37,2,1
RD-1004901,True,12,11,1,0
RD-1004902,True,30,27,3,0
RD-1004903,True,4,3,0,1
RD-1004904,True,20,19,1,0
RD-1004905,True,34,29,5,0
RD-1004906,True,6,5,0,1
RD-1004907,True,30,29,0,0
RD-1004908,True,24,23,1,0
RD-1004909,True,6,4,2,0
RD-1004910,True,29,28,1,0
RD-1004911,True,25,25,0,0
RD-1004912,True,31,30,1,0
RD-1004913,True,30,26,1,1
RD-1004914,True,29,29,0,0
RD-1004915,True,25,24,1,0
RD-1004916,True,29,27,2,0
RD-1004917,True,29,27,2,0
RD-1004918,True,25,24,0,1
RD-1004919,True,46,45,1,0
RD-1004920,True,29,29,0,0
RD-1004921,True,38,35,0,1
RD-1004922,True,7,7,0,0
RD-1004923,True,48,45,1,1
RD-1004924,True,31,30,1,0
RD-1004925,True,28,28,0,0
RD-1004926,True,21,20,1,0
RD-1004927,True,23,22,0,1
RD-1004928,True,19,18,1,0
RD-1004929,True,27,24,2,1
RD-1004930,True,23,19,1,3
RD-1004931,True,3,3,0,0
RD-1004932,True,35,34,1,0
RD-1004933,True,34,34,0,0
RD-1004934,True,32,28,3,1
RD-1004935,True,23,23,0,0
RD-1004936,True,23,22,0,0
RD-1004937,True,17,15,1,1
RD-1004938,True,21,18,1,2
RD-1004939,True,47,46,1,0
RD-1004940,True,27,25,0,1
RD-1004941,True,22,20,2,0
RD-1004942,True,24,24,0,0
RD-1004943,True,36,36,0,0
RD-1004944,True,29,29,0,0
RD-1004945,True,27,27,0,0
RD-1004946,True,31,30,0,1
RD-1004947,True,16,16,0,0
RD-1004948,True,41,39,1,0
RD-1004949,True,27,26,1,0
RD-1004950,True,18,15,2,0
RD-1004951,True,31,30,0,1
RD-1004952,True,22,22,0,0
RD-1004953,True,33,30,0,1
RD-1004954,True,32,31,1,0
RD-1004955,True,2,2,0,0
RD-1004956,True,22,20,0,2
RD-1004957,True,3,3,0,0
RD-1004958,True,6,6,0,0
RD-1004959,True,33,32,0,0
RD-1004960,True,26,26,0,0
RD-1004961,True,28,26,0,0
RD-1004962,True,33,32,1,0
RD-1004963,True,31,31,0,0
RD-1004964,True,26,25,1,0
RD-1004965,True,29,27,0,1
RD-1004966,True,33,31,1,1
RD-1004967,True,28,28,0,0
RD-1004968,True,29,29,0,0
RD-1004969,True,35,33,2,0
RD-1004970,True,39,37,1,0
RD-1004971,True,34,33,1,0
RD-1004972,True,26,22,3,0
RD-1004973,True,30,27,0,1
RD-1004974,True,31,26,3,0
RD-1004975,True,25,24,0,1
RD-1004976,True,6,6,0,0
RD-1004977,True,5,5,0,0
RD-1004978,True,27,27,0,0
RD-1004979,True,28,27,1,0
RD-1004980,True,26,26,0,0
RD-1004981,True,24,23,1,0
RD-1004982,True,26,25,1,0
RD-1004983,True,28,27,0,0
RD-1004984,True,25,23,1,1
RD-1004985,True,21,20,1,0
RD-1004986,True,6,5,0,1
RD-1004987,True,27,25,2,0
RD-1004988,True,43,40,1,2
RD-1004989,True,27,22,4,0
RD-1004990,True,27,26,0,1
RD-1004991,True,46,41,2,2
RD-1004992,True,32,32,0,0
RD-1004993,True,28,24,3,0
RD-1004994,True,37,33,2,1
RD-1004995,True,21,21,0,0
RD-1004996,True,25,24,0,1
RD-1004997,True,22,21,1,0
RD-1004998,True,16,14,2,0
RD-1004999,True,34,32,1,1
RD-1005000,True,30,28,2,0
RD-1005001,True,36,35,0,0
RD-1005002,True,7,7,0,0
RD-1005003,True,24,22,2,0
RD-1005004,True,6,6,0,0
RD-1005005,True,32,30,1,1
RD-1005006,True,33,33,0,0
RD-1005007,True,18,17,1,0
RD-1005008,True,27,27,0,0
RD-1005009,True,26,25,1,0
RD-1005010,True,25,23,2,0
RD-1005011,True,31,31,0,0
RD-1005012,True,29,27,2,0
RD-1005013,True,26,25,1,0
RD-1005014,True,28,28,0,0
RD-1005015,True,30,30,0,0
RD-1005016,True,4,3,1,0
RD-1005017,True,25,25,0,0
RD-1005018,True,29,28,0,1
RD-1005019,True,34,34,0,0
RD-1005020,True,28,28,0,0
RD-1005021,True,42,39,1,2
RD-1005022,True,23,22,1,0
RD-1005023,True,22,20,0,1
RD-1005024,True,27,23,3,1
RD-1005025,True,23,23,0,0
RD-1005026,True,29,28,1,0
RD-1005027,True,12,11,1,0
RD-1005028,True,30,29,0,0
RD-1005029,True,33,32,0,0
RD-1005030,True,27,26,0,0
RD-1005031,True,32,30,0,2
RD-1005032,True,28,27,0,1
RD-1005033,True,27,27,0,0
RD-1005034,True,35,32,1,1
RD-1005035,True,27,27,0,0
RD-1005036,True,31,30,1,0
RD-1005037,True,47,47,0,0
RD-1005038,True,37,36,1,0
RD-1005039,True,25,23,1,1
RD-1005040,True,34,31,2,1
RD-1005041,True,10,10,0,0
RD-1005042,True,28,28,0,0
RD-1005043,True,40,37,2,1
RD-1005044,True,25,24,1,0
RD-1005045,True,29,28,1,0
RD-1005046,True,39,39,0,0
RD-1005047,True,20,20,0,0
RD-1005048,True,29,29,0,0
RD-1005049,True,33,32,0,0
RD-1005050,True,5,4,0,1
RD-1005051,True,30,29,1,0
RD-1005052,True,22,22,0,0
RD-1005053,True,17,15,1,1
RD-1005054,True,21,21,0,0
RD-1005055,True,27,25,1,1
RD-1005056,True,30,28,1,1
RD-1005057,False,1,1,0,0
RD-1005058,True,13,12,1,0
RD-1005059,True,34,33,1,0
RD-1005060,True,38,36,0,0
RD-1005061,True,23,21,1,0
RD-1005062,True,35,34,1,0
RD-1005063,True,3,2,1,0
RD-1005064,True,25,23,1,0
RD-1005065,True,48,47,1,0
RD-1005066,True,34,32,1,1
RD-1005067,True,31,28,0,0
RD-1005068,True,22,22,0,0
RD-1005069,True,47,44,1,2
RD-1005070,True,26,25,0,1
RD-1005071,True,18,17,0,1
RD-1005072,False,1,1,0,0
RD-1005073,True,31,29,1,1
RD-1005074,True,27,27,0,0
RD-1005076,True,29,28,0,0
RD-1005077,True,35,33,1,0
RD-1005078,True,34,32,0,1
RD-1005079,True,21,21,0,0
RD-1005080,True,43,43,0,0
RD-1005081,True,21,21,0,0
RD-1005082,True,30,28,0,1
RD-1005083,True,33,32,0,1
RD-1005084,True,2,2,0,0
RD-1005085,True,23,20,2,1
RD-1005086,True,28,25,2,1
RD-1005087,True,40,39,1,0
RD-1005088,True,21,20,0,1
RD-1005089,True,27,26,0,0
RD-1005090,True,30,27,1,2
RD-1005091,True,30,27,1,2
RD-1005092,True,27,24,2,1
RD-1005093,True,27,24,2,0
RD-1005094,True,38,34,2,2
RD-1005095,True,36,35,1,0
RD-1005096,True,34,31,2,1
RD-1005097,True,40,40,0,0
RD-1005098,True,43,42,0,0
RD-1005099,True,32,32,0,0
RD-1005100,True,26,26,0,0
RD-1005101,True,33,32,0,1
RD-1005102,True,27,26,1,0
RD-1005103,True,29,26,3,0
RD-1005104,True,13,11,0,2
RD-1005105,True,22,19,2,1
RD-1005106,True,25,24,0,1
RD-1005107,True,31,29,1,0
RD-1005108,True,25,25,0,0
RD-1005109,True,30,30,0,0
RD-1005110,True,35,32,2,1
RD-1005111,True,29,27,1,1
RD-1005112,True,37,34,2,0
RD-1005113,True,27,21,3,2
RD-1005114,True,41,39,1,1
RD-1005115,True,21,20,0,1
RD-1005116,True,26,26,0,0
RD-1005117,True,22,19,2,0
RD-1005118,True,27,21,3,1
RD-1005119,True,32,31,1,0
RD-1005120,True,22,18,2,2
RD-1005121,True,40,38,2,0
RD-1005122,True,20,18,1,1
RD-1005123,True,35,32,1,2
RD-1005124,True,31,29,1,1
RD-1005125,True,29,26,1,2
RD-1005126,True,28,28,0,0
RD-1005127,True,29,28,1,0
RD-1005128,True,26,25,0,1
RD-1005129,True,27,26,1,0
RD-1005130,True,21,20,1,0
RD-1005131,True,30,26,2,1
RD-1005132,True,23,22,1,0
RD-1005133,True,3,3,0,0
RD-1005134,True,28,27,1,0
RD-1005135,True,27,25,0,2
RD-1005136,True,23,23,0,0
RD-1005137,True,28,27,0,0
RD-1005138,True,26,24,0,1
RD-1005139,True,26,22,1,2
RD-1005140,True,27,24,3,0
RD-1005141,True,18,15,3,0
RD-1005142,True,48,48,0,0
RD-1005143,True,31,31,0,0
RD-1005144,True,29,28,0,1
RD-1005145,True,19,19,0,0
RD-1005146,True,32,30,1,1
RD-1005147,True,5,5,0,0
RD-1005148,True,34,32,1,1
RD-1005149,True,26,23,1,2
RD-1005150,True,25,25,0,0
RD-1005151,True,26,26,0,0
RD-1005152,True,30,29,0,1
RD-1005153,True,28,27,0,0
RD-1005154,True,25,24,1,0
RD-1005155,True,37,35,2,0
RD-1005156,True,26,26,0,0
RD-1005157,True,33,32,1,0
RD-1005158,True,24,24,0,0
RD-1005159,True,20,19,1,0
RD-1005160,True,2,2,0,0
RD-1005161,True,3,3,0,0
RD-1005162,True,28,21,4,2
RD-1005163,True,29,27,1,0
RD-1005164,True,27,26,1,0
RD-1005165,True,32,30,0,2
RD-1005166,True,22,22,0,0
RD-1005167,True,22,22,0,0
RD-1005168,True,33,30,0,2
RD-1005169,True,30,23,6,1
RD-1005170,True,26,26,0,0
RD-1005171,True,27,23,2,2
RD-1005172,True,28,26,1,0
RD-1005173,True,30,28,1,0
RD-1005174,True,34,30,3,1
RD-1005175,True,19,12,6,0
RD-1005176,True,21,21,0,0
RD-1005177,True,32,31,1,0
RD-1005178,True,29,28,0,0
RD-1005179,True,30,27,0,1
RD-1005180,True,36,35,1,0
RD-1005181,True,33,32,0,1
RD-1005182,True,29,28,0,0
RD-1005183,True,27,27,0,0
RD-1005184,True,29,27,1,0
RD-1005185,True,22,21,1,0
RD-1005186,True,26,23,1,2
RD-1005187,True,26,25,1,0
RD-1005188,True,14,13,1,0
RD-1005189,True,27,26,1,0
RD-1005190,True,32,30,2,0
RD-1005191,True,23,23,0,0
RD-1005192,True,22,22,0,0
RD-1005193,True,23,21,2,0
RD-1005194,True,24,23,1,0
RD-1005195,True,29,28,1,0
RD-1005196,True,45,44,0,0
RD-1005197,True,32,30,0,1
RD-1005198,True,26,23,2,1
RD-1005199,True,29,29,0,0
RD-1005200,True,2,2,0,0
RD-1005201,True,26,26,0,0
RD-1005202,True,43,42,1,0
RD-1005203,True,24,20,2,1
RD-1005204,True,36,35,1,0
RD-1005205,True,36,34,2,0
RD-1005206,True,29,28,0,0
RD-1005207,True,21,19,2,0
RD-1005208,True,33,33,0,0
RD-1005209,True,42,41,1,0
RD-1005210,True,23,22,1,0
RD-1005211,True,35,30,4,1
RD-1005212,True,19,18,0,1
RD-1005213,True,28,26,2,0
RD-1005214,True,22,17,4,1
RD-1005215,True,29,29,0,0
RD-1005216,True,25,25,0,0
RD-1005217,True,25,25,0,0
RD-1005218,False,1,1,0,0
RD-1005219,True,21,19,2,0
RD-1005220,True,30,28,1,1
RD-1005221,True,30,24,4,1
RD-1005222,True,4,2,0,2
RD-1005223,True,33,29,0,3
RD-1005224,True,31,31,0,0
RD-1005225,True,46,46,0,0
RD-1005226,True,32,32,0,0
RD-1005227,True,30,27,2,1
RD-1005228,True,21,21,0,0
RD-1005229,True,49,48,1,0
RD-1005230,True,24,24,0,0
RD-1005231,True,16,15,0,1
RD-1005232,True,24,21,2,1
RD-1005233,True,37,33,4,0
RD-1005234,True,29,28,1,0
RD-1005235,True,22,18,2,2
RD-1005236,True,24,23,1,0
RD-1005237,True,25,24,0,1
RD-1005238,True,39,37,1,0
RD-1005239,True,26,25,1,0
RD-1005240,True,46,41,4,0
RD-1005241,True,33,31,2,0
RD-1005242,True,28,25,2,1
RD-1005243,True,23,22,0,0
RD-1005244,True,10,9,0,1
RD-1005245,True,32,30,1,1
RD-1005246,True,26,25,0,0
RD-1005247,True,29,28,1,0
RD-1005248,True,16,16,0,0
RD-1005249,True,30,28,0,1
RD-1005250,True,45,45,0,0
RD-1005251,True,29,25,2,2
RD-1005252,True,40,35,1,3
RD-1005253,True,17,17,0,0
RD-1005254,True,29,27,0,1
RD-1005255,True,27,26,1,0
RD-1005256,True,35,32,2,0
RD-1005257,True,22,22,0,0
RD-1005258,True,33,28,4,0
RD-1005259,True,21,21,0,0
RD-1005260,True,23,20,3,0
RD-1005261,True,41,36,3,2
RD-1005262,True,31,27,2,1
RD-1005263,True,36,34,1,1
RD-1005264,True,30,29,0,1
RD-1005265,True,22,21,0,1
RD-1005266,True,42,35,4,2
RD-1005267,True,21,20,0,1
RD-1005268,True,28,26,1,1
RD-1005269,True,8,6,2,0
RD-1005270,True,27,23,2,2
RD-1005271,True,30,30,0,0
RD-1005272,True,24,24,0,0
RD-1005273,True,21,21,0,0
RD-1005274,True,30,28,1,1
RD-1005275,True,42,41,0,1
RD-1005276,True,32,31,0,1
RD-1005277,True,25,24,1,0
RD-1005278,True,37,34,1,1
RD-1005279,True,32,31,1,0
RD-1005280,True,23,22,0,1
RD-1005281,True,31,28,2,1
RD-1005282,True,12,11,0,1
RD-1005283,True,30,30,0,0
RD-1005284,True,34,34,0,0
RD-1005285,True,6,6,0,0
RD-1005286,True,31,28,2,1
RD-1005287,True,29,27,2,0
RD-1005288,True,40,35,2,3
RD-1005289,True,39,37,2,0
RD-1005290,True,33,31,1,1
RD-1005291,True,14,14,0,0
RD-1005292,True,23,20,1,1
RD-1005293,True,34,30,2,2
RD-1005294,True,36,34,1,1
RD-1005295,True,27,27,0,0
RD-1005296,True,26,26,0,0
RD-1005297,True,24,23,1,0
RD-1005298,True,24,21,0,3
RD-1005299,True,34,32,1,0
RD-1005300,True,15,14,1,0
RD-1005301,True,32,29,2,1
RD-1005302,True,34,32,1,1
RD-1005303,True,32,32,0,0
RD-1005304,True,27,24,2,1
RD-1005305,True,29,26,2,0
RD-1005306,True,5,2,2,1
RD-1005307,True,20,18,0,2
RD-1005308,True,23,16,6,1
RD-1005309,True,23,21,1,1
RD-1005310,True,28,24,2,2
RD-1005311,True,31,30,1,0
RD-1005312,True,25,23,2,0
RD-1005313,True,31,31,0,0
RD-1005314,True,30,27,2,1
RD-1005315,True,40,40,0,0
RD-1005316,True,24,24,0,0
RD-1005317,True,30,26,2,1
RD-1005318,True,12,11,0,1
RD-1005319,True,12,10,2,0
RD-1005320,True,31,30,1,0
RD-1005321,True,24,22,0,2
RD-1005322,True,29,27,2,0
RD-1005323,True,24,24,0,0
RD-1005324,True,22,21,1,0
RD-1005325,True,34,31,2,1
RD-1005326,True,28,26,0,1
RD-1005327,True,4,4,0,0
RD-1005328,True,33,33,0,0
RD-1005329,True,23,19,4,0
RD-1005330,True,35,33,0,1
RD-1005331,True,29,27,2,0
RD-1005332,True,36,34,1,0
RD-1005333,True,15,14,1,0
RD-1005334,True,28,27,1,0
RD-1005335,True,29,27,1,1
RD-1005336,True,30,28,1,1
RD-1005337,True,27,25,1,1
RD-1005338,True,26,24,2,0
RD-1005339,True,28,26,1,1
RD-1005340,True,40,39,1,0
RD-1005341,True,26,24,1,1
RD-1005342,True,42,41,1,0
RD-1005343,True,33,29,4,0
RD-1005344,True,32,31,1,0
RD-1005345,True,24,24,0,0
RD-1005346,True,42,40,1,1
RD-1005347,True,27,27,0,0
RD-1005348,True,20,19,0,1
RD-1005349,True,26,25,1,0
RD-1005350,True,32,30,2,0
RD-1005351,True,39,33,4,2
RD-1005352,True,44,42,1,1
RD-1005353,True,8,8,0,0
RD-1005354,True,23,22,1,0
RD-1005355,True,26,25,1,0
RD-1005356,True,25,23,1,0
RD-1005357,True,30,28,1,1
RD-1005358,True,37,35,1,1
RD-1005359,True,42,42,0,0
RD-1005361,True,28,26,0,1
RD-1005362,True,37,34,2,1
RD-1005363,True,29,24,2,3
RD-1005364,True,38,35,0,3
RD-1005365,True,31,30,0,0
RD-1005366,True,23,20,1,2
RD-1005367,True,20,20,0,0
RD-1005368,True,22,18,3,1
RD-1005369,True,25,21,3,0
RD-1005370,True,24,23,0,1
RD-1005371,True,14,13,1,0
RD-1005372,True,24,24,0,0
RD-1005373,True,38,35,1,2
RD-1005374,True,39,38,0,1
RD-1005375,True,30,29,0,0
RD-1005376,True,38,36,1,1
RD-1005377,True,31,31,0,0
RD-1005378,True,27,26,0,1
RD-1005379,True,25,21,2,1
RD-1005380,True,37,35,1,1
RD-1005381,True,32,31,1,0
RD-1005382,True,15,13,2,0
RD-1005383,True,22,20,1,0
RD-1005384,True,10,9,0,1
RD-1005385,True,34,33,0,0
RD-1005386,True,31,29,0,1
RD-1005387,True,29,29,0,0
RD-1005388,True,23,20,1,0
RD-1005389,True,28,27,1,0
RD-1005390,True,17,14,2,1
RD-1005391,True,26,25,1,0
RD-1005392,True,32,30,2,0
RD-1005393,True,25,25,0,0
RD-1005394,True,22,21,1,0
RD-1005395,True,22,21,0,1
RD-1005396,True,33,31,1,1
RD-1005397,True,29,28,1,0
RD-1005398,True,30,27,2,1
RD-1005399,True,28,26,1,0
RD-1005400,True,18,17,0,0
RD-1005401,True,27,25,2,0
RD-1005402,True,5,4,1,0
RD-1005403,True,20,19,1,0
RD-1005404,True,31,28,2,0
RD-1005405,True,26,25,1,0
RD-1005406,True,31,25,3,2
RD-1005407,True,28,27,1,0
RD-1005408,True,12,12,0,0
RD-1005409,True,18,17,1,0
RD-1005410,True,17,16,1,0
RD-1005411,True,30,30,0,0
RD-1005412,True,36,34,0,2
RD-1005413,True,6,5,1,0
RD-1005414,True,31,25,5,1
RD-1005415,True,28,28,0,0
RD-1005416,True,21,17,2,1
RD-1005417,True,39,37,1,1
RD-1005418,True,33,30,1,1
RD-1005419,True,22,18,2,1
RD-1005420,True,28,27,1,0
RD-1005421,True,28,27,0,0
RD-1005422,True,39,35,3,1
RD-1005423,True,29,29,0,0
RD-1005424,True,22,22,0,0
RD-1005425,True,30,30,0,0
RD-1005426,True,29,27,1,1
RD-1005427,True,29,27,2,0
RD-1005428,True,38,38,0,0
RD-1005429,True,36,34,2,0
RD-1005430,True,4,2,2,0
RD-1005431,True,24,24,0,0
RD-1005432,True,27,24,0,2
RD-1005433,True,31,30,0,0
RD-1005434,True,31,26,3,2
RD-1005435,True,24,21,1,1
RD-1005436,True,38,35,2,0
RD-1005437,True,26,25,0,1
RD-1005438,True,29,26,3,0
RD-1005439,True,33,31,2,0
RD-1005440,True,27,26,1,0
RD-1005441,True,35,31,2,2
RD-1005442,True,29,29,0,0
RD-1005443,True,35,34,1,0
RD-1005444,True,25,24,1,0
RD-1005445,True,19,17,1,1
RD-1005446,True,30,30,0,0
RD-1005447,True,28,28,0,0
RD-1005448,True,20,16,3,1
RD-1005449,True,6,6,0,0
RD-1005450,True,32,27,4,1
RD-1005451,True,18,17,0,1
RD-1005452,True,23,21,1,0
RD-1005453,True,36,35,1,0
RD-1005454,True,40,39,0,1
RD-1005455,True,17,16,1,0
RD-1005456,True,27,24,3,0
RD-1005457,True,40,34,3,3
RD-1005458,True,29,29,0,0
RD-1005459,True,28,22,1,4
RD-1005460,True,25,24,0,0
RD-1005461,True,34,32,1,1
RD-1005462,True,21,21,0,0
RD-1005463,True,29,26,3,0
RD-1005464,True,39,37,2,0
RD-1005465,True,29,28,0,1
RD-1005466,True,40,39,1,0
RD-1005467,True,28,27,1,0
RD-1005468,True,2,2,0,0
RD-1005469,True,40,35,4,0
RD-1005470,True,35,31,2,2
RD-1005471,True,35,33,0,2
RD-1005472,True,26,24,2,0
RD-1005473,True,31,31,0,0
RD-1005474,True,21,18,2,1
RD-1005475,True,26,26,0,0
RD-1005476,True,24,22,0,2
RD-1005477,True,34,32,1,1
RD-1005478,True,30,29,1,0
RD-1005479,True,29,29,0,0
RD-1005480,True,20,18,2,0
RD-1005481,True,33,32,1,0
RD-1005482,True,27,25,0,2
RD-1005483,True,26,25,1,0
RD-1005484,True,21,21,0,0
RD-1005485,True,30,29,0,1
RD-1005486,True,30,28,1,1
RD-1005487,True,15,15,0,0
RD-1005488,True,33,33,0,0
RD-1005489,True,23,17,4,2
RD-1005490,True,2,2,0,0
RD-1005491,True,35,29,4,2
RD-1005492,True,41,38,1,2
RD-1005493,True,19,18,1,0
RD-1005494,True,24,24,0,0
RD-1005495,True,35,33,1,1
RD-1005496,True,38,38,0,0
RD-1005497,True,38,38,0,0
RD-1005498,True,38,37,1,0
RD-1005499,False,2,2,0,0
RD-1005500,True,3,3,0,0
RD-1005501,True,28,27,0,1
RD-1005502,True,4,4,0,0
RD-1005503,True,27,26,1,0
RD-1005504,True,34,33,1,0
RD-1005505,True,17,16,0,0
RD-1005506,True,26,25,1,0
RD-1005507,True,25,25,0,0
RD-1005508,True,24,22,1,1
RD-1005509,True,29,24,3,2
RD-1005510,True,33,32,1,0
RD-1005511,True,21,20,0,0
RD-1005512,True,30,26,2,1
RD-1005513,True,14,14,0,0
RD-1005514,True,27,23,2,1
RD-1005515,True,24,20,2,1
RD-1005516,True,33,32,1,0
RD-1005517,True,26,22,2,2
RD-1005518,True,21,19,2,0
RD-1005519,True,26,25,0,1
RD-1005520,True,32,28,2,2
RD-1005521,True,34,31,1,1
RD-1005522,True,30,28,2,0
RD-1005523,True,31,30,0,1
RD-1005524,True,22,21,1,0
RD-1005525,True,26,20,5,1
RD-1005526,True,22,19,1,1
RD-1005527,True,35,34,0,1
RD-1005528,True,26,25,0,1
RD-1005529,True,42,41,0,0
RD-1005530,True,34,33,1,0
RD-1005531,True,33,30,2,1
RD-1005532,True,31,31,0,0
RD-1005533,True,29,27,2,0
RD-1005534,True,18,18,0,0
RD-1005535,True,27,17,8,2
RD-1005536,True,5,5,0,0
RD-1005537,True,21,20,0,1
RD-1005538,True,27,24,3,0
RD-1005539,True,29,22,4,3
RD-1005540,True,15,13,1,1
RD-1005541,True,30,28,1,1
RD-1005542,True,35,34,1,0
RD-1005543,True,34,32,0,1
RD-1005544,True,50,44,3,2
RD-1005545,True,35,33,1,0
RD-1005546,True,31,27,4,0
RD-1005547,True,5,5,0,0
RD-1005548,True,21,20,0,1
RD-1005549,True,28,27,1,0
RD-1005550,True,31,29,2,0
RD-1005551,True,26,25,1,0
RD-1005552,True,23,19,2,2
RD-1005553,True,35,35,0,0
RD-1005554,True,27,26,1,0
RD-1005555,True,37,32,2,3
RD-1005556,True,28,28,0,0
RD-1005557,True,29,25,0,3
RD-1005558,True,10,7,1,2
RD-1005559,True,28,27,1,0
RD-1005560,True,30,25,2,3
RD-1005561,True,33,30,2,1
RD-1005562,True,23,22,0,1
RD-1005563,True,34,31,3,0
RD-1005564,True,30,25,3,1
RD-1005565,True,27,27,0,0
RD-1005566,True,29,27,1,1
RD-1005567,True,26,25,1,0
RD-1005568,True,31,26,4,1
RD-1005569,True,39,37,0,1
RD-1005570,True,27,21,5,1
RD-1005571,True,26,25,1,0
RD-1005572,True,25,25,0,0
RD-1005573,True,40,31,6,3
RD-1005574,True,25,24,1,0
RD-1005575,True,36,33,1,2
RD-1005576,True,24,22,1,1
RD-1005577,True,32,28,3,1
RD-1005578,True,20,20,0,0
RD-1005579,True,19,15,3,1
RD-1005580,True,7,6,0,1
RD-1005581,True,28,22,3,3
RD-1005582,True,17,14,2,1
RD-1005583,True,18,18,0,0
RD-1005584,True,23,22,1,0
RD-1005585,True,30,29,0,1
RD-1005586,True,38,37,1,0
RD-1005587,True,28,24,2,2
RD-1005588,True,35,33,0,0
RD-1005589,True,21,20,1,0
RD-1005590,True,27,25,0,1
RD-1005591,True,26,25,1,0
RD-1005592,True,20,19,0,1
RD-1005593,True,26,26,0,0
RD-1005594,True,24,23,1,0
RD-1005595,True,34,32,0,1
RD-1005596,True,39,35,3,1
RD-1005597,True,31,29,2,0
RD-1005598,True,27,24,3,0
RD-1005599,True,29,28,1,0
RD-1005600,True,31,27,3,1
RD-1005601,True,38,30,5,2
RD-1005602,True,23,21,2,0
RD-1005603,True,26,22,2,2
RD-1005604,True,14,14,0,0
RD-1005605,True,27,23,4,0
RD-1005606,True,30,26,3,1
RD-1005607,True,29,23,4,1
RD-1005608,True,30,27,1,2
RD-1005609,True,40,34,3,2
RD-1005610,True,33,27,4,2
RD-1005611,True,29,24,5,0
RD-1005612,True,32,32,0,0
RD-1005613,True,21,19,0,0
RD-1005614,True,43,36,4,2
RD-1005615,True,50,47,2,1
RD-1005616,True,16,14,1,1
RD-1005617,True,9,8,1,0
RD-1005618,True,27,27,0,0
RD-1005619,True,28,22,3,3
RD-1005620,True,27,23,4,0
RD-1005621,True,23,21,0,2
RD-1005622,True,24,22,1,1
RD-1005623,True,31,30,1,0
RD-1005624,True,27,25,0,1
RD-1005625,True,26,23,1,2
RD-1005626,True,22,22,0,0
RD-1005627,True,30,26,4,0
RD-1005628,True,11,11,0,0
RD-1005629,True,35,29,5,1
RD-1005630,True,21,19,1,1
RD-1005631,True,15,10,2,2
RD-1005632,True,17,14,2,1
RD-1005633,True,29,25,4,0
RD-1005634,True,37,36,0,1
RD-1005635,True,23,20,1,2
RD-1005636,True,44,38,5,0
RD-1005637,True,10,8,0,2
RD-1005638,True,40,37,2,1
RD-1005639,True,29,26,3,0
RD-1005640,True,32,32,0,0
RD-1005641,True,39,34,4,1
RD-1005642,True,39,33,3,0
RD-1005643,True,34,32,1,0
RD-1005644,True,22,19,2,1
RD-1005645,True,20,19,1,0
RD-1005646,True,24,23,0,0
RD-1005647,True,26,25,1,0
RD-1005648,True,32,28,4,0
RD-1005649,True,26,24,1,0
RD-1005650,True,27,27,0,0
RD-1005651,True,14,12,1,1
RD-1005652,True,28,26,0,1
RD-1005653,True,40,33,6,1
RD-1005654,True,26,26,0,0
RD-1005655,True,37,32,3,2
RD-1005656,True,18,16,2,0
RD-1005657,True,28,26,2,0
RD-1005658,True,29,27,1,0
RD-1005659,True,12,12,0,0
RD-1005660,True,30,24,3,3
RD-1005661,True,38,34,2,2
RD-1005662,True,18,16,0,2
RD-1005663,True,28,26,2,0
RD-1005664,True,23,19,1,3
RD-1005665,True,29,21,4,3
RD-1005666,True,27,27,0,0
RD-1005667,True,35,35,0,0
RD-1005668,True,27,24,2,1
RD-1005669,True,4,4,0,0
RD-1005670,True,31,30,1,0
RD-1005671,True,4,4,0,0
RD-1005672,True,47,37,7,3
RD-1005673,True,30,26,3,1
RD-1005674,True,23,23,0,0
RD-1005675,True,19,16,2,1
RD-1005676,True,28,26,2,0
RD-1005677,True,28,26,1,1
RD-1005678,True,26,23,3,0
RD-1005679,True,30,25,2,2
RD-1005680,True,8,5,2,0
RD-1005681,True,20,20,0,0
RD-1005682,True,37,34,2,1
RD-1005683,True,22,22,0,0
RD-1005684,True,8,8,0,0
RD-1005685,True,29,27,0,1
RD-1005686,True,28,24,2,2
RD-1005687,True,25,24,1,0
RD-1005688,True,26,25,1,0
RD-1005689,True,26,25,1,0
RD-1005690,True,26,25,0,0
RD-1005691,True,25,25,0,0
RD-1005692,True,27,24,3,0
RD-1005693,True,33,29,4,0
RD-1005694,True,22,17,4,1
RD-1005695,True,25,24,1,0
RD-1005696,True,24,23,0,1
RD-1005697,True,13,11,2,0
RD-1005698,True,35,33,1,1
RD-1005699,True,46,43,3,0
RD-1005700,True,32,28,4,0
RD-1005701,True,31,28,1,1
RD-1005702,True,16,13,2,1
RD-1005703,True,43,34,6,2
RD-1005704,True,21,20,1,0
RD-1005705,True,43,35,3,5
RD-1005706,True,20,20,0,0
RD-1005707,True,28,23,3,2
RD-1005708,True,32,31,0,1
RD-1005709,True,29,29,0,0
RD-1005710,True,33,33,0,0
RD-1005711,True,24,21,2,0
RD-1005712,True,28,23,5,0
RD-1005713,True,32,23,5,4
RD-1005714,True,32,26,2,4
RD-1005715,True,31,27,3,1
RD-1005716,True,29,28,1,0
RD-1005717,True,16,15,1,0
RD-1005718,True,35,31,1,2
RD-1005719,True,47,43,3,1
RD-1005720,False,1,1,0,0
RD-1005721,True,28,26,2,0
RD-1005722,True,6,6,0,0
RD-1005723,True,25,23,0,2
RD-1005724,True,25,23,2,0
RD-1005725,True,30,28,1,1
RD-1005726,True,28,26,2,0
RD-1005727,True,24,23,0,1
RD-1005728,True,27,25,2,0
RD-1005729,True,37,37,0,0
RD-1005730,True,31,30,1,0
RD-1005731,True,30,25,4,1
RD-1005732,True,28,27,0,1
RD-1005733,True,27,22,3,2
RD-1005734,True,40,37,2,1
RD-1005735,True,27,21,5,1
RD-1005736,True,13,12,1,0
RD-1005737,True,4,4,0,0
RD-1005738,True,46,42,4,0
RD-1005739,True,14,11,3,0
RD-1005740,True,33,32,1,0
RD-1005741,True,24,23,0,0
RD-1005742,True,37,37,0,0
RD-1005743,True,20,19,1,0
RD-1005744,True,46,37,3,5
RD-1005745,True,27,26,0,1
RD-1005746,True,9,7,1,1
RD-1005747,True,29,24,4,1
RD-1005748,True,35,34,0,1
RD-1005749,True,30,25,3,2
RD-1005750,True,27,26,0,1
RD-1005751,True,34,32,1,0
RD-1005752,True,20,18,0,2
RD-1005753,True,30,28,0,0
RD-1005754,True,22,20,0,1
RD-1005755,True,25,21,2,2
RD-1005756,True,42,39,1,1
RD-1005757,True,23,22,0,1
RD-1005758,True,34,28,3,1
RD-1005759,True,33,31,2,0
RD-1005760,True,37,28,7,2
RD-1005761,True,18,15,1,2
RD-1005762,True,41,32,8,1
RD-1005763,True,26,19,6,0
RD-1005764,True,18,18,0,0
RD-1005765,True,26,21,2,1
RD-1005766,True,26,25,1,0
RD-1005767,True,33,25,7,1
RD-1005768,True,15,12,1,2
RD-1005769,True,27,26,0,1
RD-1005770,True,27,24,3,0
RD-1005771,True,2,2,0,0
RD-1005772,True,33,31,1,1
RD-1005773,True,26,22,1,3
RD-1005774,True,32,32,0,0
RD-1005775,True,30,26,2,2
RD-1005776,True,36,34,1,1
RD-1005777,False,1,1,0,0
RD-1005778,True,32,31,1,0
RD-1005779,True,33,27,4,2
RD-1005780,True,31,29,1,0
RD-1005781,True,47,38,7,2
RD-1005782,True,42,32,7,3
RD-1005783,True,40,39,0,1
RD-1005784,True,26,25,1,0
RD-1005785,True,39,38,0,1
RD-1005786,True,24,20,4,0
RD-1005787,True,10,10,0,0
RD-1005788,True,23,22,1,0
RD-1005789,True,30,27,2,1
RD-1005790,True,40,30,7,3
RD-1005791,True,23,17,5,1
RD-1005792,True,7,7,0,0
RD-1005793,True,22,17,2,3
RD-1005794,True,22,19,2,1
RD-1005795,True,21,20,1,0
RD-1005796,True,26,26,0,0
RD-1005797,True,31,28,3,0
RD-1005798,True,27,20,3,3
RD-1005799,True,28,23,2,1
RD-1005800,True,24,21,0,2
RD-1005801,True,27,24,2,1
RD-1005802,True,40,34,6,0
RD-1005803,True,32,27,1,4
RD-1005804,True,8,8,0,0
RD-1005805,True,33,32,1,0
RD-1005806,True,3,3,0,0
RD-1005807,True,37,37,0,0
RD-1005808,True,31,28,3,0
RD-1005809,True,25,21,4,0
RD-1005810,True,42,40,2,0
RD-1005811,True,34,32,1,0
RD-1005812,True,40,36,2,2
RD-1005813,True,8,6,2,0
RD-1005814,True,32,26,4,1
RD-1005815,True,29,27,1,1
RD-1005816,True,36,30,2,3
RD-1005817,True,10,10,0,0
RD-1005818,True,27,27,0,0
RD-1005819,True,39,36,1,1
RD-1005820,True,21,21,0,0
RD-1005821,True,18,15,1,2
RD-1005822,True,22,15,5,1
RD-1005823,True,31,29,1,1
RD-1005824,True,5,5,0,0
RD-1005825,True,28,27,0,1
RD-1005826,True,9,6,1,2
RD-1005827,True,33,25,3,5
RD-1005828,True,32,28,3,0
RD-1005829,True,39,32,7,0
RD-1005830,True,9,8,0,1
RD-1005831,True,31,30,1,0
RD-1005833,True,22,21,1,0
RD-1005834,True,30,25,3,2
RD-1005835,True,30,29,1,0
RD-1005836,True,8,7,0,0
RD-1005837,False,1,1,0,0
RD-1005838,True,39,36,2,0
RD-1005839,True,28,28,0,0
RD-1005840,True,26,25,1,0
RD-1005841,True,25,24,0,1
RD-1005842,True,23,22,1,0
RD-1005843,True,26,23,2,0
RD-1005844,True,34,33,1,0
RD-1005845,True,27,24,3,0
RD-1005846,True,24,22,2,0
RD-1005847,True,31,26,5,0
RD-1005848,True,25,20,5,0
RD-1005849,True,25,22,2,1
RD-1005850,True,31,28,3,0
RD-1005851,True,30,21,6,3
RD-1005852,True,26,24,1,0
RD-1005853,True,28,28,0,0
RD-1005854,True,29,26,1,2
RD-1005855,True,52,52,0,0
RD-1005856,True,38,33,3,2
RD-1005857,True,29,28,0,0
RD-1005858,True,13,13,0,0
RD-1005859,True,29,26,3,0
RD-1005860,True,17,16,1,0
RD-1005861,True,36,27,7,2
RD-1005862,True,26,26,0,0
RD-1005863,True,32,29,2,1
RD-1005864,True,27,20,5,2
RD-1005865,True,28,26,0,2
RD-1005866,True,29,26,1,2
RD-1005867,True,29,27,1,1
RD-1005868,True,30,26,2,2
RD-1005869,True,39,37,1,1
RD-1005870,True,29,27,2,0
RD-1005871,True,13,11,2,0
RD-1005872,True,31,20,5,6
RD-1005873,True,28,23,2,3
RD-1005874,True,23,21,2,0
RD-1005875,True,37,37,0,0
RD-1005876,True,29,19,7,2
RD-1005877,True,16,14,2,0
RD-1005878,True,30,30,0,0
RD-1005879,True,27,25,2,0
RD-1005880,True,21,18,0,3
RD-1005881,True,18,15,2,0
RD-1005882,True,22,18,2,2
RD-1005883,True,34,31,1,2
RD-1005884,True,40,33,4,2
RD-1005885,True,7,6,1,0
RD-1005886,True,20,16,2,1
RD-1005887,True,28,24,4,0
RD-1005888,True,24,23,1,0
RD-1005889,True,15,13,2,0
RD-1005890,True,31,25,5,1
RD-1005891,True,28,26,1,0
RD-1005892,True,18,15,3,0
RD-1005893,True,39,34,3,2
RD-1005894,True,17,12,4,1
RD-1005895,True,22,19,3,0
RD-1005896,True,35,33,1,0
RD-1005897,True,32,29,3,0
RD-1005898,True,51,50,0,1
RD-1005899,True,40,28,7,4
RD-1005900,True,8,8,0,0
RD-1005901,True,26,16,7,3
RD-1005902,False,1,1,0,0
RD-1005903,True,27,27,0,0
RD-1005904,True,32,28,2,2
RD-1005905,True,25,20,1,4
RD-1005906,True,26,25,0,1
RD-1005907,True,39,36,2,1
RD-1005908,True,35,34,0,1
RD-1005909,True,46,39,5,2
RD-1005910,True,37,30,2,5
RD-1005911,True,16,14,2,0
RD-1005912,True,41,33,5,3
RD-1005913,True,24,23,1,0
RD-1005914,True,19,19,0,0
RD-1005915,True,8,6,1,1
RD-1005916,True,29,27,1,0
RD-1005917,True,27,22,0,4
RD-1005918,True,30,29,1,0
RD-1005919,True,40,35,2,2
RD-1005920,True,30,26,2,2
RD-1005921,True,33,28,3,2
RD-1005922,True,30,29,1,0
RD-1005923,True,26,24,0,2
RD-1005924,True,35,35,0,0
RD-1005925,True,42,40,1,0
RD-1005926,True,14,12,1,1
RD-1005927,True,19,14,4,1
RD-1005928,True,2,1,1,0
RD-1005929,True,21,21,0,0
RD-1005930,True,38,35,1,2
RD-1005931,True,38,35,1,2
RD-1005932,True,36,33,3,0
RD-1005933,True,27,26,1,0
RD-1005934,True,32,26,5,0
RD-1005935,True,28,28,0,0
RD-1005936,True,45,35,8,1
RD-1005937,True,26,25,0,0
RD-1005938,True,30,26,4,0
RD-1005939,True,26,22,3,1
RD-1005940,True,41,40,0,1
RD-1005941,True,31,28,1,1
RD-1005942,True,31,28,3,0
RD-1005943,True,33,26,3,4
RD-1005944,True,35,27,4,3
RD-1005945,True,34,28,4,2
RD-1005946,True,43,39,2,1
RD-1005947,True,29,27,2,0
RD-1005948,True,32,28,2,2
RD-1005949,True,47,44,1,2
RD-1005950,False,1,1,0,0
RD-1005951,True,23,19,3,1
RD-1005952,True,21,17,3,1
RD-1005953,True,44,38,2,2
RD-1005954,True,27,25,1,0
RD-1005955,True,11,11,0,0
RD-1005956,True,24,21,2,1
RD-1005957,True,26,21,2,3
RD-1005958,True,30,29,1,0
RD-1005959,True,28,22,3,1
RD-1005960,True,26,21,3,2
RD-1005961,True,32,30,2,0
RD-1005962,True,31,29,2,0
RD-1005963,True,20,17,1,2
RD-1005964,True,38,31,6,1
RD-1005965,True,26,25,1,0
RD-1005966,True,32,28,4,0
RD-1005967,True,37,34,0,3
RD-1005968,True,41,41,0,0
RD-1005969,True,30,24,5,1
RD-1005970,True,31,30,1,0
RD-1005971,True,26,22,3,0
RD-1005972,True,39,33,5,1
RD-1005973,True,30,29,0,1
RD-1005974,True,28,25,3,0
RD-1005975,True,35,32,1,1
RD-1005976,True,31,29,2,0
RD-1005977,True,29,26,3,0
RD-1005978,True,28,23,4,0
RD-1005979,True,29,24,3,1
RD-1005980,True,34,29,4,1
RD-1005981,True,19,14,4,1
RD-1005982,True,27,22,4,1
RD-1005983,True,22,20,1,0
RD-1005984,True,36,33,1,1
RD-1005985,True,27,24,3,0
RD-1005986,True,25,25,0,0
RD-1005987,True,27,24,2,1
RD-1005988,True,45,45,0,0
RD-1005989,True,33,28,3,1
RD-1005990,True,44,43,1,0
RD-1005991,True,29,27,2,0
RD-1005992,True,28,26,1,1
RD-1005993,True,31,31,0,0
RD-1005994,True,27,26,0,1
RD-1005995,True,25,22,2,0
RD-1005996,True,34,31,3,0
RD-1005997,True,28,24,2,2
RD-1005998,True,24,24,0,0
RD-1005999,True,25,23,1,0
RD-1006000,True,32,29,3,0
RD-1006001,True,10,7,2,1
RD-1006002,True,14,11,1,2
RD-1006003,True,27,23,2,0
RD-1006004,True,25,25,0,0
RD-1006005,True,42,40,1,1
RD-1006006,True,33,29,2,2
RD-1006007,True,31,30,1,0
RD-1006008,True,27,22,3,2
RD-1006009,True,26,21,2,1
RD-1006010,True,40,33,6,1
RD-1006011,True,27,23,2,2
RD-1006012,True,32,30,1,1
RD-1006013,True,34,26,6,1
RD-1006014,True,43,39,3,1
RD-1006015,True,35,29,4,2
RD-1006016,True,38,27,9,1
RD-1006017,True,9,9,0,0
RD-1006018,True,29,28,0,0
RD-1006019,True,41,34,3,4
RD-1006020,True,29,25,3,1
RD-1006021,True,34,29,2,2
RD-1006022,True,29,25,1,2
RD-1006023,True,31,28,2,1
RD-1006024,True,25,24,0,0
RD-1006025,True,31,26,5,0
RD-1006026,True,9,6,2,1
RD-1006027,True,26,26,0,0
RD-1006028,True,7,7,0,0
RD-1006029,True,41,39,2,0
RD-1006030,True,29,28,1,0
RD-1006031,True,35,32,2,0
RD-1006032,True,24,18,5,0
RD-1006033,True,24,24,0,0
RD-1006034,True,27,24,1,2
RD-1006035,True,35,30,1,2
RD-1006036,True,18,12,3,3
RD-1006037,True,22,14,6,2
RD-1006038,True,12,8,2,2
RD-1006039,True,28,26,1,0
RD-1006040,True,21,21,0,0
RD-1006041,True,39,37,1,1
RD-1006042,True,25,19,3,3
RD-1006043,True,8,6,1,1
RD-1006044,True,36,32,3,1
RD-1006045,True,29,26,1,0
RD-1006046,True,24,20,4,0
RD-1006047,True,46,45,1,0
RD-1006048,True,17,15,1,1
RD-1006049,True,25,21,1,3
RD-1006050,True,23,23,0,0
RD-1006051,True,27,27,0,0
RD-1006052,True,31,29,1,0
RD-1006053,True,22,19,3,0
RD-1006054,True,44,43,1,0
RD-1006055,True,23,22,0,1
RD-1006056,True,11,8,1,2
RD-1006057,True,17,17,0,0
RD-1006058,True,27,25,1,1
RD-1006059,True,8,8,0,0
RD-1006060,True,37,31,6,0
RD-1006061,True,20,13,4,2
RD-1006062,True,25,20,4,1
RD-1006063,True,53,50,1,1
RD-1006064,True,12,10,2,0
RD-1006065,True,24,18,3,2
RD-1006066,True,9,8,0,1
RD-1006067,True,25,25,0,0
RD-1006068,True,44,41,2,1
RD-1006069,True,29,25,3,1
RD-1006070,True,3,3,0,0
RD-1006071,True,16,14,1,1
RD-1006072,True,24,21,2,1
RD-1006073,True,29,27,1,1
RD-1006074,True,28,25,2,1
RD-1006075,True,15,11,4,0
RD-1006076,True,28,24,1,2
RD-1006077,True,20,17,2,1
RD-1006078,True,30,22,4,2
RD-1006079,True,28,28,0,0
RD-1006080,True,41,39,1,0
RD-1006081,True,20,17,3,0
RD-1006082,True,32,31,1,0
RD-1006083,True,19,18,1,0
RD-1006084,True,36,32,1,3
RD-1006085,True,30,30,0,0
RD-1006086,True,26,26,0,0
RD-1006087,True,30,27,2,1
RD-1006088,True,35,33,2,0
RD-1006089,True,28,26,1,0
RD-1006090,True,32,31,0,0
RD-1006091,True,22,19,2,0
RD-1006092,True,38,29,7,1
RD-1006093,True,32,28,3,0
RD-1006094,True,47,43,3,1
RD-1006095,True,30,29,1,0
RD-1006096,True,26,26,0,0
RD-1006097,True,26,17,6,3
RD-1006098,True,32,24,6,2
RD-1006099,True,27,26,0,1
RD-1006100,True,18,13,1,4
RD-1006101,True,25,25,0,0
RD-1006102,True,38,38,0,0
RD-1006103,True,26,25,1,0
RD-1006104,True,5,5,0,0
RD-1006105,True,44,39,3,2
RD-1006106,True,8,5,1,2
RD-1006107,True,27,19,8,0
RD-1006108,True,30,28,0,2
RD-1006109,True,8,6,2,0
RD-1006110,True,25,24,1,0
RD-1006111,True,32,30,2,0
RD-1006112,True,21,19,1,1
RD-1006113,True,30,28,1,1
RD-1006114,True,30,27,2,0
RD-1006115,True,34,34,0,0
RD-1006116,True,23,18,3,2
RD-1006117,True,6,6,0,0
RD-1006118,True,43,39,4,0
RD-1006119,True,39,32,4,3
RD-1006120,True,26,23,2,1
RD-1006121,True,41,38,0,3
RD-1006122,True,28,24,3,0
RD-1006123,True,32,26,5,1
RD-1006124,False,1,1,0,0
RD-1006125,True,28,24,2,2
RD-1006126,True,20,16,1,3
RD-1006127,True,14,11,0,2
RD-1006128,True,16,13,1,1
RD-1006129,True,49,48,0,0
RD-1006130,True,37,34,2,0
RD-1006131,True,31,25,5,1
RD-1006132,True,8,5,1,2
RD-1006133,True,35,26,6,3
RD-1006134,True,14,14,0,0
RD-1006135,True,31,27,1,1
RD-1006136,True,24,18,4,2
RD-1006137,True,26,23,2,1
RD-1006138,True,24,21,1,0
RD-1006139,True,8,5,1,2
RD-1006140,True,12,10,1,1
RD-1006141,True,28,23,3,2
RD-1006142,True,30,28,0,1
RD-1006143,True,34,31,2,1
RD-1006144,True,29,21,4,4
RD-1006145,True,30,28,2,0
RD-1006146,True,22,17,3,2
RD-1006147,True,20,17,2,1
RD-1006148,True,25,20,3,2
RD-1006149,True,12,9,2,1
RD-1006150,True,28,21,3,4
RD-1006151,True,27,25,1,1
RD-1006152,True,22,20,2,0
RD-1006153,True,31,24,5,2
RD-1006154,True,25,18,5,2
RD-1006155,True,43,39,1,1
RD-1006156,True,30,30,0,0
RD-1006157,True,30,25,4,1
RD-1006158,True,19,16,3,0
RD-1006159,True,36,34,0,1
RD-1006160,True,30,27,1,2
RD-1006161,True,32,29,3,0
RD-1006162,True,18,17,0,1
RD-1006163,True,26,25,1,0
RD-1006164,True,22,19,2,0
RD-1006165,True,22,21,1,0
RD-1006166,True,26,25,1,0
RD-1006167,True,25,23,0,2
RD-1006168,True,30,25,3,2
RD-1006169,True,16,14,2,0
RD-1006170,True,14,11,3,0
RD-1006171,True,34,30,3,1
RD-1006172,True,26,26,0,0
RD-1006173,True,26,19,4,2
RD-1006174,True,29,26,0,3
RD-1006175,True,28,26,1,1
RD-1006176,True,25,22,2,0
RD-1006177,True,33,30,1,1
RD-1006178,True,22,18,2,2
RD-1006179,True,18,15,2,1
RD-1006180,True,31,31,0,0
RD-1006181,True,38,31,6,1
RD-1006182,True,3,3,0,0
RD-1006183,True,33,33,0,0
RD-1006184,True,25,22,1,2
RD-1006185,True,16,14,0,2
RD-1006186,True,30,27,3,0
RD-1006187,True,22,15,4,3
RD-1006188,True,15,14,1,0
RD-1006189,True,27,26,1,0
RD-1006190,True,34,33,1,0
RD-1006191,True,38,30,7,1
RD-1006192,True,20,15,3,2
RD-1006193,True,25,22,0,2
RD-1006194,True,26,21,5,0
RD-1006195,True,6,5,1,0
RD-1006196,True,31,25,5,1
RD-1006197,True,21,20,1,0
RD-1006198,True,33,31,2,0
RD-1006199,True,33,29,4,0
RD-1006200,True,27,23,2,2
RD-1006201,True,32,27,3,2
RD-1006202,True,18,18,0,0
RD-1006203,True,47,41,4,2
RD-1006204,True,21,21,0,0
RD-1006205,True,24,23,0,1
RD-1006206,True,29,28,1,0
RD-1006207,True,29,26,2,0
RD-1006208,True,33,30,1,2
RD-1006209,True,14,12,1,1
RD-1006210,True,7,7,0,0
RD-1006211,True,26,21,3,1
RD-1006212,True,27,25,2,0
RD-1006213,True,19,18,1,0
RD-1006214,True,30,22,5,3
RD-1006215,True,25,22,2,1
RD-1006216,True,29,22,6,1
RD-1006217,True,27,27,0,0
RD-1006218,True,22,21,0,1
RD-1006219,True,24,21,2,1
RD-1006220,True,16,16,0,0
RD-1006221,True,19,16,2,0
RD-1006222,True,33,31,1,0
RD-1006223,True,7,5,1,1
RD-1006224,True,44,38,2,4
RD-1006225,True,28,28,0,0
RD-1006226,True,33,30,3,0
RD-1006227,True,30,30,0,0
RD-1006228,True,10,7,2,0
RD-1006229,True,9,7,2,0
RD-1006230,True,10,4,6,0
RD-1006231,True,34,28,1,3
RD-1006232,True,38,29,8,1
RD-1006233,True,3,3,0,0
RD-1006234,True,31,26,2,1
RD-1006235,True,28,23,4,0
RD-1006236,True,31,28,3,0
RD-1006237,True,25,24,1,0
RD-1006238,True,37,34,1,1
RD-1006239,True,24,24,0,0
RD-1006240,True,25,22,2,1
RD-1006241,True,34,31,2,1
RD-1006242,True,20,14,5,1
RD-1006243,True,36,34,1,1
RD-1006244,True,32,31,0,1
RD-1006245,True,19,16,2,0
RD-1006246,True,26,25,1,0
RD-1006247,True,21,21,0,0
RD-1006248,True,46,44,1,1
RD-1006249,True,40,38,1,1
RD-1006250,True,33,32,0,0
RD-1006251,True,28,25,2,1
RD-1006252,True,23,18,1,3
RD-1006253,True,20,18,1,1
RD-1006254,True,35,32,2,1
RD-1006255,True,31,31,0,0
RD-1006256,True,41,39,0,2
RD-1006257,True,27,25,1,1
RD-1006258,True,26,25,1,0
RD-1006259,True,26,22,2,1
RD-1006260,True,33,33,0,0
RD-1006261,True,17,14,2,1
RD-1006262,True,17,14,2,1
RD-1006263,True,29,27,0,1
RD-1006264,True,21,16,2,1
RD-1006265,True,15,14,1,0
RD-1006266,True,31,29,2,0
RD-1006267,True,21,17,4,0
RD-1006268,True,26,23,2,1
RD-1006269,True,34,33,1,0
RD-1006270,True,26,24,0,1
RD-1006271,True,19,13,4,2
RD-1006272,True,29,21,6,2
RD-1006273,True,30,26,2,2
RD-1006274,True,14,9,2,3
RD-1006275,True,21,18,2,1
RD-1006276,True,31,26,1,4
RD-1006277,True,27,27,0,0
RD-1006278,True,28,21,5,1
RD-1006279,True,36,35,0,1
RD-1006280,True,20,15,4,1
RD-1006281,True,31,27,3,1
RD-1006282,True,35,30,4,0
RD-1006283,True,23,22,1,0
RD-1006284,True,27,25,0,2
RD-1006285,True,32,31,1,0
RD-1006286,True,33,28,3,2
RD-1006287,False,1,1,0,0
RD-1006288,True,21,17,3,1
RD-1006289,True,47,46,0,0
RD-1006290,True,26,25,0,0
RD-1006291,True,32,32,0,0
RD-1006292,True,29,26,1,1
RD-1006293,True,17,14,2,1
RD-1006294,True,35,28,4,3
RD-1006295,True,39,34,3,1
RD-1006296,True,31,23,7,1
RD-1006297,False,1,1,0,0
RD-1006298,True,28,27,1,0
RD-1006299,True,23,23,0,0
RD-1006300,True,22,19,3,0
RD-1006301,True,17,12,4,1
RD-1006302,True,32,31,1,0
RD-1006303,True,35,29,4,2
RD-1006304,True,33,30,2,1
RD-1006305,True,36,33,2,1
RD-1006306,True,30,22,7,1
RD-1006307,True,26,20,2,3
RD-1006308,True,24,23,1,0
RD-1006309,True,32,29,1,2
RD-1006310,True,26,18,5,3
RD-1006311,True,30,29,1,0
RD-1006312,True,23,23,0,0
RD-1006313,True,29,22,3,4
RD-1006314,True,31,23,5,3
RD-1006315,True,27,25,1,0
RD-1006316,True,35,32,1,1
RD-1006317,True,35,29,3,3
RD-1006318,True,31,28,3,0
RD-1006319,True,26,25,1,0
RD-1006320,True,20,19,0,1
RD-1006321,True,40,40,0,0
RD-1006322,True,32,30,2,0
RD-1006323,True,21,18,1,1
RD-1006324,True,21,12,8,1
RD-1006325,True,13,11,0,2
RD-1006326,True,8,8,0,0
RD-1006327,True,39,33,2,3
RD-1006328,True,14,12,1,1
RD-1006329,True,32,26,3,3
RD-1006330,True,30,26,2,2
RD-1006331,True,34,30,3,1
RD-1006332,True,33,31,1,1
RD-1006333,True,33,32,0,1
RD-1006334,True,20,17,2,1
RD-1006335,True,29,26,1,1
RD-1006336,True,29,25,3,1
RD-1006337,True,5,4,1,0
RD-1006338,True,31,27,2,2
RD-1006339,True,23,20,1,2
RD-1006340,True,46,45,0,1
RD-1006341,True,26,24,1,1
RD-1006342,True,35,34,1,0
RD-1006343,True,24,22,1,1
RD-1006345,True,30,19,9,0
RD-1006346,True,5,4,0,1
RD-1006347,True,33,32,0,1
RD-1006348,True,29,23,2,2
RD-1006349,True,27,25,1,1
RD-1006350,True,3,3,0,0
RD-1006351,True,4,4,0,0
RD-1006352,True,21,17,2,2
RD-1006353,True,30,30,0,0
RD-1006354,True,27,22,3,2
RD-1006355,True,26,25,0,0
RD-1006356,True,26,26,0,0
RD-1006357,True,26,23,3,0
RD-1006358,True,28,24,3,1
RD-1006359,True,10,10,0,0
RD-1006360,True,34,34,0,0
RD-1006361,True,34,33,0,1
RD-1006362,True,29,24,4,1
RD-1006363,True,32,27,4,1
RD-1006364,True,42,42,0,0
RD-1006365,True,4,3,1,0
RD-1006366,True,40,37,2,0
RD-1006367,True,26,24,2,0
RD-1006368,True,33,32,0,0
RD-1006369,True,35,25,4,6
RD-1006370,True,19,18,1,0
RD-1006371,True,39,31,6,1
RD-1006372,True,22,17,4,0
RD-1006373,True,20,20,0,0
RD-1006374,True,25,21,1,2
RD-1006375,True,39,35,2,2
RD-1006376,True,40,39,0,0
RD-1006377,True,16,10,3,3
RD-1006378,True,42,33,5,4
RD-1006379,True,18,14,1,3
RD-1006380,True,23,23,0,0
RD-1006381,True,26,24,0,0
RD-1006382,True,30,25,4,1
RD-1006383,True,26,25,1,0
RD-1006384,True,39,38,0,1
RD-1006385,True,26,25,1,0
RD-1006386,True,30,26,3,1
RD-1006387,True,30,26,3,1
RD-1006388,True,25,20,2,3
RD-1006389,True,30,24,4,2
RD-1006390,True,25,22,3,0
RD-1006391,True,31,28,2,0
RD-1006392,True,18,17,1,0
RD-1006393,True,38,33,4,1
RD-1006394,True,12,11,1,0
RD-1006395,True,26,21,1,4
RD-1006396,True,27,25,1,0
RD-1006397,True,31,29,2,0
RD-1006398,True,21,19,0,1
RD-1006399,True,26,23,3,0
RD-1006400,True,27,22,3,1
RD-1006401,True,33,32,0,1
RD-1006402,True,28,28,0,0
RD-1006403,True,26,23,2,1
RD-1006404,True,22,18,4,0
RD-1006405,True,25,23,1,1
RD-1006406,True,27,27,0,0
RD-1006407,True,13,6,4,3
RD-1006408,True,29,23,5,1
RD-1006409,True,33,29,3,1
RD-1006410,True,43,39,2,2
RD-1006411,True,21,21,0,0
RD-1006412,True,14,9,3,2
RD-1006413,True,26,19,6,1
RD-1006414,True,27,26,0,1
RD-1006415,True,37,34,1,1
RD-1006416,True,33,33,0,0
RD-1006417,True,23,23,0,0
RD-1006418,True,37,35,1,0
RD-1006419,True,25,25,0,0
RD-1006420,True,18,16,2,0
RD-1006421,True,26,25,0,1
RD-1006422,True,25,21,1,2
RD-1006423,True,27,23,4,0
RD-1006424,True,23,20,2,1
RD-1006425,True,30,21,6,3
RD-1006426,True,31,31,0,0
RD-1006427,True,23,23,0,0
RD-1006428,True,34,29,3,2
RD-1006429,True,32,30,1,0
RD-1006430,True,27,25,1,1
RD-1006431,True,29,28,1,0
RD-1006432,True,35,34,1,0
RD-1006433,True,7,7,0,0
RD-1006434,True,28,27,1,0
RD-1006435,True,25,16,4,4
RD-1006436,True,3,3,0,0
RD-1006437,True,29,24,3,2
RD-1006438,True,30,27,1,2
RD-1006439,True,30,27,2,1
RD-1006440,True,33,25,6,2
RD-1006441,True,2,0,1,1
RD-1006442,True,24,23,0,1
RD-1006443,True,30,26,2,1
RD-1006444,True,28,26,2,0
RD-1006445,True,21,19,0,2
RD-1006446,True,33,25,8,0
RD-1006447,True,29,25,0,3
RD-1006448,False,1,1,0,0
RD-1006449,True,24,21,2,1
RD-1006450,True,11,9,1,1
RD-1006451,True,47,37,7,1
RD-1006452,True,36,33,1,2
RD-1006453,True,35,35,0,0
RD-1006454,True,20,16,3,1
RD-1006455,True,29,21,3,5
RD-1006456,True,36,33,2,0
RD-1006457,True,27,24,2,1
RD-1006458,True,23,22,1,0
RD-1006459,True,23,22,1,0
RD-1006460,True,24,23,0,1
RD-1006461,True,22,20,1,1
RD-1006462,True,29,29,0,0
RD-1006463,True,28,24,2,1
RD-1006464,True,36,35,1,0
RD-1006465,True,21,15,3,3
RD-1006466,True,30,27,1,1
RD-1006467,True,30,29,1,0
RD-1006468,True,30,27,3,0
RD-1006469,True,28,26,2,0
RD-1006470,True,22,21,0,1
RD-1006471,True,24,24,0,0
RD-1006472,True,50,48,0,2
RD-1006473,True,27,25,1,0
RD-1006474,True,23,18,2,3
RD-1006475,True,32,30,1,1
RD-1006476,True,9,9,0,0
RD-1006477,True,24,24,0,0
RD-1006478,True,18,16,0,2
RD-1006479,True,29,28,0,1
RD-1006480,True,21,19,1,1
RD-1006481,True,19,16,1,2
RD-1006482,True,39,36,2,0
RD-1006483,True,33,31,1,1
RD-1006484,True,22,18,2,1
RD-1006485,True,26,22,4,0
RD-1006486,True,3,1,2,0
RD-1006487,True,23,21,1,0
RD-1006488,True,20,20,0,0
RD-1006489,True,28,20,4,3
RD-1006490,True,32,30,1,1
RD-1006491,True,31,24,4,2
RD-1006492,True,26,25,1,0
RD-1006493,True,43,38,2,3
RD-1006494,True,23,21,1,1
RD-1006495,True,37,34,2,1
RD-1006496,True,28,25,0,0
RD-1006497,True,33,27,1,5
RD-1006498,True,26,24,0,2
RD-1006499,True,22,19,2,1
RD-1006500,True,29,23,5,0
RD-1006501,True,11,9,1,1
RD-1006502,True,29,26,2,1
RD-1006503,True,23,19,3,1
RD-1006504,True,26,23,3,0
RD-1006505,True,6,5,1,0
RD-1006506,True,32,23,8,1
RD-1006507,True,16,14,0,2
RD-1006508,True,7,6,1,0
RD-1006509,True,24,20,2,2
RD-1006510,True,30,30,0,0
RD-1006511,True,26,23,1,2
RD-1006512,True,28,23,3,2
RD-1006513,True,41,34,6,0
RD-1006514,True,23,22,1,0
RD-1006515,True,35,33,1,1
RD-1006516,True,17,15,1,1
RD-1006517,True,40,36,4,0
RD-1006518,True,11,10,1,0
RD-1006519,True,25,23,2,0
RD-1006520,True,11,10,1,0
RD-1006521,True,33,26,5,2
RD-1006522,True,31,23,3,5
RD-1006523,True,13,7,1,4
RD-1006524,True,37,33,1,3
RD-1006525,True,4,4,0,0
RD-1006526,True,30,29,0,1
RD-1006527,True,32,27,0,4
RD-1006528,True,22,20,1,1
RD-1006529,True,26,21,4,0
RD-1006530,True,23,23,0,0
RD-1006531,True,24,22,2,0
RD-1006532,True,33,29,4,0
RD-1006533,True,21,19,2,0
RD-1006534,True,26,23,2,0
RD-1006535,True,27,25,1,1
RD-1006536,True,31,30,1,0
RD-1006537,True,27,25,1,1
RD-1006538,True,28,27,0,0
RD-1006539,True,24,23,1,0
RD-1006540,True,23,17,3,3
RD-1006541,True,33,28,4,1
RD-1006542,True,5,5,0,0
RD-1006543,True,27,21,2,4
RD-1006544,True,23,22,0,1
RD-1006545,True,38,36,1,0
RD-1006546,True,36,34,1,0
RD-1006547,True,27,26,1,0
RD-1006548,True,50,43,6,1
RD-1006549,True,33,32,1,0
RD-1006550,True,23,22,1,0
RD-1006551,True,23,20,2,1
RD-1006552,True,14,13,1,0
RD-1006553,True,25,21,2,1
RD-1006554,True,28,27,0,1
RD-1006555,True,25,25,0,0
RD-1006556,True,23,18,3,2
RD-1006557,True,22,17,1,3
RD-1006558,True,37,32,3,1
RD-1006559,True,29,26,1,2
RD-1006560,True,33,31,1,0
RD-1006561,True,4,4,0,0
RD-1006562,True,21,15,5,1
RD-1006563,True,42,38,4,0
RD-1006564,True,31,27,3,1
RD-1006565,True,27,25,1,1
RD-1006566,True,26,23,1,2
RD-1006567,True,32,29,2,1
RD-1006568,True,40,39,1,0
RD-1006569,True,8,6,2,0
RD-1006570,True,29,24,2,2
RD-1006571,True,24,20,3,0
RD-1006572,True,37,32,5,0
RD-1006573,True,2,2,0,0
RD-1006574,True,24,24,0,0
RD-1006575,True,32,31,1,0
RD-1006576,True,4,4,0,0
RD-1006577,True,18,13,3,2
RD-1006578,True,34,30,3,1
RD-1006579,True,29,27,1,0
RD-1006580,True,24,19,2,3
RD-1006581,True,24,22,0,2
RD-1006582,True,24,22,1,1
RD-1006583,True,20,19,0,0
RD-1006584,True,33,32,1,0
RD-1006585,True,45,44,1,0
RD-1006586,True,33,31,1,1
RD-1006587,True,22,21,0,0
RD-1006588,True,40,38,0,2
RD-1006589,True,37,30,7,0
RD-1006590,True,26,25,0,1
RD-1006591,True,18,13,5,0
RD-1006592,True,20,19,1,0
RD-1006593,True,19,17,1,1
RD-1006594,True,14,12,1,0
RD-1006595,True,30,27,1,2
RD-1006596,True,30,30,0,0
RD-1006597,True,40,39,0,1
RD-1006598,True,26,21,2,2
RD-1006599,True,24,23,1,0
RD-1006600,True,15,13,2,0
RD-1006601,True,17,12,4,0
RD-1006602,True,24,22,0,2
RD-1006603,True,20,19,1,0
RD-1006604,True,27,26,1,0
RD-1006605,True,29,20,6,3
RD-1006606,True,26,26,0,0
RD-1006607,True,35,30,2,2
RD-1006608,True,26,23,3,0
RD-1006609,True,21,14,6,1
RD-1006610,True,34,34,0,0
RD-1006611,True,26,24,0,2
RD-1006612,True,33,30,1,2
RD-1006613,True,17,16,0,0
RD-1006614,True,44,42,1,1
RD-1006615,True,6,6,0,0
RD-1006616,True,35,33,1,1
RD-1006617,True,31,25,2,4
RD-1006618,True,26,24,1,1
RD-1006619,True,9,8,1,0
RD-1006620,True,30,29,0,0
RD-1006621,True,32,32,0,0
RD-1006622,True,29,24,4,1
RD-1006623,True,31,30,0,1
RD-1006624,True,33,29,3,1
RD-1006625,True,26,22,3,0
RD-1006626,True,25,24,1,0
RD-1006627,True,24,23,1,0
RD-1006628,True,41,31,7,3
RD-1006629,True,25,22,2,1
RD-1006630,True,32,29,1,2
RD-1006631,True,33,32,1,0
RD-1006632,True,29,25,3,1
RD-1006633,True,4,4,0,0
RD-1006634,True,28,28,0,0
RD-1006635,True,4,4,0,0
RD-1006636,True,21,20,0,1
RD-1006637,False,2,2,0,0
RD-1006638,True,26,25,1,0
RD-1006639,True,34,32,1,1
RD-1006640,True,44,43,1,0
RD-1006641,True,32,25,3,2
RD-1006642,True,29,26,3,0
RD-1006643,True,24,19,3,2
RD-1006644,True,42,40,1,1
RD-1006645,True,44,34,9,0
RD-1006646,True,35,31,3,0
RD-1006647,True,27,27,0,0
RD-1006648,True,28,22,2,2
RD-1006649,True,29,23,2,4
RD-1006650,True,41,40,1,0
RD-1006651,True,27,25,1,1
RD-1006652,True,32,30,2,0
RD-1006653,True,6,5,1,0
RD-1006654,True,28,27,0,0
RD-1006655,True,22,18,4,0
RD-1006656,True,33,27,2,3
RD-1006657,True,27,21,4,2
RD-1006658,True,27,26,1,0
RD-1006659,True,42,37,5,0
RD-1006660,True,18,15,1,2
RD-1006661,True,24,21,2,1
RD-1006662,True,39,39,0,0
RD-1006663,True,29,24,5,0
RD-1006664,True,24,20,3,1
RD-1006665,True,34,33,1,0
RD-1006666,True,19,19,0,0
RD-1006667,True,41,33,3,5
RD-1006668,True,33,31,1,1
RD-1006669,True,38,34,2,2
RD-1006670,True,36,32,0,3
RD-1006671,True,29,27,1,1
RD-1006672,True,20,19,1,0
RD-1006673,True,21,20,1,0
RD-1006674,True,18,15,3,0
RD-1006675,True,40,36,0,3
RD-1006676,True,52,51,1,0
RD-1006677,True,20,13,7,0
RD-1006678,True,36,35,0,1
RD-1006679,True,30,29,1,0
RD-1006680,True,24,20,3,0
RD-1006681,True,35,32,3,0
RD-1006682,True,7,6,1,0
RD-1006683,True,7,6,1,0
RD-1006684,True,32,32,0,0
RD-1006685,True,34,34,0,0
RD-1006686,True,36,35,1,0
RD-1006687,True,7,4,2,1
RD-1006688,True,7,3,3,1
RD-1006689,True,43,32,6,4
RD-1006690,True,10,8,1,1
RD-1006691,True,39,38,1,0
RD-1006692,True,23,18,4,1
RD-1006693,True,5,5,0,0
RD-1006694,True,34,33,1,0
RD-1006695,True,33,25,3,3
RD-1006696,True,20,18,2,0
RD-1006697,True,32,25,6,1
RD-1006698,True,30,27,3,0
RD-1006699,True,31,29,1,0
RD-1006700,True,31,26,4,1
RD-1006701,True,21,18,3,0
RD-1006702,True,30,28,1,0
RD-1006703,True,29,28,1,0
RD-1006704,True,31,30,1,0
RD-1006705,True,37,35,0,2
RD-1006706,True,26,24,1,1
RD-1006707,True,32,32,0,0
RD-1006708,True,27,19,4,3
RD-1006709,True,48,46,2,0
RD-1006710,True,33,26,4,3
RD-1006711,True,34,29,5,0
RD-1006712,True,28,28,0,0
RD-1006713,True,27,21,4,2
RD-1006714,True,29,27,1,0
RD-1006715,True,26,26,0,0
RD-1006716,True,25,24,1,0
RD-1006717,True,35,29,3,3
RD-1006718,True,29,23,4,2
RD-1006719,True,31,29,1,1
RD-1006720,True,46,45,1,0
RD-1006721,True,30,30,0,0
RD-1006722,True,31,30,0,1
RD-1006723,True,19,18,1,0
RD-1006724,True,46,42,3,1
RD-1006725,True,27,25,0,2
RD-1006726,True,30,29,1,0
RD-1006727,True,32,31,1,0
RD-1006728,True,2,2,0,0
RD-1006729,True,27,26,1,0
RD-1006730,True,23,23,0,0
RD-1006731,True,18,18,0,0
RD-1006732,True,47,45,2,0
RD-1006733,True,23,21,2,0
RD-1006734,True,34,34,0,0
RD-1006735,True,24,21,1,2
RD-1006736,True,33,31,2,0
RD-1006737,True,20,20,0,0
RD-1006738,True,27,23,1,1
RD-1006739,True,33,32,1,0
RD-1006740,True,29,29,0,0
RD-1006741,True,29,28,1,0
RD-1006742,True,30,27,2,0
RD-1006743,True,6,4,0,2
RD-1006744,True,19,18,0,1
RD-1006745,True,29,27,1,0
RD-1006746,True,30,29,1,0
RD-1006747,True,29,24,5,0
RD-1006748,True,26,25,1,0
RD-1006749,True,26,24,1,1
RD-1006750,True,33,32,0,1
RD-1006751,True,18,17,1,0
RD-1006752,True,30,27,3,0
RD-1006753,True,25,23,1,0
RD-1006754,True,37,35,2,0
RD-1006755,True,36,28,3,4
RD-1006756,True,26,26,0,0
RD-1006757,True,34,34,0,0
RD-1006758,True,26,25,0,1
RD-1006759,True,37,32,2,2
RD-1006760,True,31,23,5,3
RD-1006761,True,28,28,0,0
RD-1006762,True,37,30,4,2
RD-1006763,True,37,30,5,2
RD-1006764,True,29,29,0,0
RD-1006765,True,23,22,0,1
RD-1006766,True,32,25,3,4
RD-1006767,True,28,26,2,0
RD-1006768,True,26,25,0,0
RD-1006769,True,19,14,4,1
RD-1006770,True,29,28,0,1
RD-1006771,True,34,32,2,0
RD-1006772,True,29,29,0,0
RD-1006773,True,39,38,1,0
RD-1006774,True,23,23,0,0
RD-1006775,True,23,20,3,0
RD-1006776,True,20,19,0,1
RD-1006777,True,28,24,0,4
RD-1006778,True,26,26,0,0
RD-1006779,True,27,23,3,1
RD-1006780,True,18,18,0,0
RD-1006781,True,35,32,2,1
RD-1006782,True,20,18,1,0
RD-1006783,True,43,41,2,0
RD-1006784,True,24,24,0,0
RD-1006785,True,9,5,4,0
RD-1006786,True,18,13,4,1
RD-1006787,True,30,29,0,1
RD-1006788,True,22,18,4,0
RD-1006789,True,26,25,1,0
RD-1006790,True,31,26,3,2
RD-1006791,True,31,25,4,2
RD-1006792,True,35,35,0,0
RD-1006793,True,28,26,2,0
RD-1006794,True,30,24,2,3
RD-1006795,True,27,27,0,0
RD-1006796,True,32,26,4,2
RD-1006797,True,22,21,1,0
RD-1006798,True,35,33,1,1
RD-1006799,True,27,26,0,1
RD-1006800,True,34,31,2,1
RD-1006801,True,7,4,0,3
RD-1006802,True,30,28,2,0
RD-1006803,True,25,17,5,3
RD-1006804,False,1,1,0,0
RD-1006805,True,26,24,1,1
RD-1006806,True,24,22,0,1
RD-1006807,True,29,28,0,0
RD-1006808,True,35,28,5,1
RD-1006809,True,26,26,0,0
RD-1006810,True,35,28,3,4
RD-1006811,True,30,29,0,0
RD-1006812,True,38,37,0,0
RD-1006813,True,41,36,2,3
RD-1006814,True,23,21,1,0
RD-1006815,True,18,16,1,1
RD-1006816,True,27,23,2,2
RD-1006817,True,39,31,6,1
RD-1006818,True,17,15,1,1
RD-1006819,True,29,25,3,1
RD-1006820,True,31,29,1,1
RD-1006821,True,29,29,0,0
RD-1006822,True,27,26,1,0
RD-1006823,True,35,35,0,0
RD-1006824,True,11,11,0,0
RD-1006825,True,8,5,1,2
RD-1006826,True,32,31,0,1
RD-1006827,True,25,25,0,0
RD-1006828,True,36,29,5,2
RD-1006829,True,29,27,1,1
RD-1006830,True,30,28,2,0
RD-1006831,True,27,23,4,0
RD-1006832,True,17,15,0,2
RD-1006833,True,35,35,0,0
RD-1006834,True,39,37,0,1
RD-1006835,True,27,23,3,1
RD-1006836,True,8,6,1,1
RD-1006837,True,29,27,1,1
RD-1006838,True,28,27,0,1
RD-1006839,True,22,22,0,0
RD-1006840,True,23,15,7,1
RD-1006841,True,33,32,1,0
RD-1006842,True,6,5,1,0
RD-1006843,True,24,21,0,2
RD-1006844,True,36,29,4,3
RD-1006845,True,30,24,5,1
RD-1006846,True,21,20,0,1
RD-1006847,True,23,22,0,1
RD-1006848,True,36,35,1,0
RD-1006849,True,26,26,0,0
RD-1006850,True,37,31,4,1
RD-1006851,True,28,22,4,2
RD-1006852,True,27,24,1,1
RD-1006853,True,28,26,2,0
RD-1006854,True,43,39,3,1
RD-1006855,True,10,9,1,0
RD-1006856,True,18,15,1,2
RD-1006857,True,37,36,0,1
RD-1006858,True,26,19,4,3
RD-1006859,True,17,13,2,2
RD-1006860,True,31,25,5,1
RD-1006861,True,16,15,1,0
RD-1006862,True,32,32,0,0
RD-1006863,True,34,30,2,2
RD-1006864,True,34,29,5,0
RD-1006865,True,20,19,0,0
RD-1006866,True,26,26,0,0
RD-1006867,True,24,20,2,2
RD-1006868,True,29,28,0,1
RD-1006869,True,36,35,0,0
RD-1006870,True,30,27,2,0
RD-1006871,True,13,10,3,0
RD-1006872,True,35,34,1,0
RD-1006873,True,28,28,0,0
RD-1006874,True,31,30,1,0
RD-1006875,True,27,25,2,0
RD-1006876,True,36,33,3,0
RD-1006877,True,44,39,3,1
RD-1006878,True,12,10,0,1
RD-1006879,True,27,20,3,3
RD-1006880,True,30,29,1,0
RD-1006881,True,29,27,1,1
RD-1006882,True,30,28,0,1
RD-1006883,True,27,26,1,0
RD-1006884,True,20,20,0,0
RD-1006885,True,27,25,1,1
RD-1006886,True,30,23,6,1
RD-1006887,True,41,34,6,0
RD-1006888,True,31,30,1,0
RD-1006889,True,30,23,1,4
RD-1006890,True,35,30,3,2
RD-1006891,True,34,32,0,0
RD-1006892,True,31,30,0,0
RD-1006893,True,31,26,2,3
RD-1006894,True,21,21,0,0
RD-1006895,True,46,40,4,2
RD-1006896,True,35,32,1,2
RD-1006897,True,29,24,2,2
RD-1006898,True,13,10,2,1
RD-1006899,True,28,26,2,0
RD-1006900,True,23,21,1,0
RD-1006901,True,33,30,2,1
RD-1006902,True,25,24,1,0
RD-1006903,True,21,21,0,0
RD-1006904,True,42,37,3,2
RD-1006905,True,2,1,0,1
RD-1006906,True,28,27,0,1
RD-1006907,True,42,42,0,0
RD-1006908,True,27,22,2,3
RD-1006909,True,28,26,2,0
RD-1006910,True,28,26,0,1
RD-1006911,True,26,22,3,1
RD-1006912,True,30,24,4,1
RD-1006913,True,23,21,2,0
RD-1006914,True,19,18,1,0
RD-1006915,True,32,31,1,0
RD-1006916,True,30,24,5,1
RD-1006917,True,21,21,0,0
RD-1006918,True,27,27,0,0
RD-1006919,True,15,15,0,0
RD-1006920,True,23,21,0,1
RD-1006921,True,33,28,2,3
RD-1006922,True,38,32,5,1
RD-1006923,True,18,18,0,0
RD-1006924,True,8,7,0,1
RD-1006925,True,27,26,0,0
RD-1006926,True,40,31,7,2
RD-1006927,True,37,32,2,3
RD-1006928,True,25,22,3,0
RD-1006929,True,21,21,0,0
RD-1006930,True,20,14,3,3
RD-1006931,True,22,22,0,0
RD-1006932,True,32,29,3,0
RD-1006933,True,23,21,2,0
RD-1006934,True,24,23,1,0
RD-1006935,True,34,30,4,0
RD-1006936,True,2,2,0,0
RD-1006937,True,19,18,1,0
RD-1006938,True,29,29,0,0
RD-1006939,True,8,8,0,0
RD-1006940,True,18,16,1,1
RD-1006941,True,27,26,1,0
RD-1006942,True,21,19,2,0
RD-1006943,True,23,19,3,1
RD-1006944,True,28,26,1,1
RD-1006945,True,18,18,0,0
RD-1006946,True,32,32,0,0
RD-1006947,True,38,37,1,0
RD-1006948,True,25,24,1,0
RD-1006949,True,17,16,0,1
RD-1006950,True,26,24,1,1
RD-1006951,True,24,23,1,0
RD-1006952,True,31,27,1,2
RD-1006953,True,25,22,2,1
RD-1006954,True,30,29,1,0
RD-1006955,True,26,25,1,0
RD-1006956,True,27,27,0,0
RD-1006957,True,22,20,1,1
RD-1006958,True,24,24,0,0
RD-1006959,True,28,26,1,1
RD-1006960,True,19,17,2,0
RD-1006961,True,39,33,5,1
RD-1006962,True,6,5,1,0
RD-1006963,True,44,42,2,0
RD-1006964,True,35,35,0,0
RD-1006965,True,33,31,1,0
RD-1006966,True,29,23,3,3
RD-1006967,True,21,19,0,2
RD-1006968,True,24,24,0,0
RD-1006969,True,8,7,1,0
RD-1006970,True,27,25,1,1
RD-1006971,True,35,28,3,2
RD-1006972,True,29,26,2,1
RD-1006973,True,29,25,3,1
RD-1006974,True,23,21,1,1
RD-1006975,True,33,28,4,1
RD-1006976,True,39,35,4,0
RD-1006977,True,28,27,0,1
RD-1006978,True,33,30,1,2
RD-1006979,True,41,40,1,0
RD-1006980,True,29,28,0,1
RD-1006981,True,49,49,0,0
RD-1006982,True,30,28,0,1
RD-1006983,True,37,37,0,0
RD-1006984,True,37,29,4,4
RD-1006985,True,30,23,5,2
RD-1006986,True,28,27,0,0
RD-1006987,True,30,26,2,0
RD-1006988,True,17,15,0,2
RD-1006989,False,1,1,0,0
RD-1006990,True,25,25,0,0
RD-1006991,True,25,24,0,0
RD-1006992,True,5,4,1,0
RD-1006993,True,24,21,2,1
RD-1006994,True,28,26,1,0
RD-1006995,True,4,4,0,0
RD-1006996,True,5,3,2,0
RD-1006997,True,45,42,3,0
RD-1006998,True,27,22,4,0
RD-1006999,True,28,24,2,2
RD-1007000,True,23,23,0,0
RD-1007001,True,23,22,0,1
RD-1007002,True,42,30,8,4
RD-1007003,True,15,9,4,2
RD-1007004,True,38,32,4,2
RD-1007005,True,13,12,1,0
RD-1007006,True,25,22,3,0
RD-1007007,True,31,28,1,2
RD-1007008,True,14,12,1,1
RD-1007009,True,36,35,1,0
RD-1007010,True,22,21,0,1
RD-1007011,True,3,2,1,0
RD-1007012,True,27,24,3,0
RD-1007013,True,37,37,0,0
RD-1007014,True,44,34,5,5
RD-1007015,True,15,12,2,1
RD-1007016,True,41,39,0,1
RD-1007017,True,23,23,0,0
RD-1007018,True,28,26,1,1
RD-1007019,True,28,25,0,2
RD-1007020,True,45,40,2,2
RD-1007021,True,15,13,0,1
RD-1007022,True,28,27,0,1
RD-1007023,True,27,22,5,0
RD-1007024,True,14,7,5,2
RD-1007025,True,2,2,0,0
RD-1007026,True,28,27,0,1
RD-1007027,True,23,22,1,0
RD-1007028,True,23,22,1,0
RD-1007029,True,25,24,0,1
RD-1007030,True,10,9,0,1
RD-1007031,True,25,20,4,1
RD-1007032,True,36,35,0,0
RD-1007033,True,26,25,1,0
RD-1007034,True,30,29,1,0
RD-1007035,True,15,11,3,1
RD-1007036,True,33,31,2,0
RD-1007037,True,33,31,1,0
RD-1007038,True,22,21,0,0
RD-1007039,True,21,19,1,1
RD-1007040,True,25,23,1,1
RD-1007041,True,29,29,0,0
RD-1007042,True,19,19,0,0
RD-1007043,True,37,29,6,2
RD-1007044,True,17,17,0,0
RD-1007045,True,21,17,2,1
RD-1007046,True,30,29,1,0
RD-1007047,True,28,26,0,2
RD-1007048,True,25,25,0,0
RD-1007049,True,25,23,0,1
RD-1007050,True,31,30,0,1
RD-1007051,True,28,26,0,0
RD-1007052,True,25,21,3,1
RD-1007053,True,16,16,0,0
RD-1007054,True,28,24,2,2
RD-1007055,True,25,25,0,0
RD-1007056,True,25,23,1,1
RD-1007057,True,25,25,0,0
RD-1007058,True,32,28,3,1
RD-1007059,True,22,22,0,0
RD-1007060,True,26,25,0,0
RD-1007061,True,33,32,0,1
RD-1007062,True,20,20,0,0
RD-1007063,True,28,26,1,1
RD-1007064,True,23,22,1,0
RD-1007065,True,30,29,1,0
RD-1007066,True,39,35,3,1
RD-1007067,True,39,33,5,0
RD-1007068,True,3,3,0,0
RD-1007069,True,29,28,0,1
RD-1007070,True,25,25,0,0
RD-1007071,True,15,15,0,0
RD-1007072,True,16,16,0,0
RD-1007073,True,39,39,0,0
RD-1007074,True,28,23,4,1
RD-1007075,True,24,22,1,0
RD-1007076,True,5,5,0,0
RD-1007077,True,29,26,2,1
RD-1007078,True,16,16,0,0
RD-1007079,True,25,25,0,0
RD-1007080,True,31,30,0,1
RD-1007081,True,33,32,1,0
RD-1007082,True,6,5,1,0
RD-1007083,True,35,31,1,3
RD-1007084,True,29,28,0,1
RD-1007085,True,21,21,0,0
RD-1007086,True,38,35,2,1
RD-1007087,True,26,24,1,1
RD-1007088,True,40,38,1,1
RD-1007089,True,39,36,3,0
RD-1007090,True,39,38,0,1
RD-1007091,True,40,37,0,3
RD-1007092,True,37,29,5,3
RD-1007093,True,32,24,5,2
RD-1007094,True,29,28,1,0
RD-1007095,True,41,37,4,0
RD-1007096,True,26,25,0,1
RD-1007097,True,35,34,1,0
RD-1007098,True,43,41,2,0
RD-1007099,True,28,24,2,2
RD-1007100,True,28,28,0,0
RD-1007101,True,23,23,0,0
RD-1007102,True,30,30,0,0
RD-1007103,True,30,26,0,3
RD-1007104,True,21,19,2,0
RD-1007105,True,39,35,2,2
RD-1007106,True,21,19,2,0
RD-1007107,True,11,10,0,1
RD-1007108,True,37,33,2,2
RD-1007109,True,29,28,0,0
RD-1007110,True,29,26,2,1
RD-1007111,True,47,45,1,1
RD-1007112,True,32,27,4,0
RD-1007113,True,30,29,0,1
RD-1007114,False,1,1,0,0
RD-1007115,True,15,13,0,2
RD-1007116,True,25,24,0,1
RD-1007117,True,27,22,4,1
RD-1007118,True,23,20,2,1
RD-1007119,True,20,18,2,0
RD-1007120,True,22,18,3,1
RD-1007121,True,28,27,1,0
RD-1007122,True,24,20,2,2
RD-1007123,True,33,33,0,0
RD-1007124,True,20,18,0,2
RD-1007125,True,29,27,2,0
RD-1007126,True,28,27,1,0
RD-1007127,True,21,21,0,0
RD-1007128,True,25,19,3,1
RD-1007129,True,11,9,2,0
RD-1007130,True,25,21,3,1
RD-1007131,True,16,15,1,0
RD-1007132,True,23,22,1,0
RD-1007133,True,28,25,2,1
RD-1007134,True,24,21,2,1
RD-1007135,True,3,3,0,0
RD-1007136,True,19,19,0,0
RD-1007137,True,27,27,0,0
RD-1007138,True,30,27,1,2
RD-1007139,True,32,31,1,0
RD-1007140,True,30,27,2,0
RD-1007141,True,28,28,0,0
RD-1007142,True,9,7,2,0
RD-1007143,True,31,30,0,1
RD-1007144,True,32,29,2,1
RD-1007145,True,12,10,1,1
RD-1007146,True,21,20,1,0
RD-1007147,True,35,34,0,1
RD-1007148,True,31,30,0,1
RD-1007149,True,32,29,1,0
RD-1007150,True,23,21,1,1
RD-1007151,True,21,19,1,1
RD-1007152,True,37,35,2,0
RD-1007153,True,5,5,0,0
RD-1007154,True,27,25,2,0
RD-1007155,True,9,8,1,0
RD-1007156,True,30,28,1,0
RD-1007157,True,35,33,0,1
RD-1007158,True,32,31,0,1
RD-1007159,True,26,24,2,0
RD-1007160,True,33,31,0,2
RD-1007161,True,29,29,0,0
RD-1007162,True,35,32,3,0
RD-1007163,True,30,28,2,0
RD-1007164,True,15,13,1,1
RD-1007165,True,28,27,1,0
RD-1007166,True,29,29,0,0
RD-1007167,True,23,20,3,0
RD-1007168,True,16,14,2,0
RD-1007169,True,28,27,1,0
RD-1007170,True,14,13,1,0
RD-1007171,True,9,6,2,0
RD-1007172,True,25,24,1,0
RD-1007173,True,31,29,1,1
RD-1007174,True,21,21,0,0
RD-1007175,True,32,29,2,1
RD-1007176,True,29,28,0,1
RD-1007177,True,34,33,1,0
RD-1007178,True,29,25,1,3
RD-1007179,True,35,30,5,0
RD-1007180,True,24,22,1,1
RD-1007181,True,34,34,0,0
RD-1007182,True,34,33,1,0
RD-1007183,True,29,28,1,0
RD-1007184,True,19,16,2,1
RD-1007185,True,30,30,0,0
RD-1007186,True,29,28,0,1
RD-1007187,True,30,27,2,0
RD-1007188,True,19,19,0,0
RD-1007189,True,29,25,1,2
RD-1007190,True,11,10,0,1
RD-1007191,True,31,30,1,0
RD-1007192,True,12,9,2,1
RD-1007193,True,21,21,0,0
RD-1007194,True,26,26,0,0
RD-1007195,True,34,33,0,1
RD-1007196,True,27,26,0,1
RD-1007197,True,26,24,1,1
RD-1007198,True,32,28,2,1
RD-1007199,True,25,23,0,2
RD-1007200,True,24,21,2,1
RD-1007201,True,31,27,1,2
RD-1007202,True,28,28,0,0
RD-1007203,True,29,27,1,1
RD-1007204,True,28,26,1,1
RD-1007205,True,14,11,2,1
RD-1007206,True,25,24,0,1
RD-1007207,True,31,30,1,0
RD-1007208,True,27,26,1,0
RD-1007209,True,26,20,3,3
RD-1007210,True,28,28,0,0
RD-1007211,True,32,30,0,1
RD-1007212,True,23,19,1,2
RD-1007213,True,28,26,1,1
RD-1007214,True,14,11,2,1
RD-1007215,True,19,19,0,0
RD-1007216,True,25,24,0,1
RD-1007217,True,23,23,0,0
RD-1007218,True,29,28,1,0
RD-1007219,True,27,26,0,1
RD-1007220,True,24,20,4,0
RD-1007221,True,20,20,0,0
RD-1007222,True,20,14,4,2
RD-1007223,True,28,25,2,1
RD-1007224,True,25,20,2,3
RD-1007225,True,18,18,0,0
RD-1007226,True,35,31,3,0
RD-1007227,True,34,28,2,3
RD-1007228,True,45,43,1,1
RD-1007229,True,21,19,2,0
RD-1007230,True,22,20,2,0
RD-1007231,True,29,26,1,1
RD-1007232,True,39,37,2,0
RD-1007233,True,35,33,1,0
RD-1007234,True,40,40,0,0
RD-1007235,True,18,18,0,0
RD-1007236,True,24,23,0,0
RD-1007237,True,31,29,0,1
RD-1007238,True,30,30,0,0
RD-1007239,True,30,29,1,0
RD-1007240,True,39,36,1,2
RD-1007241,True,42,42,0,0
RD-1007242,True,28,25,1,1
RD-1007243,True,43,43,0,0
RD-1007244,True,35,34,1,0
RD-1007245,True,26,26,0,0
RD-1007246,True,41,39,2,0
RD-1007247,True,24,23,0,0
RD-1007248,True,4,3,0,1
RD-1007249,True,26,26,0,0
RD-1007250,True,27,27,0,0
RD-1007251,True,29,25,4,0
RD-1007252,True,30,29,1,0
RD-1007253,True,21,20,1,0
RD-1007254,True,26,20,2,4
RD-1007255,True,30,27,3,0
RD-1007256,True,12,12,0,0
RD-1007257,True,14,12,1,1
RD-1007258,True,42,40,1,1
RD-1007259,True,26,26,0,0
RD-1007260,True,36,36,0,0
RD-1007261,True,20,20,0,0
RD-1007262,True,23,23,0,0
RD-1007263,False,1,1,0,0
RD-1007264,True,22,22,0,0
RD-1007265,True,31,26,3,1
RD-1007266,True,35,34,0,1
RD-1007267,True,26,25,1,0
RD-1007268,True,25,20,1,3
RD-1007269,True,31,31,0,0
RD-1007270,True,2,2,0,0
RD-1007271,True,19,17,2,0
RD-1007272,True,23,21,1,1
RD-1007273,True,27,26,1,0
RD-1007274,True,28,25,3,0
RD-1007275,True,7,5,2,0
RD-1007276,True,29,28,1,0
RD-1007277,True,28,25,1,2
RD-1007278,True,22,22,0,0
RD-1007279,True,31,30,0,0
RD-1007280,True,36,33,3,0
RD-1007281,True,26,24,2,0
RD-1007282,True,32,31,0,0
RD-1007283,True,11,10,1,0
RD-1007284,True,29,29,0,0
RD-1007285,True,6,6,0,0
RD-1007286,True,19,19,0,0
RD-1007287,True,45,43,2,0
RD-1007288,True,34,33,0,1
RD-1007289,True,23,21,1,1
RD-1007290,True,31,30,0,1
RD-1007291,True,33,30,2,1
RD-1007292,True,22,19,1,1
RD-1007293,True,28,26,0,2
RD-1007294,True,43,43,0,0
RD-1007295,True,28,27,0,0
RD-1007296,True,14,12,2,0
RD-1007297,True,26,25,1,0
RD-1007298,True,22,19,0,2
RD-1007299,True,20,17,3,0
RD-1007300,True,42,42,0,0
RD-1007301,True,38,38,0,0
RD-1007302,True,22,19,3,0
RD-1007303,True,7,5,1,1
RD-1007304,True,23,23,0,0
RD-1007305,True,20,19,0,1
RD-1007306,True,29,26,2,0
RD-1007307,True,19,16,3,0
RD-1007308,True,21,18,2,0
RD-1007309,True,51,47,1,1
RD-1007310,True,30,27,2,1
RD-1007311,True,42,37,4,0
RD-1007312,True,25,22,2,0
RD-1007313,True,26,24,1,1
RD-1007314,True,32,31,0,0
RD-1007315,True,8,7,1,0
RD-1007316,True,37,36,1,0
RD-1007317,True,30,27,2,0
RD-1007318,True,24,22,2,0
RD-1007319,True,31,28,2,1
RD-1007320,True,29,28,0,1
RD-1007321,True,47,46,0,1
RD-1007322,True,30,28,1,1
RD-1007323,True,28,27,0,0
RD-1007324,True,19,18,1,0
RD-1007325,True,37,36,0,0
RD-1007326,True,30,29,1,0
RD-1007327,True,20,19,0,1
RD-1007328,True,25,25,0,0
RD-1007329,True,23,22,1,0
RD-1007330,True,23,22,0,1
RD-1007331,True,38,36,0,2
RD-1007332,True,27,26,1,0
RD-1007333,True,20,18,0,2
RD-1007334,True,6,4,2,0
RD-1007335,True,16,16,0,0
RD-1007336,True,23,21,0,1
RD-1007337,True,31,28,2,1
RD-1007338,True,31,26,3,1
RD-1007339,True,45,44,1,0
RD-1007340,True,25,23,1,0
RD-1007341,True,11,10,0,0
RD-1007342,True,25,24,1,0
RD-1007343,True,19,15,2,1
RD-1007344,True,27,27,0,0
RD-1007345,True,12,9,2,1
RD-1007346,True,23,23,0,0
RD-1007347,True,32,31,1,0
RD-1007348,True,26,23,3,0
RD-1007349,True,28,28,0,0
RD-1007350,True,4,3,1,0
RD-1007351,True,37,35,1,1
RD-1007352,True,27,25,1,0
RD-1007353,True,26,26,0,0
RD-1007354,True,33,33,0,0
RD-1007355,True,27,27,0,0
RD-1007356,True,19,19,0,0
RD-1007357,True,27,26,1,0
RD-1007358,True,30,28,0,2
RD-1007359,True,25,24,1,0
RD-1007360,True,21,21,0,0
RD-1007361,True,21,17,3,1
RD-1007362,True,29,27,1,1
RD-1007363,True,26,25,0,1
RD-1007364,True,12,12,0,0
RD-1007365,True,24,23,1,0
RD-1007366,True,30,28,1,0
RD-1007367,True,33,32,0,1
RD-1007368,True,31,30,1,0
RD-1007369,True,24,24,0,0
RD-1007370,True,19,16,2,1
RD-1007371,True,26,24,0,1
RD-1007372,True,26,25,1,0
RD-1007373,True,49,49,0,0
RD-1007374,True,20,20,0,0
RD-1007375,True,29,29,0,0
RD-1007376,True,34,33,1,0
RD-1007377,True,18,17,0,1
RD-1007378,True,3,3,0,0
RD-1007379,True,49,48,1,0
RD-1007380,True,46,45,0,1
RD-1007381,True,31,30,0,1
RD-1007382,True,40,39,1,0
RD-1007383,True,38,38,0,0
RD-1007384,True,33,30,2,1
RD-1007385,True,24,23,1,0
RD-1007386,True,32,30,2,0
RD-1007387,True,34,32,1,1
RD-1007388,True,10,10,0,0
RD-1007389,True,38,33,2,3
RD-1007390,True,26,25,1,0
RD-1007391,True,16,14,2,0
RD-1007392,True,45,45,0,0
RD-1007393,True,28,28,0,0
RD-1007394,True,46,41,3,1
RD-1007395,True,17,15,2,0
RD-1007396,True,27,27,0,0
RD-1007397,True,23,19,3,0
RD-1007398,True,25,25,0,0
RD-1007399,True,41,41,0,0
RD-1007400,True,24,24,0,0
RD-1007401,True,31,29,1,0
RD-1007402,True,34,34,0,0
RD-1007403,True,16,15,0,1
RD-1007404,True,26,24,1,1
RD-1007405,True,28,27,1,0
RD-1007406,True,18,17,0,1
RD-1007407,True,29,28,1,0
RD-1007408,True,31,28,3,0
RD-1007409,True,24,24,0,0
RD-1007410,True,34,33,1,0
RD-1007411,True,31,28,1,2
RD-1007412,True,30,29,1,0
RD-1007413,True,27,26,1,0
RD-1007414,True,22,21,0,1
RD-1007415,True,9,9,0,0
RD-1007416,True,27,26,1,0
RD-1007417,True,24,23,1,0
RD-1007418,True,4,4,0,0
RD-1007419,True,29,28,0,1
RD-1007420,True,29,27,1,1
RD-1007421,True,33,33,0,0
RD-1007422,True,35,32,0,1
RD-1007423,True,24,23,1,0
RD-1007424,True,25,23,2,0
RD-1007425,True,21,20,1,0
RD-1007426,True,24,24,0,0
RD-1007427,True,14,14,0,0
RD-1007428,True,33,31,1,1
RD-1007429,True,18,16,2,0
RD-1007430,True,30,28,2,0
RD-1007431,True,26,26,0,0
RD-1007432,True,36,36,0,0
RD-1007433,True,28,27,1,0
RD-1007434,True,29,28,0,1
RD-1007435,True,26,24,1,0
RD-1007436,True,20,19,1,0
RD-1007437,True,33,33,0,0
RD-1007438,True,20,18,1,1
RD-1007439,True,28,26,2,0
RD-1007440,True,32,31,0,1
RD-1007441,True,27,26,0,1
RD-1007442,True,42,40,1,0
RD-1007443,True,24,22,1,1
RD-1007444,True,31,28,2,1
RD-1007445,True,27,25,0,1
RD-1007446,True,28,26,1,0
RD-1007447,True,34,33,0,1
RD-1007448,True,25,24,0,0
RD-1007449,True,29,28,0,1
RD-1007450,True,21,21,0,0
RD-1007451,True,20,20,0,0
RD-1007452,True,35,31,3,1
RD-1007453,True,36,34,2,0
RD-1007454,True,34,34,0,0
RD-1007455,True,26,25,1,0
RD-1007456,True,40,38,2,0
RD-1007457,True,24,23,0,1
RD-1007458,True,24,24,0,0
RD-1007459,True,27,24,2,1
RD-1007460,True,25,22,0,2
RD-1007461,True,22,22,0,0
RD-1007462,True,50,47,2,1
RD-1007463,True,29,28,0,0
RD-1007464,True,36,36,0,0
RD-1007465,True,32,31,1,0
RD-1007466,True,7,6,1,0
RD-1007467,True,39,39,0,0
RD-1007468,True,24,24,0,0
RD-1007469,True,29,28,0,1
RD-1007470,True,38,36,1,0
RD-1007471,True,29,27,1,0
RD-1007472,True,32,32,0,0
RD-1007473,True,20,18,1,1
RD-1007474,True,21,19,0,1
RD-1007475,True,20,18,0,2
RD-1007476,True,36,33,2,0
RD-1007477,True,37,35,1,0
RD-1007478,True,37,36,1,0
RD-1007479,True,24,23,0,1
RD-1007480,True,39,36,2,1
RD-1007481,True,25,24,1,0
RD-1007482,True,24,21,3,0
RD-1007483,True,8,8,0,0
RD-1007484,True,46,45,0,1
RD-1007485,True,22,22,0,0
RD-1007486,True,21,20,1,0
RD-1007487,True,29,29,0,0
RD-1007488,True,29,28,0,0
RD-1007489,True,34,33,0,0
RD-1007490,True,39,36,1,0
RD-1007491,True,23,22,0,1
RD-1007492,True,27,24,2,0
RD-1007493,True,18,17,0,1
RD-1007494,True,23,23,0,0
RD-1007495,True,32,30,0,1
RD-1007496,True,28,25,1,2
RD-1007497,True,17,17,0,0
RD-1007498,True,21,20,0,1
RD-1007499,True,33,32,1,0
RD-1007500,True,31,30,0,1
RD-1007501,True,34,30,3,1
RD-1007502,True,22,22,0,0
RD-1007503,True,16,14,1,0
RD-1007504,True,22,21,1,0
RD-1007505,True,28,27,1,0
RD-1007506,True,45,42,1,0
RD-1007507,True,22,21,0,0
RD-1007508,True,23,22,1,0
RD-1007509,True,21,20,1,0
RD-1007510,True,30,28,2,0
RD-1007511,True,24,24,0,0
RD-1007512,True,27,27,0,0
RD-1007513,True,30,29,0,1
RD-1007514,True,29,29,0,0
RD-1007515,True,34,33,1,0
RD-1007516,True,34,34,0,0
RD-1007517,True,20,15,2,3
RD-1007518,True,28,27,1,0
RD-1007519,True,27,24,2,1
RD-1007520,True,33,31,1,1
RD-1007521,True,32,30,1,0
RD-1007522,True,12,12,0,0
RD-1007523,True,21,20,1,0
RD-1007524,True,31,28,1,1
RD-1007525,True,24,24,0,0
RD-1007526,True,28,28,0,0
RD-1007527,True,35,34,0,1
RD-1007528,True,19,19,0,0
RD-1007529,True,22,21,1,0
RD-1007530,True,21,21,0,0
RD-1007531,True,37,35,2,0
RD-1007532,True,28,28,0,0
RD-1007533,True,43,43,0,0
RD-1007534,True,20,19,1,0
RD-1007535,True,16,13,2,1
RD-1007536,True,41,40,1,0
RD-1007537,True,27,25,1,0
RD-1007538,True,26,25,0,0
RD-1007539,True,16,13,1,1
RD-1007540,True,26,26,0,0
RD-1007541,True,26,24,2,0
RD-1007542,True,28,27,0,0
RD-1007543,True,29,28,1,0
RD-1007544,True,43,41,1,1
RD-1007545,True,41,39,1,1
RD-1007546,True,23,23,0,0
RD-1007547,True,29,29,0,0
RD-1007548,True,23,22,0,1
RD-1007549,True,19,19,0,0
RD-1007550,True,21,21,0,0
RD-1007551,True,22,21,0,1
RD-1007552,True,33,31,2,0
RD-1007553,True,44,43,0,1
RD-1007554,True,27,26,1,0
RD-1007555,True,3,3,0,0
RD-1007556,True,21,19,1,1
RD-1007557,True,29,28,1,0
RD-1007558,True,19,19,0,0
RD-1007559,True,28,24,2,1
RD-1007560,True,47,43,2,1
RD-1007561,True,18,18,0,0
RD-1007562,True,23,23,0,0
RD-1007563,True,23,21,0,1
RD-1007564,True,26,25,1,0
RD-1007565,True,26,23,2,1
RD-1007566,True,25,23,2,0
RD-1007567,True,25,23,0,1
RD-1007568,True,23,21,0,1
RD-1007569,True,2,2,0,0
RD-1007570,True,27,27,0,0
RD-1007571,True,23,22,0,1
RD-1007572,True,23,22,0,1
RD-1007573,True,29,29,0,0
RD-1007574,True,38,38,0,0
RD-1007575,True,23,23,0,0
RD-1007576,True,41,37,1,3
RD-1007577,True,18,16,1,0
RD-1007578,True,29,28,1,0
RD-1007579,True,8,8,0,0
RD-1007580,True,26,26,0,0
RD-1007581,True,29,27,1,1
RD-1007582,True,31,28,1,1
RD-1007583,True,23,23,0,0
RD-1007584,True,26,25,1,0
RD-1007585,True,11,11,0,0
RD-1007586,True,26,23,0,0
RD-1007587,True,29,26,1,1
RD-1007588,True,29,28,1,0
RD-1007589,True,24,23,0,1
RD-1007590,True,34,31,1,2
RD-1007591,True,29,28,1,0
RD-1007592,True,26,24,1,1
RD-1007593,False,1,1,0,0
RD-1007594,True,39,37,1,0
RD-1007595,True,27,27,0,0
RD-1007596,True,34,33,1,0
RD-1007597,True,27,26,1,0
RD-1007598,True,14,12,2,0
RD-1007599,True,36,36,0,0
RD-1007600,True,28,26,1,1
RD-1007601,True,12,12,0,0
RD-1007602,True,33,30,2,0
RD-1007603,True,30,29,1,0
RD-1007604,True,38,37,1,0
RD-1007605,True,30,28,0,1
RD-1007606,True,23,22,0,0
RD-1007607,True,31,30,1,0
RD-1007608,True,29,29,0,0
RD-1007609,True,34,29,2,1
RD-1007610,True,16,14,0,2
RD-1007611,True,28,27,1,0
RD-1007612,True,17,16,1,0
RD-1007613,True,24,24,0,0
RD-1007614,True,25,24,1,0
RD-1007615,True,25,24,1,0
RD-1007616,True,22,21,1,0
RD-1007617,True,22,21,1,0
RD-1007618,True,27,27,0,0
RD-1007619,True,34,33,1,0
RD-1007620,True,29,27,0,2
RD-1007621,True,8,8,0,0
RD-1007622,True,41,40,0,1
RD-1007623,True,34,34,0,0
RD-1007624,True,30,29,1,0
RD-1007625,True,27,27,0,0
RD-1007626,True,49,48,0,1
RD-1007627,True,30,29,1,0
RD-1007628,True,31,30,0,0
RD-1007629,True,22,20,2,0
RD-1007630,True,28,28,0,0
RD-1007631,True,34,32,0,2
RD-1007632,True,28,25,2,1
RD-1007633,True,26,23,1,2
RD-1007634,True,28,28,0,0
RD-1007635,True,15,14,0,0
RD-1007636,True,37,35,1,1
RD-1007637,True,47,45,1,0
RD-1007638,True,33,33,0,0
RD-1007639,True,12,10,0,2
RD-1007640,True,22,22,0,0
RD-1007641,True,43,43,0,0
RD-1007642,True,21,20,1,0
RD-1007643,True,34,33,0,1
RD-1007644,True,25,24,1,0
RD-1007645,True,37,35,0,2
RD-1007646,True,46,46,0,0
RD-1007647,True,25,25,0,0
RD-1007648,True,27,27,0,0
RD-1007649,True,10,10,0,0
RD-1007650,True,26,25,1,0
RD-1007651,True,37,33,2,1
RD-1007652,True,25,25,0,0
RD-1007653,True,4,4,0,0
RD-1007654,True,19,19,0,0
RD-1007655,True,36,35,0,1
RD-1007656,True,17,15,1,1
RD-1007657,True,31,31,0,0
RD-1007658,True,10,10,0,0
RD-1007659,True,28,28,0,0
RD-1007660,True,21,19,1,0
RD-1007661,True,35,33,0,0
RD-1007662,True,33,32,0,1
RD-1007663,True,38,38,0,0
RD-1007664,True,30,28,2,0
RD-1007665,True,28,28,0,0
RD-1007666,True,30,29,0,0
RD-1007667,True,30,29,1,0
RD-1007668,True,27,27,0,0
RD-1007669,True,36,36,0,0
RD-1007670,True,21,20,1,0
RD-1007671,True,36,35,0,1
RD-1007672,True,27,26,0,1
RD-1007673,True,28,28,0,0
RD-1007674,True,21,21,0,0
RD-1007675,True,25,23,1,1
RD-1007676,True,29,29,0,0
RD-1007677,True,27,25,2,0
RD-1007678,True,26,26,0,0
RD-1007679,True,35,34,1,0
RD-1007680,True,22,22,0,0
RD-1007681,True,25,25,0,0
RD-1007682,True,28,27,0,1
RD-1007683,True,31,31,0,0
RD-1007684,True,33,30,1,2
RD-1007685,True,30,30,0,0
RD-1007686,True,32,32,0,0
RD-1007687,True,29,28,0,1
RD-1007688,True,25,24,0,1
RD-1007689,True,34,34,0,0
RD-1007690,True,34,32,2,0
RD-1007691,True,28,27,0,1
RD-1007692,True,39,39,0,0
RD-1007693,True,14,14,0,0
RD-1007694,True,5,5,0,0
RD-1007695,True,39,36,2,0
RD-1007696,True,24,24,0,0
RD-1007697,True,25,25,0,0
RD-1007698,True,38,37,1,0
RD-1007699,True,21,20,0,1
RD-1007700,True,27,23,4,0
RD-1007701,True,10,10,0,0
RD-1007702,True,23,23,0,0
RD-1007703,True,19,15,2,1
RD-1007704,True,25,25,0,0
RD-1007705,True,27,24,2,0
RD-1007706,True,25,24,1,0
RD-1007707,True,31,30,0,1
RD-1007708,True,20,15,5,0
RD-1007709,True,23,19,3,1
RD-1007710,True,30,29,0,0
RD-1007711,True,18,17,1,0
RD-1007712,True,31,28,1,1
RD-1007713,True,29,24,2,1
RD-1007714,True,25,24,1,0
RD-1007715,True,24,23,1,0
RD-1007716,True,27,26,0,1
RD-1007717,True,21,20,1,0
RD-1007718,True,27,25,2,0
RD-1007719,True,15,11,3,1
RD-1007720,True,19,18,0,1
RD-1007721,True,31,28,2,1
RD-1007722,True,25,25,0,0
RD-1007723,True,23,22,1,0
RD-1007724,True,35,31,2,1
RD-1007725,True,32,30,0,1
RD-1007726,True,28,27,1,0
RD-1007727,True,27,27,0,0
RD-1007728,True,38,36,2,0
RD-1007729,True,37,36,1,0
RD-1007730,True,25,24,0,1
RD-1007731,True,29,29,0,0
RD-1007732,True,24,22,0,0
RD-1007733,True,11,8,1,0
RD-1007734,True,36,35,1,0
RD-1007735,True,31,31,0,0
RD-1007736,True,36,34,1,1
RD-1007737,True,22,18,2,2
RD-1007738,True,21,20,0,0
RD-1007739,True,29,28,0,1
RD-1007740,True,29,29,0,0
RD-1007741,True,22,20,1,1
RD-1007742,True,30,29,0,0
RD-1007743,True,21,21,0,0
RD-1007744,True,50,48,1,0
RD-1007745,True,37,34,2,0
RD-1007746,True,29,28,1,0
RD-1007747,True,19,18,0,1
RD-1007748,True,8,8,0,0
RD-1007749,True,31,30,1,0
RD-1007750,True,29,27,1,1
RD-1007751,True,30,29,1,0
RD-1007752,True,25,24,1,0
RD-1007753,True,26,26,0,0
RD-1007754,True,23,23,0,0
RD-1007755,True,29,28,1,0
RD-1007756,True,29,28,1,0
RD-1007757,True,28,28,0,0
RD-1007758,True,32,30,1,1
RD-1007759,True,26,26,0,0
RD-1007760,True,23,22,1,0
RD-1007762,True,31,29,2,0
RD-1007763,True,32,32,0,0
RD-1007764,True,33,33,0,0
RD-1007765,True,11,11,0,0
RD-1007766,True,33,31,1,1
RD-1007767,True,16,13,2,1
RD-1007768,True,29,28,0,0
RD-1007769,True,20,20,0,0
RD-1007770,True,36,36,0,0
RD-1007771,True,28,27,1,0
RD-1007772,True,23,22,0,0
RD-1007773,True,32,30,1,1
RD-1007774,True,29,29,0,0
RD-1007775,True,33,31,1,0
RD-1007776,True,27,26,0,0
RD-1007777,True,20,19,1,0
RD-1007778,True,38,38,0,0
RD-1007779,True,33,33,0,0
RD-1007780,True,20,20,0,0
RD-1007781,True,2,2,0,0
RD-1007782,True,11,9,0,2
RD-1007783,True,21,19,0,2
RD-1007784,True,9,9,0,0
RD-1007785,True,31,28,3,0
RD-1007786,True,23,23,0,0
RD-1007787,True,27,27,0,0
RD-1007788,True,29,28,0,1
RD-1007789,True,17,17,0,0
RD-1007790,True,21,19,0,2
RD-1007791,True,32,31,1,0
RD-1007792,True,23,23,0,0
RD-1007793,True,28,27,1,0
RD-1007794,True,33,28,4,1
RD-1007795,True,24,24,0,0
RD-1007796,True,34,34,0,0
RD-1007797,True,30,27,2,0
RD-1007798,True,11,10,1,0
RD-1007799,True,20,19,0,1
RD-1007800,True,5,5,0,0
RD-1007801,True,35,33,2,0
RD-1007802,True,20,20,0,0
RD-1007803,True,36,33,1,1
RD-1007804,True,6,6,0,0
RD-1007805,True,12,12,0,0
RD-1007806,True,42,39,1,1
RD-1007807,True,33,32,1,0
RD-1007808,True,34,34,0,0
RD-1007809,True,37,36,0,1
RD-1007810,True,32,31,0,1
RD-1007811,True,24,23,0,0
RD-1007812,True,28,28,0,0
RD-1007813,True,34,33,1,0
RD-1007814,True,36,33,0,1
RD-1007815,True,28,27,1,0
RD-1007816,True,32,29,0,1
RD-1007817,True,24,23,1,0
RD-1007818,True,16,16,0,0
RD-1007819,True,18,18,0,0
RD-1007820,True,49,48,1,0
RD-1007821,True,38,38,0,0
RD-1007822,True,7,4,2,0
RD-1007823,True,41,36,2,3
RD-1007824,True,28,25,3,0
RD-1007825,True,24,19,2,3
RD-1007826,True,32,31,1,0
RD-1007827,True,29,27,2,0
RD-1007828,True,35,35,0,0
RD-1007829,True,23,20,2,0
RD-1007830,True,28,27,1,0
RD-1007831,True,38,38,0,0
RD-1007832,True,29,27,2,0
RD-1007833,True,28,27,0,1
RD-1007834,True,29,28,0,0
RD-1007835,True,37,35,1,0
RD-1007836,True,24,21,2,1
RD-1007837,True,31,31,0,0
RD-1007838,True,13,11,1,1
RD-1007839,True,21,21,0,0
RD-1007840,True,36,36,0,0
RD-1007841,True,30,28,1,1
RD-1007842,True,31,31,0,0
RD-1007843,True,29,28,1,0
RD-1007844,True,29,25,2,1
RD-1007845,True,19,19,0,0
RD-1007846,True,26,25,0,0
RD-1007847,True,44,38,2,2
RD-1007848,True,23,22,0,0
RD-1007849,True,27,26,1,0
RD-1007850,True,31,27,2,1
RD-1007851,True,28,27,0,0
RD-1007852,True,13,11,0,2
RD-1007853,True,29,28,0,1
RD-1007854,True,31,29,2,0
RD-1007855,True,29,27,1,0
RD-1007856,True,23,23,0,0
RD-1007857,True,31,29,1,1
RD-1007858,True,34,31,1,1
RD-1007859,True,30,30,0,0
RD-1007860,True,17,17,0,0
RD-1007861,True,23,23,0,0
RD-1007862,True,25,24,1,0
RD-1007863,True,41,39,2,0
RD-1007864,True,40,38,0,2
RD-1007865,True,7,7,0,0
RD-1007866,True,24,23,1,0
RD-1007867,True,29,28,1,0
RD-1007868,True,7,7,0,0
RD-1007869,True,22,21,0,0
RD-1007870,False,1,1,0,0
RD-1007871,True,11,10,0,1
RD-1007872,True,27,25,0,2
RD-1007873,True,31,31,0,0
RD-1007874,True,18,18,0,0
RD-1007875,True,23,22,1,0
RD-1007876,True,27,26,1,0
RD-1007877,True,27,25,0,1
RD-1007878,True,5,4,1,0
RD-1007879,True,12,12,0,0
RD-1007880,True,33,31,0,0
RD-1007881,True,31,30,1,0
RD-1007882,True,38,36,2,0
RD-1007883,True,21,20,0,0
RD-1007884,True,36,36,0,0
RD-1007885,True,32,32,0,0
RD-1007886,True,29,27,2,0
RD-1007887,True,26,26,0,0
RD-1007888,True,34,32,2,0
RD-1007889,True,26,26,0,0
RD-1007890,True,25,23,1,1
RD-1007891,True,6,5,1,0
RD-1007892,True,25,24,1,0
RD-1007893,True,39,39,0,0
RD-1007894,True,27,24,3,0
RD-1007895,True,34,32,1,1
RD-1007896,True,32,31,0,1
RD-1007897,True,22,21,0,0
RD-1007898,True,32,32,0,0
RD-1007899,True,29,26,2,1
RD-1007900,True,36,33,0,2
RD-1007901,True,43,43,0,0
RD-1007902,True,34,33,0,1
RD-1007903,True,25,24,0,0
RD-1007904,True,29,29,0,0
RD-1007905,True,28,28,0,0
RD-1007906,True,42,42,0,0
RD-1007907,True,28,27,0,0
RD-1007908,True,26,25,0,1
RD-1007909,True,22,20,1,1
RD-1007910,True,5,5,0,0
RD-1007911,True,23,22,0,0
RD-1007912,True,24,20,1,2
RD-1007913,True,20,17,2,1
RD-1007914,True,16,16,0,0
RD-1007915,True,22,21,1,0
RD-1007916,True,28,23,1,1
RD-1007917,True,29,28,0,0
RD-1007918,True,29,29,0,0
RD-1007919,True,45,43,2,0
RD-1007920,True,27,25,1,1
RD-1007921,True,48,46,1,0
RD-1007922,True,2,2,0,0
RD-1007923,True,48,45,2,1
RD-1007924,True,18,18,0,0
RD-1007925,True,25,25,0,0
RD-1007926,True,27,27,0,0
RD-1007927,True,28,27,1,0
RD-1007928,True,20,20,0,0
RD-1007929,True,23,20,3,0
RD-1007930,True,22,19,3,0
RD-1007931,True,46,43,2,0
RD-1007932,True,21,18,2,1
RD-1007933,True,25,23,2,0
RD-1007934,True,45,44,0,1
RD-1007935,True,28,28,0,0
RD-1007936,True,30,27,1,1
RD-1007937,True,18,15,1,2
RD-1007938,True,22,22,0,0
RD-1007939,True,26,25,1,0
RD-1007940,True,29,29,0,0
RD-1007941,True,22,20,0,2
RD-1007942,True,26,25,1,0
RD-1007943,True,37,36,0,0
RD-1007944,True,39,37,1,0
RD-1007945,True,26,25,1,0
RD-1007946,True,18,18,0,0
RD-1007947,True,29,28,1,0
RD-1007948,True,28,27,1,0
RD-1007949,True,16,14,1,1
RD-1007950,True,34,32,1,0
RD-1007951,True,26,25,1,0
RD-1007952,True,36,33,1,1
RD-1007953,True,28,28,0,0
RD-1007954,True,28,28,0,0
RD-1007955,True,24,24,0,0
RD-1007956,True,20,20,0,0
RD-1007957,True,30,29,0,1
RD-1007958,True,21,19,2,0
RD-1007959,True,21,21,0,0
RD-1007960,True,37,37,0,0
RD-1007961,True,22,22,0,0
RD-1007962,True,29,25,2,2
RD-1007963,True,24,22,2,0
RD-1007964,True,34,33,0,0
RD-1007965,True,29,27,1,1
RD-1007966,True,38,37,1,0
RD-1007967,True,32,32,0,0
RD-1007968,True,31,30,0,1
RD-1007969,True,28,25,2,1
RD-1007970,True,28,28,0,0
RD-1007971,True,22,20,1,1
RD-1007972,True,26,25,0,1
RD-1007973,True,20,20,0,0
RD-1007974,True,28,28,0,0
RD-1007975,True,4,4,0,0
RD-1007976,True,28,26,1,0
RD-1007977,True,24,24,0,0
RD-1007978,True,35,34,1,0
RD-1007979,True,17,16,0,1
RD-1007980,True,7,6,1,0
RD-1007981,True,31,30,1,0
RD-1007982,True,29,29,0,0
RD-1007983,True,32,31,0,0
RD-1007984,True,15,13,2,0
RD-1007985,True,43,41,1,1
RD-1007986,True,29,29,0,0
RD-1007987,True,28,27,0,0
RD-1007988,True,25,25,0,0
RD-1007989,True,48,47,1,0
RD-1007990,True,24,22,0,2
RD-1007991,True,23,21,1,1
RD-1007992,True,24,22,1,1
RD-1007993,True,35,33,1,1
RD-1007994,True,25,23,2,0
RD-1007995,True,22,21,0,0
RD-1007996,True,35,33,0,1
RD-1007997,True,28,28,0,0
RD-1007998,True,25,24,1,0
RD-1007999,False,1,1,0,0
RD-1008000,True,29,28,1,0
RD-1008001,True,33,32,0,1
RD-1008002,True,26,25,0,1
RD-1008003,True,16,16,0,0
RD-1008004,True,25,22,1,1
RD-1008005,True,5,5,0,0
RD-1008006,True,28,26,1,0
RD-1008007,True,14,14,0,0
RD-1008008,True,18,14,2,2
RD-1008009,True,30,28,2,0
RD-1008010,True,23,23,0,0
RD-1008011,True,20,17,1,1
RD-1008012,True,21,19,0,1
RD-1008013,True,2,2,0,0
RD-1008014,True,16,14,1,1
RD-1008015,True,33,31,2,0
RD-1008016,False,1,0,0,1
RD-1008017,True,35,35,0,0
RD-1008018,True,29,28,0,1
RD-1008019,True,19,19,0,0
RD-1008020,True,28,26,1,1
RD-1008021,True,36,35,0,0
RD-1008022,True,32,29,2,0
RD-1008023,True,10,8,1,1
RD-1008024,True,26,25,1,0
RD-1008025,True,27,24,2,0
RD-1008026,True,32,30,1,0
RD-1008027,True,25,23,0,1
RD-1008028,True,34,30,2,2
RD-1008029,True,21,21,0,0
RD-1008030,True,26,23,1,0
RD-1008031,True,28,27,1,0
RD-1008032,True,31,31,0,0
RD-1008033,True,26,26,0,0
RD-1008034,True,50,50,0,0
RD-1008035,True,25,25,0,0
RD-1008036,True,22,19,3,0
RD-1008037,True,33,31,0,1
RD-1008038,True,14,13,0,1
RD-1008039,True,23,23,0,0
RD-1008040,True,34,33,0,0
RD-1008041,True,26,26,0,0
RD-1008042,True,36,36,0,0
RD-1008043,True,24,24,0,0
RD-1008044,True,23,20,2,0
RD-1008045,True,27,27,0,0
RD-1008046,True,26,26,0,0
RD-1008047,True,30,29,0,1
RD-1008048,True,4,2,1,1
RD-1008049,True,18,16,1,1
RD-1008050,True,22,22,0,0
RD-1008051,True,39,36,2,1
RD-1008052,True,31,31,0,0
RD-1008053,True,24,24,0,0
RD-1008054,True,39,38,0,1
RD-1008055,True,25,25,0,0
RD-1008056,True,21,20,0,1
RD-1008057,True,35,34,0,1
RD-1008058,True,27,27,0,0
RD-1008059,True,22,21,1,0
RD-1008060,True,17,17,0,0
RD-1008061,True,24,24,0,0
RD-1008062,True,28,27,1,0
RD-1008063,True,32,32,0,0
RD-1008064,True,37,34,1,1
RD-1008065,True,29,27,2,0
RD-1008066,True,25,24,1,0
RD-1008067,True,29,28,1,0
RD-1008068,True,15,13,1,1
RD-1008069,True,31,26,2,0
RD-1008070,True,32,30,2,0
RD-1008071,True,30,30,0,0
RD-1008072,True,23,20,2,1
RD-1008073,True,28,28,0,0
RD-1008074,True,35,34,0,1
RD-1008075,True,5,4,0,1
RD-1008076,True,24,22,2,0
RD-1008077,True,22,21,1,0
RD-1008078,True,26,25,1,0
RD-1008079,True,25,23,2,0
RD-1008080,True,31,30,0,0
RD-1008081,True,22,17,5,0
RD-1008082,True,26,24,1,1
RD-1008083,True,46,43,1,0
RD-1008084,True,23,23,0,0
RD-1008085,True,19,17,1,1
RD-1008086,True,37,36,1,0
RD-1008087,True,39,39,0,0
RD-1008088,True,23,22,1,0
RD-1008089,True,31,30,0,1
RD-1008090,True,32,32,0,0
RD-1008091,True,31,28,3,0
RD-1008092,True,29,29,0,0
RD-1008093,True,11,11,0,0
RD-1008094,True,28,27,1,0
RD-1008095,True,3,1,1,1
RD-1008096,True,22,21,0,0
RD-1008097,True,24,24,0,0
RD-1008098,True,32,30,0,2
RD-1008099,True,30,30,0,0
RD-1008100,True,23,22,1,0
RD-1008101,True,36,33,2,1
RD-1008102,True,25,22,1,2
RD-1008103,True,6,6,0,0
RD-1008104,True,42,39,2,0
RD-1008105,True,25,23,0,2
RD-1008106,True,30,29,0,1
RD-1008107,True,22,22,0,0
RD-1008108,True,28,27,1,0
RD-1008109,True,22,22,0,0
RD-1008110,True,26,25,0,1
RD-1008111,True,32,31,1,0
RD-1008112,True,26,26,0,0
RD-1008113,True,19,18,1,0
RD-1008114,True,25,25,0,0
RD-1008115,True,26,25,0,0
RD-1008116,True,27,26,0,0
RD-1008117,True,39,39,0,0
RD-1008118,True,24,22,1,1
RD-1008119,True,9,9,0,0
RD-1008120,True,27,27,0,0
RD-1008121,True,34,31,0,3
RD-1008122,True,37,35,1,1
RD-1008123,True,39,38,0,0
RD-1008124,True,20,20,0,0
RD-1008125,True,19,19,0,0
RD-1008126,True,30,29,0,0
RD-1008127,True,22,21,1,0
RD-1008128,True,28,28,0,0
RD-1008129,True,25,24,1,0
RD-1008130,True,37,35,1,1
RD-1008131,True,26,25,0,1
RD-1008132,True,24,24,0,0
RD-1008133,True,45,44,1,0
RD-1008134,True,36,33,2,1
RD-1008135,True,24,24,0,0
RD-1008136,True,28,26,2,0
RD-1008137,True,19,16,3,0
RD-1008138,True,36,36,0,0
RD-1008139,True,28,27,0,1
RD-1008140,True,30,30,0,0
RD-1008141,True,40,38,1,1
RD-1008142,True,28,28,0,0
RD-1008143,True,25,25,0,0
RD-1008144,True,23,22,0,1
RD-1008145,True,30,28,1,0
RD-1008146,True,31,30,0,1
RD-1008147,True,36,35,0,0
RD-1008148,True,38,37,1,0
RD-1008149,True,32,30,0,1
RD-1008150,True,37,36,1,0
RD-1008151,True,23,23,0,0
RD-1008152,True,25,25,0,0
RD-1008153,True,27,27,0,0
RD-1008154,True,26,25,1,0
RD-1008155,True,40,38,2,0
RD-1008156,True,19,18,0,1
RD-1008157,True,27,25,1,0
RD-1008158,True,27,24,2,1
RD-1008159,True,39,36,2,0
RD-1008160,True,7,7,0,0
RD-1008161,True,21,21,0,0
RD-1008162,True,30,29,0,0
RD-1008163,True,35,32,2,1
RD-1008164,True,31,31,0,0
RD-1008165,True,33,32,1,0
RD-1008166,True,30,29,0,0
RD-1008167,True,38,37,1,0
RD-1008168,True,13,13,0,0
RD-1008169,True,30,28,1,0
RD-1008170,True,37,37,0,0
RD-1008171,True,32,32,0,0
RD-1008172,True,30,29,0,0
RD-1008173,True,36,35,1,0
RD-1008174,True,34,32,0,1
RD-1008175,True,47,46,0,0
RD-1008176,True,29,29,0,0
RD-1008177,True,31,31,0,0
RD-1008178,True,29,28,0,1
RD-1008179,True,37,35,1,0
RD-1008180,True,36,33,2,0
RD-1008181,True,35,33,1,0
RD-1008182,True,26,24,1,1
RD-1008184,True,7,6,0,1
RD-1008185,True,25,24,0,1
RD-1008186,True,36,33,2,1
RD-1008187,True,22,20,1,1
RD-1008188,True,28,28,0,0
RD-1008189,True,35,33,1,1
RD-1008190,True,27,24,1,0
RD-1008191,True,25,25,0,0
RD-1008192,True,47,41,3,2
RD-1008193,True,22,22,0,0
RD-1008194,True,20,18,2,0
RD-1008195,True,22,20,1,0
RD-1008196,True,19,18,1,0
RD-1008197,True,27,26,1,0
RD-1008198,True,29,26,2,0
RD-1008199,True,34,34,0,0
RD-1008200,True,29,28,1,0
RD-1008201,True,21,20,1,0
RD-1008202,True,24,21,0,2
RD-1008203,True,30,30,0,0
RD-1008204,True,25,25,0,0
RD-1008205,True,30,30,0,0
RD-1008206,True,27,26,0,1
RD-1008207,True,46,45,1,0
RD-1008208,True,40,39,1,0
RD-1008209,True,23,22,0,1
RD-1008210,True,30,30,0,0
RD-1008211,True,23,22,1,0
RD-1008212,True,29,28,0,1
RD-1008213,True,29,28,0,1
RD-1008214,True,24,24,0,0
RD-1008215,True,31,31,0,0
RD-1008216,True,26,26,0,0
RD-1008217,True,30,29,1,0
RD-1008218,True,20,20,0,0
RD-1008219,True,32,29,2,0
RD-1008220,True,21,21,0,0
RD-1008221,True,29,27,1,1
RD-1008222,True,20,18,2,0
RD-1008223,True,26,24,1,1
RD-1008224,True,28,28,0,0
RD-1008225,True,27,26,0,1
RD-1008226,True,40,40,0,0
RD-1008227,True,28,28,0,0
RD-1008228,True,46,45,0,1
RD-1008229,True,25,24,1,0
RD-1008230,True,31,30,0,0
RD-1008231,True,25,24,1,0
RD-1008232,True,28,25,0,2
RD-1008233,True,31,29,1,1
RD-1008234,True,29,28,1,0
RD-1008235,True,30,28,2,0
RD-1008236,True,21,21,0,0
RD-1008237,True,8,7,1,0
RD-1008238,True,29,26,2,1
RD-1008239,True,26,25,0,1
RD-1008240,True,23,22,1,0
RD-1008241,True,7,7,0,0
RD-1008242,True,27,26,0,1
RD-1008243,True,34,32,1,0
RD-1008244,True,31,31,0,0
RD-1008245,True,18,17,0,0
RD-1008246,True,30,29,0,0
RD-1008247,True,27,25,2,0
RD-1008248,True,23,22,1,0
RD-1008249,True,37,36,0,1
RD-1008250,True,31,30,0,1
RD-1008251,True,23,20,0,2
RD-1008252,True,28,24,2,2
RD-1008253,True,17,17,0,0
RD-1008254,True,25,22,2,1
RD-1008255,True,10,8,1,1
RD-1008256,True,43,43,0,0
RD-1008257,True,24,24,0,0
RD-1008258,True,19,17,1,1
RD-1008259,True,43,41,1,1
RD-1008260,True,31,31,0,0
RD-1008261,True,26,25,0,0
RD-1008262,True,26,25,1,0
RD-1008263,True,26,25,1,0
RD-1008264,True,32,30,1,1
RD-1008265,True,25,25,0,0
RD-1008266,True,33,33,0,0
RD-1008267,True,28,28,0,0
RD-1008268,True,29,29,0,0
RD-1008269,True,25,24,1,0
RD-1008270,True,27,25,1,1
RD-1008271,True,24,22,0,1
RD-1008272,True,31,26,3,1
RD-1008273,True,29,29,0,0
RD-1008274,True,27,24,2,1
RD-1008275,True,37,37,0,0
RD-1008276,True,33,32,1,0
RD-1008277,True,25,25,0,0
RD-1008278,True,28,26,1,0
RD-1008279,True,16,16,0,0
RD-1008280,True,16,15,0,1
RD-1008281,True,33,33,0,0
RD-1008282,True,31,29,0,1
RD-1008283,True,38,38,0,0
RD-1008284,True,40,38,1,1
RD-1008285,True,13,13,0,0
RD-1008286,True,24,22,2,0
RD-1008287,True,17,17,0,0
RD-1008288,True,32,31,0,1
RD-1008289,True,31,31,0,0
RD-1008290,True,36,36,0,0
RD-1008291,True,30,30,0,0
RD-1008292,True,40,36,3,1
RD-1008293,True,30,28,2,0
RD-1008294,True,23,23,0,0
RD-1008295,True,26,25,0,1
RD-1008296,True,24,24,0,0
RD-1008297,True,25,25,0,0
RD-1008298,True,29,29,0,0
RD-1008299,True,21,20,1,0
RD-1008300,True,25,24,0,1
RD-1008301,True,25,24,1,0
RD-1008302,True,21,21,0,0
RD-1008303,True,34,31,2,1
RD-1008304,True,24,22,2,0
RD-1008305,True,32,30,1,1
RD-1008306,True,26,24,1,1
RD-1008307,True,26,25,0,1
RD-1008308,True,48,47,1,0
RD-1008309,True,37,36,1,0
RD-1008310,True,32,32,0,0
RD-1008311,True,31,30,1,0
RD-1008312,True,26,26,0,0
RD-1008313,True,29,27,0,0
RD-1008314,True,46,46,0,0
RD-1008315,True,32,32,0,0
RD-1008316,True,27,26,1,0
RD-1008317,True,18,16,0,2
RD-1008318,True,27,26,0,1
RD-1008319,True,32,32,0,0
RD-1008320,True,42,41,1,0
RD-1008321,True,25,24,1,0
RD-1008322,True,31,30,0,1
RD-1008323,True,26,26,0,0
RD-1008324,True,30,30,0,0
RD-1008325,True,23,22,1,0
RD-1008326,True,43,36,5,2
RD-1008327,True,25,23,1,1
RD-1008328,True,36,35,0,0
RD-1008329,True,16,14,2,0
RD-1008330,True,50,50,0,0
RD-1008331,True,32,31,1,0
RD-1008332,True,35,34,1,0
RD-1008333,True,48,46,2,0
RD-1008334,True,28,25,3,0
RD-1008335,True,25,25,0,0
RD-1008336,True,30,30,0,0
RD-1008337,True,23,21,2,0
RD-1008338,True,18,17,1,0
RD-1008339,True,23,22,1,0
RD-1008340,True,33,31,2,0
RD-1008341,True,25,23,2,0
RD-1008342,True,27,24,3,0
RD-1008343,True,25,25,0,0
RD-1008344,True,27,26,1,0
RD-1008345,True,24,23,1,0
RD-1008346,True,24,21,2,1
RD-1008347,True,6,6,0,0
RD-1008348,True,41,38,2,0
RD-1008349,True,26,24,1,1
RD-1008350,True,42,41,1,0
RD-1008351,True,28,28,0,0
RD-1008352,True,28,27,0,0
RD-1008353,True,43,41,1,1
RD-1008354,True,23,22,0,1
RD-1008355,True,25,24,1,0
RD-1008356,True,28,27,0,1
RD-1008357,True,26,26,0,0
RD-1008358,True,27,26,0,0
RD-1008359,True,18,17,0,1
RD-1008360,True,30,28,1,1
RD-1008361,True,35,34,1,0
RD-1008362,True,14,13,0,1
RD-1008363,True,22,17,2,3
RD-1008364,True,2,2,0,0
RD-1008365,True,29,28,0,1
RD-1008366,True,25,24,0,0
RD-1008367,True,12,11,1,0
RD-1008368,True,16,15,1,0
RD-1008369,True,5,3,2,0
RD-1008370,True,29,28,1,0
RD-1008371,True,20,20,0,0
RD-1008372,True,25,24,0,1
RD-1008373,True,24,24,0,0
RD-1008374,True,30,30,0,0
RD-1008375,True,17,16,0,1
RD-1008376,True,30,28,1,0
RD-1008378,True,42,41,1,0
RD-1008379,True,29,27,1,1
RD-1008380,True,39,37,0,0
RD-1008381,True,14,14,0,0
RD-1008382,True,36,34,0,1
RD-1008383,True,29,29,0,0
RD-1008384,True,33,32,1,0
RD-1008385,True,25,25,0,0
RD-1008386,True,11,10,0,0
RD-1008387,True,34,33,0,1
RD-1008388,True,28,27,0,1
RD-1008389,True,11,9,0,2
RD-1008390,True,16,13,3,0
RD-1008391,True,42,41,0,1
RD-1008392,True,28,28,0,0
RD-1008393,True,52,50,1,1
RD-1008394,True,37,35,1,0
RD-1008395,True,19,18,0,1
RD-1008396,True,39,38,1,0
RD-1008397,True,30,30,0,0
RD-1008398,True,29,29,0,0
RD-1008399,True,22,22,0,0
RD-1008400,True,45,45,0,0
RD-1008401,True,31,29,1,0
RD-1008402,True,30,29,1,0
RD-1008403,True,37,35,2,0
RD-1008404,True,28,26,2,0
RD-1008405,True,32,30,1,1
RD-1008406,True,32,31,0,1
RD-1008407,True,39,38,1,0
RD-1008408,True,23,22,1,0
RD-1008409,True,11,10,0,1
RD-1008410,True,30,30,0,0
RD-1008411,True,40,37,3,0
RD-1008412,True,29,28,1,0
RD-1008413,True,30,30,0,0
RD-1008414,True,28,27,0,1
RD-1008415,True,29,28,1,0
RD-1008416,True,26,25,1,0
RD-1008417,True,39,37,1,1
RD-1008418,True,17,14,1,1
RD-1008419,True,36,36,0,0
RD-1008420,True,40,38,0,1
RD-1008421,True,33,33,0,0
RD-1008422,True,45,45,0,0
RD-1008423,True,7,7,0,0
RD-1008424,True,27,24,2,0
RD-1008425,True,28,26,2,0
RD-1008426,True,5,5,0,0
RD-1008427,True,36,33,2,1
RD-1008428,True,26,23,3,0
RD-1008429,True,31,31,0,0
RD-1008430,True,31,30,1,0
RD-1008431,True,24,22,1,1
RD-1008432,True,29,29,0,0
RD-1008433,True,10,9,1,0
RD-1008434,True,33,31,1,0
RD-1008435,True,18,16,1,1
RD-1008436,True,5,5,0,0
RD-1008437,True,20,18,1,1
RD-1008438,True,32,30,1,1
RD-1008439,True,22,22,0,0
RD-1008440,True,36,36,0,0
RD-1008441,True,8,7,0,1
RD-1008442,True,33,31,1,1
RD-1008443,True,28,28,0,0
RD-1008444,True,35,33,0,1
RD-1008445,True,29,27,1,1
RD-1008446,True,28,25,3,0
RD-1008447,True,34,31,2,1
RD-1008448,True,18,17,0,1
RD-1008449,True,27,27,0,0
RD-1008450,True,32,30,2,0
RD-1008451,True,19,16,2,1
RD-1008452,True,4,2,2,0
RD-1008453,True,30,30,0,0
RD-1008454,True,29,29,0,0
RD-1008455,True,33,33,0,0
RD-1008456,True,24,23,0,1
RD-1008457,True,22,22,0,0
RD-1008458,True,32,32,0,0
RD-1008459,True,29,26,3,0
RD-1008460,True,28,27,1,0
RD-1008461,True,13,11,0,2
RD-1008462,True,33,32,1,0
RD-1008463,True,23,22,0,1
RD-1008464,True,26,25,0,1
RD-1008465,True,32,29,0,3
RD-1008466,True,24,23,0,0
RD-1008467,True,17,17,0,0
RD-1008468,True,30,29,1,0
RD-1008469,True,30,29,1,0
RD-1008470,True,29,29,0,0
RD-1008471,True,29,27,0,2
RD-1008472,True,20,17,2,1
RD-1008473,True,28,27,1,0
RD-1008474,True,27,26,1,0
RD-1008475,True,25,24,0,1
RD-1008476,True,6,6,0,0
RD-1008477,True,29,27,2,0
RD-1008478,True,26,26,0,0
RD-1008479,True,28,28,0,0
RD-1008480,True,19,18,1,0
RD-1008481,True,26,26,0,0
RD-1008482,True,23,21,1,0
RD-1008483,True,29,29,0,0
RD-1008484,True,42,42,0,0
RD-1008485,True,32,31,0,0
RD-1008486,True,33,32,0,1
RD-1008487,True,26,24,1,0
RD-1008488,True,31,28,2,0
RD-1008489,True,18,17,0,1
RD-1008490,True,26,26,0,0
RD-1008491,True,46,43,0,3
RD-1008492,True,15,15,0,0
RD-1008493,True,38,36,1,1
RD-1008494,True,6,6,0,0
RD-1008495,True,19,18,1,0
RD-1008496,True,19,17,1,1
RD-1008497,True,18,15,2,1
RD-1008498,True,23,20,2,0
RD-1008499,False,1,1,0,0
RD-1008500,True,25,22,2,1
RD-1008501,True,30,29,0,1
RD-1008502,True,32,31,0,1
RD-1008503,True,14,14,0,0
RD-1008504,True,30,20,6,3
RD-1008505,True,50,47,3,0
RD-1008506,True,10,10,0,0
RD-1008507,True,25,24,1,0
RD-1008508,True,26,26,0,0
RD-1008509,True,12,12,0,0
RD-1008510,True,19,18,1,0
RD-1008511,True,38,38,0,0
RD-1008512,True,22,20,1,0
RD-1008513,True,26,25,1,0
RD-1008514,True,35,33,0,2
RD-1008515,True,28,23,3,2
RD-1008516,True,27,26,1,0
RD-1008517,True,24,24,0,0
RD-1008518,True,9,9,0,0
RD-1008519,True,28,26,2,0
RD-1008520,True,11,9,1,1
RD-1008521,True,28,28,0,0
RD-1008522,True,33,32,0,1
RD-1008523,True,23,21,1,1
RD-1008524,True,25,23,0,0
RD-1008525,True,29,28,1,0
RD-1008526,True,13,11,2,0
RD-1008527,True,29,26,3,0
RD-1008528,True,45,42,3,0
RD-1008529,True,31,29,0,1
RD-1008530,True,34,32,0,1
RD-1008531,True,27,24,2,1
RD-1008532,True,28,20,7,1
RD-1008533,True,18,15,1,2
RD-1008534,True,11,11,0,0
RD-1008535,True,27,27,0,0
RD-1008536,True,17,14,2,1
RD-1008537,True,26,23,3,0
RD-1008538,True,26,25,1,0
RD-1008539,True,30,29,0,1
RD-1008540,True,31,31,0,0
RD-1008541,True,30,29,0,1
RD-1008542,True,24,22,2,0
RD-1008543,True,30,30,0,0
RD-1008544,True,27,26,1,0
RD-1008545,True,23,23,0,0
RD-1008546,True,21,21,0,0
RD-1008547,True,37,34,1,2
RD-1008548,True,24,23,1,0
RD-1008549,True,21,20,0,1
RD-1008550,True,28,25,3,0
RD-1008551,True,29,29,0,0
RD-1008552,True,21,21,0,0
RD-1008553,True,29,28,0,0
RD-1008554,True,21,20,0,1
RD-1008555,True,9,9,0,0
RD-1008556,True,26,24,1,1
RD-1008557,True,28,28,0,0
RD-1008558,True,18,16,1,1
RD-1008559,True,26,21,3,2
RD-1008560,True,32,32,0,0
RD-1008561,True,16,16,0,0
RD-1008562,True,29,28,1,0
RD-1008563,True,5,5,0,0
RD-1008564,True,25,23,1,1
RD-1008565,True,41,39,0,2
RD-1008566,True,27,26,0,1
RD-1008567,True,42,40,1,0
RD-1008568,True,27,24,0,1
RD-1008569,True,35,34,0,1
RD-1008570,True,38,38,0,0
RD-1008571,True,28,26,2,0
RD-1008572,True,21,21,0,0
RD-1008573,True,38,36,0,1
RD-1008574,True,43,42,1,0
RD-1008575,True,31,31,0,0
RD-1008576,True,35,34,1,0
RD-1008577,True,33,33,0,0
RD-1008578,True,20,16,3,0
RD-1008579,True,21,21,0,0
RD-1008580,True,27,26,0,1
RD-1008581,True,19,18,0,1
RD-1008582,True,31,27,2,2
RD-1008583,True,31,31,0,0
RD-1008584,True,29,28,1,0
RD-1008585,True,25,24,1,0
RD-1008586,True,36,35,1,0
RD-1008587,True,40,40,0,0
RD-1008588,True,27,26,0,1
RD-1008589,True,21,19,2,0
RD-1008590,True,45,43,1,1
RD-1008591,True,34,33,1,0
RD-1008592,True,31,27,1,0
RD-1008593,True,26,25,0,1
RD-1008594,True,27,26,0,1
RD-1008595,True,27,24,2,0
RD-1008596,True,24,23,0,1
RD-1008597,True,20,20,0,0
RD-1008598,True,20,19,0,1
RD-1008599,True,28,28,0,0
RD-1008600,True,29,29,0,0
RD-1008601,True,37,36,1,0
RD-1008602,True,23,21,0,1
RD-1008603,True,35,33,0,2
RD-1008604,True,35,33,1,1
RD-1008605,True,23,23,0,0
RD-1008606,True,10,10,0,0
RD-1008607,True,28,28,0,0
RD-1008608,True,38,36,2,0
RD-1008609,True,28,28,0,0
RD-1008610,True,4,4,0,0
RD-1008611,True,31,31,0,0
RD-1008612,True,29,29,0,0
RD-1008613,True,10,8,2,0
RD-1008614,True,37,36,1,0
RD-1008615,True,22,21,0,1
RD-1008616,True,34,33,0,0
RD-1008617,True,33,31,2,0
RD-1008618,True,23,22,0,0
RD-1008619,True,24,24,0,0
RD-1008620,True,24,24,0,0
RD-1008621,True,3,3,0,0
RD-1008622,True,26,26,0,0
RD-1008623,True,36,35,0,0
RD-1008624,True,39,38,1,0
RD-1008625,True,22,20,0,0
RD-1008626,True,30,28,0,1
RD-1008627,True,34,34,0,0
RD-1008628,True,27,23,3,1
RD-1008629,True,47,43,4,0
RD-1008630,True,23,23,0,0
RD-1008631,True,19,17,0,1
RD-1008632,True,30,28,0,2
RD-1008633,True,38,37,0,1
RD-1008634,True,41,41,0,0
RD-1008635,True,30,29,0,1
RD-1008636,True,26,26,0,0
RD-1008637,True,30,30,0,0
RD-1008638,True,28,26,1,1
RD-1008639,True,22,21,1,0
RD-1008640,True,8,8,0,0
RD-1008641,True,13,12,0,1
RD-1008642,True,23,22,1,0
RD-1008643,True,28,27,0,1
RD-1008644,True,33,33,0,0
RD-1008645,True,25,25,0,0
RD-1008646,True,30,29,0,1
RD-1008647,True,39,38,1,0
RD-1008648,True,14,14,0,0
RD-1008649,True,31,30,1,0
RD-1008650,True,32,31,1,0
RD-1008651,True,27,26,0,1
RD-1008652,True,46,45,0,1
RD-1008653,True,26,26,0,0
RD-1008654,True,31,30,0,0
RD-1008655,True,32,32,0,0
RD-1008656,True,42,40,1,1
RD-1008657,True,36,36,0,0
RD-1008658,True,31,30,0,1
RD-1008659,True,22,19,2,1
RD-1008660,True,35,33,2,0
RD-1008661,True,22,22,0,0
RD-1008662,True,40,38,0,0
RD-1008663,True,23,19,2,1
RD-1008664,True,36,35,1,0
RD-1008665,True,14,14,0,0
RD-1008666,True,39,38,0,0
RD-1008667,True,36,36,0,0
RD-1008668,True,35,33,1,1
RD-1008669,True,15,14,1,0
RD-1008670,True,33,32,0,1
RD-1008671,True,41,41,0,0
RD-1008672,True,25,22,2,1
RD-1008673,True,31,30,1,0
RD-1008674,True,28,27,0,0
RD-1008675,True,24,21,3,0
RD-1008676,True,5,5,0,0
RD-1008677,True,29,29,0,0
RD-1008678,True,41,40,1,0
RD-1008679,True,26,24,1,1
RD-1008680,True,37,35,0,1
RD-1008681,True,29,28,0,1
RD-1008682,True,20,20,0,0
RD-1008683,True,28,25,0,2
RD-1008684,True,47,46,0,0
RD-1008685,True,30,27,2,0
RD-1008686,True,18,17,1,0
RD-1008687,True,11,11,0,0
RD-1008688,True,47,45,1,1
RD-1008689,True,10,9,1,0
RD-1008690,True,40,38,2,0
RD-1008691,True,29,27,1,0
RD-1008692,True,24,24,0,0
RD-1008693,True,49,46,1,2
RD-1008694,True,33,32,1,0
RD-1008695,True,39,39,0,0
RD-1008696,True,25,25,0,0
RD-1008697,True,14,13,1,0
RD-1008698,True,23,23,0,0
RD-1008699,True,34,31,1,1
RD-1008700,True,34,34,0,0
RD-1008701,True,31,30,1,0
RD-1008702,True,29,28,1,0
RD-1008703,True,16,15,0,0
RD-1008704,True,30,29,1,0
RD-1008705,True,39,37,1,1
RD-1008706,True,20,19,1,0
RD-1008707,True,37,36,1,0
RD-1008708,True,28,25,2,0
RD-1008709,True,28,25,0,1
RD-1008711,True,25,23,2,0
RD-1008712,True,24,24,0,0
RD-1008713,False,1,1,0,0
RD-1008714,True,31,29,1,0
RD-1008715,True,27,27,0,0
RD-1008716,True,35,34,0,1
RD-1008717,True,22,22,0,0
RD-1008718,True,18,16,1,1
RD-1008719,True,17,15,1,0
RD-1008720,True,24,23,1,0
RD-1008721,True,27,27,0,0
RD-1008722,True,2,2,0,0
RD-1008723,True,33,30,1,2
RD-1008724,True,43,42,0,1
RD-1008725,True,23,22,0,1
RD-1008726,True,28,25,1,2
RD-1008727,True,30,30,0,0
RD-1008728,True,29,27,2,0
RD-1008729,True,37,33,3,1
RD-1008730,True,30,30,0,0
RD-1008731,True,33,32,1,0
RD-1008732,True,24,23,0,1
RD-1008733,True,40,40,0,0
RD-1008734,True,26,24,0,1
RD-1008735,True,32,30,1,0
RD-1008736,True,33,28,5,0
RD-1008737,True,19,18,1,0
RD-1008738,True,36,34,1,1
RD-1008739,True,26,25,0,0
RD-1008740,True,35,34,0,1
RD-1008741,True,27,25,1,1
RD-1008742,True,29,29,0,0
RD-1008743,True,35,31,1,1
RD-1008744,True,32,31,1,0
RD-1008745,True,21,20,1,0
RD-1008746,True,32,31,0,0
RD-1008747,True,29,29,0,0
RD-1008748,True,19,18,1,0
RD-1008749,True,36,35,1,0
RD-1008750,True,31,29,0,2
RD-1008751,True,29,28,1,0
RD-1008752,True,27,25,1,0
RD-1008753,True,31,25,1,4
RD-1008754,True,27,24,2,1
RD-1008755,True,25,23,0,1
RD-1008756,True,32,30,2,0
RD-1008757,True,22,22,0,0
RD-1008758,True,31,30,0,1
RD-1008759,True,29,28,1,0
RD-1008760,True,18,17,1,0
RD-1008761,True,6,5,1,0
RD-1008762,True,24,23,0,1
RD-1008763,True,12,12,0,0
RD-1008764,True,23,20,3,0
RD-1008765,True,15,13,2,0
RD-1008766,True,40,40,0,0
RD-1008767,True,24,22,1,0
RD-1008768,True,28,26,1,1
RD-1008769,True,32,31,0,1
RD-1008770,True,36,36,0,0
RD-1008771,True,30,28,1,1
RD-1008772,True,34,33,1,0
RD-1008773,True,27,25,0,1
RD-1008774,True,28,28,0,0
RD-1008775,True,26,26,0,0
RD-1008776,True,24,23,0,0
RD-1008777,True,36,35,1,0
RD-1008778,True,22,19,0,1
RD-1008779,True,43,39,4,0
RD-1008780,True,25,23,2,0
RD-1008781,True,26,25,0,0
RD-1008782,True,55,55,0,0
RD-1008783,True,31,31,0,0
RD-1008784,True,31,30,0,0
RD-1008785,True,37,35,1,1
RD-1008786,True,30,29,1,0
RD-1008787,True,27,27,0,0
RD-1008788,True,8,7,1,0
RD-1008789,True,30,28,2,0
RD-1008790,True,32,31,1,0
RD-1008791,True,33,32,1,0
RD-1008792,True,21,20,1,0
RD-1008793,True,23,23,0,0
RD-1008794,True,27,26,1,0
RD-1008795,True,45,44,1,0
RD-1008796,True,27,25,2,0
RD-1008797,True,30,29,1,0
RD-1008798,True,17,15,2,0
RD-1008799,True,27,27,0,0
RD-1008800,True,27,25,0,0
RD-1008801,True,34,32,1,0
RD-1008802,True,28,27,0,0
RD-1008803,True,42,41,0,1
RD-1008804,True,30,27,1,1
RD-1008805,True,36,32,2,2
RD-1008806,True,48,48,0,0
RD-1008807,True,29,29,0,0
RD-1008808,True,3,3,0,0
RD-1008809,True,20,16,2,1
RD-1008810,True,4,3,0,0
RD-1008811,True,26,25,1,0
RD-1008812,True,29,28,0,1
RD-1008813,True,19,18,1,0
RD-1008814,True,28,26,1,1
RD-1008815,True,22,19,2,0
RD-1008816,True,3,3,0,0
RD-1008817,True,28,27,1,0
RD-1008818,True,24,23,1,0
RD-1008819,True,30,28,2,0
RD-1008820,True,20,19,0,0
RD-1008821,True,48,48,0,0
RD-1008822,True,31,26,4,1
RD-1008823,True,24,23,1,0
RD-1008824,True,26,26,0,0
RD-1008825,True,30,28,2,0
RD-1008826,True,29,29,0,0
RD-1008827,True,30,27,1,2
RD-1008828,True,25,24,1,0
RD-1008829,True,29,29,0,0
RD-1008830,True,41,39,2,0
RD-1008831,True,28,27,1,0
RD-1008832,True,43,40,1,1
RD-1008833,True,34,31,1,2
RD-1008834,True,45,42,1,2
RD-1008835,True,10,10,0,0
RD-1008836,True,33,31,2,0
RD-1008837,True,16,16,0,0
RD-1008838,True,27,27,0,0
RD-1008839,True,42,40,1,1
RD-1008840,True,28,27,1,0
RD-1008841,True,38,37,1,0
RD-1008842,True,31,30,0,1
RD-1008843,True,9,8,1,0
RD-1008844,True,28,27,1,0
RD-1008845,True,36,36,0,0
RD-1008846,True,11,11,0,0
RD-1008847,True,23,22,0,1
RD-1008848,True,4,4,0,0
RD-1008849,True,26,25,0,0
RD-1008850,True,40,36,2,1
RD-1008851,True,30,26,1,2
RD-1008852,True,37,37,0,0
RD-1008853,True,27,26,0,0
RD-1008854,True,28,27,1,0
RD-1008855,True,44,41,1,2
RD-1008856,True,47,44,3,0
RD-1008857,True,32,27,3,1
RD-1008858,True,30,29,0,1
RD-1008859,True,33,32,0,1
RD-1008860,True,16,15,1,0
RD-1008861,True,24,22,1,1
RD-1008862,True,53,49,1,3
RD-1008863,True,21,20,1,0
RD-1008864,True,24,24,0,0
RD-1008865,True,40,40,0,0
RD-1008866,True,24,23,1,0
RD-1008867,True,30,27,2,0
RD-1008868,True,28,27,1,0
RD-1008869,True,16,16,0,0
RD-1008870,True,33,32,1,0
RD-1008871,True,18,17,0,0
RD-1008872,True,21,20,1,0
RD-1008873,True,15,14,1,0
RD-1008874,True,33,31,1,0
RD-1008875,True,39,37,2,0
RD-1008876,True,30,30,0,0
RD-1008877,True,27,25,2,0
RD-1008878,True,23,20,1,1
RD-1008879,True,27,26,1,0
RD-1008880,True,24,23,1,0
RD-1008881,True,22,21,1,0
RD-1008882,True,33,32,0,0
RD-1008883,True,22,22,0,0
RD-1008884,True,28,27,1,0
RD-1008885,True,18,14,4,0
RD-1008886,True,39,38,0,0
RD-1008887,True,48,45,2,0
RD-1008888,True,49,47,2,0
RD-1008889,True,33,31,1,1
RD-1008890,True,22,22,0,0
RD-1008891,True,18,18,0,0
RD-1008892,True,14,13,1,0
RD-1008893,True,37,35,1,1
RD-1008894,True,27,27,0,0
RD-1008895,True,26,26,0,0
RD-1008896,True,28,28,0,0
RD-1008897,True,26,25,1,0
RD-1008898,True,27,27,0,0
RD-1008899,True,16,16,0,0
RD-1008900,True,30,30,0,0
RD-1008901,True,33,32,0,1
RD-1008902,True,26,24,0,0
RD-1008903,True,33,32,1,0
RD-1008904,True,24,23,0,0
RD-1008905,True,30,29,0,0
RD-1008906,True,5,5,0,0
RD-1008907,True,35,35,0,0
RD-1008908,True,32,32,0,0
RD-1008909,True,35,34,0,1
RD-1008910,True,50,49,0,1
RD-1008911,True,28,26,0,0
RD-1008912,True,30,30,0,0
RD-1008913,True,38,37,0,1
RD-1008914,True,25,23,0,1
RD-1008915,True,43,43,0,0
RD-1008916,True,34,34,0,0
RD-1008917,True,25,25,0,0
RD-1008918,True,34,29,4,1
RD-1008919,True,40,39,0,1
RD-1008920,True,32,28,4,0
RD-1008921,True,51,51,0,0
RD-1008922,True,27,23,3,1
RD-1008923,True,41,41,0,0
RD-1008924,True,22,21,0,1
RD-1008925,True,22,21,1,0
RD-1008926,True,30,29,1,0
RD-1008927,True,11,11,0,0
RD-1008928,True,45,43,1,1
RD-1008929,True,38,38,0,0
RD-1008930,True,21,20,0,1
RD-1008931,True,6,6,0,0
RD-1008932,True,29,29,0,0
RD-1008933,True,6,5,1,0
RD-1008934,True,42,39,1,0
RD-1008935,True,31,29,1,1
RD-1008936,True,31,31,0,0
RD-1008937,True,32,31,1,0
RD-1008938,True,29,29,0,0
RD-1008939,True,34,33,1,0
RD-1008940,True,28,26,0,1
RD-1008941,True,48,45,3,0
RD-1008942,True,25,24,0,1
RD-1008943,True,21,21,0,0
RD-1008944,True,27,27,0,0
RD-1008945,True,12,12,0,0
RD-1008946,True,7,6,1,0
RD-1008947,True,17,15,2,0
RD-1008948,True,33,30,3,0
RD-1008949,True,27,26,0,0
RD-1008950,True,33,32,0,1
RD-1008951,True,48,44,4,0
RD-1008952,True,41,41,0,0
RD-1008953,True,44,42,1,0
RD-1008954,True,47,46,1,0
RD-1008955,True,16,13,2,1
RD-1008956,True,38,36,2,0
RD-1008957,True,31,30,1,0
RD-1008958,True,57,55,2,0
RD-1008959,True,18,18,0,0
RD-1008960,True,30,29,1,0
RD-1008961,True,31,28,2,1
RD-1008962,True,19,19,0,0
RD-1008963,True,24,22,1,1
RD-1008964,True,20,20,0,0
RD-1008965,True,25,24,0,0
RD-1008966,True,26,26,0,0
RD-1008967,True,32,32,0,0
RD-1008968,True,25,22,1,2
RD-1008969,True,24,22,1,0
RD-1008970,True,26,21,4,0
RD-1008971,True,19,18,0,0
RD-1008972,True,7,7,0,0
RD-1008973,True,17,16,1,0
RD-1008974,True,50,48,2,0
RD-1008975,True,38,37,1,0
RD-1008976,True,34,34,0,0
RD-1008977,True,21,21,0,0
RD-1008978,True,7,7,0,0
RD-1008979,True,46,44,1,1
RD-1008980,True,35,35,0,0
RD-1008981,True,3,3,0,0
RD-1008982,True,27,25,2,0
RD-1008983,True,27,22,2,1
RD-1008984,True,26,26,0,0
RD-1008985,True,24,24,0,0
RD-1008986,True,27,25,0,2
RD-1008987,True,15,14,1,0
RD-1008988,True,24,22,2,0
RD-1008989,True,41,38,2,0
RD-1008990,True,42,41,1,0
RD-1008991,True,27,24,2,0
RD-1008992,True,25,23,0,1
RD-1008993,True,31,28,2,1
RD-1008994,True,31,31,0,0
RD-1008995,True,44,42,1,0
RD-1008996,True,30,30,0,0
RD-1008997,True,33,33,0,0
RD-1008998,True,30,29,0,0
RD-1008999,True,31,29,0,1
RD-1009000,True,26,24,2,0
RD-1009001,True,35,34,1,0
RD-1009002,True,25,25,0,0
RD-1009003,True,39,39,0,0
RD-1009004,True,31,28,2,0
RD-1009005,True,26,26,0,0
RD-1009006,True,26,25,0,1
RD-1009007,True,31,29,0,2
RD-1009008,True,26,26,0,0
RD-1009009,True,40,36,2,1
RD-1009010,True,35,33,1,1
RD-1009011,True,36,35,0,0
RD-1009012,True,24,24,0,0
RD-1009013,True,36,35,1,0
RD-1009014,True,43,39,2,2
RD-1009015,True,38,37,0,1
RD-1009016,True,34,33,0,0
RD-1009017,True,24,22,1,1
RD-1009018,True,27,27,0,0
RD-1009019,True,40,38,2,0
RD-1009020,True,25,23,1,1
RD-1009021,True,39,38,0,1
RD-1009022,True,25,25,0,0
RD-1009023,True,36,36,0,0
RD-1009024,True,29,27,1,1
RD-1009025,True,17,16,0,1
RD-1009026,True,27,26,1,0
RD-1009027,True,20,19,0,1
RD-1009028,True,40,40,0,0
RD-1009029,True,26,24,2,0
RD-1009030,True,24,20,3,1
RD-1009031,True,31,29,2,0
RD-1009032,True,31,30,1,0
RD-1009033,True,36,36,0,0
RD-1009034,True,28,27,0,1
RD-1009035,True,45,44,1,0
RD-1009036,True,25,21,2,2
RD-1009037,True,26,22,2,1
RD-1009038,True,13,13,0,0
RD-1009039,True,29,28,0,1
RD-1009040,True,28,27,1,0
RD-1009041,True,25,23,0,1
RD-1009042,True,32,32,0,0
RD-1009043,True,26,25,0,1
RD-1009044,True,32,31,1,0
RD-1009045,True,56,55,1,0
RD-1009046,True,28,23,4,0
RD-1009047,True,38,38,0,0
RD-1009048,True,26,24,1,0
RD-1009049,True,44,42,2,0
RD-1009050,True,28,28,0,0
RD-1009051,True,27,27,0,0
RD-1009052,True,22,22,0,0
RD-1009053,True,28,24,4,0
RD-1009054,True,27,26,0,0
RD-1009055,True,27,27,0,0
RD-1009056,True,31,31,0,0
RD-1009057,True,40,38,1,0
RD-1009058,True,28,28,0,0
RD-1009059,True,40,40,0,0
RD-1009060,True,25,25,0,0
RD-1009061,True,35,33,0,2
RD-1009062,True,30,30,0,0
RD-1009063,True,24,24,0,0
RD-1009064,True,45,44,1,0
RD-1009065,True,23,22,0,1
RD-1009066,True,31,31,0,0
RD-1009067,True,34,34,0,0
RD-1009068,True,17,14,2,1
RD-1009069,True,19,19,0,0
RD-1009070,True,25,25,0,0
RD-1009071,True,27,26,0,1
RD-1009072,True,34,34,0,0
RD-1009073,True,32,32,0,0
RD-1009074,True,51,50,0,1
RD-1009075,True,10,10,0,0
RD-1009076,True,27,27,0,0
RD-1009077,True,36,34,1,1
RD-1009078,True,38,37,0,1
RD-1009079,True,29,28,0,0
RD-1009080,True,31,29,1,1
RD-1009081,True,32,32,0,0
RD-1009082,True,34,34,0,0
RD-1009083,True,45,45,0,0
RD-1009084,True,32,30,1,0
RD-1009085,True,35,34,1,0
RD-1009086,True,25,24,1,0
RD-1009087,True,26,25,0,0
RD-1009088,True,25,23,2,0
RD-1009089,True,32,31,0,1
RD-1009090,True,44,42,1,0
RD-1009091,True,38,36,2,0
RD-1009092,True,27,24,1,1
RD-1009093,True,21,21,0,0
RD-1009094,True,29,28,1,0
RD-1009095,True,30,29,1,0
RD-1009096,True,27,26,1,0
RD-1009097,True,33,32,0,0
RD-1009098,True,24,24,0,0
RD-1009099,True,33,33,0,0
RD-1009100,True,29,27,1,0
RD-1009101,True,40,39,0,1
RD-1009102,True,10,8,1,1
RD-1009103,True,28,26,2,0
RD-1009104,True,23,22,0,1
RD-1009105,True,9,8,1,0
RD-1009106,True,27,27,0,0
RD-1009107,True,34,32,1,0
RD-1009108,True,44,43,1,0
RD-1009109,True,28,26,2,0
RD-1009110,True,35,34,0,0
RD-1009111,True,22,20,1,1
RD-1009112,True,28,26,1,0
RD-1009113,True,28,27,0,1
RD-1009114,True,28,26,1,1
RD-1009115,True,21,21,0,0
RD-1009116,False,1,1,0,0
RD-1009117,True,37,36,0,1
RD-1009118,True,28,26,1,1
RD-1009119,True,28,25,2,0
RD-1009120,True,27,26,0,0
RD-1009121,True,17,15,1,1
RD-1009122,True,38,36,1,1
RD-1009123,True,34,33,1,0
RD-1009124,True,6,4,2,0
RD-1009125,True,24,24,0,0
RD-1009126,True,30,27,1,2
RD-1009127,True,25,22,2,1
RD-1009128,True,31,30,0,1
RD-1009129,True,40,40,0,0
RD-1009130,True,31,30,1,0
RD-1009131,True,23,21,1,1
RD-1009132,True,46,45,0,1
RD-1009133,True,24,23,0,1
RD-1009134,True,31,30,0,1
RD-1009135,True,34,34,0,0
RD-1009136,True,38,38,0,0
RD-1009137,True,31,29,1,0
RD-1009138,True,32,31,1,0
RD-1009139,True,11,10,0,1
RD-1009140,True,33,33,0,0
RD-1009141,True,37,36,0,1
RD-1009142,True,23,22,1,0
RD-1009143,True,23,23,0,0
RD-1009144,True,39,38,0,0
RD-1009145,True,13,10,2,0
RD-1009146,True,15,14,0,1
RD-1009147,True,7,7,0,0
RD-1009148,True,31,29,0,1
RD-1009149,True,29,26,2,1
RD-1009150,True,27,27,0,0
RD-1009151,True,15,13,0,1
RD-1009152,True,29,27,2,0
RD-1009153,True,39,39,0,0
RD-1009154,True,34,34,0,0
RD-1009155,True,40,35,2,3
RD-1009156,True,33,31,2,0
RD-1009157,True,27,26,0,1
RD-1009158,True,5,5,0,0
RD-1009159,True,35,34,1,0
RD-1009160,True,37,37,0,0
RD-1009161,True,33,33,0,0
RD-1009162,True,21,21,0,0
RD-1009163,True,29,28,0,1
RD-1009164,True,30,30,0,0
RD-1009165,True,39,36,0,1
RD-1009166,True,21,19,2,0
RD-1009167,True,34,30,3,1
RD-1009168,True,33,33,0,0
RD-1009169,True,29,29,0,0
RD-1009170,True,35,28,4,2
RD-1009171,True,30,30,0,0
RD-1009172,True,19,19,0,0
RD-1009173,True,6,6,0,0
RD-1009174,True,27,24,2,1
RD-1009175,True,38,35,3,0
RD-1009176,True,45,40,4,0
RD-1009177,True,27,27,0,0
RD-1009178,True,32,32,0,0
RD-1009179,True,25,25,0,0
RD-1009180,True,33,31,1,0
RD-1009181,True,14,13,0,0
RD-1009182,True,34,33,0,1
RD-1009183,True,24,23,1,0
RD-1009184,True,31,31,0,0
RD-1009185,True,12,10,1,1
RD-1009186,True,24,23,1,0
RD-1009187,True,38,36,2,0
RD-1009188,True,29,28,1,0
RD-1009189,True,24,24,0,0
RD-1009190,True,33,31,1,0
RD-1009191,True,34,33,0,0
RD-1009192,True,39,37,1,0
RD-1009193,True,30,28,1,0
RD-1009194,True,34,33,0,0
RD-1009195,True,28,24,2,1
RD-1009196,True,3,3,0,0
RD-1009197,True,29,29,0,0
RD-1009198,True,30,28,2,0
RD-1009199,True,6,5,1,0
RD-1009200,True,24,21,2,1
RD-1009201,True,28,28,0,0
RD-1009202,True,28,28,0,0
RD-1009203,True,25,24,0,0
RD-1009204,True,25,25,0,0
RD-1009205,True,14,14,0,0
RD-1009206,True,30,30,0,0
RD-1009207,True,22,22,0,0
RD-1009208,True,28,27,1,0
RD-1009209,True,31,29,2,0
RD-1009210,True,39,37,1,0
RD-1009211,True,35,34,0,0
RD-1009212,True,33,33,0,0
RD-1009213,True,49,47,1,1
RD-1009214,True,29,28,1,0
RD-1009215,True,29,27,1,1
RD-1009216,True,30,29,1,0
RD-1009217,True,34,31,1,1
RD-1009218,True,29,27,0,2
RD-1009219,True,24,19,4,0
RD-1009220,True,4,3,0,1
RD-1009221,True,23,22,0,1
RD-1009222,True,37,34,2,1
RD-1009223,True,30,30,0,0
RD-1009224,True,31,30,0,0
RD-1009225,True,40,40,0,0
RD-1009226,True,26,24,0,0
RD-1009227,True,26,25,0,0
RD-1009228,True,24,24,0,0
RD-1009229,True,23,21,1,1
RD-1009230,True,43,41,2,0
RD-1009231,True,37,37,0,0
RD-1009232,True,52,49,1,1
RD-1009233,True,33,32,0,1
RD-1009234,True,22,20,2,0
RD-1009235,True,25,23,2,0
RD-1009236,True,24,23,1,0
RD-1009237,True,8,8,0,0
RD-1009238,True,24,20,0,4
RD-1009239,True,45,45,0,0
RD-1009240,True,29,27,0,1
RD-1009241,True,22,22,0,0
RD-1009242,True,38,37,0,0
RD-1009243,True,28,26,1,1
RD-1009244,True,26,24,2,0
RD-1009245,True,29,27,1,0
RD-1009246,True,33,30,2,1
RD-1009247,True,22,22,0,0
RD-1009248,True,27,25,1,0
RD-1009249,True,27,27,0,0
RD-1009250,True,28,28,0,0
RD-1009251,True,23,23,0,0
RD-1009252,True,30,29,1,0
RD-1009253,True,30,29,1,0
RD-1009254,True,15,12,2,1
RD-1009255,True,33,28,2,2
RD-1009256,True,29,27,2,0
RD-1009257,True,20,15,2,3
RD-1009258,True,40,39,1,0
RD-1009259,True,31,31,0,0
RD-1009260,True,8,7,1,0
RD-1009261,True,26,24,2,0
RD-1009262,True,46,45,0,0
RD-1009263,True,27,26,1,0
RD-1009264,True,40,39,1,0
RD-1009265,True,33,33,0,0
RD-1009266,True,31,27,3,1
RD-1009267,True,30,29,1,0
RD-1009268,True,33,31,0,2
RD-1009269,True,34,32,0,1
RD-1009270,True,22,21,0,1
RD-1009271,True,19,18,0,1
RD-1009272,True,35,35,0,0
RD-1009273,True,35,33,1,1
RD-1009274,True,44,43,1,0
RD-1009275,True,28,26,1,0
RD-1009276,True,42,37,1,3
RD-1009277,True,31,31,0,0
RD-1009278,True,3,3,0,0
RD-1009279,True,13,10,0,3
RD-1009280,True,4,4,0,0
RD-1009281,True,4,4,0,0
RD-1009282,True,18,17,1,0
RD-1009283,True,32,31,0,0
RD-1009284,True,14,13,0,1
RD-1009285,True,25,24,1,0
RD-1009286,True,14,13,0,0
RD-1009287,True,46,46,0,0
RD-1009288,True,2,2,0,0
RD-1009289,True,29,26,2,0
RD-1009290,True,27,27,0,0
RD-1009291,True,28,27,1,0
RD-1009292,True,27,24,3,0
RD-1009293,True,35,35,0,0
RD-1009294,True,46,45,1,0
RD-1009295,True,34,32,2,0
RD-1009296,True,30,29,1,0
RD-1009297,True,39,37,2,0
RD-1009298,True,33,33,0,0
RD-1009299,True,45,43,0,0
RD-1009300,True,30,28,0,0
RD-1009301,True,34,33,1,0
RD-1009302,True,21,19,1,0
RD-1009303,True,21,21,0,0
RD-1009304,True,23,23,0,0
RD-1009305,True,22,21,1,0
RD-1009306,True,31,29,1,1
RD-1009307,True,15,13,0,2
RD-1009308,True,37,36,0,1
RD-1009309,True,28,27,1,0
RD-1009310,True,34,34,0,0
RD-1009311,True,26,23,1,2
RD-1009312,True,37,36,0,1
RD-1009313,True,36,33,2,1
RD-1009314,True,33,32,0,0
RD-1009315,True,36,35,0,1
RD-1009316,True,41,40,1,0
RD-1009317,True,17,16,0,1
RD-1009318,True,34,34,0,0
RD-1009319,True,24,23,1,0
RD-1009320,True,30,28,2,0
RD-1009321,True,34,32,2,0
RD-1009322,True,41,41,0,0
RD-1009323,True,28,27,1,0
RD-1009324,True,35,33,0,2
RD-1009325,True,30,29,1,0
RD-1009326,True,42,41,1,0
RD-1009327,True,33,32,1,0
RD-1009328,True,21,20,0,1
RD-1009329,True,22,22,0,0
RD-1009330,True,40,37,3,0
RD-1009331,True,18,16,2,0
RD-1009332,True,28,28,0,0
RD-1009333,True,39,36,2,1
RD-1009334,True,28,26,2,0
RD-1009335,True,41,38,2,0
RD-1009336,True,22,22,0,0
RD-1009337,True,28,28,0,0
RD-1009338,True,36,36,0,0
RD-1009339,True,35,34,1,0
RD-1009340,True,41,39,1,1
RD-1009341,True,36,36,0,0
RD-1009342,True,33,33,0,0
RD-1009343,True,42,38,2,2
RD-1009344,True,31,26,4,1
RD-1009345,True,32,30,0,0
RD-1009346,True,31,30,0,1
RD-1009347,True,24,22,1,1
RD-1009348,True,36,34,2,0
RD-1009349,True,26,24,1,0
RD-1009350,True,20,18,1,1
RD-1009351,True,38,38,0,0
RD-1009352,True,28,28,0,0
RD-1009353,True,6,6,0,0
RD-1009354,True,23,23,0,0
RD-1009355,True,24,24,0,0
RD-1009356,True,29,29,0,0
RD-1009357,True,12,12,0,0
RD-1009358,True,56,54,0,1
RD-1009359,True,49,46,1,2
RD-1009360,True,44,41,1,0
RD-1009361,True,37,35,0,1
RD-1009362,True,55,55,0,0
RD-1009363,True,31,30,0,1
RD-1009364,True,39,37,2,0
RD-1009365,True,34,34,0,0
RD-1009366,True,27,27,0,0
RD-1009367,True,32,28,2,1
RD-1009368,True,44,42,2,0
RD-1009369,True,37,36,1,0
RD-1009370,True,23,21,0,0
RD-1009371,True,17,16,0,0
RD-1009372,True,27,27,0,0
RD-1009373,True,38,34,2,1
RD-1009374,True,15,12,2,1
RD-1009375,True,38,34,2,1
RD-1009376,True,31,31,0,0
RD-1009377,True,25,24,1,0
RD-1009378,True,33,33,0,0
RD-1009379,True,39,38,1,0
RD-1009380,True,22,22,0,0
RD-1009381,True,26,25,1,0
RD-1009382,True,22,21,0,0
RD-1009383,True,33,29,3,1
RD-1009384,True,16,16,0,0
RD-1009385,True,32,31,1,0
RD-1009386,True,31,29,2,0
RD-1009387,True,37,34,1,2
RD-1009388,True,24,24,0,0
RD-1009389,True,38,37,0,1
RD-1009390,True,28,27,0,1
RD-1009391,True,31,31,0,0
RD-1009392,True,34,34,0,0
RD-1009393,True,19,19,0,0
RD-1009394,True,34,33,0,0
RD-1009395,True,54,52,2,0
RD-1009396,True,3,3,0,0
RD-1009397,True,32,28,1,1
RD-1009398,True,37,36,1,0
RD-1009399,True,40,39,1,0
RD-1009400,True,11,11,0,0
RD-1009401,True,46,46,0,0
RD-1009402,True,40,38,2,0
RD-1009403,True,32,32,0,0
RD-1009404,True,30,30,0,0
RD-1009405,True,37,36,0,1
RD-1009406,True,33,32,0,1
RD-1009407,True,39,38,1,0
RD-1009408,True,28,28,0,0
RD-1009409,True,31,28,1,2
RD-1009410,True,29,26,2,1
RD-1009411,True,36,34,1,0
RD-1009412,True,28,28,0,0
RD-1009413,True,37,36,0,1
RD-1009414,True,28,24,2,2
RD-1009415,True,31,30,0,0
RD-1009416,True,45,41,3,1
RD-1009417,True,44,44,0,0
RD-1009418,True,29,29,0,0
RD-1009419,True,17,15,2,0
RD-1009420,True,37,35,0,1
RD-1009421,True,32,28,3,1
RD-1009422,True,24,19,3,2
RD-1009423,True,44,42,2,0
RD-1009424,True,32,32,0,0
RD-1009425,True,37,37,0,0
RD-1009426,True,25,25,0,0
RD-1009427,True,16,16,0,0
RD-1009428,True,26,26,0,0
RD-1009429,True,28,28,0,0
RD-1009430,True,49,46,1,2
RD-1009431,True,30,27,2,0
RD-1009432,True,27,27,0,0
RD-1009433,True,33,32,0,0
RD-1009434,True,42,40,2,0
RD-1009435,True,37,36,0,1
RD-1009436,True,32,30,2,0
RD-1009437,True,17,17,0,0
RD-1009438,True,37,37,0,0
RD-1009439,True,35,34,0,1
RD-1009440,True,31,31,0,0
RD-1009441,True,35,35,0,0
RD-1009442,True,30,29,0,1
RD-1009443,True,34,34,0,0
RD-1009444,True,24,19,3,1
RD-1009445,True,29,26,1,2
RD-1009446,True,21,20,0,0
RD-1009447,True,18,16,1,1
RD-1009448,True,16,14,1,1
RD-1009449,True,4,4,0,0
RD-1009450,True,29,28,1,0
RD-1009451,True,20,17,3,0
RD-1009452,True,40,39,1,0
RD-1009453,True,35,34,1,0
RD-1009454,True,46,45,0,1
RD-1009455,True,44,43,0,0
RD-1009456,True,33,31,1,0
RD-1009457,True,36,36,0,0
RD-1009458,True,41,39,0,2
RD-1009459,True,35,32,2,1
RD-1009460,True,26,24,2,0
RD-1009461,True,40,40,0,0
RD-1009462,True,3,3,0,0
RD-1009463,True,16,16,0,0
RD-1009464,True,29,28,1,0
RD-1009465,True,40,39,0,0
RD-1009466,True,18,18,0,0
RD-1009467,True,27,27,0,0
RD-1009468,True,26,24,1,1
RD-1009469,True,36,36,0,0
RD-1009470,True,28,27,0,1
RD-1009471,True,45,45,0,0
RD-1009472,True,33,31,1,1
RD-1009473,True,37,36,1,0
RD-1009474,True,34,32,1,1
RD-1009475,True,42,41,1,0
RD-1009476,True,33,31,0,2
RD-1009477,True,51,49,1,0
RD-1009478,True,23,22,1,0
RD-1009479,True,25,23,1,0
RD-1009480,True,27,27,0,0
RD-1009481,True,35,32,2,1
RD-1009482,True,32,30,1,1
RD-1009483,True,5,5,0,0
RD-1009484,True,9,8,0,0
RD-1009485,True,7,7,0,0
RD-1009486,True,39,36,2,0
RD-1009487,True,28,26,1,1
RD-1009488,True,27,27,0,0
RD-1009489,True,34,31,2,1
RD-1009490,True,32,30,1,0
RD-1009491,True,25,21,3,1
RD-1009492,True,31,30,0,1
RD-1009493,True,26,26,0,0
RD-1009494,True,27,27,0,0
RD-1009495,False,2,2,0,0
RD-1009496,True,26,24,2,0
RD-1009497,True,35,33,0,2
RD-1009498,True,39,37,2,0
RD-1009499,True,30,30,0,0
RD-1009500,True,29,28,1,0
RD-1009501,True,29,29,0,0
RD-1009502,True,27,27,0,0
RD-1009503,True,22,20,2,0
RD-1009504,True,27,26,0,0
RD-1009505,True,37,34,1,0
RD-1009506,True,38,36,0,1
RD-1009507,True,31,30,0,1
RD-1009508,True,38,37,1,0
RD-1009509,True,46,43,0,1
RD-1009510,True,14,14,0,0
RD-1009511,True,36,35,0,1
RD-1009512,True,31,29,2,0
RD-1009513,True,49,48,1,0
RD-1009514,True,29,28,1,0
RD-1009515,True,20,19,1,0
RD-1009516,True,33,32,0,1
RD-1009517,True,29,28,0,0
RD-1009518,True,41,38,2,0
RD-1009519,True,29,26,1,2
RD-1009520,True,32,32,0,0
RD-1009521,True,30,29,0,1
RD-1009522,True,34,33,0,0
RD-1009523,True,26,25,1,0
RD-1009524,True,38,37,1,0
RD-1009525,True,22,22,0,0
RD-1009526,True,35,31,3,0
RD-1009527,True,22,17,3,2
RD-1009528,True,31,30,1,0
RD-1009529,True,30,29,0,1
RD-1009530,True,41,39,2,0
RD-1009531,True,31,31,0,0
RD-1009532,True,27,26,0,1
RD-1009533,True,30,30,0,0
RD-1009534,True,41,41,0,0
RD-1009535,True,28,28,0,0
RD-1009536,True,20,20,0,0
RD-1009537,True,26,25,0,1
RD-1009538,True,33,30,0,1
RD-1009539,True,27,27,0,0
RD-1009540,True,31,29,0,2
RD-1009541,True,29,27,0,1
RD-1009542,True,14,14,0,0
RD-1009543,True,40,38,1,1
RD-1009544,True,34,34,0,0
RD-1009545,True,33,30,3,0
RD-1009546,True,27,26,1,0
RD-1009547,True,39,38,0,1
RD-1009548,True,56,54,1,1
RD-1009549,True,31,31,0,0
RD-1009550,True,24,22,2,0
RD-1009551,True,33,32,0,1
RD-1009552,True,32,32,0,0
RD-1009553,True,33,31,1,0
RD-1009554,True,30,28,0,1
RD-1009555,True,33,31,0,2
RD-1009556,True,38,37,0,1
RD-1009557,True,35,33,1,1
RD-1009558,True,44,44,0,0
RD-1009559,True,20,18,1,0
RD-1009560,True,47,47,0,0
RD-1009561,True,16,14,2,0
RD-1009562,True,39,37,0,1
RD-1009563,True,36,34,2,0
RD-1009564,True,34,34,0,0
RD-1009565,True,28,26,2,0
RD-1009566,True,13,12,1,0
RD-1009567,True,28,25,3,0
RD-1009568,True,31,30,1,0
RD-1009569,True,31,31,0,0
RD-1009570,True,36,35,1,0
RD-1009571,True,51,51,0,0
RD-1009572,True,33,32,0,1
RD-1009573,False,1,1,0,0
RD-1009574,True,46,44,1,0
RD-1009575,True,22,19,1,1
RD-1009576,True,36,36,0,0
RD-1009577,True,27,22,3,2
RD-1009578,True,28,27,0,1
RD-1009579,True,38,36,0,1
RD-1009580,True,22,22,0,0
RD-1009581,True,27,27,0,0
RD-1009582,True,35,34,0,1
RD-1009583,True,32,32,0,0
RD-1009584,True,35,34,0,1
RD-1009585,True,12,9,3,0
RD-1009586,True,58,56,1,0
RD-1009587,True,28,27,1,0
RD-1009588,True,23,22,1,0
RD-1009589,True,36,35,1,0
RD-1009590,True,20,20,0,0
RD-1009591,True,23,21,0,1
RD-1009592,True,31,30,0,1
RD-1009593,True,22,19,2,1
RD-1009594,True,27,26,1,0
RD-1009595,True,30,30,0,0
RD-1009596,True,32,30,2,0
RD-1009597,True,32,24,2,5
RD-1009598,True,30,29,1,0
RD-1009599,True,26,26,0,0
RD-1009600,True,27,26,1,0
RD-1009601,True,36,35,0,0
RD-1009602,True,40,37,2,0
RD-1009603,True,36,35,0,1
RD-1009604,True,29,28,0,1
RD-1009605,True,17,17,0,0
RD-1009606,True,27,26,0,1
RD-1009607,True,33,30,1,1
RD-1009608,True,26,26,0,0
RD-1009609,True,34,32,1,1
RD-1009610,True,18,17,1,0
RD-1009611,True,25,25,0,0
RD-1009612,True,36,35,0,1
RD-1009613,True,31,29,1,1
RD-1009614,True,24,24,0,0
RD-1009615,True,42,40,1,0
RD-1009616,True,21,21,0,0
RD-1009617,True,44,40,3,1
RD-1009618,True,30,26,1,3
RD-1009619,True,17,15,1,1
RD-1009620,True,36,36,0,0
RD-1009621,True,50,49,0,1
RD-1009622,True,33,31,1,0
RD-1009623,True,40,39,1,0
RD-1009624,True,11,11,0,0
RD-1009625,True,47,47,0,0
RD-1009626,True,22,20,1,0
RD-1009627,True,38,38,0,0
RD-1009628,True,33,30,2,0
RD-1009629,True,31,31,0,0
RD-1009630,True,26,24,1,1
RD-1009631,True,29,28,1,0
RD-1009632,True,28,26,0,2
RD-1009633,True,33,32,0,1
RD-1009634,True,30,29,1,0
RD-1009635,True,27,27,0,0
RD-1009636,True,27,27,0,0
RD-1009637,True,32,31,1,0
RD-1009638,True,28,27,0,1
RD-1009639,True,23,22,1,0
RD-1009640,True,41,40,1,0
RD-1009641,True,21,20,1,0
RD-1009642,True,5,5,0,0
RD-1009643,True,39,38,0,0
RD-1009644,True,31,28,1,1
RD-1009645,True,42,42,0,0
RD-1009646,True,28,26,1,0
RD-1009647,True,32,29,0,2
RD-1009648,True,30,28,2,0
RD-1009649,False,1,1,0,0
RD-1009650,True,40,39,0,1
RD-1009651,True,33,29,2,2
RD-1009652,True,31,30,1,0
RD-1009653,True,25,24,1,0
RD-1009654,True,33,32,0,1
RD-1009655,True,3,3,0,0
RD-1009656,True,32,32,0,0
RD-1009657,True,27,26,1,0
RD-1009658,True,47,46,0,1
RD-1009659,True,18,17,1,0
RD-1009660,True,49,47,2,0
RD-1009661,True,31,30,1,0
RD-1009662,True,25,24,1,0
RD-1009663,True,36,36,0,0
RD-1009664,True,26,23,3,0
RD-1009665,True,51,50,0,1
RD-1009666,True,38,35,2,0
RD-1009667,True,18,17,0,1
RD-1009668,True,28,24,2,2
RD-1009669,True,37,34,1,0
RD-1009670,True,32,29,0,1
RD-1009671,True,28,28,0,0
RD-1009672,True,32,32,0,0
RD-1009673,True,52,48,1,2
RD-1009674,True,17,17,0,0
RD-1009675,True,55,55,0,0
RD-1009676,True,38,37,0,1
RD-1009677,True,16,14,2,0
RD-1009678,True,28,26,2,0
RD-1009679,True,30,30,0,0
RD-1009680,True,28,27,0,1
RD-1009681,True,20,19,1,0
RD-1009682,True,42,40,2,0
RD-1009683,True,31,29,2,0
RD-1009684,True,43,42,1,0
RD-1009685,True,38,36,1,0
RD-1009686,True,37,37,0,0
RD-1009687,True,35,35,0,0
RD-1009688,True,25,24,1,0
RD-1009689,True,47,44,3,0
RD-1009690,True,5,5,0,0
RD-1009691,True,27,27,0,0
RD-1009692,True,33,32,1,0
RD-1009693,True,26,26,0,0
RD-1009694,True,37,37,0,0
RD-1009695,True,22,19,3,0
RD-1009696,True,7,7,0,0
RD-1009697,True,21,21,0,0
RD-1009698,True,44,43,0,0
RD-1009699,True,24,23,1,0
RD-1009700,True,27,27,0,0
RD-1009701,True,45,44,0,1
RD-1009702,True,24,23,1,0
RD-1009703,True,19,18,1,0
RD-1009704,True,33,30,2,1
RD-1009705,True,32,31,0,0
RD-1009706,True,30,29,1,0
RD-1009707,True,33,33,0,0
RD-1009708,True,8,5,2,0
RD-1009709,True,28,28,0,0
RD-1009710,True,29,26,1,1
RD-1009711,True,37,37,0,0
RD-1009712,True,30,30,0,0
RD-1009713,True,35,33,1,1
RD-1009714,True,24,24,0,0
RD-1009715,True,24,24,0,0
RD-1009716,True,38,36,0,1
RD-1009717,True,28,25,1,1
RD-1009718,True,32,31,1,0
RD-1009719,True,42,41,0,1
RD-1009720,True,33,31,1,1
RD-1009721,True,37,37,0,0
RD-1009722,True,31,30,0,0
RD-1009723,True,19,17,2,0
RD-1009724,True,30,30,0,0
RD-1009725,True,40,39,1,0
RD-1009726,True,22,20,2,0
RD-1009727,True,24,24,0,0
RD-1009728,True,28,26,1,1
RD-1009729,True,33,32,0,0
RD-1009730,True,44,41,1,1
RD-1009731,True,38,37,0,1
RD-1009732,True,36,35,0,1
RD-1009733,True,25,22,3,0
RD-1009734,True,45,42,1,2
RD-1009735,True,41,39,2,0
RD-1009736,True,22,19,2,1
RD-1009737,True,42,37,2,0
RD-1009738,True,34,34,0,0
RD-1009739,True,18,13,2,3
RD-1009740,True,38,37,0,0
RD-1009741,True,29,27,1,0
RD-1009742,True,24,23,1,0
RD-1009743,True,15,15,0,0
RD-1009744,True,28,25,1,1
RD-1009745,True,31,31,0,0
RD-1009746,False,1,1,0,0
RD-1009747,True,31,29,1,1
RD-1009748,True,32,30,2,0
RD-1009749,True,21,18,3,0
RD-1009750,False,1,1,0,0
RD-1009751,True,30,28,2,0
RD-1009752,True,36,34,2,0
RD-1009753,True,30,27,1,0
RD-1009754,True,26,23,1,0
RD-1009755,True,30,29,0,1
RD-1009756,True,31,31,0,0
RD-1009757,True,41,38,3,0
RD-1009758,True,24,24,0,0
RD-1009759,True,30,27,3,0
RD-1009760,True,7,7,0,0
RD-1009761,True,36,34,0,2
RD-1009762,True,38,33,3,2
RD-1009763,True,6,6,0,0
RD-1009764,True,29,27,0,1
RD-1009765,True,23,23,0,0
RD-1009766,True,32,32,0,0
RD-1009767,True,31,29,1,1
RD-1009768,True,28,27,1,0
RD-1009769,True,33,32,0,0
RD-1009770,True,17,15,2,0
RD-1009771,True,34,33,1,0
RD-1009772,True,39,38,1,0
RD-1009773,True,24,23,1,0
RD-1009774,True,34,32,2,0
RD-1009775,True,16,16,0,0
RD-1009776,True,47,46,0,1
RD-1009777,True,35,33,1,0
RD-1009778,True,10,9,1,0
RD-1009779,True,27,27,0,0
RD-1009780,True,31,28,1,2
RD-1009781,True,24,23,0,0
RD-1009782,True,34,34,0,0
RD-1009783,True,21,20,0,1
RD-1009784,True,49,47,1,0
RD-1009785,True,32,32,0,0
RD-1009786,True,25,19,3,2
RD-1009787,True,6,6,0,0
RD-1009789,True,27,25,2,0
RD-1009790,True,39,37,1,0
RD-1009791,True,44,42,1,0
RD-1009792,True,38,37,1,0
RD-1009793,True,25,23,0,0
RD-1009794,True,40,37,1,0
RD-1009795,True,22,22,0,0
RD-1009796,True,28,27,1,0
RD-1009797,True,24,22,2,0
RD-1009798,True,49,45,1,2
RD-1009799,True,31,30,0,1
RD-1009800,True,27,24,1,1
RD-1009801,True,36,33,1,1
RD-1009802,True,31,31,0,0
RD-1009803,True,35,32,1,1
RD-1009804,True,24,22,0,1
RD-1009805,True,47,44,1,0
RD-1009806,True,27,27,0,0
RD-1009807,True,32,32,0,0
RD-1009808,True,31,30,1,0
RD-1009809,True,32,31,0,1
RD-1009810,True,35,33,2,0
RD-1009811,True,22,20,0,1
RD-1009812,True,39,38,1,0
RD-1009813,True,29,28,1,0
RD-1009814,True,40,40,0,0
RD-1009815,True,3,3,0,0
RD-1009816,True,33,33,0,0
RD-1009817,True,5,5,0,0
RD-1009818,True,10,7,3,0
RD-1009819,True,48,46,0,1
RD-1009820,True,25,23,2,0
RD-1009821,True,27,27,0,0
RD-1009822,True,21,20,1,0
RD-1009823,True,12,9,2,0
RD-1009824,True,18,14,3,1
RD-1009825,True,40,39,1,0
RD-1009826,True,29,28,1,0
RD-1009827,True,37,35,2,0
RD-1009828,True,56,56,0,0
RD-1009829,True,26,25,0,0
RD-1009830,True,42,41,0,0
RD-1009831,True,36,35,1,0
RD-1009832,True,22,22,0,0
RD-1009833,True,23,22,1,0
RD-1009834,True,30,29,1,0
RD-1009835,True,24,24,0,0
RD-1009836,True,34,31,2,1
RD-1009837,True,38,37,1,0
RD-1009838,True,19,18,0,1
RD-1009839,True,30,28,1,0
RD-1009840,True,28,28,0,0
RD-1009841,True,31,31,0,0
RD-1009842,True,33,32,0,0
RD-1009843,True,38,37,0,1
RD-1009844,True,24,21,3,0
RD-1009845,True,28,27,0,1
RD-1009846,True,43,39,1,0
RD-1009847,True,28,25,1,2
RD-1009848,True,26,25,0,0
RD-1009849,True,49,47,1,1
RD-1009850,True,26,26,0,0
RD-1009851,True,30,30,0,0
RD-1009852,True,30,28,0,1
RD-1009853,True,3,1,2,0
RD-1009854,True,36,34,0,0
RD-1009855,True,29,26,1,1
RD-1009856,True,25,24,0,1
RD-1009857,True,23,22,0,1
RD-1009858,True,29,29,0,0
RD-1009859,True,21,20,0,1
RD-1009860,True,19,18,0,1
RD-1009861,True,5,5,0,0
RD-1009862,True,13,12,0,1
RD-1009863,True,58,56,2,0
RD-1009864,True,20,20,0,0
RD-1009865,True,33,33,0,0
RD-1009866,True,28,27,0,1
RD-1009867,True,37,36,1,0
RD-1009868,True,40,39,1,0
RD-1009869,True,27,26,0,1
RD-1009870,True,32,31,1,0
RD-1009871,True,29,28,1,0
RD-1009872,True,42,41,1,0
RD-1009873,True,30,30,0,0
RD-1009874,True,26,26,0,0
RD-1009875,True,47,45,2,0
RD-1009876,True,24,24,0,0
RD-1009877,True,32,31,0,1
RD-1009878,True,47,47,0,0
RD-1009879,True,32,31,0,0
RD-1009880,True,27,27,0,0
RD-1009881,True,3,3,0,0
RD-1009882,True,32,30,1,0
RD-1009883,True,40,39,1,0
RD-1009884,True,30,28,1,1
RD-1009885,True,27,24,2,0
RD-1009886,True,35,32,3,0
RD-1009887,True,17,17,0,0
RD-1009888,True,4,4,0,0
RD-1009889,True,39,37,0,0
RD-1009890,True,36,35,1,0
RD-1009891,True,27,24,1,1
RD-1009892,True,32,31,0,1
RD-1009893,True,16,14,2,0
RD-1009894,True,30,28,0,0
RD-1009896,True,27,26,1,0
RD-1009897,True,36,33,3,0
RD-1009898,True,29,29,0,0
RD-1009899,True,31,29,1,1
RD-1009900,True,36,36,0,0
RD-1009901,True,31,30,0,0
RD-1009902,True,22,22,0,0
RD-1009903,True,37,35,2,0
RD-1009904,True,30,29,0,1
RD-1009905,True,44,42,1,1
RD-1009906,True,42,42,0,0
RD-1009907,True,26,24,1,1
RD-1009908,True,32,27,2,1
RD-1009909,True,27,24,1,2
RD-1009910,True,25,24,0,0
RD-1009911,True,30,28,1,0
RD-1009912,True,26,25,0,1
RD-1009913,True,37,34,3,0
RD-1009914,True,30,30,0,0
RD-1009915,True,29,29,0,0
RD-1009916,True,39,37,1,1
RD-1009917,True,37,36,0,0
RD-1009918,True,23,23,0,0
RD-1009919,True,23,19,2,2
RD-1009920,True,43,42,1,0
RD-1009921,True,38,37,1,0
RD-1009922,True,26,26,0,0
RD-1009923,True,23,23,0,0
RD-1009924,True,30,29,0,1
RD-1009925,True,22,22,0,0
RD-1009926,True,18,17,0,1
RD-1009927,True,31,30,1,0
RD-1009928,True,34,32,1,1
RD-1009929,True,8,7,0,1
RD-1009930,True,36,34,1,0
RD-1009931,True,21,21,0,0
RD-1009932,True,28,26,1,1
RD-1009933,True,29,26,2,1
RD-1009934,True,41,39,1,1
RD-1009935,True,30,30,0,0
RD-1009936,True,43,42,0,1
RD-1009937,True,29,28,1,0
RD-1009938,True,27,26,1,0
RD-1009939,True,27,26,0,0
RD-1009940,True,55,54,0,0
RD-1009941,True,21,19,2,0
RD-1009942,True,31,31,0,0
RD-1009943,True,40,40,0,0
RD-1009944,True,29,27,2,0
RD-1009945,True,25,23,1,1
RD-1009946,True,37,36,0,0
RD-1009947,True,44,43,1,0
RD-1009948,True,29,27,1,0
RD-1009949,True,31,29,0,2
RD-1009950,True,23,19,3,1
RD-1009951,True,2,1,1,0
RD-1009952,True,22,21,0,1
RD-1009953,True,35,35,0,0
RD-1009954,True,27,27,0,0
RD-1009955,True,16,15,1,0
RD-1009956,True,30,24,5,1
RD-1009957,True,34,33,1,0
RD-1009958,True,39,38,0,1
RD-1009959,True,40,37,3,0
RD-1009960,True,32,32,0,0
RD-1009961,True,32,32,0,0
RD-1009962,True,41,38,2,0
RD-1009963,True,36,34,0,2
RD-1009964,True,45,44,1,0
RD-1009965,True,41,40,0,1
RD-1009966,True,18,17,1,0
RD-1009967,True,35,33,1,1
RD-1009968,True,31,31,0,0
RD-1009969,True,35,34,0,1
RD-1009970,True,31,29,2,0
RD-1009971,True,17,14,2,1
RD-1009972,True,35,34,0,0
RD-1009973,True,34,32,1,1
RD-1009974,True,11,11,0,0
RD-1009975,True,27,26,1,0
RD-1009976,True,29,27,2,0
RD-1009977,True,18,16,1,0
RD-1009978,True,14,11,2,0
RD-1009979,True,25,23,1,0
RD-1009980,True,32,32,0,0
RD-1009981,True,31,31,0,0
RD-1009982,True,56,54,0,1
RD-1009983,True,31,29,1,0
RD-1009984,True,31,28,1,1
RD-1009985,True,28,24,3,1
RD-1009986,True,26,26,0,0
RD-1009987,True,16,16,0,0
RD-1009988,True,26,25,1,0
RD-1009989,True,34,31,1,1
RD-1009990,True,63,60,1,2
RD-1009991,True,34,33,0,0
RD-1009992,True,36,35,0,1
RD-1009993,True,38,35,2,1
RD-1009994,True,36,35,1,0
RD-1009995,True,33,32,0,1
RD-1009996,True,38,37,0,1
RD-1009997,True,28,26,1,1
RD-1009998,True,38,38,0,0
RD-1009999,True,31,31,0,0
RD-1010000,True,35,34,1,0
RD-1010001,True,38,36,2,0
RD-1010002,True,34,32,1,1
RD-1010003,True,28,27,1,0
RD-1010004,True,33,30,2,1
RD-1010005,True,36,35,1,0
RD-1010006,True,39,35,1,2
RD-1010007,True,30,30,0,0
RD-1010008,True,25,24,0,1
RD-1010009,True,35,33,2,0
RD-1010010,True,22,18,1,2
RD-1010011,True,44,41,2,0
RD-1010012,True,41,40,0,1
RD-1010013,True,44,42,2,0
RD-1010014,True,40,40,0,0
RD-1010015,True,30,28,2,0
RD-1010016,True,44,44,0,0
RD-1010017,True,6,6,0,0
RD-1010018,True,26,25,0,1
RD-1010019,True,41,36,4,0
RD-1010020,True,23,23,0,0
RD-1010021,True,44,41,1,2
RD-1010022,True,15,13,1,1
RD-1010023,True,28,26,1,0
RD-1010024,True,37,37,0,0
RD-1010025,True,31,31,0,0
RD-1010026,True,6,6,0,0
RD-1010027,True,19,19,0,0
RD-1010028,True,25,25,0,0
RD-1010029,True,38,37,1,0
RD-1010030,True,8,8,0,0
RD-1010031,True,48,45,0,3
RD-1010032,True,29,28,0,1
RD-1010033,True,22,22,0,0
RD-1010034,True,31,30,0,1
RD-1010035,True,29,27,1,0
RD-1010036,True,28,28,0,0
RD-1010037,True,30,30,0,0
RD-1010038,True,24,24,0,0
RD-1010039,True,37,37,0,0
RD-1010040,True,25,23,2,0
RD-1010041,True,29,26,1,1
RD-1010042,True,4,4,0,0
RD-1010043,True,13,12,1,0
RD-1010044,True,33,33,0,0
RD-1010045,True,29,27,1,1
RD-1010046,True,29,27,1,1
RD-1010047,True,43,43,0,0
RD-1010048,True,37,36,0,1
RD-1010049,True,51,50,0,0
RD-1010050,True,45,43,1,1
RD-1010051,True,33,30,2,0
RD-1010052,True,3,1,1,1
RD-1010053,True,27,27,0,0
RD-1010054,True,34,33,1,0
RD-1010055,True,29,28,0,1
RD-1010056,True,32,30,1,1
RD-1010057,True,33,33,0,0
RD-1010058,True,32,31,0,1
RD-1010059,True,31,31,0,0
RD-1010060,True,33,27,4,0
RD-1010061,True,41,41,0,0
RD-1010062,True,19,17,2,0
RD-1010063,True,33,31,1,0
RD-1010064,True,49,46,2,1
RD-1010065,True,44,40,2,1
RD-1010066,True,42,41,1,0
RD-1010067,True,30,28,2,0
RD-1010068,True,40,39,1,0
RD-1010069,True,38,36,1,0
RD-1010070,True,14,12,1,1
RD-1010071,True,28,27,1,0
RD-1010072,True,35,33,2,0
RD-1010073,True,36,32,2,1
RD-1010074,True,33,30,1,2
RD-1010075,True,16,15,0,1
RD-1010076,True,36,35,0,1
RD-1010077,True,11,9,1,1
RD-1010078,True,40,39,0,1
RD-1010079,True,23,22,0,0
RD-1010080,True,33,33,0,0
RD-1010081,True,28,28,0,0
RD-1010082,True,22,20,2,0
RD-1010083,True,34,33,0,1
RD-1010084,True,22,20,0,1
RD-1010085,True,28,27,1,0
RD-1010086,True,23,21,2,0
RD-1010087,True,4,4,0,0
RD-1010088,True,29,25,3,1
RD-1010089,True,14,13,0,1
RD-1010090,True,38,38,0,0
RD-1010091,True,5,5,0,0
RD-1010092,True,29,27,0,2
RD-1010093,True,27,24,1,1
RD-1010094,True,33,33,0,0
RD-1010095,True,42,42,0,0
RD-1010096,True,24,21,1,2
RD-1010097,True,19,17,1,1
RD-1010098,True,8,7,1,0
RD-1010099,True,50,48,0,1
RD-1010100,True,56,53,3,0
RD-1010101,True,28,26,2,0
RD-1010102,True,32,32,0,0
RD-1010103,True,24,24,0,0
RD-1010104,True,29,29,0,0
RD-1010105,True,24,22,1,1
RD-1010106,True,28,26,2,0
RD-1010107,True,17,16,1,0
RD-1010108,True,37,37,0,0
RD-1010109,True,28,27,0,0
RD-1010110,True,44,40,2,1
RD-1010111,True,24,23,0,0
RD-1010112,True,29,29,0,0
RD-1010113,True,35,35,0,0
RD-1010114,True,26,26,0,0
RD-1010115,True,29,29,0,0
RD-1010116,True,41,41,0,0
RD-1010117,True,54,52,1,1
RD-1010118,True,39,38,1,0
RD-1010119,True,26,26,0,0
RD-1010120,True,46,41,1,3
RD-1010121,True,30,28,0,1
RD-1010122,True,33,31,1,1
RD-1010123,True,31,30,1,0
RD-1010124,True,22,19,1,1
RD-1010125,True,32,31,0,1
RD-1010126,True,13,13,0,0
RD-1010127,True,31,29,0,1
RD-1010128,True,33,30,2,0
RD-1010129,True,25,25,0,0
RD-1010130,True,24,23,0,0
RD-1010131,True,20,19,1,0
RD-1010132,True,25,21,3,1
RD-1010133,True,29,29,0,0
RD-1010134,True,27,26,1,0
RD-1010135,True,4,3,0,0
RD-1010136,True,39,39,0,0
RD-1010137,True,24,22,0,2
RD-1010138,True,19,19,0,0
RD-1010139,True,54,54,0,0
RD-1010140,True,32,31,0,1
RD-1010141,True,32,31,1,0
RD-1010142,True,32,30,2,0
RD-1010143,True,36,34,2,0
RD-1010144,True,22,21,0,0
RD-1010145,True,30,27,2,0
RD-1010146,True,34,33,1,0
RD-1010147,True,45,45,0,0
RD-1010148,True,33,33,0,0
RD-1010149,True,30,27,2,1
RD-1010150,True,20,19,1,0
RD-1010151,True,32,30,2,0
RD-1010152,True,27,27,0,0
RD-1010153,True,32,30,2,0
RD-1010154,True,30,29,1,0
RD-1010155,True,35,35,0,0
RD-1010156,True,26,25,1,0
RD-1010157,True,25,23,1,1
RD-1010158,True,44,44,0,0
RD-1010159,True,30,30,0,0
RD-1010160,True,34,33,1,0
RD-1010161,True,29,29,0,0
RD-1010162,True,28,27,1,0
RD-1010163,True,29,27,0,0
RD-1010164,True,35,35,0,0
RD-1010165,True,34,33,1,0
RD-1010166,True,31,27,3,1
RD-1010167,True,39,36,0,1
RD-1010168,True,36,34,1,0
RD-1010169,True,33,29,1,1
RD-1010170,True,31,29,2,0
RD-1010171,True,35,35,0,0
RD-1010172,True,27,26,1,0
RD-1010173,True,3,3,0,0
RD-1010174,True,12,9,0,3
RD-1010175,True,35,34,1,0
RD-1010176,True,34,34,0,0
RD-1010177,True,41,37,1,3
RD-1010178,True,26,26,0,0
RD-1010179,True,25,22,1,1
RD-1010180,True,40,40,0,0
RD-1010181,True,30,28,0,1
RD-1010182,True,32,31,0,0
RD-1010183,True,48,48,0,0
RD-1010184,True,26,25,0,0
RD-1010185,False,2,2,0,0
RD-1010186,True,30,28,1,0
RD-1010187,True,45,45,0,0
RD-1010188,True,44,42,1,1
RD-1010189,True,51,50,0,0
RD-1010190,True,50,48,0,1
RD-1010191,True,45,41,3,0
RD-1010192,True,26,23,2,0
RD-1010193,True,13,12,1,0
RD-1010194,True,37,35,0,1
RD-1010195,True,27,25,1,1
RD-1010196,True,16,13,2,1
RD-1010197,True,36,34,0,2
RD-1010198,True,35,32,1,2
RD-1010199,True,36,34,1,1
RD-1010200,True,21,21,0,0
RD-1010201,True,27,26,1,0
RD-1010202,True,29,27,1,1
RD-1010203,True,50,49,0,1
RD-1010204,True,17,15,1,1
RD-1010205,True,33,28,4,0
RD-1010206,True,38,37,1,0
RD-1010207,True,28,26,1,1
RD-1010208,True,30,29,1,0
RD-1010209,True,32,29,1,2
RD-1010210,True,31,27,2,2
RD-1010211,True,10,9,1,0
RD-1010212,True,51,49,1,0
RD-1010213,True,40,38,1,1
RD-1010214,True,42,39,1,0
RD-1010215,True,23,21,0,2
RD-1010216,True,30,30,0,0
RD-1010217,True,30,28,1,0
RD-1010218,True,21,20,1,0
RD-1010219,True,23,22,1,0
RD-1010220,True,4,3,0,1
RD-1010221,True,21,19,1,1
RD-1010222,True,20,17,2,1
RD-1010223,True,24,22,2,0
RD-1010224,True,38,37,1,0
RD-1010225,True,43,42,0,1
RD-1010226,True,35,34,1,0
RD-1010227,True,31,30,1,0
RD-1010228,True,38,38,0,0
RD-1010229,True,36,35,0,0
RD-1010230,True,19,18,0,1
RD-1010231,True,22,22,0,0
RD-1010232,True,18,15,2,1
RD-1010233,True,14,12,2,0
RD-1010234,True,28,28,0,0
RD-1010235,True,27,25,0,1
RD-1010236,True,22,21,1,0
RD-1010237,True,27,26,1,0
RD-1010238,True,22,22,0,0
RD-1010239,True,22,22,0,0
RD-1010240,True,26,25,0,1
RD-1010241,True,23,19,2,0
RD-1010242,True,33,32,1,0
RD-1010243,True,23,23,0,0
RD-1010244,True,31,30,1,0
RD-1010245,True,29,29,0,0
RD-1010246,True,29,28,0,1
RD-1010247,True,26,26,0,0
RD-1010248,True,19,18,0,1
RD-1010249,True,25,22,2,0
RD-1010250,True,30,25,4,0
RD-1010251,True,29,27,1,0
RD-1010252,True,7,7,0,0
RD-1010253,True,51,49,0,0
RD-1010254,True,47,46,1,0
RD-1010255,True,32,31,1,0
RD-1010256,True,44,42,1,1
RD-1010257,True,29,29,0,0
RD-1010258,True,31,28,1,2
RD-1010259,True,5,4,1,0
RD-1010260,True,45,44,0,1
RD-1010261,True,32,30,0,1
RD-1010262,True,44,43,0,0
RD-1010263,True,44,42,1,1
RD-1010264,True,41,37,4,0
RD-1010265,True,32,31,0,1
RD-1010266,True,31,30,1,0
RD-1010267,True,27,27,0,0
RD-1010268,True,20,19,1,0
RD-1010269,True,23,21,2,0
RD-1010270,True,49,48,0,1
RD-1010271,True,10,10,0,0
RD-1010272,True,40,38,1,0
RD-1010273,True,20,18,0,1
RD-1010274,True,31,29,1,1
RD-1010275,True,29,29,0,0
RD-1010276,True,34,33,0,0
RD-1010277,True,40,40,0,0
RD-1010278,True,32,30,1,0
RD-1010279,True,26,26,0,0
RD-1010280,True,15,13,1,1
RD-1010281,True,31,30,0,1
RD-1010282,True,9,7,1,1
RD-1010283,True,17,17,0,0
RD-1010284,True,40,38,1,1
RD-1010285,True,32,32,0,0
RD-1010286,True,30,28,2,0
RD-1010287,True,38,36,1,1
RD-1010288,True,9,9,0,0
RD-1010289,True,30,29,1,0
RD-1010290,True,38,34,1,1
RD-1010291,True,40,38,0,2
RD-1010292,True,36,34,1,1
RD-1010293,True,25,23,0,0
RD-1010294,True,21,20,0,0
RD-1010295,True,32,31,1,0
RD-1010296,True,14,14,0,0
RD-1010297,True,26,26,0,0
RD-1010298,True,26,24,1,1
RD-1010299,True,24,21,0,2
RD-1010300,True,24,22,1,1
RD-1010301,True,29,28,1,0
RD-1010302,True,29,28,0,1
RD-1010303,True,46,45,1,0
RD-1010304,True,8,8,0,0
RD-1010305,True,28,28,0,0
RD-1010306,True,29,28,1,0
RD-1010307,True,34,33,1,0
RD-1010308,True,37,37,0,0
RD-1010309,True,58,58,0,0
RD-1010310,True,6,6,0,0
RD-1010311,True,9,8,1,0
RD-1010312,True,18,16,2,0
RD-1010313,True,36,36,0,0
RD-1010314,True,35,33,2,0
RD-1010315,True,31,28,2,0
RD-1010316,True,43,41,2,0
RD-1010317,True,27,26,1,0
RD-1010318,True,14,14,0,0
RD-1010319,True,35,33,1,1
RD-1010320,True,26,26,0,0
RD-1010321,True,26,23,2,1
RD-1010322,True,11,11,0,0
RD-1010323,True,35,34,1,0
RD-1010324,True,29,28,1,0
RD-1010325,True,29,28,0,1
RD-1010326,True,27,27,0,0
RD-1010327,True,33,31,2,0
RD-1010328,True,16,16,0,0
RD-1010329,True,33,32,1,0
RD-1010330,True,4,4,0,0
RD-1010331,True,38,38,0,0
RD-1010332,True,38,37,0,1
RD-1010333,True,35,35,0,0
RD-1010334,True,24,22,1,1
RD-1010335,True,38,37,1,0
RD-1010336,True,29,26,2,1
RD-1010337,True,27,26,0,0
RD-1010338,True,27,27,0,0
RD-1010339,True,36,33,3,0
RD-1010340,True,48,47,1,0
RD-1010341,True,29,28,1,0
RD-1010342,True,45,43,0,1
RD-1010343,True,44,42,1,1
RD-1010344,True,46,46,0,0
RD-1010345,True,30,28,2,0
RD-1010346,True,43,42,0,0
RD-1010347,True,37,36,1,0
RD-1010348,True,41,40,1,0
RD-1010349,True,30,28,1,0
RD-1010350,True,21,19,1,1
RD-1010351,True,27,25,1,1
RD-1010352,True,38,38,0,0
RD-1010353,True,35,34,0,0
RD-1010354,True,42,42,0,0
RD-1010355,True,21,20,1,0
RD-1010356,True,41,40,1,0
RD-1010357,True,11,11,0,0
RD-1010358,True,21,19,1,1
RD-1010359,True,25,25,0,0
RD-1010360,True,27,26,1,0
RD-1010361,True,19,17,1,1
RD-1010362,True,27,27,0,0
RD-1010363,True,30,30,0,0
RD-1010364,True,29,29,0,0
RD-1010365,True,31,29,2,0
RD-1010366,True,36,36,0,0
RD-1010367,True,7,6,1,0
RD-1010368,True,28,27,1,0
RD-1010369,True,21,21,0,0
RD-1010370,True,29,29,0,0
RD-1010371,True,28,27,1,0
RD-1010372,True,21,21,0,0
RD-1010373,True,46,45,1,0
RD-1010374,True,35,33,1,0
RD-1010375,True,27,27,0,0
RD-1010376,True,2,2,0,0
RD-1010377,True,26,24,1,0
RD-1010378,True,27,24,2,1
RD-1010379,True,26,26,0,0
RD-1010380,True,38,36,0,0
RD-1010381,True,26,24,1,1
RD-1010382,True,35,34,0,1
RD-1010383,True,27,27,0,0
RD-1010384,True,17,17,0,0
RD-1010385,True,31,31,0,0
RD-1010386,True,31,29,1,0
RD-1010387,True,28,26,0,1
RD-1010388,True,11,10,1,0
RD-1010389,True,32,31,0,0
RD-1010390,True,32,32,0,0
RD-1010391,True,31,27,3,1
RD-1010392,True,38,37,1,0
RD-1010393,True,16,14,1,0
RD-1010394,True,35,31,2,1
RD-1010395,True,30,30,0,0
RD-1010396,True,40,37,1,1
RD-1010397,True,31,29,0,2
RD-1010398,True,33,33,0,0
RD-1010399,True,23,23,0,0
RD-1010400,True,38,37,1,0
RD-1010401,True,38,35,2,1
RD-1010402,True,32,30,0,2
RD-1010403,True,26,25,1,0
RD-1010404,True,27,26,1,0
RD-1010405,True,22,22,0,0
RD-1010406,True,28,27,1,0
RD-1010407,True,24,22,1,1
RD-1010408,True,33,33,0,0
RD-1010409,True,43,40,0,3
RD-1010410,True,35,31,3,1
RD-1010411,True,38,37,0,1
RD-1010412,False,1,1,0,0
RD-1010413,True,32,32,0,0
RD-1010414,True,27,26,1,0
RD-1010415,True,33,33,0,0
RD-1010416,True,27,27,0,0
RD-1010417,True,24,23,0,0
RD-1010418,True,31,30,0,0
RD-1010419,True,27,26,0,1
RD-1010420,True,31,29,2,0
RD-1010421,True,37,37,0,0
RD-1010422,True,27,25,1,1
RD-1010423,True,38,37,1,0
RD-1010424,True,45,41,3,1
RD-1010425,True,46,42,2,1
RD-1010426,True,30,30,0,0
RD-1010427,True,29,28,1,0
RD-1010428,True,30,26,2,2
RD-1010429,True,18,15,3,0
RD-1010430,True,42,40,2,0
RD-1010431,True,31,30,0,1
RD-1010432,True,34,32,1,1
RD-1010433,True,51,49,1,1
RD-1010434,True,30,30,0,0
RD-1010435,True,33,33,0,0
RD-1010436,True,44,42,1,1
RD-1010437,True,13,12,1,0
RD-1010438,True,26,25,1,0
RD-1010439,True,25,23,1,1
RD-1010440,True,12,12,0,0
RD-1010441,True,32,32,0,0
RD-1010442,True,26,26,0,0
RD-1010443,True,25,24,0,1
RD-1010444,True,37,36,0,1
RD-1010445,True,22,20,1,1
RD-1010446,True,19,19,0,0
RD-1010447,True,33,32,0,1
RD-1010448,True,25,23,1,1
RD-1010449,True,15,15,0,0
RD-1010450,True,19,17,1,1
RD-1010451,True,24,24,0,0
RD-1010452,True,36,36,0,0
RD-1010453,True,30,30,0,0
RD-1010454,True,19,18,0,1
RD-1010455,True,45,45,0,0
RD-1010456,True,34,34,0,0
RD-1010457,True,30,28,0,1
RD-1010458,True,28,28,0,0
RD-1010459,True,25,25,0,0
RD-1010460,True,29,27,0,0
RD-1010461,True,40,40,0,0
RD-1010462,True,31,30,0,1
RD-1010463,True,26,25,1,0
RD-1010464,True,48,44,2,0
RD-1010465,True,23,22,0,0
RD-1010466,True,30,30,0,0
RD-1010467,True,35,34,1,0
RD-1010468,True,38,37,1,0
RD-1010469,True,33,32,0,1
RD-1010470,True,35,32,1,2
RD-1010471,True,8,7,0,1
RD-1010472,True,47,45,1,0
RD-1010473,True,34,32,2,0
RD-1010474,True,28,28,0,0
RD-1010475,True,41,41,0,0
RD-1010476,True,5,5,0,0
RD-1010477,True,33,33,0,0
RD-1010478,True,8,8,0,0
RD-1010479,True,7,4,2,1
RD-1010480,True,28,27,1,0
RD-1010481,True,34,30,3,0
RD-1010482,True,35,33,1,1
RD-1010483,True,32,32,0,0
RD-1010484,True,25,22,2,0
RD-1010485,True,26,25,1,0
RD-1010486,True,39,37,2,0
RD-1010487,True,30,27,1,1
RD-1010488,True,52,48,1,1
RD-1010489,True,30,25,4,1
RD-1010490,True,32,31,1,0
RD-1010491,True,22,20,0,1
RD-1010492,True,27,26,1,0
RD-1010493,True,22,21,0,1
RD-1010494,True,21,20,1,0
RD-1010495,True,36,35,1,0
RD-1010496,True,29,27,2,0
RD-1010497,True,27,25,2,0
RD-1010499,True,23,20,2,0
RD-1010500,True,26,25,1,0
RD-1010501,True,29,29,0,0
RD-1010502,True,17,15,1,1
RD-1010503,True,37,36,0,0
RD-1010504,True,25,24,1,0
RD-1010505,True,22,20,0,2
RD-1010506,True,43,41,0,1
RD-1010507,True,28,26,1,1
RD-1010508,True,30,23,6,1
RD-1010509,True,32,29,2,0
RD-1010510,True,45,44,0,0
RD-1010511,True,35,32,1,0
RD-1010512,True,28,27,1,0
RD-1010513,True,30,28,1,0
RD-1010514,True,33,32,1,0
RD-1010515,True,28,28,0,0
RD-1010516,True,28,26,1,1
RD-1010517,True,30,29,0,0
RD-1010518,True,44,41,2,0
RD-1010519,True,45,45,0,0
RD-1010520,True,33,31,2,0
RD-1010521,True,26,25,0,0
RD-1010522,True,25,23,1,1
RD-1010523,True,31,31,0,0
RD-1010524,True,41,38,2,1
RD-1010525,True,27,27,0,0
RD-1010526,True,36,34,2,0
RD-1010527,True,8,6,1,1
RD-1010528,True,21,21,0,0
RD-1010529,False,1,1,0,0
RD-1010530,True,35,34,1,0
RD-1010531,True,50,47,2,0
RD-1010532,True,23,22,1,0
RD-1010533,True,33,30,3,0
RD-1010534,True,30,29,1,0
RD-1010535,True,27,25,1,0
RD-1010536,True,11,11,0,0
RD-1010537,True,39,38,1,0
RD-1010538,True,34,33,1,0
RD-1010539,True,44,42,1,1
RD-1010540,True,33,30,1,2
RD-1010541,True,34,33,0,0
RD-1010542,True,42,40,2,0
RD-1010543,True,31,29,1,1
RD-1010544,True,29,29,0,0
RD-1010545,True,39,34,3,1
RD-1010546,True,28,24,3,1
RD-1010547,True,30,30,0,0
RD-1010548,True,40,38,2,0
RD-1010549,True,21,20,1,0
RD-1010550,True,29,25,3,1
RD-1010551,True,32,31,1,0
RD-1010552,True,39,37,0,1
RD-1010553,True,44,40,3,1
RD-1010554,True,37,34,2,0
RD-1010555,True,33,31,1,1
RD-1010556,True,37,37,0,0
RD-1010557,True,39,37,2,0
RD-1010558,True,33,33,0,0
RD-1010559,True,34,33,0,0
RD-1010560,True,33,32,1,0
RD-1010561,True,41,39,0,1
RD-1010562,True,26,22,2,2
RD-1010563,True,43,40,1,0
RD-1010564,True,36,35,1,0
RD-1010565,True,29,27,0,1
RD-1010566,True,34,34,0,0
RD-1010567,True,34,33,1,0
RD-1010568,True,43,38,2,2
RD-1010569,True,34,33,1,0
RD-1010570,True,24,22,1,1
RD-1010571,True,31,30,1,0
RD-1010572,True,32,30,2,0
RD-1010573,True,39,35,2,1
RD-1010574,True,16,15,1,0
RD-1010575,True,27,22,1,4
RD-1010576,True,21,21,0,0
RD-1010577,True,32,31,0,1
RD-1010578,True,33,32,1,0
RD-1010579,True,50,47,0,1
RD-1010580,True,42,42,0,0
RD-1010581,True,29,29,0,0
RD-1010582,True,11,11,0,0
RD-1010583,True,35,33,1,1
RD-1010584,True,26,26,0,0
RD-1010585,True,31,29,2,0
RD-1010586,True,30,27,0,1
RD-1010587,True,4,4,0,0
RD-1010588,True,23,23,0,0
RD-1010589,True,26,26,0,0
RD-1010590,True,30,28,1,0
RD-1010591,True,27,25,2,0
RD-1010592,True,29,27,0,1
RD-1010593,True,23,23,0,0
RD-1010594,True,29,26,2,1
RD-1010595,True,40,38,1,1
RD-1010596,True,41,39,1,1
RD-1010597,True,26,26,0,0
RD-1010598,True,28,28,0,0
RD-1010599,True,35,35,0,0
RD-1010600,True,28,28,0,0
RD-1010601,True,53,50,1,1
RD-1010602,True,32,32,0,0
RD-1010603,True,27,25,0,0
RD-1010604,True,28,28,0,0
RD-1010605,True,26,26,0,0
RD-1010606,True,37,36,0,0
RD-1010607,True,12,11,0,1
RD-1010608,True,22,21,1,0
RD-1010609,True,4,4,0,0
RD-1010610,True,30,29,0,0
RD-1010611,True,41,39,1,0
RD-1010612,True,20,18,2,0
RD-1010613,True,23,22,0,1
RD-1010614,True,2,2,0,0
RD-1010615,True,26,24,2,0
RD-1010616,True,4,4,0,0
RD-1010617,True,26,26,0,0
RD-1010618,True,30,27,0,1
RD-1010619,True,36,34,1,0
RD-1010620,True,35,33,1,0
RD-1010621,True,33,33,0,0
RD-1010622,True,29,28,0,1
RD-1010623,True,32,32,0,0
RD-1010624,True,18,15,3,0
RD-1010625,True,3,3,0,0
RD-1010626,True,29,28,1,0
RD-1010627,True,29,25,3,1
RD-1010628,True,16,14,2,0
RD-1010629,True,37,35,1,0
RD-1010630,True,24,23,0,1
RD-1010631,True,21,20,1,0
RD-1010632,True,29,27,0,1
RD-1010633,True,43,41,1,1
RD-1010634,True,32,32,0,0
RD-1010635,True,39,38,0,1
RD-1010636,True,36,36,0,0
RD-1010637,True,4,4,0,0
RD-1010638,True,26,23,2,1
RD-1010639,True,25,21,2,0
RD-1010640,True,30,28,2,0
RD-1010641,True,32,30,1,0
RD-1010642,True,24,22,1,0
RD-1010643,True,38,36,1,1
RD-1010644,True,44,42,2,0
RD-1010645,True,25,24,1,0
RD-1010646,True,46,45,1,0
RD-1010647,True,36,36,0,0
RD-1010648,True,25,24,1,0
RD-1010649,True,29,27,2,0
RD-1010650,True,27,26,1,0
RD-1010651,True,36,34,1,1
RD-1010652,True,19,18,0,1
RD-1010653,True,48,48,0,0
RD-1010654,True,32,32,0,0
RD-1010655,True,21,19,0,1
RD-1010656,True,34,34,0,0
RD-1010657,True,29,28,0,1
RD-1010658,True,58,53,3,1
RD-1010659,True,27,27,0,0
RD-1010660,True,51,50,1,0
RD-1010661,True,29,28,1,0
RD-1010662,True,33,30,2,0
RD-1010663,True,30,27,3,0
RD-1010664,True,35,35,0,0
RD-1010665,True,50,48,1,0
RD-1010666,True,2,2,0,0
RD-1010667,True,28,27,0,1
RD-1010668,True,21,21,0,0
RD-1010669,True,21,20,0,1
RD-1010670,True,25,25,0,0
RD-1010671,True,39,37,1,0
RD-1010672,True,31,31,0,0
RD-1010673,True,25,24,0,1
RD-1010674,True,54,49,2,2
RD-1010675,True,28,28,0,0
RD-1010676,True,23,23,0,0
RD-1010677,True,26,25,1,0
RD-1010678,True,22,21,0,0
RD-1010679,True,47,45,2,0
RD-1010680,True,32,29,2,0
RD-1010681,True,42,41,1,0
RD-1010682,True,30,30,0,0
RD-1010683,True,48,44,2,1
RD-1010684,True,28,26,1,1
RD-1010685,True,36,35,0,1
RD-1010686,True,29,28,0,1
RD-1010687,True,36,33,1,0
RD-1010688,True,23,22,0,1
RD-1010689,True,40,37,0,2
RD-1010690,True,31,30,1,0
RD-1010691,True,40,39,1,0
RD-1010692,True,24,23,0,1
RD-1010693,True,23,23,0,0
RD-1010694,True,30,29,1,0
RD-1010695,True,29,28,0,1
RD-1010696,True,27,26,0,1
RD-1010697,True,24,23,1,0
RD-1010698,True,33,30,0,3
RD-1010699,True,38,36,1,0
RD-1010700,True,17,16,1,0
RD-1010701,True,4,4,0,0
RD-1010702,True,35,29,4,2
RD-1010703,True,29,29,0,0
RD-1010704,True,39,38,1,0
RD-1010705,True,23,23,0,0
RD-1010706,True,41,40,0,0
RD-1010707,True,42,40,2,0
RD-1010708,True,35,35,0,0
RD-1010709,True,37,35,1,1
RD-1010710,True,27,26,1,0
RD-1010711,True,38,35,3,0
RD-1010712,True,20,18,1,1
RD-1010713,True,44,44,0,0
RD-1010714,True,39,37,0,0
RD-1010715,True,36,34,2,0
RD-1010716,True,27,26,0,1
RD-1010717,False,1,1,0,0
RD-1010718,True,28,27,0,1
RD-1010719,True,28,27,0,1
RD-1010720,True,42,42,0,0
RD-1010721,True,31,31,0,0
RD-1010722,True,30,28,2,0
RD-1010723,True,27,27,0,0
RD-1010724,True,40,38,2,0
RD-1010725,True,34,34,0,0
RD-1010726,True,40,39,0,1
RD-1010727,True,32,32,0,0
RD-1010728,True,28,25,1,0
RD-1010729,True,33,31,2,0
RD-1010730,True,4,4,0,0
RD-1010731,True,31,25,4,2
RD-1010732,True,31,30,1,0
RD-1010733,True,28,25,2,0
RD-1010734,True,24,24,0,0
RD-1010735,True,23,20,3,0
RD-1010736,True,31,31,0,0
RD-1010737,True,29,28,0,1
RD-1010738,True,30,28,1,1
RD-1010739,True,33,33,0,0
RD-1010740,True,36,34,2,0
RD-1010741,True,30,30,0,0
RD-1010742,True,30,30,0,0
RD-1010743,True,26,25,1,0
RD-1010744,True,18,15,1,2
RD-1010745,True,23,23,0,0
RD-1010746,True,36,34,2,0
RD-1010747,True,47,47,0,0
RD-1010748,True,27,26,1,0
RD-1010749,True,27,26,0,0
RD-1010750,True,40,39,1,0
RD-1010751,True,18,17,0,1
RD-1010752,True,30,28,2,0
RD-1010753,True,29,28,1,0
RD-1010755,True,27,26,0,0
RD-1010756,True,54,52,1,0
RD-1010757,True,29,29,0,0
RD-1010758,True,34,31,0,3
RD-1010759,True,24,21,2,1
RD-1010760,True,31,31,0,0
RD-1010761,True,32,32,0,0
RD-1010762,True,38,37,1,0
RD-1010763,True,31,31,0,0
RD-1010764,True,35,34,0,0
RD-1010765,True,29,27,1,1
RD-1010766,True,34,33,0,1
RD-1010767,True,33,32,0,1
RD-1010768,True,56,55,1,0
RD-1010769,True,35,35,0,0
RD-1010770,True,34,32,2,0
RD-1010771,True,35,34,1,0
RD-1010772,True,31,31,0,0
RD-1010773,True,33,29,2,1
RD-1010774,True,23,23,0,0
RD-1010775,True,12,12,0,0
RD-1010776,True,23,22,1,0
RD-1010777,True,37,35,1,0
RD-1010778,True,24,23,0,1
RD-1010779,True,32,32,0,0
RD-1010780,True,41,38,1,0
RD-1010781,True,34,34,0,0
RD-1010782,True,52,51,1,0
RD-1010783,True,38,36,1,1
RD-1010784,True,14,12,2,0
RD-1010785,True,42,42,0,0
RD-1010786,True,33,32,1,0
RD-1010787,True,30,28,1,1
RD-1010788,True,50,49,1,0
RD-1010789,True,3,2,0,1
RD-1010790,True,40,39,1,0
RD-1010791,True,29,28,0,1
RD-1010792,True,44,44,0,0
RD-1010793,True,11,9,1,1
RD-1010794,True,51,49,0,1
RD-1010795,True,44,42,1,1
RD-1010796,True,22,19,0,1
RD-1010797,True,24,23,1,0
RD-1010798,True,51,48,0,2
RD-1010799,True,13,11,2,0
RD-1010800,True,39,38,1,0
RD-1010801,True,29,29,0,0
RD-1010802,True,21,21,0,0
RD-1010803,True,3,2,0,1
RD-1010804,True,46,43,2,0
RD-1010805,True,30,28,2,0
RD-1010806,True,40,38,2,0
RD-1010807,True,31,29,0,1
RD-1010808,True,27,26,0,1
RD-1010809,True,25,24,1,0
RD-1010810,True,31,27,4,0
RD-1010811,True,18,15,2,1
RD-1010812,True,35,35,0,0
RD-1010813,True,43,41,0,1
RD-1010814,True,32,32,0,0
RD-1010815,True,6,4,0,2
RD-1010816,True,43,42,0,0
RD-1010817,True,29,29,0,0
RD-1010818,True,11,9,2,0
RD-1010819,True,48,46,2,0
RD-1010820,True,25,23,1,1
RD-1010821,True,19,19,0,0
RD-1010822,True,34,33,1,0
RD-1010823,True,29,29,0,0
RD-1010824,True,29,26,0,1
RD-1010825,True,23,19,3,1
RD-1010826,True,40,39,0,1
RD-1010827,True,26,26,0,0
RD-1010828,True,41,39,1,0
RD-1010829,True,34,33,0,0
RD-1010830,True,39,38,0,1
RD-1010831,True,33,33,0,0
RD-1010832,True,30,30,0,0
RD-1010833,True,21,19,0,1
RD-1010834,True,28,27,0,1
RD-1010835,True,34,32,2,0
RD-1010836,True,28,28,0,0
RD-1010837,True,32,29,2,1
RD-1010838,True,30,30,0,0
RD-1010839,True,56,52,3,1
RD-1010840,True,24,24,0,0
RD-1010841,True,35,34,1,0
RD-1010842,True,30,27,1,1
RD-1010843,True,48,46,1,1
RD-1010844,True,30,30,0,0
RD-1010845,True,30,30,0,0
RD-1010846,True,31,29,2,0
RD-1010847,True,23,23,0,0
RD-1010848,True,30,27,1,2
RD-1010849,True,29,29,0,0
RD-1010850,True,8,6,2,0
RD-1010851,True,21,21,0,0
RD-1010852,True,34,34,0,0
RD-1010853,True,38,36,2,0
RD-1010854,True,6,6,0,0
RD-1010855,True,48,46,0,2
RD-1010856,True,55,54,1,0
RD-1010857,True,32,30,2,0
RD-1010858,True,26,25,1,0
RD-1010859,True,34,34,0,0
RD-1010860,True,26,24,0,1
RD-1010861,True,28,28,0,0
RD-1010862,True,31,25,3,3
RD-1010863,True,28,21,4,3
RD-1010864,True,31,29,0,0
RD-1010865,True,31,31,0,0
RD-1010866,True,27,25,2,0
RD-1010867,True,25,25,0,0
RD-1010868,True,24,21,2,1
RD-1010869,True,30,28,1,0
RD-1010870,True,42,40,1,0
RD-1010871,True,36,34,1,0
RD-1010872,True,27,23,3,1
RD-1010873,True,30,29,0,0
RD-1010874,True,26,25,0,1
RD-1010875,True,23,22,0,1
RD-1010876,True,40,38,2,0
RD-1010877,True,26,26,0,0
RD-1010878,True,30,29,0,1
RD-1010879,True,37,36,1,0
RD-1010880,True,33,29,2,1
RD-1010881,True,48,46,2,0
RD-1010882,True,28,27,0,1
RD-1010883,True,25,24,1,0
RD-1010884,True,31,31,0,0
RD-1010885,True,5,4,1,0
RD-1010886,True,39,38,0,0
RD-1010887,True,30,30,0,0
RD-1010888,True,35,33,1,0
RD-1010889,True,32,30,1,1
RD-1010890,True,50,49,0,1
RD-1010891,True,27,27,0,0
RD-1010892,True,33,33,0,0
RD-1010893,True,29,25,2,2
RD-1010894,True,18,16,1,1
RD-1010895,True,32,30,2,0
RD-1010896,True,22,22,0,0
RD-1010897,True,30,30,0,0
RD-1010898,True,32,32,0,0
RD-1010899,True,32,32,0,0
RD-1010900,True,26,23,2,0
RD-1010901,True,21,19,2,0
RD-1010902,True,28,27,0,0
RD-1010903,True,44,43,1,0
RD-1010904,True,29,27,2,0
RD-1010905,True,28,27,0,1
RD-1010906,True,19,18,1,0
RD-1010907,True,38,33,1,3
RD-1010908,True,50,49,1,0
RD-1010909,True,38,36,1,0
RD-1010910,True,31,31,0,0
RD-1010911,True,42,41,0,1
RD-1010912,True,39,31,4,2
RD-1010913,True,27,24,2,1
RD-1010914,True,10,10,0,0
RD-1010915,True,40,37,1,0
RD-1010916,True,32,28,2,1
RD-1010917,True,49,49,0,0
RD-1010918,True,55,55,0,0
RD-1010919,True,5,3,2,0
RD-1010920,True,30,29,0,0
RD-1010921,True,36,35,1,0
RD-1010922,True,40,36,2,1
RD-1010923,True,30,28,2,0
RD-1010924,True,45,43,1,0
RD-1010925,True,39,39,0,0
RD-1010926,True,25,24,0,1
RD-1010927,True,45,42,3,0
RD-1010928,True,33,32,1,0
RD-1010929,True,3,2,1,0
RD-1010930,True,30,28,2,0
RD-1010931,True,30,30,0,0
RD-1010932,True,32,30,1,1
RD-1010933,True,13,13,0,0
RD-1010934,True,4,4,0,0
RD-1010935,True,38,37,0,0
RD-1010936,True,29,24,4,0
RD-1010937,True,38,37,0,1
RD-1010938,True,44,42,0,1
RD-1010939,True,30,29,1,0
RD-1010940,True,30,27,2,1
RD-1010941,True,35,34,0,1
RD-1010942,True,28,26,1,1
RD-1010943,True,29,26,1,1
RD-1010944,True,6,6,0,0
RD-1010945,True,15,15,0,0
RD-1010946,True,35,34,0,1
RD-1010947,True,37,36,1,0
RD-1010948,True,12,11,0,0
RD-1010949,True,3,3,0,0
RD-1010950,True,37,37,0,0
RD-1010951,True,22,20,0,1
RD-1010952,True,30,28,1,1
RD-1010953,True,38,36,1,1
RD-1010954,True,24,23,1,0
RD-1010955,True,11,9,2,0
RD-1010956,True,16,13,2,1
RD-1010957,True,24,23,1,0
RD-1010958,True,35,34,1,0
RD-1010959,True,28,22,4,1
RD-1010960,True,24,22,2,0
RD-1010961,True,57,56,1,0
RD-1010962,True,32,29,2,1
RD-1010963,True,16,13,3,0
RD-1010964,True,42,40,2,0
RD-1010965,True,19,15,2,2
RD-1010966,True,35,32,2,1
RD-1010967,True,35,32,1,1
RD-1010968,True,37,37,0,0
RD-1010969,True,19,18,0,1
RD-1010970,True,4,4,0,0
RD-1010971,True,30,29,1,0
RD-1010972,True,38,37,0,1
RD-1010973,True,27,27,0,0
RD-1010974,True,38,37,0,1
RD-1010975,True,11,11,0,0
RD-1010976,True,37,35,1,0
RD-1010977,True,24,22,2,0
RD-1010978,True,28,27,1,0
RD-1010979,True,25,24,0,0
RD-1010980,True,41,40,0,0
RD-1010981,True,31,29,2,0
RD-1010982,True,22,19,1,1
RD-1010983,True,28,27,0,1
RD-1010984,True,25,24,1,0
RD-1010985,True,25,25,0,0
RD-1010986,True,7,7,0,0
RD-1010987,True,34,33,1,0
RD-1010988,True,34,32,1,0
RD-1010989,True,48,46,2,0
RD-1010990,True,33,33,0,0
RD-1010991,True,34,33,1,0
RD-1010992,True,28,28,0,0
RD-1010993,True,21,20,1,0
RD-1010994,True,28,27,1,0
RD-1010995,True,27,23,4,0
RD-1010996,True,23,22,0,1
RD-1010997,True,31,29,2,0
RD-1010998,True,48,46,0,2
RD-1010999,True,24,24,0,0
RD-1011000,True,19,18,0,1
RD-1011001,True,51,49,1,0
RD-1011002,True,18,17,1,0
RD-1011003,True,29,29,0,0
RD-1011004,True,24,23,1,0
RD-1011005,True,29,28,1,0
RD-1011006,True,33,32,0,0
RD-1011007,True,35,33,2,0
RD-1011008,True,29,29,0,0
RD-1011009,True,30,29,1,0
RD-1011010,True,37,35,1,0
RD-1011011,True,25,22,1,2
RD-1011012,False,1,1,0,0
RD-1011013,True,5,5,0,0
RD-1011014,True,37,36,0,0
RD-1011015,True,26,26,0,0
RD-1011016,True,33,33,0,0
RD-1011017,True,32,32,0,0
RD-1011018,True,34,34,0,0
RD-1011019,True,33,33,0,0
RD-1011020,True,29,27,1,0
RD-1011021,True,28,27,0,1
RD-1011022,True,36,35,0,0
RD-1011023,True,44,43,1,0
RD-1011024,True,33,33,0,0
RD-1011025,True,25,25,0,0
RD-1011026,True,32,30,0,2
RD-1011027,True,26,26,0,0
RD-1011028,True,27,25,1,1
RD-1011029,True,8,8,0,0
RD-1011030,True,31,29,0,1
RD-1011031,True,37,37,0,0
RD-1011032,True,34,32,2,0
RD-1011033,True,26,26,0,0
RD-1011034,True,33,32,1,0
RD-1011035,True,29,29,0,0
RD-1011036,True,24,23,1,0
RD-1011037,True,42,40,2,0
RD-1011038,True,18,13,2,3
RD-1011039,True,30,27,0,2
RD-1011040,True,29,29,0,0
RD-1011041,True,47,46,0,0
RD-1011042,True,52,50,0,2
RD-1011043,True,32,31,0,1
RD-1011044,True,33,33,0,0
RD-1011045,True,20,19,1,0
RD-1011046,True,11,11,0,0
RD-1011047,True,32,27,1,1
RD-1011048,True,23,20,2,1
RD-1011049,True,37,36,0,1
RD-1011050,True,27,25,1,1
RD-1011051,True,49,46,2,1
RD-1011052,True,6,6,0,0
RD-1011053,True,24,21,3,0
RD-1011054,True,13,13,0,0
RD-1011055,True,40,39,1,0
RD-1011056,True,36,36,0,0
RD-1011057,True,39,37,0,1
RD-1011058,True,26,23,3,0
RD-1011059,True,32,31,1,0
RD-1011060,True,19,17,1,0
RD-1011061,True,21,20,1,0
RD-1011062,True,25,24,1,0
RD-1011063,True,27,23,1,1
RD-1011064,True,25,23,1,0
RD-1011065,True,6,5,1,0
RD-1011066,True,32,32,0,0
RD-1011067,True,28,28,0,0
RD-1011068,True,38,38,0,0
RD-1011069,True,32,31,0,1
RD-1011070,True,23,19,1,0
RD-1011071,True,29,28,1,0
RD-1011072,True,27,26,0,1
RD-1011073,True,23,23,0,0
RD-1011074,True,33,28,2,2
RD-1011075,True,29,26,2,1
RD-1011076,True,37,36,1,0
RD-1011077,True,36,35,1,0
RD-1011078,True,35,35,0,0
RD-1011079,True,42,39,1,1
RD-1011080,True,27,26,0,1
RD-1011081,True,34,34,0,0
RD-1011082,True,26,23,1,2
RD-1011083,True,25,25,0,0
RD-1011084,True,18,17,1,0
RD-1011085,True,35,33,2,0
RD-1011086,True,31,30,1,0
RD-1011087,True,28,28,0,0
RD-1011088,True,32,31,0,1
RD-1011089,True,36,35,0,0
RD-1011090,True,10,10,0,0
RD-1011091,True,40,36,1,2
RD-1011092,True,42,40,1,1
RD-1011093,True,58,55,2,1
RD-1011094,True,31,28,2,0
RD-1011095,True,22,22,0,0
RD-1011096,True,24,23,0,0
RD-1011097,True,32,30,0,1
RD-1011098,True,45,42,1,2
RD-1011099,True,32,29,2,0
RD-1011100,True,17,17,0,0
RD-1011101,True,31,30,0,1
RD-1011102,True,43,42,0,1
RD-1011103,True,5,5,0,0
RD-1011104,True,35,34,0,0
RD-1011105,True,34,34,0,0
RD-1011106,True,29,28,1,0
RD-1011107,True,22,19,1,1
RD-1011108,True,32,32,0,0
RD-1011109,True,36,36,0,0
RD-1011110,True,32,31,0,1
RD-1011111,True,40,39,1,0
RD-1011112,True,46,44,0,2
RD-1011113,True,14,14,0,0
RD-1011114,True,25,24,0,1
RD-1011115,True,23,22,0,0
RD-1011116,True,32,31,1,0
RD-1011117,True,12,11,1,0
RD-1011118,True,47,47,0,0
RD-1011119,True,27,26,1,0
RD-1011120,True,42,40,2,0
RD-1011121,True,38,36,1,0
RD-1011122,True,30,27,2,0
RD-1011123,True,39,37,2,0
RD-1011124,True,31,30,1,0
RD-1011125,True,39,38,1,0
RD-1011126,True,30,28,2,0
RD-1011127,True,11,8,2,0
RD-1011128,True,41,38,2,1
RD-1011129,True,31,28,1,2
RD-1011130,True,34,33,1,0
RD-1011131,True,28,26,1,0
RD-1011132,True,4,4,0,0
RD-1011133,True,33,33,0,0
RD-1011134,True,33,33,0,0
RD-1011135,True,29,29,0,0
RD-1011136,True,29,27,2,0
RD-1011137,True,24,20,1,3
RD-1011138,True,28,27,0,1
RD-1011139,True,42,41,0,0
RD-1011140,True,30,30,0,0
RD-1011141,True,32,31,0,0
RD-1011142,True,28,28,0,0
RD-1011143,True,30,29,0,0
RD-1011144,True,34,34,0,0
RD-1011145,True,43,41,0,2
RD-1011146,True,29,27,1,1
RD-1011147,True,32,31,0,1
RD-1011148,True,27,26,1,0
RD-1011149,True,42,41,0,1
RD-1011150,True,22,21,1,0
RD-1011151,True,31,30,1,0
RD-1011152,True,26,25,0,1
RD-1011153,True,42,40,1,0
RD-1011154,True,37,37,0,0
RD-1011155,True,39,37,2,0
RD-1011156,True,22,20,1,1
RD-1011157,True,35,33,1,0
RD-1011158,True,25,24,1,0
RD-1011159,True,36,35,1,0
RD-1011160,True,28,27,1,0
RD-1011161,True,33,29,2,2
RD-1011162,True,9,9,0,0
RD-1011163,True,28,28,0,0
RD-1011164,True,31,30,1,0
RD-1011165,True,40,38,1,1
RD-1011166,True,9,7,2,0
RD-1011167,True,33,32,0,1
RD-1011168,True,43,43,0,0
RD-1011169,True,22,18,3,1
RD-1011170,True,3,3,0,0
RD-1011171,True,25,24,0,1
RD-1011172,True,30,28,1,1
RD-1011173,True,37,37,0,0
RD-1011174,True,27,27,0,0
RD-1011175,True,24,23,0,0
RD-1011176,True,28,28,0,0
RD-1011177,True,34,33,0,1
RD-1011178,True,31,31,0,0
RD-1011179,True,19,17,2,0
RD-1011180,True,24,23,0,0
RD-1011181,True,19,18,1,0
RD-1011182,True,32,28,2,1
RD-1011183,True,46,45,1,0
RD-1011184,False,1,1,0,0
RD-1011185,True,31,30,1,0
RD-1011186,True,41,41,0,0
RD-1011187,True,20,18,1,1
RD-1011188,True,47,46,0,1
RD-1011189,True,36,36,0,0
RD-1011190,True,29,29,0,0
RD-1011191,True,30,27,1,2
RD-1011192,True,37,34,0,0
RD-1011193,True,42,41,1,0
RD-1011194,True,30,29,1,0
RD-1011195,True,28,27,0,1
RD-1011196,True,26,26,0,0
RD-1011197,True,29,29,0,0
RD-1011198,True,33,33,0,0
RD-1011199,True,34,33,0,1
RD-1011200,True,46,45,0,1
RD-1011201,True,35,34,0,0
RD-1011202,True,18,18,0,0
RD-1011203,True,29,27,1,0
RD-1011204,True,44,44,0,0
RD-1011205,True,10,10,0,0
RD-1011206,True,39,37,2,0
RD-1011207,True,25,22,1,2
RD-1011208,True,44,42,0,1
RD-1011209,True,37,34,2,1
RD-1011210,True,50,49,0,0
RD-1011211,True,30,30,0,0
RD-1011212,True,12,10,0,2
RD-1011213,True,24,24,0,0
RD-1011214,True,33,29,2,0
RD-1011215,True,39,38,0,0
RD-1011216,True,55,50,2,3
RD-1011217,True,8,6,1,1
RD-1011218,True,28,26,0,0
RD-1011219,True,36,36,0,0
RD-1011220,True,50,48,1,0
RD-1011221,True,29,28,1,0
RD-1011222,True,34,33,1,0
RD-1011223,True,35,35,0,0
RD-1011224,True,28,28,0,0
RD-1011225,True,46,45,1,0
RD-1011226,True,23,21,1,0
RD-1011227,True,26,26,0,0
RD-1011228,True,24,24,0,0
RD-1011229,True,9,8,1,0
RD-1011230,True,47,46,1,0
RD-1011231,True,52,50,1,1
RD-1011232,True,36,33,3,0
RD-1011233,True,37,37,0,0
RD-1011234,True,30,30,0,0
RD-1011235,True,28,25,3,0
RD-1011236,True,34,34,0,0
RD-1011237,True,13,11,1,1
RD-1011238,False,1,1,0,0
RD-1011239,True,33,32,1,0
RD-1011240,True,31,31,0,0
RD-1011241,True,19,18,1,0
RD-1011242,True,35,35,0,0
RD-1011243,True,34,32,0,0
RD-1011244,True,40,40,0,0
RD-1011245,True,49,46,2,0
RD-1011246,True,33,32,1,0
RD-1011247,True,34,33,0,1
RD-1011248,True,30,30,0,0
RD-1011249,True,27,27,0,0
RD-1011250,True,30,29,0,1
RD-1011251,True,30,26,2,1
RD-1011252,True,43,40,3,0
RD-1011253,True,41,41,0,0
RD-1011254,True,29,28,1,0
RD-1011255,True,40,39,0,1
RD-1011256,True,31,30,0,1
RD-1011257,True,26,24,2,0
RD-1011258,True,26,22,3,1
RD-1011259,True,32,31,0,0
RD-1011260,True,26,24,2,0
RD-1011261,True,28,28,0,0
RD-1011262,True,33,32,0,1
RD-1011263,True,33,31,0,2
RD-1011264,True,31,28,0,0
RD-1011265,True,35,34,1,0
RD-1011266,True,26,25,1,0
RD-1011267,True,30,30,0,0
RD-1011268,True,34,32,1,0
RD-1011269,True,23,21,0,1
RD-1011270,True,29,28,0,1
RD-1011271,True,28,27,0,1
RD-1011272,True,40,36,2,1
RD-1011273,True,44,44,0,0
RD-1011274,True,26,23,2,1
RD-1011275,True,25,23,1,1
RD-1011276,True,33,30,0,2
RD-1011277,True,18,18,0,0
RD-1011278,True,47,45,1,0
RD-1011279,True,24,21,2,1
RD-1011280,True,35,34,0,0
RD-1011281,True,40,35,2,2
RD-1011282,True,23,21,0,1
RD-1011283,True,30,28,1,1
RD-1011284,True,29,28,0,0
RD-1011285,True,37,37,0,0
RD-1011286,True,43,40,0,1
RD-1011287,True,43,43,0,0
RD-1011288,True,35,35,0,0
RD-1011289,True,14,12,1,1
RD-1011290,True,33,28,2,1
RD-1011291,True,30,29,0,1
RD-1011292,True,30,29,1,0
RD-1011293,True,4,4,0,0
RD-1011294,True,34,34,0,0
RD-1011295,True,38,36,1,0
RD-1011296,True,31,30,0,1
RD-1011297,True,27,24,2,0
RD-1011298,True,29,27,1,1
RD-1011299,True,26,26,0,0
RD-1011300,True,30,28,1,0
RD-1011301,True,31,29,1,1
RD-1011302,True,16,16,0,0
RD-1011303,True,36,34,2,0
RD-1011304,True,23,20,2,1
RD-1011305,True,28,24,3,1
RD-1011306,True,34,32,2,0
RD-1011307,True,34,32,2,0
RD-1011308,True,30,26,2,2
RD-1011309,True,36,33,0,1
RD-1011310,True,24,23,0,0
RD-1011311,True,10,8,2,0
RD-1011312,False,1,1,0,0
RD-1011313,True,31,30,1,0
RD-1011314,True,16,16,0,0
RD-1011315,True,26,26,0,0
RD-1011316,True,21,18,2,0
RD-1011317,True,32,30,0,1
RD-1011318,True,48,47,0,0
RD-1011319,True,24,21,3,0
RD-1011320,True,19,19,0,0
RD-1011321,True,24,24,0,0
RD-1011322,True,36,35,0,0
RD-1011323,True,27,27,0,0
RD-1011324,True,29,27,2,0
RD-1011325,True,27,27,0,0
RD-1011326,True,29,29,0,0
RD-1011327,True,33,31,0,1
RD-1011328,True,39,38,0,0
RD-1011329,True,26,21,2,2
RD-1011330,True,3,3,0,0
RD-1011331,True,27,27,0,0
RD-1011332,True,13,13,0,0
RD-1011333,True,38,37,0,1
RD-1011334,True,24,23,1,0
RD-1011335,True,28,26,2,0
RD-1011336,True,23,21,0,0
RD-1011337,True,24,20,2,2
RD-1011338,True,36,34,2,0
RD-1011339,True,30,27,2,0
RD-1011340,True,41,38,1,0
RD-1011341,True,34,34,0,0
RD-1011342,True,24,24,0,0
RD-1011343,True,55,50,4,1
RD-1011344,True,31,29,2,0
RD-1011345,True,37,37,0,0
RD-1011346,True,23,22,1,0
RD-1011347,True,31,30,0,1
RD-1011348,True,43,41,1,0
RD-1011349,True,31,29,1,0
RD-1011350,True,19,16,3,0
RD-1011351,True,21,20,1,0
RD-1011352,True,25,24,0,1
RD-1011353,True,45,44,1,0
RD-1011354,True,42,41,1,0
RD-1011355,True,28,27,0,1
RD-1011356,True,23,19,2,1
RD-1011357,True,30,29,0,0
RD-1011358,True,20,19,1,0
RD-1011359,True,33,32,1,0
RD-1011360,True,24,24,0,0
RD-1011361,True,32,29,3,0
RD-1011362,True,29,27,2,0
RD-1011363,True,30,30,0,0
RD-1011364,True,33,31,1,1
RD-1011365,True,39,38,1,0
RD-1011366,True,32,31,0,1
RD-1011367,True,20,19,0,1
RD-1011368,True,53,50,2,1
RD-1011369,True,38,37,0,0
RD-1011370,True,26,23,3,0
RD-1011371,True,28,28,0,0
RD-1011372,True,29,28,1,0
RD-1011373,True,18,18,0,0
RD-1011374,True,23,22,1,0
RD-1011375,True,30,30,0,0
RD-1011376,True,29,29,0,0
RD-1011377,True,46,46,0,0
RD-1011378,True,26,26,0,0
RD-1011379,True,24,22,0,1
RD-1011380,True,28,28,0,0
RD-1011381,True,23,23,0,0
RD-1011382,True,29,28,0,1
RD-1011383,True,37,36,1,0
RD-1011384,True,31,28,1,0
RD-1011385,True,36,33,2,0
RD-1011386,True,4,4,0,0
RD-1011387,True,34,31,2,1
RD-1011388,True,39,38,1,0
RD-1011389,True,4,3,0,0
RD-1011390,True,31,28,2,1
RD-1011391,True,36,35,0,1
RD-1011392,True,38,37,0,1
RD-1011393,True,58,56,2,0
RD-1011394,True,33,29,2,1
RD-1011395,True,24,24,0,0
RD-1011396,True,45,43,0,2
RD-1011397,True,62,60,1,0
RD-1011398,True,30,28,1,0
RD-1011399,True,41,40,0,1
RD-1011400,True,38,38,0,0
RD-1011401,True,36,34,0,1
RD-1011402,True,25,22,3,0
RD-1011403,True,24,23,0,1
RD-1011404,True,25,25,0,0
RD-1011405,True,31,28,1,0
RD-1011406,True,37,37,0,0
RD-1011407,True,41,39,1,0
RD-1011408,True,25,22,3,0
RD-1011409,True,26,24,1,1
RD-1011410,True,25,24,0,0
RD-1011411,True,10,7,1,1
RD-1011412,True,28,27,0,1
RD-1011413,True,28,26,1,1
RD-1011414,True,41,40,1,0
RD-1011415,True,34,34,0,0
RD-1011416,True,47,46,0,1
RD-1011417,True,30,28,1,0
RD-1011418,True,37,36,0,1
RD-1011419,True,39,39,0,0
RD-1011420,True,19,19,0,0
RD-1011421,True,5,5,0,0
RD-1011422,True,36,33,1,2
RD-1011423,True,34,34,0,0
RD-1011424,True,30,30,0,0
RD-1011425,True,27,26,1,0
RD-1011426,True,28,27,0,1
RD-1011427,True,29,27,0,1
RD-1011428,True,38,37,1,0
RD-1011429,True,35,35,0,0
RD-1011430,True,24,24,0,0
RD-1011431,True,33,31,0,1
RD-1011432,True,26,24,1,1
RD-1011433,True,34,33,1,0
RD-1011434,True,31,31,0,0
RD-1011435,True,28,27,0,0
RD-1011436,True,35,33,1,0
RD-1011437,True,42,41,1,0
RD-1011438,True,31,30,1,0
RD-1011439,True,38,37,1,0
RD-1011440,True,44,44,0,0
RD-1011441,True,30,29,0,1
RD-1011442,True,23,22,0,1
RD-1011443,True,37,36,0,1
RD-1011444,True,29,27,1,0
RD-1011445,True,19,19,0,0
RD-1011446,True,30,27,1,0
RD-1011447,True,39,38,0,1
RD-1011448,True,45,44,0,1
RD-1011449,True,38,37,0,0
RD-1011450,True,34,33,1,0
RD-1011451,True,35,34,0,1
RD-1011452,True,7,7,0,0
RD-1011453,True,36,36,0,0
RD-1011454,True,45,43,1,0
RD-1011455,True,11,11,0,0
RD-1011456,True,38,36,2,0
RD-1011457,True,34,32,0,1
RD-1011458,True,42,40,1,0
RD-1011459,True,33,31,1,0
RD-1011460,True,25,25,0,0
RD-1011461,True,42,41,0,0
RD-1011462,True,40,40,0,0
RD-1011463,True,30,29,1,0
RD-1011464,True,31,31,0,0
RD-1011465,True,26,25,1,0
RD-1011466,True,16,15,1,0
RD-1011467,True,34,33,0,1
RD-1011468,True,30,29,0,0
RD-1011469,True,27,26,0,1
RD-1011470,True,20,19,0,0
RD-1011471,False,2,2,0,0
RD-1011472,True,30,28,0,2
RD-1011473,True,33,32,1,0
RD-1011474,True,31,30,0,0
RD-1011475,True,40,40,0,0
RD-1011476,True,21,19,1,0
RD-1011477,True,23,22,1,0
RD-1011478,True,26,25,0,1
RD-1011479,True,32,30,1,0
RD-1011480,True,31,28,2,1
RD-1011481,True,20,18,1,1
RD-1011482,True,33,30,3,0
RD-1011483,True,39,37,1,1
RD-1011484,True,37,35,2,0
RD-1011485,True,23,23,0,0
RD-1011486,True,38,38,0,0
RD-1011487,True,19,17,2,0
RD-1011488,True,31,31,0,0
RD-1011489,True,42,41,1,0
RD-1011490,True,6,4,2,0
RD-1011491,True,39,39,0,0
RD-1011492,True,33,33,0,0
RD-1011493,True,38,36,2,0
RD-1011494,True,45,43,1,0
RD-1011495,True,40,39,0,1
RD-1011496,True,30,30,0,0
RD-1011497,True,36,35,0,1
RD-1011498,True,27,27,0,0
RD-1011499,True,30,27,2,1
RD-1011500,True,29,28,1,0
RD-1011501,True,28,26,1,1
RD-1011502,True,30,30,0,0
RD-1011503,True,33,33,0,0
RD-1011504,True,27,27,0,0
RD-1011505,True,32,29,2,1
RD-1011506,True,30,27,2,1
RD-1011507,True,35,33,1,1
RD-1011509,True,30,30,0,0
RD-1011510,True,30,30,0,0
RD-1011511,True,25,23,0,0
RD-1011512,True,25,23,0,2
RD-1011513,True,36,32,3,0
RD-1011514,True,38,37,0,0
RD-1011515,True,26,26,0,0
RD-1011516,True,38,37,1,0
RD-1011517,True,40,39,1,0
RD-1011518,True,40,37,0,2
RD-1011519,True,13,11,1,1
RD-1011520,True,27,26,1,0
RD-1011521,True,36,35,0,1
RD-1011522,True,28,27,1,0
RD-1011523,True,28,25,0,2
RD-1011524,True,35,35,0,0
RD-1011525,True,30,28,2,0
RD-1011526,True,40,40,0,0
RD-1011527,True,35,34,0,1
RD-1011528,True,29,28,1,0
RD-1011529,True,34,34,0,0
RD-1011530,True,26,26,0,0
RD-1011531,True,26,24,1,1
RD-1011532,True,33,31,1,1
RD-1011533,True,33,33,0,0
RD-1011534,True,59,57,2,0
RD-1011535,True,26,25,0,0
RD-1011536,True,37,34,2,0
RD-1011537,True,28,28,0,0
RD-1011538,True,34,33,1,0
RD-1011539,True,22,20,1,0
RD-1011540,True,31,31,0,0
RD-1011541,True,21,18,1,1
RD-1011542,True,32,31,1,0
RD-1011543,True,24,23,0,1
RD-1011544,True,38,37,0,1
RD-1011545,True,16,15,1,0
RD-1011546,True,30,26,2,1
RD-1011547,True,23,21,2,0
RD-1011548,True,42,39,1,2
RD-1011549,True,15,13,1,1
RD-1011550,True,20,20,0,0
RD-1011551,True,31,30,1,0
RD-1011552,True,31,31,0,0
RD-1011553,True,26,26,0,0
RD-1011554,True,45,44,0,0
RD-1011555,True,22,22,0,0
RD-1011556,True,34,34,0,0
RD-1011557,True,27,27,0,0
RD-1011558,True,43,43,0,0
RD-1011559,True,41,40,1,0
RD-1011560,True,37,35,0,2
RD-1011561,True,33,31,1,1
RD-1011562,True,27,26,1,0
RD-1011563,True,33,33,0,0
RD-1011564,True,29,28,1,0
RD-1011565,True,37,35,1,1
RD-1011566,True,25,24,1,0
RD-1011567,True,14,14,0,0
RD-1011568,True,27,24,0,2
RD-1011569,True,16,15,0,1
RD-1011570,True,29,28,1,0
RD-1011571,True,36,33,1,1
RD-1011572,True,28,26,1,0
RD-1011573,True,38,37,0,0
RD-1011574,True,48,42,5,1
RD-1011575,True,25,25,0,0
RD-1011576,True,50,45,3,1
RD-1011577,True,10,9,1,0
RD-1011578,True,30,27,1,2
RD-1011579,True,29,27,1,1
RD-1011580,True,43,41,0,1
RD-1011581,True,20,19,1,0
RD-1011582,True,51,48,2,1
RD-1011583,True,40,40,0,0
RD-1011584,True,41,39,2,0
RD-1011585,True,35,34,1,0
RD-1011586,True,28,27,0,0
RD-1011587,True,57,54,0,2
RD-1011588,True,35,35,0,0
RD-1011589,True,34,34,0,0
RD-1011590,True,34,33,0,0
RD-1011591,True,24,20,1,2
RD-1011592,True,22,20,1,1
RD-1011593,True,38,37,1,0
RD-1011594,True,31,28,2,1
RD-1011595,True,26,26,0,0
RD-1011596,True,36,34,1,1
RD-1011597,True,29,29,0,0
RD-1011598,True,27,27,0,0
RD-1011599,True,33,32,0,1
RD-1011600,True,27,26,1,0
RD-1011601,True,14,13,0,1
RD-1011602,True,29,28,1,0
RD-1011603,True,27,26,1,0
RD-1011604,True,27,26,1,0
RD-1011605,True,32,31,0,1
RD-1011606,True,40,38,2,0
RD-1011607,True,26,24,1,0
RD-1011608,True,38,36,2,0
RD-1011609,True,19,19,0,0
RD-1011610,True,11,9,1,0
RD-1011611,True,30,28,1,1
RD-1011612,True,51,50,1,0
RD-1011613,True,52,50,1,0
RD-1011614,True,18,16,1,1
RD-1011615,True,29,29,0,0
RD-1011616,True,30,29,1,0
RD-1011617,True,44,41,1,1
RD-1011618,True,30,30,0,0
RD-1011619,True,42,40,1,0
RD-1011620,True,35,33,0,1
RD-1011621,True,33,31,1,1
RD-1011622,True,29,28,1,0
RD-1011623,True,36,31,2,3
RD-1011624,True,30,28,1,1
RD-1011625,True,26,26,0,0
RD-1011626,True,53,51,1,1
RD-1011627,True,34,31,1,2
RD-1011628,True,41,41,0,0
RD-1011629,True,27,23,2,2
RD-1011630,True,35,32,1,0
RD-1011631,True,24,24,0,0
RD-1011632,True,23,23,0,0
RD-1011633,True,40,38,1,0
RD-1011634,True,36,35,0,1
RD-1011635,True,61,56,2,1
RD-1011636,True,29,29,0,0
RD-1011637,True,20,20,0,0
RD-1011638,True,33,33,0,0
RD-1011639,True,27,25,1,1
RD-1011640,True,35,34,0,1
RD-1011641,True,10,9,0,1
RD-1011642,True,3,2,1,0
RD-1011643,True,31,31,0,0
RD-1011644,True,50,49,0,0
RD-1011645,True,29,27,1,1
RD-1011646,True,40,39,1,0
RD-1011647,True,33,32,0,0
RD-1011648,True,24,22,1,0
RD-1011649,True,37,35,0,1
RD-1011650,True,26,25,1,0
RD-1011651,True,12,12,0,0
RD-1011652,True,47,46,1,0
RD-1011653,True,37,37,0,0
RD-1011654,True,38,37,0,1
RD-1011655,True,33,33,0,0
RD-1011656,True,25,25,0,0
RD-1011657,True,35,34,1,0
RD-1011658,True,46,46,0,0
RD-1011659,True,40,39,0,1
RD-1011660,True,37,34,2,0
RD-1011661,True,20,17,1,2
RD-1011662,True,35,34,1,0
RD-1011663,True,24,22,2,0
RD-1011664,True,9,9,0,0
RD-1011665,True,37,37,0,0
RD-1011666,True,39,38,1,0
RD-1011667,True,9,7,1,1
RD-1011668,True,28,26,2,0
RD-1011669,True,32,30,1,1
RD-1011670,True,38,36,1,0
RD-1011671,True,15,13,0,2
RD-1011672,True,24,18,2,3
RD-1011673,True,5,4,1,0
RD-1011674,True,29,27,0,2
RD-1011675,True,31,28,2,0
RD-1011676,True,38,36,0,0
RD-1011677,True,26,25,0,0
RD-1011678,True,46,45,0,1
RD-1011679,True,20,19,1,0
RD-1011680,True,39,38,1,0
RD-1011681,True,10,10,0,0
RD-1011682,True,49,47,1,1
RD-1011683,True,34,33,0,1
RD-1011684,True,40,40,0,0
RD-1011685,True,29,26,0,0
RD-1011686,True,39,36,2,0
RD-1011687,True,29,27,1,0
RD-1011688,True,27,27,0,0
RD-1011689,True,19,18,1,0
RD-1011690,True,28,27,0,1
RD-1011691,True,35,34,1,0
RD-1011692,True,29,29,0,0
RD-1011693,True,34,33,1,0
RD-1011694,True,29,25,2,2
RD-1011695,True,31,31,0,0
RD-1011696,True,31,31,0,0
RD-1011697,True,25,23,1,0
RD-1011698,True,29,28,1,0
RD-1011699,True,24,22,2,0
RD-1011700,True,26,25,0,1
RD-1011701,True,38,37,1,0
RD-1011702,True,46,45,1,0
RD-1011703,True,36,35,1,0
RD-1011704,True,41,40,0,0
RD-1011705,True,43,43,0,0
RD-1011706,True,33,32,1,0
RD-1011707,True,39,38,0,1
RD-1011708,True,57,54,1,0
RD-1011709,True,57,56,1,0
RD-1011710,True,31,28,1,1
RD-1011711,True,26,25,1,0
RD-1011712,True,29,28,1,0
RD-1011713,True,21,18,2,1
RD-1011714,True,21,20,1,0
RD-1011715,True,32,30,1,1
RD-1011716,True,30,29,1,0
RD-1011717,True,36,34,0,1
RD-1011718,True,10,9,0,1
RD-1011719,True,32,32,0,0
RD-1011720,True,29,27,1,1
RD-1011721,True,46,45,0,1
RD-1011722,True,38,38,0,0
RD-1011723,True,23,21,1,1
RD-1011724,True,44,43,0,0
RD-1011725,True,27,27,0,0
RD-1011726,True,33,31,1,0
RD-1011727,True,34,33,1,0
RD-1011728,True,46,46,0,0
RD-1011729,True,34,31,1,1
RD-1011730,True,25,23,1,1
RD-1011731,True,31,30,1,0
RD-1011732,True,36,34,1,0
RD-1011733,True,25,25,0,0
RD-1011734,True,14,12,2,0
RD-1011735,True,38,36,1,0
RD-1011736,True,36,33,1,2
RD-1011737,True,24,22,1,0
RD-1011738,True,43,42,1,0
RD-1011739,True,25,24,0,0
RD-1011740,True,38,36,2,0
RD-1011741,True,28,27,0,0
RD-1011742,True,31,31,0,0
RD-1011743,True,23,22,0,0
RD-1011744,True,25,24,1,0
RD-1011745,True,29,28,0,1
RD-1011746,True,48,46,1,1
RD-1011747,True,2,2,0,0
RD-1011748,True,32,30,2,0
RD-1011749,True,24,21,1,2
RD-1011750,True,25,25,0,0
RD-1011751,True,32,32,0,0
RD-1011752,True,37,36,0,0
RD-1011753,True,28,28,0,0
RD-1011754,True,27,27,0,0
RD-1011755,True,35,34,0,1
RD-1011756,True,34,33,0,1
RD-1011757,True,18,17,1,0
RD-1011758,True,29,26,2,1
RD-1011759,True,7,7,0,0
RD-1011760,True,14,13,1,0
RD-1011761,True,35,34,1,0
RD-1011762,True,23,23,0,0
RD-1011763,True,25,24,1,0
RD-1011764,True,30,30,0,0
RD-1011765,True,33,33,0,0
RD-1011766,True,32,30,1,0
RD-1011767,True,18,15,3,0
RD-1011768,True,24,24,0,0
RD-1011769,True,36,35,0,1
RD-1011770,True,50,50,0,0
RD-1011771,True,30,30,0,0
RD-1011772,True,38,38,0,0
RD-1011773,True,26,26,0,0
RD-1011774,True,5,4,1,0
RD-1011775,True,28,25,2,1
RD-1011776,True,39,39,0,0
RD-1011777,True,51,50,0,0
RD-1011778,True,33,32,1,0
RD-1011779,True,62,61,0,0
RD-1011780,True,28,26,2,0
RD-1011781,False,1,1,0,0
RD-1011782,True,32,31,0,1
RD-1011783,True,32,30,0,1
RD-1011784,True,37,36,0,1
RD-1011785,True,35,33,1,1
RD-1011786,True,32,30,2,0
RD-1011787,True,30,28,2,0
RD-1011788,True,22,20,1,1
RD-1011789,True,29,29,0,0
RD-1011790,True,34,32,1,0
RD-1011791,True,31,30,1,0
RD-1011792,True,38,37,1,0
RD-1011793,True,30,29,0,1
RD-1011794,True,24,23,0,0
RD-1011795,True,19,15,2,2
RD-1011796,True,29,26,1,1
RD-1011797,True,30,30,0,0
RD-1011798,True,12,12,0,0
RD-1011799,True,50,48,2,0
RD-1011800,True,28,26,1,1
RD-1011801,True,32,31,1,0
RD-1011802,True,27,27,0,0
RD-1011803,True,27,26,0,1
RD-1011804,True,31,29,0,1
RD-1011805,True,35,32,2,1
RD-1011806,True,31,30,0,1
RD-1011807,True,28,28,0,0
RD-1011808,True,28,27,1,0
RD-1011809,True,25,24,0,0
RD-1011810,True,33,31,2,0
RD-1011811,True,46,41,2,0
RD-1011812,True,43,43,0,0
RD-1011813,True,24,24,0,0
RD-1011814,True,36,35,1,0
RD-1011815,True,33,32,0,1
RD-1011816,True,34,34,0,0
RD-1011817,True,29,28,1,0
RD-1011818,True,31,30,0,1
RD-1011819,True,36,35,1,0
RD-1011820,True,25,24,0,0
RD-1011821,True,26,25,0,0
RD-1011822,True,35,33,1,1
RD-1011823,True,39,37,1,1
RD-1011824,True,34,30,3,1
RD-1011825,True,34,32,2,0
RD-1011826,True,25,23,1,1
RD-1011827,True,43,41,2,0
RD-1011828,True,33,31,2,0
RD-1011829,True,16,16,0,0
RD-1011830,True,31,29,0,1
RD-1011831,True,43,42,0,1
RD-1011832,True,34,33,0,1
RD-1011833,True,26,25,0,1
RD-1011834,True,25,23,2,0
RD-1011835,True,22,21,0,0
RD-1011836,True,40,37,1,2
RD-1011837,True,34,33,0,0
RD-1011838,True,39,38,0,0
RD-1011839,True,26,25,1,0
RD-1011840,True,20,18,1,1
RD-1011841,True,27,27,0,0
RD-1011842,True,33,33,0,0
RD-1011843,True,31,30,0,0
RD-1011844,True,35,34,1,0
RD-1011845,True,25,23,1,1
RD-1011846,True,20,20,0,0
RD-1011847,True,27,26,0,0
RD-1011848,True,33,30,2,1
RD-1011849,True,30,30,0,0
RD-1011850,True,27,27,0,0
RD-1011851,True,24,22,0,2
RD-1011852,True,46,46,0,0
RD-1011853,True,27,26,0,0
RD-1011854,True,32,30,0,1
RD-1011855,True,28,27,1,0
RD-1011856,True,28,28,0,0
RD-1011857,True,34,31,2,1
RD-1011858,True,32,30,1,0
RD-1011859,True,31,29,2,0
RD-1011860,True,22,21,1,0
RD-1011861,True,30,29,0,1
RD-1011862,True,42,39,2,0
RD-1011863,True,49,48,1,0
RD-1011864,True,48,46,1,1
RD-1011865,True,37,37,0,0
RD-1011866,True,26,25,0,1
RD-1011867,True,26,25,1,0
RD-1011868,True,32,32,0,0
RD-1011869,True,55,53,1,1
RD-1011870,True,2,2,0,0
RD-1011871,True,23,22,1,0
RD-1011872,True,35,28,7,0
RD-1011873,True,33,33,0,0
RD-1011874,True,44,43,1,0
RD-1011875,True,34,31,0,3
RD-1011876,True,27,27,0,0
RD-1011877,True,53,50,1,1
RD-1011878,True,27,27,0,0
RD-1011879,True,20,19,0,1
RD-1011880,True,27,27,0,0
RD-1011881,True,28,28,0,0
RD-1011882,True,18,15,2,1
RD-1011883,True,22,20,2,0
RD-1011884,True,31,28,3,0
RD-1011885,True,29,26,1,1
RD-1011886,True,22,21,1,0
RD-1011887,True,29,28,1,0
RD-1011888,True,30,30,0,0
RD-1011889,True,26,26,0,0
RD-1011890,True,38,36,1,0
RD-1011891,True,22,20,2,0
RD-1011892,True,29,27,2,0
RD-1011893,True,27,24,2,1
RD-1011894,True,20,20,0,0
RD-1011895,True,51,50,1,0
RD-1011896,True,20,19,1,0
RD-1011897,True,51,50,1,0
RD-1011898,True,4,4,0,0
RD-1011899,True,28,28,0,0
RD-1011900,True,36,36,0,0
RD-1011901,True,27,26,0,1
RD-1011902,True,21,19,0,2
RD-1011903,True,34,34,0,0
RD-1011904,True,22,21,1,0
RD-1011905,True,29,27,0,0
RD-1011906,True,34,34,0,0
RD-1011907,True,9,9,0,0
RD-1011908,True,31,28,0,1
RD-1011909,True,38,34,1,1
RD-1011910,True,27,26,1,0
RD-1011911,True,6,6,0,0
RD-1011912,True,33,33,0,0
RD-1011913,True,9,8,0,1
RD-1011914,True,50,48,1,1
RD-1011915,True,53,49,2,1
RD-1011916,True,32,29,2,0
RD-1011917,True,2,2,0,0
RD-1011918,True,32,30,1,1
RD-1011919,True,22,21,0,0
RD-1011920,True,8,6,1,1
RD-1011921,True,24,22,2,0
RD-1011922,True,37,36,1,0
RD-1011923,True,25,24,1,0
RD-1011924,True,41,40,1,0
RD-1011925,True,25,24,0,1
RD-1011926,True,27,27,0,0
RD-1011927,True,33,28,4,1
RD-1011928,True,33,32,0,0
RD-1011929,True,25,24,0,0
RD-1011930,True,45,41,1,0
RD-1011931,True,48,46,0,1
RD-1011932,True,20,20,0,0
RD-1011933,True,34,33,1,0
RD-1011934,True,45,44,1,0
RD-1011935,True,47,47,0,0
RD-1011936,True,37,33,2,2
RD-1011937,True,25,24,0,1
RD-1011938,True,46,42,1,3
RD-1011939,True,34,34,0,0
RD-1011940,True,24,23,0,1
RD-1011941,True,26,24,1,1
RD-1011942,True,5,5,0,0
RD-1011943,True,53,50,1,1
RD-1011944,True,38,37,1,0
RD-1011945,True,32,32,0,0
RD-1011946,True,23,21,1,1
RD-1011947,True,24,24,0,0
RD-1011948,True,29,29,0,0
RD-1011949,True,33,33,0,0
RD-1011950,True,11,11,0,0
RD-1011951,True,29,24,5,0
RD-1011952,True,7,7,0,0
RD-1011953,True,53,50,2,1
RD-1011954,False,2,2,0,0
RD-1011955,True,32,31,0,1
RD-1011956,True,23,23,0,0
RD-1011957,True,37,37,0,0
RD-1011958,True,30,28,2,0
RD-1011959,True,28,28,0,0
RD-1011960,True,20,20,0,0
RD-1011961,True,24,24,0,0
RD-1011962,True,48,46,0,1
RD-1011963,True,25,24,0,1
RD-1011964,True,26,25,0,1
RD-1011965,True,33,31,1,0
RD-1011966,True,36,35,0,0
RD-1011967,True,25,24,1,0
RD-1011968,True,34,32,1,1
RD-1011969,True,33,32,0,0
RD-1011970,True,32,31,0,1
RD-1011971,True,41,39,2,0
RD-1011972,True,30,29,0,1
RD-1011973,True,41,38,0,2
RD-1011974,True,27,26,0,1
RD-1011975,True,30,28,1,1
RD-1011976,True,24,23,1,0
RD-1011977,True,30,29,0,0
RD-1011978,True,16,15,0,1
RD-1011979,True,23,23,0,0
RD-1011980,True,30,28,1,0
RD-1011981,True,36,35,0,0
RD-1011982,True,49,46,2,0
RD-1011983,True,41,40,1,0
RD-1011984,True,30,28,2,0
RD-1011985,True,37,37,0,0
RD-1011986,True,24,21,2,0
RD-1011987,True,27,24,2,1
RD-1011988,True,29,27,2,0
RD-1011989,True,34,33,0,0
RD-1011990,True,27,24,2,1
RD-1011991,True,21,21,0,0
RD-1011992,True,7,6,0,1
RD-1011993,True,40,38,0,1
RD-1011994,True,27,27,0,0
RD-1011995,True,16,13,1,2
RD-1011996,True,31,25,5,1
RD-1011998,True,26,26,0,0
RD-1011999,True,46,42,4,0
RD-1012000,True,24,23,1,0
RD-1012001,True,34,33,1,0
RD-1012002,True,32,31,1,0
RD-1012003,True,20,17,0,3
RD-1012004,True,36,36,0,0
RD-1012005,True,33,33,0,0
RD-1012006,True,49,48,1,0
RD-1012007,True,31,29,1,1
RD-1012008,True,37,36,0,0
RD-1012009,True,27,25,0,0
RD-1012010,True,31,29,2,0
RD-1012011,True,11,10,1,0
RD-1012012,True,31,31,0,0
RD-1012013,True,30,29,1,0
RD-1012014,True,25,23,2,0
RD-1012015,True,24,21,2,0
RD-1012016,True,7,7,0,0
RD-1012017,True,29,29,0,0
RD-1012018,True,8,8,0,0
RD-1012019,True,23,23,0,0
RD-1012020,True,27,25,1,1
RD-1012021,True,28,27,0,1
RD-1012022,True,47,44,1,1
RD-1012023,True,36,35,0,0
RD-1012024,True,21,16,2,2
RD-1012025,True,31,27,2,2
RD-1012026,True,27,27,0,0
RD-1012027,True,33,32,1,0
RD-1012028,False,1,1,0,0
RD-1012029,True,23,22,0,1
RD-1012030,True,36,35,1,0
RD-1012031,True,22,21,0,1
RD-1012032,True,31,31,0,0
RD-1012033,True,26,23,1,2
RD-1012034,True,20,19,1,0
RD-1012035,True,42,41,0,1
RD-1012036,True,27,26,1,0
RD-1012037,True,30,28,1,1
RD-1012038,True,28,27,1,0
RD-1012039,True,26,26,0,0
RD-1012040,True,25,22,2,1
RD-1012041,True,41,40,0,0
RD-1012042,True,22,20,1,0
RD-1012043,True,28,28,0,0
RD-1012044,True,30,29,1,0
RD-1012045,True,34,33,1,0
RD-1012046,True,5,5,0,0
RD-1012047,True,33,32,0,1
RD-1012048,True,34,31,1,1
RD-1012049,True,28,28,0,0
RD-1012050,True,39,38,1,0
RD-1012051,True,54,53,1,0
RD-1012052,True,32,30,0,1
RD-1012053,True,31,31,0,0
RD-1012054,True,30,30,0,0
RD-1012055,True,26,22,3,1
RD-1012056,True,32,30,0,1
RD-1012057,True,5,5,0,0
RD-1012058,True,25,25,0,0
RD-1012059,True,27,27,0,0
RD-1012060,True,34,32,1,1
RD-1012061,True,46,44,0,1
RD-1012062,True,43,38,4,1
RD-1012063,True,36,35,0,0
RD-1012064,True,25,25,0,0
RD-1012065,True,13,13,0,0
RD-1012066,True,23,23,0,0
RD-1012067,True,31,31,0,0
RD-1012068,True,18,17,1,0
RD-1012069,True,30,30,0,0
RD-1012070,True,36,35,1,0
RD-1012071,True,23,22,0,1
RD-1012072,True,38,35,1,0
RD-1012073,True,36,34,2,0
RD-1012074,True,39,37,1,1
RD-1012075,True,25,24,1,0
RD-1012076,True,52,49,1,1
RD-1012077,True,7,6,0,1
RD-1012078,True,36,35,1,0
RD-1012079,True,30,30,0,0
RD-1012080,True,35,35,0,0
RD-1012081,True,28,28,0,0
RD-1012082,True,35,32,0,1
RD-1012083,True,31,29,2,0
RD-1012084,True,26,26,0,0
RD-1012085,True,25,23,2,0
RD-1012086,True,39,39,0,0
RD-1012087,True,11,10,1,0
RD-1012088,True,28,28,0,0
RD-1012089,True,28,24,2,1
RD-1012090,True,46,45,1,0
RD-1012091,True,30,27,2,1
RD-1012092,True,35,35,0,0
RD-1012093,True,39,34,2,2
RD-1012094,True,18,18,0,0
RD-1012095,True,30,29,0,0
RD-1012096,True,37,34,1,2
RD-1012097,True,24,22,2,0
RD-1012098,True,27,26,1,0
RD-1012099,True,21,18,3,0
RD-1012100,True,25,24,0,1
RD-1012101,True,26,26,0,0
RD-1012102,True,28,27,0,0
RD-1012103,True,27,27,0,0
RD-1012104,True,41,41,0,0
RD-1012105,True,8,8,0,0
RD-1012106,True,36,35,1,0
RD-1012107,True,24,24,0,0
RD-1012108,True,20,19,1,0
RD-1012109,True,31,29,0,2
RD-1012110,True,18,18,0,0
RD-1012111,True,34,34,0,0
RD-1012112,True,38,35,2,0
RD-1012113,True,26,26,0,0
RD-1012114,True,32,29,3,0
RD-1012115,True,46,46,0,0
RD-1012116,True,18,16,1,1
RD-1012117,True,31,31,0,0
RD-1012118,True,35,34,0,1
RD-1012119,True,28,26,2,0
RD-1012120,True,30,28,2,0
RD-1012121,True,38,38,0,0
RD-1012122,True,44,40,2,1
RD-1012123,True,25,23,1,1
RD-1012124,True,38,35,2,1
RD-1012125,True,25,22,1,1
RD-1012126,True,42,40,1,0
RD-1012127,True,40,37,1,2
RD-1012128,True,35,34,1,0
RD-1012129,True,41,40,0,0
RD-1012130,True,38,38,0,0
RD-1012131,True,36,35,1,0
RD-1012132,True,30,27,3,0
RD-1012133,True,32,31,1,0
RD-1012134,True,32,29,1,1
RD-1012135,True,45,43,1,0
RD-1012136,True,34,34,0,0
RD-1012137,True,19,17,1,1
RD-1012138,True,30,27,3,0
RD-1012139,True,26,25,0,1
RD-1012140,True,37,37,0,0
RD-1012141,True,32,32,0,0
RD-1012142,True,10,10,0,0
RD-1012143,True,52,51,0,1
RD-1012144,True,44,43,0,1
RD-1012145,True,39,38,0,1
RD-1012146,True,40,40,0,0
RD-1012147,True,36,35,0,1
RD-1012148,True,37,37,0,0
RD-1012149,True,23,23,0,0
RD-1012150,True,24,22,1,0
RD-1012151,True,32,31,1,0
RD-1012152,True,21,20,0,1
RD-1012153,True,38,36,1,1
RD-1012154,True,36,29,3,4
RD-1012155,True,37,35,0,0
RD-1012156,True,26,25,1,0
RD-1012157,True,20,20,0,0
RD-1012158,True,24,24,0,0
RD-1012159,True,27,26,0,1
RD-1012160,True,34,32,1,1
RD-1012161,True,21,20,0,1
RD-1012162,True,36,35,1,0
RD-1012163,True,43,42,1,0
RD-1012164,True,47,47,0,0
RD-1012165,True,29,29,0,0
RD-1012166,True,25,24,1,0
RD-1012167,True,25,24,1,0
RD-1012168,True,35,32,3,0
RD-1012169,True,40,36,3,1
RD-1012170,True,28,28,0,0
RD-1012171,True,28,26,2,0
RD-1012172,True,35,35,0,0
RD-1012173,True,55,51,2,1
RD-1012174,True,26,25,0,0
RD-1012175,True,38,37,1,0
RD-1012176,True,45,44,1,0
RD-1012177,True,27,26,0,1
RD-1012178,True,39,38,1,0
RD-1012179,True,37,36,0,0
RD-1012180,True,40,40,0,0
RD-1012181,True,36,36,0,0
RD-1012182,True,33,32,1,0
RD-1012183,True,29,29,0,0
RD-1012184,True,3,3,0,0
RD-1012185,True,28,23,2,3
RD-1012186,True,33,32,1,0
RD-1012187,True,44,44,0,0
RD-1012188,True,13,13,0,0
RD-1012189,True,29,29,0,0
RD-1012190,True,26,25,1,0
RD-1012191,True,23,20,2,1
RD-1012192,True,47,45,2,0
RD-1012193,True,29,25,2,2
RD-1012194,True,34,34,0,0
RD-1012195,True,31,28,3,0
RD-1012196,True,3,3,0,0
RD-1012197,True,29,27,0,2
RD-1012198,True,30,29,1,0
RD-1012199,True,29,26,1,0
RD-1012200,True,13,12,1,0
RD-1012201,True,33,33,0,0
RD-1012202,True,31,30,1,0
RD-1012203,True,26,26,0,0
RD-1012204,True,24,24,0,0
RD-1012205,True,3,3,0,0
RD-1012206,True,30,25,4,1
RD-1012207,True,29,26,0,0
RD-1012208,True,37,36,0,0
RD-1012209,True,39,37,1,1
RD-1012210,True,36,33,1,0
RD-1012211,True,21,18,2,1
RD-1012212,True,21,19,0,1
RD-1012213,True,2,2,0,0
RD-1012214,True,34,33,1,0
RD-1012215,True,26,26,0,0
RD-1012216,False,2,2,0,0
RD-1012217,True,32,31,1,0
RD-1012218,True,25,24,0,1
RD-1012219,False,2,2,0,0
RD-1012220,False,2,2,0,0
RD-1012221,True,44,43,0,0
RD-1012222,True,24,22,1,0
RD-1012223,True,49,48,0,1
RD-1012224,True,35,33,2,0
RD-1012225,True,18,18,0,0
RD-1012226,True,38,37,1,0
RD-1012227,True,24,24,0,0
RD-1012228,True,45,44,1,0
RD-1012229,True,41,40,0,1
RD-1012230,True,19,17,1,1
RD-1012231,True,58,53,3,1
RD-1012232,True,19,18,1,0
RD-1012233,True,17,17,0,0
RD-1012234,True,25,23,2,0
RD-1012235,True,34,34,0,0
RD-1012236,True,37,35,2,0
RD-1012237,True,38,38,0,0
RD-1012238,True,27,21,4,1
RD-1012239,True,23,23,0,0
RD-1012240,True,31,31,0,0
RD-1012241,True,25,25,0,0
RD-1012242,True,35,32,3,0
RD-1012243,True,19,17,2,0
RD-1012244,True,31,28,1,2
RD-1012245,True,35,34,1,0
RD-1012246,True,28,28,0,0
RD-1012247,True,18,18,0,0
RD-1012248,True,25,24,0,1
RD-1012249,True,31,31,0,0
RD-1012250,True,24,22,0,1
RD-1012251,True,39,38,1,0
RD-1012252,True,35,33,1,1
RD-1012253,True,19,14,3,2
RD-1012254,True,39,37,1,0
RD-1012255,True,27,27,0,0
RD-1012256,True,4,4,0,0
RD-1012257,True,33,31,1,1
RD-1012258,True,38,38,0,0
RD-1012259,True,39,35,2,1
RD-1012260,True,33,31,0,2
RD-1012261,True,40,39,1,0
RD-1012262,True,9,9,0,0
RD-1012263,True,17,17,0,0
RD-1012264,True,26,24,2,0
RD-1012265,True,34,32,1,1
RD-1012266,True,31,31,0,0
RD-1012267,True,30,28,2,0
RD-1012268,True,32,31,1,0
RD-1012269,True,39,36,1,0
RD-1012270,True,40,36,3,0
RD-1012271,True,27,24,3,0
RD-1012272,True,26,24,1,1
RD-1012273,True,31,30,0,1
RD-1012274,True,28,26,1,0
RD-1012275,True,25,22,3,0
RD-1012276,True,35,32,2,1
RD-1012277,True,31,30,0,0
RD-1012278,True,20,20,0,0
RD-1012279,True,18,17,0,0
RD-1012280,True,35,34,0,0
RD-1012281,True,25,25,0,0
RD-1012282,True,48,46,1,0
RD-1012283,True,29,27,0,1
RD-1012284,True,15,15,0,0
RD-1012285,True,30,24,4,2
RD-1012286,True,32,32,0,0
RD-1012287,True,25,24,0,1
RD-1012288,True,29,28,1,0
RD-1012289,True,39,39,0,0
RD-1012290,True,36,35,1,0
RD-1012291,True,21,21,0,0
RD-1012292,True,20,20,0,0
RD-1012293,True,24,22,1,1
RD-1012294,True,34,33,0,1
RD-1012295,True,31,30,1,0
RD-1012296,True,26,24,2,0
RD-1012297,True,32,30,1,1
RD-1012298,True,31,30,1,0
RD-1012299,True,35,35,0,0
RD-1012300,True,16,16,0,0
RD-1012301,True,42,41,0,1
RD-1012302,True,34,33,0,0
RD-1012303,True,25,24,1,0
RD-1012304,True,45,43,1,1
RD-1012305,True,26,26,0,0
RD-1012306,True,37,37,0,0
RD-1012307,True,13,13,0,0
RD-1012308,True,21,20,1,0
RD-1012309,True,43,42,1,0
RD-1012310,True,33,31,1,0
RD-1012311,True,26,26,0,0
RD-1012312,True,29,28,1,0
RD-1012313,True,10,9,1,0
RD-1012314,True,24,23,1,0
RD-1012315,True,42,41,0,1
RD-1012316,True,21,17,3,0
RD-1012317,True,39,36,0,1
RD-1012318,True,5,5,0,0
RD-1012319,True,35,34,1,0
RD-1012320,True,29,26,1,2
RD-1012321,True,33,28,2,3
RD-1012322,True,29,27,2,0
RD-1012323,True,31,31,0,0
RD-1012324,True,26,26,0,0
RD-1012325,True,28,27,1,0
RD-1012326,True,36,35,0,1
RD-1012327,True,34,32,2,0
RD-1012328,True,42,40,1,1
RD-1012329,True,24,22,2,0
RD-1012330,True,26,20,3,1
RD-1012331,True,30,28,2,0
RD-1012332,True,16,15,1,0
RD-1012333,True,21,21,0,0
RD-1012334,True,12,10,2,0
RD-1012335,True,35,35,0,0
RD-1012336,True,5,4,1,0
RD-1012337,True,37,36,0,1
RD-1012338,True,39,38,1,0
RD-1012339,True,29,29,0,0
RD-1012340,True,28,27,0,0
RD-1012341,True,37,35,1,0
RD-1012342,True,32,31,0,1
RD-1012343,True,34,32,0,1
RD-1012344,True,28,27,0,1
RD-1012345,True,33,33,0,0
RD-1012346,True,13,12,1,0
RD-1012347,True,39,38,1,0
RD-1012348,True,35,35,0,0
RD-1012349,True,44,42,2,0
RD-1012350,True,50,49,1,0
RD-1012351,True,48,44,2,1
RD-1012352,True,44,41,2,1
RD-1012353,True,31,29,1,1
RD-1012354,True,45,44,0,1
RD-1012355,True,24,22,2,0
RD-1012356,True,17,14,0,3
RD-1012357,True,28,27,0,0
RD-1012358,True,20,20,0,0
RD-1012359,True,35,34,0,1
RD-1012360,True,25,24,0,1
RD-1012361,True,29,27,2,0
RD-1012362,True,30,29,1,0
RD-1012363,True,2,2,0,0
RD-1012364,True,21,21,0,0
RD-1012365,True,36,34,0,1
RD-1012366,True,37,37,0,0
RD-1012367,True,21,20,1,0
RD-1012368,True,47,45,0,2
RD-1012369,True,37,35,1,1
RD-1012370,True,36,35,1,0
RD-1012371,True,29,27,2,0
RD-1012372,True,26,26,0,0
RD-1012373,True,16,16,0,0
RD-1012374,True,34,33,1,0
RD-1012375,True,28,27,0,1
RD-1012376,True,29,28,0,0
RD-1012377,True,23,22,1,0
RD-1012378,True,31,29,1,1
RD-1012379,True,21,20,0,1
RD-1012380,True,36,34,1,1
RD-1012381,True,27,23,2,2
RD-1012382,True,31,30,0,0
RD-1012383,True,40,39,1,0
RD-1012384,True,30,29,0,1
RD-1012385,True,27,22,1,2
RD-1012386,True,30,29,1,0
RD-1012387,True,43,41,1,1
RD-1012388,True,18,16,1,1
RD-1012389,True,20,20,0,0
RD-1012390,True,34,31,2,0
RD-1012391,True,30,27,1,2
RD-1012392,True,30,29,0,1
RD-1012393,True,42,40,1,0
RD-1012394,True,37,34,1,2
RD-1012395,True,29,29,0,0
RD-1012396,True,14,14,0,0
RD-1012397,True,28,27,1,0
RD-1012398,True,27,27,0,0
RD-1012399,True,21,19,1,1
RD-1012400,True,30,30,0,0
RD-1012401,True,33,30,2,1
RD-1012402,True,32,27,4,1
RD-1012403,True,39,37,2,0
RD-1012404,True,41,39,0,1
RD-1012405,True,39,38,0,1
RD-1012406,True,50,48,2,0
RD-1012407,True,43,41,1,0
RD-1012408,True,28,27,1,0
RD-1012409,True,19,19,0,0
RD-1012410,True,19,19,0,0
RD-1012411,True,4,4,0,0
RD-1012412,True,29,28,1,0
RD-1012413,True,43,42,0,0
RD-1012414,True,27,25,2,0
RD-1012415,True,35,34,1,0
RD-1012416,True,48,48,0,0
RD-1012417,True,38,38,0,0
RD-1012418,True,33,31,2,0
RD-1012419,True,28,28,0,0
RD-1012420,True,25,24,0,0
RD-1012421,True,34,30,1,0
RD-1012422,True,32,28,1,3
RD-1012423,True,20,18,1,0
RD-1012424,True,56,55,0,1
RD-1012425,True,32,28,3,1
RD-1012426,True,28,26,1,1
RD-1012427,True,25,25,0,0
RD-1012428,True,30,27,0,3
RD-1012429,True,30,29,1,0
RD-1012430,True,22,21,0,0
RD-1012431,True,50,50,0,0
RD-1012432,True,31,28,1,1
RD-1012433,True,28,26,1,1
RD-1012434,True,51,48,2,0
RD-1012435,True,38,38,0,0
RD-1012436,True,24,22,0,2
RD-1012437,True,37,33,1,2
RD-1012438,True,32,32,0,0
RD-1012439,True,39,37,1,1
RD-1012440,True,29,27,1,1
RD-1012441,True,40,38,0,2
RD-1012442,True,31,31,0,0
RD-1012443,True,30,27,2,0
RD-1012444,True,35,35,0,0
RD-1012445,True,39,37,0,1
RD-1012446,True,31,29,2,0
RD-1012447,True,26,24,1,0
RD-1012448,True,26,26,0,0
RD-1012449,False,2,1,0,0
RD-1012450,True,24,24,0,0
RD-1012451,True,32,32,0,0
RD-1012452,True,25,25,0,0
RD-1012453,True,33,33,0,0
RD-1012454,True,30,30,0,0
RD-1012455,True,23,23,0,0
RD-1012456,True,33,31,2,0
RD-1012457,True,9,8,1,0
RD-1012458,True,34,33,1,0
RD-1012459,True,32,31,1,0
RD-1012460,True,45,42,3,0
RD-1012461,True,36,36,0,0
RD-1012462,True,24,24,0,0
RD-1012463,True,37,36,1,0
RD-1012464,True,46,44,0,1
RD-1012465,True,28,27,1,0
RD-1012466,True,31,29,2,0
RD-1012467,True,35,33,1,1
RD-1012468,True,33,33,0,0
RD-1012469,True,24,24,0,0
RD-1012470,True,12,12,0,0
RD-1012471,True,29,26,0,3
RD-1012472,True,26,26,0,0
RD-1012473,True,4,3,1,0
RD-1012474,True,29,28,0,1
RD-1012475,True,21,21,0,0
RD-1012476,True,50,48,2,0
RD-1012477,True,34,31,2,1
RD-1012478,True,27,26,0,1
RD-1012479,True,33,32,1,0
RD-1012480,True,29,28,0,0
RD-1012481,True,25,24,1,0
RD-1012482,True,15,13,0,2
RD-1012483,True,32,32,0,0
RD-1012484,True,25,24,0,1
RD-1012485,True,32,31,1,0
RD-1012486,True,41,39,0,0
RD-1012487,True,34,34,0,0
RD-1012488,True,26,26,0,0
RD-1012489,True,38,38,0,0
RD-1012490,True,34,30,2,1
RD-1012491,True,33,32,0,1
RD-1012492,True,37,36,0,1
RD-1012493,True,34,33,0,1
RD-1012494,True,31,30,1,0
RD-1012495,True,30,29,0,1
RD-1012496,True,31,31,0,0
RD-1012497,True,31,30,0,1
RD-1012498,True,33,32,0,0
RD-1012499,True,36,34,2,0
RD-1012500,True,27,27,0,0
RD-1012501,True,41,40,1,0
RD-1012502,True,45,43,0,1
RD-1012503,True,42,42,0,0
RD-1012504,True,29,29,0,0
RD-1012505,True,23,21,0,2
RD-1012506,True,23,22,0,1
RD-1012507,True,14,13,0,0
RD-1012508,True,29,29,0,0
RD-1012509,True,48,47,0,1
RD-1012510,True,24,23,1,0
RD-1012511,True,31,30,1,0
RD-1012512,True,30,29,1,0
RD-1012513,True,35,32,3,0
RD-1012514,True,27,26,1,0
RD-1012515,True,30,28,2,0
RD-1012516,True,24,24,0,0
RD-1012517,True,44,42,2,0
RD-1012518,True,19,17,0,2
RD-1012519,True,26,26,0,0
RD-1012520,True,21,21,0,0
RD-1012521,True,42,42,0,0
RD-1012522,True,50,49,1,0
RD-1012523,True,57,55,0,1
RD-1012524,True,29,26,2,1
RD-1012525,True,32,31,0,1
RD-1012526,True,27,27,0,0
RD-1012527,True,28,26,1,1
RD-1012528,True,27,23,2,2
RD-1012529,True,34,31,1,2
RD-1012530,True,34,33,1,0
RD-1012531,True,43,41,0,1
RD-1012532,True,33,32,0,1
RD-1012533,True,27,26,0,1
RD-1012534,True,39,36,2,0
RD-1012535,True,30,27,1,2
RD-1012536,True,23,19,2,2
RD-1012537,True,28,27,0,0
RD-1012538,True,36,35,0,0
RD-1012539,True,40,39,0,1
RD-1012540,True,19,18,0,0
RD-1012541,True,29,28,1,0
RD-1012542,True,40,36,1,3
RD-1012543,True,20,18,1,1
RD-1012544,True,32,32,0,0
RD-1012545,True,33,31,2,0
RD-1012546,True,41,40,0,0
RD-1012547,True,26,26,0,0
RD-1012548,True,43,41,0,2
RD-1012549,True,46,45,1,0
RD-1012550,True,34,32,1,1
RD-1012551,True,39,37,0,1
RD-1012552,True,36,34,1,1
RD-1012553,True,36,35,1,0
RD-1012554,True,31,30,1,0
RD-1012555,True,39,38,0,0
RD-1012556,True,27,26,1,0
RD-1012557,True,25,23,0,1
RD-1012558,True,29,26,2,1
RD-1012559,True,43,41,1,1
RD-1012560,True,31,31,0,0
RD-1012561,True,28,26,0,2
RD-1012562,True,23,23,0,0
RD-1012563,True,5,5,0,0
RD-1012564,True,22,20,0,0
RD-1012565,True,25,24,0,0
RD-1012566,True,27,26,1,0
RD-1012567,True,25,24,1,0
RD-1012568,True,28,26,1,0
RD-1012569,True,30,29,1,0
RD-1012570,True,28,25,1,2
RD-1012571,True,17,15,2,0
RD-1012572,True,22,19,0,1
RD-1012573,True,32,30,0,2
RD-1012574,True,38,37,1,0
RD-1012575,True,22,22,0,0
RD-1012576,True,21,20,1,0
RD-1012577,True,41,38,2,1
RD-1012578,True,47,47,0,0
RD-1012579,True,50,49,0,1
RD-1012580,True,30,28,2,0
RD-1012581,True,26,25,0,1
RD-1012582,True,45,43,1,1
RD-1012583,True,24,24,0,0
RD-1012584,True,23,22,0,1
RD-1012585,True,33,33,0,0
RD-1012586,True,36,34,0,0
RD-1012587,True,32,32,0,0
RD-1012588,True,22,21,1,0
RD-1012589,True,34,34,0,0
RD-1012590,True,40,37,1,0
RD-1012591,True,37,36,0,1
RD-1012592,True,29,28,1,0
RD-1012593,True,40,38,2,0
RD-1012594,True,25,24,0,1
RD-1012595,True,27,26,0,1
RD-1012596,True,37,36,1,0
RD-1012597,True,32,30,2,0
RD-1012598,True,20,18,0,1
RD-1012599,True,41,37,2,2
RD-1012600,True,27,25,0,0
RD-1012601,True,19,17,2,0
RD-1012602,True,28,26,1,0
RD-1012603,True,27,25,1,0
RD-1012604,True,37,37,0,0
RD-1012605,True,40,38,1,1
RD-1012606,True,32,31,1,0
RD-1012607,True,35,35,0,0
RD-1012608,True,35,27,7,1
RD-1012609,True,40,39,0,1
RD-1012610,True,26,26,0,0
RD-1012611,True,29,25,2,1
RD-1012612,True,25,25,0,0
RD-1012613,True,47,45,0,0
RD-1012614,True,2,2,0,0
RD-1012615,True,31,30,0,0
RD-1012616,True,37,36,0,1
RD-1012617,True,46,44,1,0
RD-1012618,True,28,27,1,0
RD-1012619,True,22,21,1,0
RD-1012620,True,3,3,0,0
RD-1012621,True,27,27,0,0
RD-1012622,True,28,24,2,2
RD-1012623,True,23,23,0,0
RD-1012624,True,26,25,0,0
RD-1012625,True,21,19,2,0
RD-1012626,True,22,21,1,0
RD-1012627,True,25,24,1,0
RD-1012628,True,20,17,3,0
RD-1012629,True,47,47,0,0
RD-1012630,True,43,42,1,0
RD-1012631,True,38,38,0,0
RD-1012632,True,28,25,3,0
RD-1012633,True,12,10,1,1
RD-1012634,True,44,41,1,0
RD-1012635,True,48,48,0,0
RD-1012636,True,21,20,0,0
RD-1012637,True,27,26,0,0
RD-1012638,True,49,42,5,1
RD-1012639,True,14,13,0,1
RD-1012640,True,30,28,1,1
RD-1012641,True,27,27,0,0
RD-1012642,True,38,35,2,1
RD-1012643,True,43,41,1,0
RD-1012644,True,22,22,0,0
RD-1012645,True,32,32,0,0
RD-1012646,True,26,26,0,0
RD-1012647,True,28,27,1,0
RD-1012648,True,54,54,0,0
RD-1012649,True,34,31,2,0
RD-1012650,False,1,1,0,0
RD-1012651,True,25,24,0,0
RD-1012652,True,4,4,0,0
RD-1012653,True,24,24,0,0
RD-1012654,True,35,35,0,0
RD-1012655,True,28,27,0,0
RD-1012656,True,30,29,1,0
RD-1012657,True,2,2,0,0
RD-1012658,True,8,8,0,0
RD-1012659,True,44,42,1,0
RD-1012660,True,30,29,1,0
RD-1012661,True,26,24,1,1
RD-1012662,True,24,22,0,0
RD-1012663,True,26,25,0,0
RD-1012664,True,47,46,1,0
RD-1012665,True,30,29,1,0
RD-1012666,True,41,40,0,0
RD-1012667,True,36,36,0,0
RD-1012668,True,26,25,1,0
RD-1012669,True,39,38,0,1
RD-1012670,True,25,25,0,0
RD-1012671,True,25,25,0,0
RD-1012672,True,8,8,0,0
RD-1012673,True,28,27,0,0
RD-1012674,True,38,37,0,1
RD-1012675,True,32,32,0,0
RD-1012676,True,28,26,1,1
RD-1012677,True,46,46,0,0
RD-1012678,True,28,27,0,0
RD-1012679,True,10,10,0,0
RD-1012680,True,24,22,1,1
RD-1012681,True,19,19,0,0
RD-1012682,True,24,24,0,0
RD-1012683,True,47,46,0,0
RD-1012684,True,31,29,1,1
RD-1012685,True,34,33,1,0
RD-1012686,True,39,35,2,0
RD-1012687,True,27,25,2,0
RD-1012688,True,47,47,0,0
RD-1012689,True,32,32,0,0
RD-1012690,True,33,31,0,1
RD-1012691,True,34,33,1,0
RD-1012692,True,4,4,0,0
RD-1012693,True,12,11,1,0
RD-1012694,True,30,28,1,1
RD-1012695,True,39,37,1,0
RD-1012696,True,33,33,0,0
RD-1012697,True,17,17,0,0
RD-1012698,True,37,35,1,1
RD-1012699,True,32,31,1,0
RD-1012700,True,44,42,1,0
RD-1012701,True,32,30,0,2
RD-1012702,True,31,30,0,1
RD-1012703,True,39,38,0,1
RD-1012704,True,5,5,0,0
RD-1012705,True,37,37,0,0
RD-1012706,True,37,36,1,0
RD-1012707,True,44,44,0,0
RD-1012708,True,42,41,0,1
RD-1012709,True,26,24,2,0
RD-1012710,True,54,52,1,1
RD-1012711,True,21,17,2,1
RD-1012712,True,40,37,2,1
RD-1012713,True,30,28,0,0
RD-1012714,True,39,38,1,0
RD-1012715,True,38,37,0,0
RD-1012716,True,29,26,2,1
RD-1012717,True,28,26,1,0
RD-1012718,True,37,36,0,0
RD-1012719,True,25,25,0,0
RD-1012720,True,27,27,0,0
RD-1012721,True,21,20,1,0
RD-1012722,True,29,28,1,0
RD-1012723,True,14,14,0,0
RD-1012724,True,20,19,1,0
RD-1012725,True,27,26,0,1
RD-1012726,True,47,44,1,1
RD-1012727,True,32,31,1,0
RD-1012728,True,28,27,0,1
RD-1012729,True,34,32,0,0
RD-1012730,True,44,41,1,1
RD-1012731,True,29,24,3,2
RD-1012732,True,44,43,1,0
RD-1012733,True,40,36,0,4
RD-1012734,True,4,4,0,0
RD-1012735,True,26,25,0,1
RD-1012736,True,36,35,1,0
RD-1012737,True,26,24,0,1
RD-1012738,True,32,30,0,1
RD-1012739,True,11,9,1,1
RD-1012740,True,61,56,3,1
RD-1012741,True,35,33,1,1
RD-1012742,True,28,28,0,0
RD-1012743,True,28,27,1,0
RD-1012744,True,31,31,0,0
RD-1012745,True,22,21,0,0
RD-1012746,True,27,25,1,0
RD-1012747,True,32,32,0,0
RD-1012748,True,34,31,3,0
RD-1012749,True,42,41,1,0
RD-1012750,True,30,29,0,1
RD-1012751,True,28,27,1,0
RD-1012752,True,25,24,1,0
RD-1012753,True,30,28,1,1
RD-1012754,True,18,16,1,1
RD-1012755,True,27,26,1,0
RD-1012756,True,30,30,0,0
RD-1012757,True,31,30,0,1
RD-1012758,True,40,38,1,1
RD-1012759,True,39,37,1,0
RD-1012760,True,29,29,0,0
RD-1012761,True,42,40,0,2
RD-1012762,True,50,45,2,1
RD-1012763,True,34,32,1,1
RD-1012764,True,30,25,5,0
RD-1012765,True,30,26,3,1
RD-1012766,True,21,19,0,0
RD-1012767,True,29,27,0,1
RD-1012768,True,18,17,1,0
RD-1012769,True,21,21,0,0
RD-1012770,True,24,24,0,0
RD-1012771,True,27,25,1,0
RD-1012772,True,5,5,0,0
RD-1012773,True,27,26,1,0
RD-1012774,True,18,17,0,1
RD-1012775,True,32,30,0,1
RD-1012776,True,9,9,0,0
RD-1012777,True,30,29,0,0
RD-1012778,True,28,27,0,0
RD-1012779,True,51,47,3,1
RD-1012780,True,32,32,0,0
RD-1012781,True,32,31,0,1
RD-1012782,True,25,24,1,0
RD-1012783,True,25,24,0,1
RD-1012784,True,28,25,1,1
RD-1012785,True,38,34,2,1
RD-1012786,True,39,37,0,0
RD-1012787,True,23,22,0,0
RD-1012788,True,49,47,1,1
RD-1012789,True,11,7,3,1
RD-1012790,True,40,39,0,0
RD-1012791,True,35,32,1,1
RD-1012792,True,31,27,3,0
RD-1012793,True,41,40,1,0
RD-1012794,True,25,25,0,0
RD-1012795,True,22,22,0,0
RD-1012796,True,19,18,1,0
RD-1012797,True,4,4,0,0
RD-1012798,True,31,31,0,0
RD-1012799,True,25,23,1,1
RD-1012800,True,32,31,0,1
RD-1012801,True,43,41,0,1
RD-1012802,True,46,46,0,0
RD-1012803,True,8,8,0,0
RD-1012804,True,7,7,0,0
RD-1012805,True,53,49,2,2
RD-1012806,True,36,33,1,2
RD-1012807,True,36,31,2,3
RD-1012808,True,32,32,0,0
RD-1012809,True,34,33,0,0
RD-1012810,True,33,31,1,0
RD-1012811,True,4,3,0,1
RD-1012812,True,10,9,1,0
RD-1012813,True,25,23,2,0
RD-1012814,True,51,50,1,0
RD-1012815,True,45,42,1,1
RD-1012816,True,29,29,0,0
RD-1012817,True,17,17,0,0
RD-1012818,True,32,29,2,1
RD-1012819,True,31,29,2,0
RD-1012820,True,29,29,0,0
RD-1012821,True,27,27,0,0
RD-1012822,True,41,40,0,0
RD-1012823,True,32,31,0,0
RD-1012824,True,25,25,0,0
RD-1012825,True,17,15,2,0
RD-1012826,True,31,30,1,0
RD-1012827,True,26,24,1,0
RD-1012828,True,33,31,0,1
RD-1012829,True,24,23,0,0
RD-1012830,True,35,34,1,0
RD-1012831,True,32,31,0,1
RD-1012832,True,28,28,0,0
RD-1012833,True,33,33,0,0
RD-1012834,True,28,27,1,0
RD-1012835,True,27,25,1,1
RD-1012836,True,28,25,0,2
RD-1012837,True,30,28,2,0
RD-1012838,True,33,33,0,0
RD-1012839,True,16,14,1,1
RD-1012840,True,29,28,0,0
RD-1012841,True,26,25,1,0
RD-1012842,True,12,12,0,0
RD-1012843,True,38,36,1,1
RD-1012844,True,28,27,0,0
RD-1012845,True,28,28,0,0
RD-1012846,True,46,40,3,1
RD-1012847,True,31,29,1,1
RD-1012848,True,19,16,1,2
RD-1012849,True,24,24,0,0
RD-1012850,True,23,22,0,1
RD-1012851,True,35,34,1,0
RD-1012852,True,10,10,0,0
RD-1012853,True,27,25,2,0
RD-1012854,True,47,46,1,0
RD-1012855,True,36,35,1,0
RD-1012856,True,38,35,1,2
RD-1012857,True,28,28,0,0
RD-1012858,True,3,3,0,0
RD-1012859,True,2,2,0,0
RD-1012860,True,41,41,0,0
RD-1012861,True,45,43,0,1
RD-1012862,True,34,33,0,1
RD-1012863,True,36,36,0,0
RD-1012864,True,24,24,0,0
RD-1012865,True,35,34,1,0
RD-1012866,True,26,26,0,0
RD-1012867,True,42,38,1,1
RD-1012868,True,24,19,0,4
RD-1012869,True,43,41,1,1
RD-1012870,True,34,32,2,0
RD-1012871,True,30,30,0,0
RD-1012872,True,46,46,0,0
RD-1012873,True,32,32,0,0
RD-1012874,True,33,32,1,0
RD-1012875,True,26,25,1,0
RD-1012876,True,30,30,0,0
RD-1012877,True,40,39,1,0
RD-1012878,True,34,32,1,1
RD-1012879,True,54,54,0,0
RD-1012880,True,27,25,0,2
RD-1012881,True,25,23,2,0
RD-1012882,True,21,20,1,0
RD-1012883,True,30,29,1,0
RD-1012884,True,29,28,1,0
RD-1012885,True,39,37,2,0
RD-1012886,True,31,28,3,0
RD-1012887,True,38,37,0,1
RD-1012888,True,31,29,1,1
RD-1012889,True,36,35,0,0
RD-1012890,True,34,32,2,0
RD-1012891,True,34,33,0,0
RD-1012892,True,31,29,0,1
RD-1012893,True,36,35,0,0
RD-1012894,True,2,1,0,0
RD-1012895,True,33,32,1,0
RD-1012896,True,11,11,0,0
RD-1012897,True,35,35,0,0
RD-1012898,True,39,37,0,1
RD-1012899,True,41,41,0,0
RD-1012900,True,41,41,0,0
RD-1012901,True,24,23,1,0
RD-1012902,True,26,25,1,0
RD-1012903,True,31,31,0,0
RD-1012904,True,30,30,0,0
RD-1012905,True,52,50,1,1
RD-1012906,True,42,42,0,0
RD-1012907,True,26,26,0,0
RD-1012908,True,32,30,2,0
RD-1012909,True,28,28,0,0
RD-1012910,True,35,34,0,0
RD-1012911,True,18,16,2,0
RD-1012912,True,55,52,1,1
RD-1012913,True,36,35,1,0
RD-1012914,True,25,25,0,0
RD-1012915,True,23,22,0,1
RD-1012916,True,29,27,2,0
RD-1012917,True,31,31,0,0
RD-1012918,True,29,27,0,1
RD-1012919,True,24,22,0,1
RD-1012920,True,29,29,0,0
RD-1012921,True,28,28,0,0
RD-1012922,True,6,4,2,0
RD-1012923,True,30,30,0,0
RD-1012924,True,38,36,2,0
RD-1012925,True,32,28,2,1
RD-1012926,True,33,32,0,0
RD-1012927,True,33,33,0,0
RD-1012928,True,56,56,0,0
RD-1012929,True,3,3,0,0
RD-1012930,True,30,30,0,0
RD-1012931,True,27,23,1,3
RD-1012932,True,33,30,2,1
RD-1012933,True,25,23,2,0
RD-1012934,True,23,21,1,1
RD-1012935,True,26,24,1,0
RD-1012936,True,33,32,0,1
RD-1012937,True,31,30,1,0
RD-1012938,True,11,11,0,0
RD-1012939,True,31,30,0,0
RD-1012940,True,46,44,1,1
RD-1012941,True,35,35,0,0
RD-1012942,True,33,32,0,1
RD-1012943,True,36,36,0,0
RD-1012944,True,25,22,1,2
RD-1012945,True,27,25,1,0
RD-1012946,True,42,42,0,0
RD-1012947,True,7,7,0,0
RD-1012948,True,26,22,2,2
RD-1012949,True,40,39,1,0
RD-1012950,True,28,28,0,0
RD-1012951,True,32,31,1,0
RD-1012952,True,30,29,0,1
RD-1012953,True,28,26,0,2
RD-1012954,True,36,36,0,0
RD-1012955,True,31,29,2,0
RD-1012956,True,19,19,0,0
RD-1012957,True,31,31,0,0
RD-1012958,True,44,44,0,0
RD-1012959,True,33,32,1,0
RD-1012960,True,21,20,1,0
RD-1012961,True,30,28,2,0
RD-1012962,True,26,24,0,2
RD-1012963,True,34,33,1,0
RD-1012964,True,37,37,0,0
RD-1012965,True,32,29,2,0
RD-1012966,True,35,33,1,1
RD-1012967,True,32,31,1,0
RD-1012968,True,28,27,0,1
RD-1012969,True,33,31,1,0
RD-1012970,True,24,21,2,1
RD-1012971,True,30,29,1,0
RD-1012972,True,41,40,1,0
RD-1012973,True,23,22,1,0
RD-1012974,True,25,24,1,0
RD-1012975,True,38,37,0,0
RD-1012976,True,43,42,0,1
RD-1012977,True,38,37,1,0
RD-1012978,True,32,31,1,0
RD-1012979,True,28,27,1,0
RD-1012980,True,31,27,3,1
RD-1012981,True,29,28,0,1
RD-1012982,True,29,28,0,1
RD-1012983,True,33,31,2,0
RD-1012984,True,24,22,1,0
RD-1012985,True,10,9,0,1
RD-1012986,True,25,25,0,0
RD-1012987,True,24,23,1,0
RD-1012988,True,26,26,0,0
RD-1012989,True,40,40,0,0
RD-1012990,True,33,33,0,0
RD-1012991,True,27,27,0,0
RD-1012992,True,58,55,1,2
RD-1012993,True,32,32,0,0
RD-1012994,True,25,25,0,0
RD-1012995,True,47,46,0,1
RD-1012996,True,4,4,0,0
RD-1012997,True,27,27,0,0
RD-1012998,True,15,11,3,1
RD-1012999,True,29,27,1,1
RD-1013000,True,32,27,4,1
RD-1013001,True,26,24,1,1
RD-1013002,True,37,35,0,1
RD-1013003,True,22,21,1,0
RD-1013004,True,4,4,0,0
RD-1013005,True,62,60,1,1
RD-1013006,True,33,30,3,0
RD-1013007,True,34,33,1,0
RD-1013008,True,46,44,1,0
RD-1013009,True,25,25,0,0
RD-1013010,True,32,31,0,1
RD-1013011,True,35,34,1,0
RD-1013012,True,31,29,1,1
RD-1013013,True,34,32,1,0
RD-1013014,True,24,23,0,1
RD-1013015,True,51,51,0,0
RD-1013016,True,43,42,1,0
RD-1013017,True,33,31,2,0
RD-1013018,True,25,24,1,0
RD-1013019,True,34,31,1,2
RD-1013020,True,22,21,0,1
RD-1013021,True,39,38,0,1
RD-1013022,True,9,7,2,0
RD-1013023,True,20,18,1,0
RD-1013024,True,30,30,0,0
RD-1013025,True,47,45,0,1
RD-1013026,True,37,36,0,1
RD-1013027,True,38,36,1,1
RD-1013028,True,27,23,4,0
RD-1013029,True,34,32,2,0
RD-1013030,True,47,45,1,1
RD-1013031,True,34,33,0,1
RD-1013032,True,41,39,2,0
RD-1013033,True,29,27,0,1
RD-1013034,True,30,30,0,0
RD-1013035,True,38,37,1,0
RD-1013036,True,33,32,0,1
RD-1013037,True,20,20,0,0
RD-1013038,True,20,18,2,0
RD-1013039,True,37,37,0,0
RD-1013040,True,40,40,0,0
RD-1013041,True,33,33,0,0
RD-1013042,True,26,25,0,0
RD-1013043,True,22,22,0,0
RD-1013044,True,28,28,0,0
RD-1013045,True,4,4,0,0
RD-1013046,True,30,28,2,0
RD-1013047,True,21,20,0,0
RD-1013048,True,44,43,0,1
RD-1013049,True,20,20,0,0
RD-1013050,True,38,37,1,0
RD-1013051,True,38,36,1,1
RD-1013052,True,29,27,1,1
RD-1013053,True,40,38,2,0
RD-1013054,True,29,25,4,0
RD-1013055,True,31,31,0,0
RD-1013056,True,26,26,0,0
RD-1013057,True,27,27,0,0
RD-1013058,True,31,29,1,1
RD-1013059,True,38,36,1,1
RD-1013060,True,37,34,1,1
RD-1013061,True,9,9,0,0
RD-1013062,True,32,31,1,0
RD-1013063,True,18,15,1,2
RD-1013064,True,33,31,1,0
RD-1013065,True,31,31,0,0
RD-1013066,True,24,22,2,0
RD-1013067,True,22,21,0,1
RD-1013068,True,44,43,0,1
RD-1013069,True,19,17,1,1
RD-1013070,True,50,49,1,0
RD-1013071,True,51,45,5,1
RD-1013072,True,34,32,0,1
RD-1013073,True,34,32,1,1
RD-1013074,True,38,37,1,0
RD-1013075,True,4,4,0,0
RD-1013076,True,28,28,0,0
RD-1013077,True,26,25,1,0
RD-1013078,True,30,29,0,0
RD-1013079,True,5,5,0,0
RD-1013080,True,36,35,1,0
RD-1013081,True,37,36,1,0
RD-1013082,True,26,24,1,0
RD-1013083,True,26,24,1,0
RD-1013084,True,46,44,1,1
RD-1013085,True,20,17,1,0
RD-1013086,True,39,35,2,1
RD-1013087,True,49,49,0,0
RD-1013088,True,25,23,1,1
RD-1013089,True,31,29,1,1
RD-1013090,True,45,45,0,0
RD-1013091,True,24,24,0,0
RD-1013092,True,38,37,0,1
RD-1013093,True,50,49,0,1
RD-1013094,True,32,27,2,3
RD-1013095,True,18,17,1,0
RD-1013096,True,22,20,0,1
RD-1013097,True,25,25,0,0
RD-1013098,True,36,34,0,1
RD-1013099,True,30,29,1,0
RD-1013100,True,30,29,1,0
RD-1013101,True,45,43,0,1
RD-1013102,True,57,57,0,0
RD-1013103,True,25,22,3,0
RD-1013104,True,39,37,1,1
RD-1013105,True,41,41,0,0
RD-1013106,True,46,42,2,2
RD-1013107,True,27,27,0,0
RD-1013108,True,25,24,0,0
RD-1013109,True,54,54,0,0
RD-1013110,True,39,37,2,0
RD-1013111,True,27,26,0,1
RD-1013112,True,17,17,0,0
RD-1013113,True,36,36,0,0
RD-1013114,True,35,34,0,1
RD-1013115,True,46,46,0,0
RD-1013116,True,30,29,0,1
RD-1013117,True,30,30,0,0
RD-1013118,True,28,26,0,0
RD-1013119,True,29,28,1,0
RD-1013120,True,37,35,1,1
RD-1013121,True,25,24,1,0
RD-1013122,True,24,23,1,0
RD-1013123,True,34,33,1,0
RD-1013124,True,18,17,0,0
RD-1013125,True,29,29,0,0
RD-1013126,True,26,24,2,0
RD-1013127,True,37,36,0,1
RD-1013128,True,29,28,1,0
RD-1013129,True,33,31,1,1
RD-1013130,True,33,30,1,2
RD-1013131,True,30,28,2,0
RD-1013132,True,28,25,1,1
RD-1013133,True,34,32,1,0
RD-1013134,True,41,40,1,0
RD-1013135,True,28,27,0,0
RD-1013136,True,34,32,1,1
RD-1013137,True,39,38,1,0
RD-1013138,True,39,39,0,0
RD-1013139,True,31,30,0,1
RD-1013140,True,35,34,1,0
RD-1013141,True,25,25,0,0
RD-1013142,True,27,22,4,0
RD-1013143,True,40,39,1,0
RD-1013144,False,1,1,0,0
RD-1013145,True,37,36,0,1
RD-1013146,True,37,36,1,0
RD-1013147,True,30,30,0,0
RD-1013148,True,40,40,0,0
RD-1013149,True,40,40,0,0
RD-1013150,True,41,38,1,2
RD-1013151,True,47,47,0,0
RD-1013152,True,40,39,1,0
RD-1013153,True,28,26,0,1
RD-1013154,True,35,34,1,0
RD-1013155,True,23,22,0,0
RD-1013156,True,58,57,1,0
RD-1013157,True,34,33,1,0
RD-1013158,True,33,33,0,0
RD-1013159,True,48,46,2,0
RD-1013160,True,23,21,1,1
RD-1013161,True,20,16,1,2
RD-1013162,True,30,30,0,0
RD-1013163,True,29,27,1,1
RD-1013164,True,33,33,0,0
RD-1013165,True,30,30,0,0
RD-1013166,True,50,49,0,1
RD-1013167,True,28,27,1,0
RD-1013168,True,18,17,1,0
RD-1013169,True,26,26,0,0
RD-1013170,True,47,46,1,0
RD-1013171,True,9,9,0,0
RD-1013172,True,27,27,0,0
RD-1013173,True,31,31,0,0
RD-1013174,True,26,25,0,0
RD-1013175,True,24,24,0,0
RD-1013176,True,36,34,2,0
RD-1013177,True,31,29,1,1
RD-1013178,True,38,38,0,0
RD-1013179,True,21,20,1,0
RD-1013180,True,48,46,1,1
RD-1013181,True,30,29,0,1
RD-1013182,True,24,23,1,0
RD-1013183,True,34,32,1,1
RD-1013184,True,36,34,2,0
RD-1013185,True,32,31,0,1
RD-1013186,True,27,25,1,0
RD-1013187,True,22,20,1,1
RD-1013188,True,22,21,0,0
RD-1013189,True,34,33,1,0
RD-1013190,True,25,21,3,1
RD-1013191,True,52,52,0,0
RD-1013192,True,28,27,0,1
RD-1013193,True,20,16,2,2
RD-1013194,True,26,26,0,0
RD-1013195,True,37,37,0,0
RD-1013196,True,25,25,0,0
RD-1013197,True,30,29,0,1
RD-1013198,True,24,22,1,1
RD-1013199,True,34,31,3,0
RD-1013200,True,20,20,0,0
RD-1013201,True,12,12,0,0
RD-1013202,True,34,33,1,0
RD-1013203,True,31,29,1,0
RD-1013204,True,19,19,0,0
RD-1013205,False,1,1,0,0
RD-1013206,True,29,29,0,0
RD-1013207,True,27,26,1,0
RD-1013208,True,39,38,1,0
RD-1013209,True,16,15,1,0
RD-1013210,True,41,40,1,0
RD-1013212,True,11,9,2,0
RD-1013213,True,39,38,0,1
RD-1013214,True,23,23,0,0
RD-1013215,True,26,26,0,0
RD-1013216,True,7,7,0,0
RD-1013217,True,14,14,0,0
RD-1013218,True,37,33,2,2
RD-1013219,True,30,28,1,1
RD-1013220,True,17,17,0,0
RD-1013221,True,28,28,0,0
RD-1013222,True,33,32,1,0
RD-1013223,True,25,24,0,0
RD-1013224,True,32,30,0,2
RD-1013225,True,26,26,0,0
RD-1013226,True,27,25,2,0
RD-1013227,True,21,19,2,0
RD-1013228,True,33,32,0,1
RD-1013229,True,36,33,0,1
RD-1013230,True,28,24,2,2
RD-1013231,True,23,22,0,0
RD-1013232,True,5,5,0,0
RD-1013233,True,28,28,0,0
RD-1013234,True,33,33,0,0
RD-1013235,True,27,26,1,0
RD-1013236,True,30,28,1,1
RD-1013237,True,36,35,0,1
RD-1013238,True,25,21,1,3
RD-1013239,True,30,30,0,0
RD-1013240,True,29,28,0,1
RD-1013241,True,25,25,0,0
RD-1013242,True,25,23,1,1
RD-1013243,True,23,20,1,2
RD-1013244,True,26,25,1,0
RD-1013245,True,35,34,0,1
RD-1013246,True,31,31,0,0
RD-1013247,True,25,23,1,1
RD-1013248,True,12,11,0,0
RD-1013249,True,30,28,1,0
RD-1013250,True,4,4,0,0
RD-1013251,True,29,27,1,1
RD-1013252,True,8,8,0,0
RD-1013253,True,29,26,0,1
RD-1013254,True,29,28,0,1
RD-1013255,True,30,29,1,0
RD-1013256,True,37,36,0,0
RD-1013257,True,45,44,1,0
RD-1013258,True,10,10,0,0
RD-1013259,True,31,30,0,1
RD-1013260,True,27,23,2,2
RD-1013261,True,30,30,0,0
RD-1013262,True,25,24,1,0
RD-1013263,True,36,36,0,0
RD-1013264,True,24,23,1,0
RD-1013265,True,26,24,1,1
RD-1013266,True,42,41,1,0
RD-1013267,True,27,26,0,0
RD-1013268,True,29,27,1,0
RD-1013269,True,32,32,0,0
RD-1013270,True,35,30,4,1
RD-1013271,True,23,21,2,0
RD-1013272,True,36,36,0,0
RD-1013273,True,42,41,0,0
RD-1013274,True,41,40,1,0
RD-1013275,True,34,33,0,0
RD-1013276,True,49,49,0,0
RD-1013277,True,35,34,1,0
RD-1013278,True,53,52,0,1
RD-1013279,True,46,43,2,1
RD-1013280,True,29,26,1,1
RD-1013281,True,28,26,1,1
RD-1013282,True,33,32,0,1
RD-1013283,True,27,27,0,0
RD-1013284,True,39,38,0,0
RD-1013285,True,34,31,1,2
RD-1013286,True,24,23,1,0
RD-1013287,True,17,13,3,1
RD-1013288,True,30,28,1,1
RD-1013289,True,41,39,2,0
RD-1013290,True,34,31,2,1
RD-1013291,True,33,33,0,0
RD-1013292,True,43,42,0,1
RD-1013293,True,39,37,1,1
RD-1013294,True,26,24,1,0
RD-1013295,True,23,23,0,0
RD-1013296,True,33,33,0,0
RD-1013297,True,13,12,0,1
RD-1013298,True,34,32,0,2
RD-1013299,True,38,35,3,0
RD-1013300,True,33,33,0,0
RD-1013301,True,30,26,4,0
RD-1013302,True,28,27,1,0
RD-1013303,True,30,29,0,1
RD-1013304,True,5,4,1,0
RD-1013305,True,11,11,0,0
RD-1013306,True,8,5,3,0
RD-1013307,True,39,38,0,0
RD-1013308,True,29,28,0,0
RD-1013309,True,45,44,1,0
RD-1013310,True,41,40,1,0
RD-1013311,True,33,32,1,0
RD-1013312,True,17,15,1,0
RD-1013313,True,29,28,1,0
RD-1013314,True,23,23,0,0
RD-1013315,True,36,35,0,1
RD-1013316,True,22,22,0,0
RD-1013317,True,40,38,1,0
RD-1013318,True,28,26,1,1
RD-1013319,True,36,35,1,0
RD-1013320,True,18,18,0,0
RD-1013321,True,16,16,0,0
RD-1013322,True,32,30,2,0
RD-1013323,True,35,35,0,0
RD-1013324,True,32,29,2,1
RD-1013325,True,32,31,1,0
RD-1013326,True,33,32,1,0
RD-1013327,True,24,23,0,1
RD-1013328,True,24,23,1,0
RD-1013329,True,25,22,2,1
RD-1013330,True,33,32,1,0
RD-1013331,True,39,38,0,1
RD-1013332,True,33,31,2,0
RD-1013333,True,19,17,0,2
RD-1013334,True,29,29,0,0
RD-1013335,True,14,14,0,0
RD-1013336,True,37,35,1,1
RD-1013337,True,33,32,0,0
RD-1013338,True,24,22,2,0
RD-1013339,True,18,14,3,1
RD-1013340,True,34,34,0,0
RD-1013341,True,5,4,0,0
RD-1013342,True,22,20,2,0
RD-1013343,True,34,31,2,1
RD-1013344,True,31,29,1,1
RD-1013345,True,36,36,0,0
RD-1013346,True,38,37,1,0
RD-1013347,True,36,36,0,0
RD-1013348,True,29,29,0,0
RD-1013349,True,35,34,0,0
RD-1013350,True,24,24,0,0
RD-1013351,True,52,51,0,0
RD-1013352,True,23,22,1,0
RD-1013353,True,40,39,0,1
RD-1013354,True,28,28,0,0
RD-1013355,True,36,35,1,0
RD-1013356,True,3,3,0,0
RD-1013357,True,22,19,1,2
RD-1013358,True,29,29,0,0
RD-1013359,True,34,32,1,0
RD-1013360,True,36,36,0,0
RD-1013361,True,27,27,0,0
RD-1013362,True,36,35,0,1
RD-1013363,True,34,34,0,0
RD-1013364,True,52,52,0,0
RD-1013365,True,30,29,0,0
RD-1013366,True,25,23,2,0
RD-1013367,True,19,16,2,0
RD-1013368,True,22,21,1,0
RD-1013369,True,42,40,0,1
RD-1013370,True,22,21,1,0
RD-1013371,True,34,33,1,0
RD-1013372,True,11,11,0,0
RD-1013373,True,49,49,0,0
RD-1013374,True,26,26,0,0
RD-1013375,True,29,28,1,0
RD-1013376,True,40,40,0,0
RD-1013377,True,5,5,0,0
RD-1013378,True,30,29,1,0
RD-1013379,True,29,29,0,0
RD-1013380,True,32,29,2,1
RD-1013381,True,29,28,0,1
RD-1013382,True,28,25,1,2
RD-1013383,True,29,26,1,2
RD-1013384,True,38,38,0,0
RD-1013385,True,14,13,0,1
RD-1013386,True,25,23,1,0
RD-1013387,True,33,32,1,0
RD-1013388,True,26,25,0,0
RD-1013389,True,32,32,0,0
RD-1013390,True,22,19,2,0
RD-1013391,True,30,28,2,0
RD-1013392,True,27,26,1,0
RD-1013393,True,33,33,0,0
RD-1013394,True,12,12,0,0
RD-1013395,True,30,30,0,0
RD-1013396,True,28,28,0,0
RD-1013397,True,26,26,0,0
RD-1013398,True,30,26,1,3
RD-1013399,True,21,20,1,0
RD-1013400,True,11,11,0,0
RD-1013401,True,33,29,0,0
RD-1013402,True,25,24,0,0
RD-1013403,True,49,49,0,0
RD-1013404,True,38,35,1,2
RD-1013405,True,27,27,0,0
RD-1013406,True,25,25,0,0
RD-1013407,True,30,28,2,0
RD-1013408,True,30,29,0,1
RD-1013409,True,18,17,0,0
RD-1013410,True,32,31,0,1
RD-1013411,True,25,24,1,0
RD-1013412,True,29,27,2,0
RD-1013413,True,27,21,5,1
RD-1013414,True,37,34,2,0
RD-1013415,True,27,27,0,0
RD-1013416,True,5,5,0,0
RD-1013417,True,17,14,3,0
RD-1013418,True,32,30,1,1
RD-1013419,True,28,27,1,0
RD-1013420,True,9,9,0,0
RD-1013421,True,26,25,1,0
RD-1013422,True,26,25,1,0
RD-1013423,True,55,53,1,1
RD-1013424,True,46,45,1,0
RD-1013425,True,40,39,1,0
RD-1013426,True,54,53,1,0
RD-1013427,True,23,23,0,0
RD-1013428,True,33,29,1,1
RD-1013429,True,31,30,1,0
RD-1013430,True,25,25,0,0
RD-1013431,True,3,3,0,0
RD-1013432,True,33,32,0,1
RD-1013433,True,31,27,2,2
RD-1013434,True,9,9,0,0
RD-1013435,True,36,36,0,0
RD-1013436,True,36,34,0,1
RD-1013437,True,55,54,1,0
RD-1013438,True,27,26,1,0
RD-1013439,True,21,20,1,0
RD-1013440,True,49,47,1,0
RD-1013441,True,27,25,0,2
RD-1013442,True,30,30,0,0
RD-1013443,True,29,29,0,0
RD-1013444,True,28,26,1,1
RD-1013445,True,25,25,0,0
RD-1013446,True,20,19,1,0
RD-1013447,True,23,19,0,4
RD-1013448,True,24,24,0,0
RD-1013449,True,19,19,0,0
RD-1013450,True,35,34,1,0
RD-1013451,True,27,25,1,1
RD-1013452,True,38,37,1,0
RD-1013453,True,44,44,0,0
RD-1013454,True,36,35,1,0
RD-1013455,True,13,13,0,0
RD-1013456,True,54,54,0,0
RD-1013457,False,1,1,0,0
RD-1013458,True,44,42,2,0
RD-1013459,True,40,40,0,0
RD-1013460,True,24,24,0,0
RD-1013461,True,19,15,2,2
RD-1013462,True,25,25,0,0
RD-1013463,True,29,28,0,0
RD-1013464,True,28,26,2,0
RD-1013465,True,33,31,0,2
RD-1013466,True,20,19,0,1
RD-1013467,False,1,1,0,0
RD-1013468,True,44,44,0,0
RD-1013469,True,27,27,0,0
RD-1013470,True,23,22,0,0
RD-1013471,True,29,26,2,1
RD-1013472,False,1,1,0,0
RD-1013473,True,26,24,1,0
RD-1013474,True,18,18,0,0
RD-1013475,True,30,29,0,0
RD-1013477,True,36,33,2,1
RD-1013478,True,23,22,1,0
RD-1013479,True,32,31,1,0
RD-1013480,True,22,20,2,0
RD-1013481,True,23,22,0,0
RD-1013482,True,28,24,3,1
RD-1013483,True,35,34,1,0
RD-1013484,True,36,36,0,0
RD-1013485,True,32,31,0,1
RD-1013486,True,37,35,2,0
RD-1013487,True,28,26,0,2
RD-1013488,True,30,30,0,0
RD-1013489,True,20,20,0,0
RD-1013490,True,32,31,1,0
RD-1013491,True,30,30,0,0
RD-1013492,True,32,32,0,0
RD-1013493,True,29,27,1,1
RD-1013494,True,30,27,2,0
RD-1013495,True,25,23,0,1
RD-1013496,True,12,11,1,0
RD-1013497,True,47,46,1,0
RD-1013498,True,39,36,2,1
RD-1013499,True,37,36,1,0
RD-1013500,True,27,27,0,0
RD-1013501,True,29,29,0,0
RD-1013502,True,34,31,2,1
RD-1013503,True,19,19,0,0
RD-1013504,True,37,37,0,0
RD-1013505,True,47,46,0,0
RD-1013506,True,36,34,2,0
RD-1013507,True,29,28,1,0
RD-1013508,True,38,38,0,0
RD-1013509,True,52,47,5,0
RD-1013510,True,41,39,1,1
RD-1013511,True,30,27,1,0
RD-1013512,True,24,21,2,1
RD-1013513,True,42,41,0,0
RD-1013514,True,46,45,0,0
RD-1013515,True,18,17,1,0
RD-1013516,True,4,4,0,0
RD-1013517,True,36,34,1,1
RD-1013518,True,32,29,2,1
RD-1013519,True,24,22,0,2
RD-1013520,True,22,21,1,0
RD-1013521,True,31,28,3,0
RD-1013522,True,33,33,0,0
RD-1013523,True,20,20,0,0
RD-1013524,True,48,44,3,1
RD-1013525,True,30,29,0,1
RD-1013526,True,32,30,2,0
RD-1013527,True,39,37,1,1
RD-1013528,False,1,1,0,0
RD-1013529,True,28,27,0,0
RD-1013530,True,27,27,0,0
RD-1013531,True,43,42,1,0
RD-1013532,True,18,17,1,0
RD-1013533,True,30,29,0,0
RD-1013534,True,40,38,1,1
RD-1013535,True,5,5,0,0
RD-1013536,True,25,24,1,0
RD-1013537,True,32,31,1,0
RD-1013538,True,33,31,1,1
RD-1013539,True,26,26,0,0
RD-1013540,True,32,31,0,0
RD-1013541,True,57,56,0,0
RD-1013542,True,30,29,1,0
RD-1013543,True,22,19,1,1
RD-1013544,True,4,4,0,0
RD-1013545,True,28,27,1,0
RD-1013546,True,8,8,0,0
RD-1013547,True,33,31,2,0
RD-1013548,True,18,16,1,1
RD-1013549,True,22,22,0,0
RD-1013550,True,44,43,0,1
RD-1013551,True,24,22,0,1
RD-1013552,True,28,27,1,0
RD-1013553,True,44,43,0,1
RD-1013554,True,32,32,0,0
RD-1013555,True,3,2,0,0
RD-1013556,True,42,39,3,0
RD-1013557,True,29,27,1,1
RD-1013558,True,24,21,1,1
RD-1013559,True,48,45,1,2
RD-1013560,True,32,32,0,0
RD-1013561,True,27,27,0,0
RD-1013562,True,30,29,1,0
RD-1013563,True,37,34,1,1
RD-1013564,True,23,19,3,0
RD-1013565,True,19,18,1,0
RD-1013566,True,25,25,0,0
RD-1013567,True,28,27,1,0
RD-1013568,True,39,37,1,1
RD-1013569,True,40,40,0,0
RD-1013570,True,38,36,1,0
RD-1013571,True,38,37,0,1
RD-1013572,True,25,21,1,2
RD-1013573,True,38,38,0,0
RD-1013574,True,23,23,0,0
RD-1013575,True,30,29,1,0
RD-1013576,True,29,29,0,0
RD-1013577,True,32,26,4,2
RD-1013578,True,35,35,0,0
RD-1013579,True,23,21,0,1
RD-1013580,True,20,20,0,0
RD-1013581,True,35,30,3,1
RD-1013582,True,30,28,1,1
RD-1013583,True,23,21,1,0
RD-1013584,True,20,19,1,0
RD-1013585,True,39,38,0,1
RD-1013586,True,30,29,0,0
RD-1013587,True,32,31,0,0
RD-1013588,True,38,36,2,0
RD-1013589,True,53,49,2,2
RD-1013590,True,35,35,0,0
RD-1013591,True,41,41,0,0
RD-1013592,True,34,32,2,0
RD-1013593,True,33,33,0,0
RD-1013594,True,17,15,2,0
RD-1013595,True,36,34,1,1
RD-1013596,True,22,22,0,0
RD-1013597,True,24,23,1,0
RD-1013598,True,26,26,0,0
RD-1013599,True,37,36,1,0
RD-1013600,True,31,31,0,0
RD-1013601,True,32,31,1,0
RD-1013602,True,31,31,0,0
RD-1013603,True,28,26,1,0
RD-1013604,True,30,29,1,0
RD-1013605,True,51,49,1,1
RD-1013606,True,19,19,0,0
RD-1013607,True,27,25,1,1
RD-1013608,True,27,27,0,0
RD-1013609,True,44,42,1,0
RD-1013610,True,36,34,2,0
RD-1013611,True,27,25,2,0
RD-1013612,True,24,24,0,0
RD-1013613,True,5,5,0,0
RD-1013614,True,24,21,3,0
RD-1013615,True,34,34,0,0
RD-1013616,True,43,42,0,0
RD-1013617,True,30,28,2,0
RD-1013618,True,27,26,1,0
RD-1013619,True,30,28,2,0
RD-1013620,True,37,36,1,0
RD-1013621,True,16,10,2,4
RD-1013622,True,34,33,1,0
RD-1013623,True,34,34,0,0
RD-1013624,True,43,39,3,0
RD-1013625,True,22,21,0,1
RD-1013626,True,12,12,0,0
RD-1013627,True,15,15,0,0
RD-1013628,True,38,36,1,0
RD-1013629,True,41,38,2,0
RD-1013630,True,38,38,0,0
RD-1013631,True,24,21,1,1
RD-1013632,True,28,27,0,1
RD-1013633,True,51,48,2,0
RD-1013634,True,25,23,1,1
RD-1013635,True,31,30,1,0
RD-1013636,True,17,17,0,0
RD-1013637,True,28,24,3,1
RD-1013638,True,33,33,0,0
RD-1013639,True,21,19,0,2
RD-1013640,True,33,31,2,0
RD-1013641,True,3,3,0,0
RD-1013642,True,34,33,1,0
RD-1013643,True,27,27,0,0
RD-1013644,True,45,44,0,0
RD-1013645,True,48,45,2,1
RD-1013646,True,35,33,1,0
RD-1013647,True,32,31,1,0
RD-1013648,True,29,29,0,0
RD-1013649,True,24,24,0,0
RD-1013650,True,26,24,1,0
RD-1013651,True,29,29,0,0
RD-1013652,True,19,18,1,0
RD-1013653,True,28,26,1,1
RD-1013654,True,25,22,1,2
RD-1013655,True,33,30,2,0
RD-1013656,True,47,45,1,0
RD-1013657,True,27,26,1,0
RD-1013658,True,37,33,3,1
RD-1013659,True,38,36,0,0
RD-1013660,True,18,18,0,0
RD-1013661,True,40,37,1,2
RD-1013662,True,30,29,0,0
RD-1013663,True,33,31,0,2
RD-1013664,True,27,24,2,0
RD-1013665,True,34,34,0,0
RD-1013666,True,22,20,0,2
RD-1013667,True,32,31,1,0
RD-1013668,True,22,21,1,0
RD-1013669,True,55,51,2,2
RD-1013670,True,37,36,1,0
RD-1013671,True,32,31,1,0
RD-1013672,True,37,37,0,0
RD-1013673,True,21,18,1,1
RD-1013674,True,40,38,1,0
RD-1013675,True,25,25,0,0
RD-1013676,True,5,5,0,0
RD-1013677,True,37,34,1,0
RD-1013678,True,40,36,3,1
RD-1013679,True,26,26,0,0
RD-1013680,True,33,32,0,1
RD-1013681,True,28,27,0,1
RD-1013682,True,34,33,0,0
RD-1013683,True,8,8,0,0
RD-1013684,True,23,21,2,0
RD-1013685,True,32,32,0,0
RD-1013686,True,30,28,0,2
RD-1013687,True,36,36,0,0
RD-1013688,True,29,29,0,0
RD-1013689,True,2,2,0,0
RD-1013690,False,2,2,0,0
RD-1013691,True,41,40,0,1
RD-1013693,True,27,26,0,1
RD-1013694,True,29,29,0,0
RD-1013695,True,31,30,0,1
RD-1013696,True,28,27,1,0
RD-1013697,True,35,34,1,0
RD-1013698,True,34,33,1,0
RD-1013699,True,32,31,0,1
RD-1013700,True,17,17,0,0
RD-1013701,True,36,35,1,0
RD-1013702,True,37,35,1,0
RD-1013703,True,9,7,2,0
RD-1013704,True,30,27,3,0
RD-1013705,True,33,32,1,0
RD-1013706,True,30,29,1,0
RD-1013707,True,29,28,1,0
RD-1013709,True,22,21,1,0
RD-1013710,True,27,25,1,1
RD-1013711,True,38,36,1,0
RD-1013712,True,30,30,0,0
RD-1013713,True,4,3,0,0
RD-1013714,True,28,28,0,0
RD-1013715,True,30,28,0,2
RD-1013716,True,28,28,0,0
RD-1013717,True,27,26,1,0
RD-1013718,True,33,30,2,0
RD-1013719,True,11,10,0,1
RD-1013720,True,34,33,0,1
RD-1013721,True,40,38,1,0
RD-1013722,True,37,36,1,0
RD-1013723,True,28,28,0,0
RD-1013724,True,12,12,0,0
RD-1013725,True,23,22,0,1
RD-1013726,True,32,32,0,0
RD-1013727,True,47,45,1,1
RD-1013728,True,17,15,2,0
RD-1013729,True,42,42,0,0
RD-1013730,True,23,22,1,0
RD-1013731,True,31,28,3,0
RD-1013732,True,34,33,1,0
RD-1013733,True,19,18,1,0
RD-1013734,True,34,32,1,0
RD-1013735,True,16,14,0,1
RD-1013736,True,24,19,3,1
RD-1013737,True,35,35,0,0
RD-1013738,True,30,30,0,0
RD-1013739,True,27,27,0,0
RD-1013740,True,27,26,1,0
RD-1013741,True,36,34,0,1
RD-1013742,True,47,46,1,0
RD-1013743,True,34,34,0,0
RD-1013744,True,28,26,1,0
RD-1013745,True,43,43,0,0
RD-1013746,True,34,34,0,0
RD-1013747,True,29,28,1,0
RD-1013748,True,43,42,1,0
RD-1013749,True,33,32,0,0
RD-1013750,True,35,33,1,1
RD-1013751,True,25,22,3,0
RD-1013752,True,50,49,0,1
RD-1013753,True,44,44,0,0
RD-1013754,True,5,5,0,0
RD-1013755,True,26,26,0,0
RD-1013756,True,30,30,0,0
RD-1013757,True,28,27,0,1
RD-1013758,True,3,2,1,0
RD-1013759,True,17,16,1,0
RD-1013760,True,6,6,0,0
RD-1013761,True,7,5,1,1
RD-1013762,True,7,6,0,1
RD-1013763,True,24,24,0,0
RD-1013764,True,2,2,0,0
RD-1013765,True,23,22,0,0
RD-1013766,True,34,33,0,0
RD-1013767,True,28,28,0,0
RD-1013768,True,41,41,0,0
RD-1013769,True,28,28,0,0
RD-1013770,True,38,37,1,0
RD-1013771,True,37,35,2,0
RD-1013772,True,3,2,0,0
RD-1013773,True,34,32,1,1
RD-1013774,True,2,2,0,0
RD-1013775,True,39,38,0,1
RD-1013776,True,34,29,4,1
RD-1013777,True,27,26,1,0
RD-1013778,True,35,34,0,1
RD-1013779,True,26,26,0,0
RD-1013780,True,29,28,1,0
RD-1013781,True,23,23,0,0
RD-1013782,True,30,30,0,0
RD-1013783,True,36,34,0,1
RD-1013784,True,28,21,4,2
RD-1013785,True,12,11,0,1
RD-1013786,True,38,36,2,0
RD-1013787,True,6,5,0,0
RD-1013788,True,22,21,0,1
RD-1013789,True,40,38,1,1
RD-1013790,True,24,21,2,1
RD-1013791,True,29,28,0,0
RD-1013792,True,35,33,1,1
RD-1013793,True,24,22,1,1
RD-1013794,True,29,28,1,0
RD-1013795,True,34,34,0,0
RD-1013796,True,35,35,0,0
RD-1013797,True,26,24,0,2
RD-1013798,True,39,38,1,0
RD-1013799,True,29,28,0,1
RD-1013800,True,20,20,0,0
RD-1013801,True,26,25,0,0
RD-1013802,True,28,25,1,1
RD-1013803,True,35,33,2,0
RD-1013804,True,28,28,0,0
RD-1013805,True,44,44,0,0
RD-1013806,True,19,18,1,0
RD-1013807,True,30,27,2,1
RD-1013808,True,28,28,0,0
RD-1013809,True,27,26,1,0
RD-1013810,True,24,23,0,1
RD-1013811,True,48,46,2,0
RD-1013812,True,37,34,3,0
RD-1013813,True,33,32,0,0
RD-1013814,True,32,30,1,0
RD-1013815,True,33,31,0,2
RD-1013816,True,30,29,1,0
RD-1013817,True,46,43,2,0
RD-1013818,True,34,33,1,0
RD-1013819,True,37,37,0,0
RD-1013820,True,50,49,1,0
RD-1013821,True,38,37,0,1
RD-1013822,True,23,22,0,0
RD-1013823,True,38,37,0,1
RD-1013824,True,30,30,0,0
RD-1013825,True,29,29,0,0
RD-1013826,True,46,43,3,0
RD-1013827,True,28,27,1,0
RD-1013828,True,34,32,0,2
RD-1013829,True,47,40,2,3
RD-1013830,True,26,24,1,1
RD-1013831,True,41,40,0,0
RD-1013832,True,20,20,0,0
RD-1013833,True,27,26,0,0
RD-1013834,True,21,18,2,0
RD-1013835,True,43,42,1,0
RD-1013836,True,28,27,0,1
RD-1013837,True,31,30,1,0
RD-1013838,True,34,33,0,1
RD-1013839,True,26,26,0,0
RD-1013840,True,28,26,1,1
RD-1013841,True,35,33,0,2
RD-1013842,True,27,26,1,0
RD-1013843,True,37,36,0,1
RD-1013844,True,25,24,0,1
RD-1013845,True,43,42,0,0
RD-1013846,True,24,22,2,0
RD-1013847,True,27,25,1,1
RD-1013848,True,35,34,0,0
RD-1013849,True,27,24,1,1
RD-1013850,True,31,29,1,0
RD-1013851,True,29,27,1,1
RD-1013852,True,25,24,0,1
RD-1013853,True,36,36,0,0
RD-1013854,True,27,26,1,0
RD-1013855,True,28,27,1,0
RD-1013856,True,28,27,1,0
RD-1013857,True,9,7,2,0
RD-1013858,True,24,21,1,1
RD-1013859,True,34,33,0,0
RD-1013860,True,9,9,0,0
RD-1013861,True,34,31,2,1
RD-1013862,True,31,29,2,0
RD-1013863,True,33,33,0,0
RD-1013864,True,36,36,0,0
RD-1013865,True,32,31,0,1
RD-1013866,True,37,37,0,0
RD-1013867,True,36,35,0,1
RD-1013868,True,33,32,1,0
RD-1013869,True,32,32,0,0
RD-1013870,True,45,43,1,0
RD-1013871,True,33,32,1,0
RD-1013872,True,44,42,1,0
RD-1013873,True,30,30,0,0
RD-1013874,True,17,16,0,1
RD-1013875,True,27,24,2,1
RD-1013876,True,44,43,1,0
RD-1013877,True,57,52,2,2
RD-1013878,True,36,35,1,0
RD-1013879,True,38,35,1,2
RD-1013880,True,33,30,0,1
RD-1013881,True,20,19,0,1
RD-1013882,True,32,30,1,0
RD-1013883,True,31,31,0,0
RD-1013884,True,29,24,5,0
RD-1013885,True,21,21,0,0
RD-1013886,True,29,27,0,1
RD-1013887,True,39,38,0,0
RD-1013888,True,46,45,1,0
RD-1013889,True,28,27,0,0
RD-1013890,True,41,40,0,1
RD-1013891,True,5,5,0,0
RD-1013892,True,14,12,1,1
RD-1013893,True,33,27,4,2
RD-1013894,True,26,26,0,0
RD-1013895,True,25,25,0,0
RD-1013896,True,23,20,2,1
RD-1013897,True,37,34,1,1
RD-1013898,True,29,27,0,2
RD-1013899,True,30,30,0,0
RD-1013900,True,37,37,0,0
RD-1013901,True,21,21,0,0
RD-1013902,True,25,22,2,1
RD-1013903,True,29,28,0,1
RD-1013904,True,49,47,1,0
RD-1013905,True,34,33,1,0
RD-1013906,True,23,22,0,0
RD-1013907,True,52,51,0,1
RD-1013908,True,53,52,0,0
RD-1013909,True,33,33,0,0
RD-1013910,True,26,26,0,0
RD-1013911,True,37,36,1,0
RD-1013912,True,58,56,1,0
RD-1013913,True,37,34,1,2
RD-1013914,True,45,42,2,0
RD-1013915,True,43,43,0,0
RD-1013916,True,36,35,0,0
RD-1013917,True,37,37,0,0
RD-1013918,True,26,26,0,0
RD-1013919,True,36,36,0,0
RD-1013920,True,19,19,0,0
RD-1013921,True,35,34,0,1
RD-1013922,True,34,33,1,0
RD-1013923,True,39,39,0,0
RD-1013924,True,18,17,1,0
RD-1013925,True,5,5,0,0
RD-1013926,True,23,22,1,0
RD-1013927,True,24,20,2,2
RD-1013928,True,29,28,0,1
RD-1013929,True,27,26,0,1
RD-1013930,True,24,23,1,0
RD-1013931,True,29,28,0,0
RD-1013932,True,27,27,0,0
RD-1013933,True,33,32,1,0
RD-1013935,True,28,26,2,0
RD-1013936,True,45,44,0,1
RD-1013937,True,21,19,2,0
RD-1013938,True,11,10,1,0
RD-1013939,True,23,21,2,0
RD-1013940,True,21,21,0,0
RD-1013941,True,36,36,0,0
RD-1013942,True,20,20,0,0
RD-1013943,True,31,31,0,0
RD-1013944,True,30,28,2,0
RD-1013945,True,36,33,2,1
RD-1013946,True,26,24,1,1
RD-1013947,True,43,43,0,0
RD-1013948,True,39,37,1,1
RD-1013949,True,34,34,0,0
RD-1013950,True,27,27,0,0
RD-1013951,True,27,27,0,0
RD-1013952,True,34,33,1,0
RD-1013953,True,34,31,2,0
RD-1013954,True,32,31,0,0
RD-1013955,True,36,33,3,0
RD-1013956,True,37,37,0,0
RD-1013957,True,37,36,0,0
RD-1013958,True,52,51,0,1
RD-1013959,True,31,29,1,1
RD-1013960,True,38,36,0,1
RD-1013961,True,54,53,0,1
RD-1013962,True,23,19,2,1
RD-1013963,True,29,27,1,1
RD-1013964,True,34,33,1,0
RD-1013965,True,24,23,0,1
RD-1013966,True,36,35,0,1
RD-1013967,True,39,36,0,2
RD-1013968,True,32,32,0,0
RD-1013969,True,17,13,2,2
RD-1013970,True,38,37,0,1
RD-1013971,True,33,31,0,0
RD-1013972,True,34,33,1,0
RD-1013973,True,25,25,0,0
RD-1013974,True,34,33,1,0
RD-1013975,True,4,4,0,0
RD-1013976,True,33,33,0,0
RD-1013977,True,26,25,0,0
RD-1013978,True,32,32,0,0
RD-1013979,True,46,43,0,2
RD-1013980,True,35,35,0,0
RD-1013981,True,23,22,0,0
RD-1013982,True,34,31,1,1
RD-1013983,True,46,42,4,0
RD-1013984,True,47,46,1,0
RD-1013985,True,17,16,1,0
RD-1013986,True,31,30,0,0
RD-1013987,True,21,20,0,0
RD-1013988,True,37,36,1,0
RD-1013989,True,36,35,1,0
RD-1013990,True,32,31,0,0
RD-1013991,True,23,23,0,0
RD-1013992,True,43,42,1,0
RD-1013993,True,30,30,0,0
RD-1013994,True,25,21,1,2
RD-1013995,True,13,11,1,0
RD-1013996,True,49,48,0,1
RD-1013997,True,10,8,1,1
RD-1013998,True,36,36,0,0
RD-1013999,True,31,31,0,0
RD-1014000,True,35,33,1,0
RD-1014001,True,46,43,3,0
RD-1014002,True,41,37,1,2
RD-1014003,True,32,32,0,0
RD-1014004,True,24,22,1,1
RD-1014005,True,30,28,0,0
RD-1014006,True,47,46,0,0
RD-1014007,True,24,23,0,1
RD-1014008,True,31,31,0,0
RD-1014009,True,29,28,0,0
RD-1014010,True,25,22,1,2
RD-1014011,True,7,7,0,0
RD-1014012,True,31,28,0,2
RD-1014013,True,31,31,0,0
RD-1014014,True,6,6,0,0
RD-1014015,True,29,27,1,1
RD-1014016,True,29,28,0,1
RD-1014017,True,28,28,0,0
RD-1014018,True,29,28,1,0
RD-1014019,True,14,14,0,0
RD-1014020,True,18,16,1,1
RD-1014021,True,31,31,0,0
RD-1014022,True,30,28,1,0
RD-1014023,True,29,28,0,1
RD-1014024,True,2,2,0,0
RD-1014025,True,31,30,1,0
RD-1014026,True,29,29,0,0
RD-1014027,True,4,4,0,0
RD-1014028,True,22,22,0,0
RD-1014029,True,27,25,1,0
RD-1014030,True,27,26,1,0
RD-1014031,True,55,52,1,2
RD-1014032,True,17,13,3,0
RD-1014033,True,37,36,0,1
RD-1014034,True,24,20,2,1
RD-1014035,True,35,31,3,1
RD-1014036,True,25,22,3,0
RD-1014037,True,37,34,3,0
RD-1014038,True,43,42,0,1
RD-1014039,True,27,27,0,0
RD-1014040,True,28,28,0,0
RD-1014041,True,49,47,2,0
RD-1014042,True,30,30,0,0
RD-1014043,True,27,27,0,0
RD-1014044,True,6,6,0,0
RD-1014045,True,33,32,1,0
RD-1014046,True,31,30,0,1
RD-1014047,True,34,32,0,2
RD-1014048,True,29,29,0,0
RD-1014049,True,29,26,2,0
RD-1014050,True,46,44,1,0
RD-1014051,True,28,27,1,0
RD-1014052,True,43,40,1,2
RD-1014053,True,39,39,0,0
RD-1014054,True,35,32,0,2
RD-1014055,True,29,27,1,0
RD-1014056,True,29,27,0,1
RD-1014057,True,29,26,3,0
RD-1014058,True,31,29,2,0
RD-1014059,True,29,27,1,1
RD-1014060,True,39,37,1,0
RD-1014061,True,22,18,1,3
RD-1014062,True,33,33,0,0
RD-1014063,True,31,30,1,0
RD-1014064,True,31,30,0,0
RD-1014065,True,28,28,0,0
RD-1014066,True,34,33,1,0
RD-1014067,True,9,9,0,0
RD-1014068,True,3,3,0,0
RD-1014069,True,41,40,1,0
RD-1014070,True,30,29,1,0
RD-1014071,True,37,37,0,0
RD-1014072,True,42,41,1,0
RD-1014073,True,30,29,0,1
RD-1014074,True,32,31,0,0
RD-1014075,True,36,33,3,0
RD-1014076,True,36,35,1,0
RD-1014077,True,16,16,0,0
RD-1014078,True,16,15,1,0
RD-1014079,True,27,26,0,1
RD-1014080,True,23,23,0,0
RD-1014081,True,38,36,0,2
RD-1014082,True,28,26,2,0
RD-1014083,True,51,49,1,1
RD-1014084,True,39,37,0,1
RD-1014085,True,22,22,0,0
RD-1014086,True,29,29,0,0
RD-1014087,True,22,22,0,0
RD-1014088,True,37,36,0,1
RD-1014089,True,26,26,0,0
RD-1014090,True,36,34,2,0
RD-1014091,True,24,21,1,0
RD-1014092,True,30,30,0,0
RD-1014093,True,35,34,1,0
RD-1014094,True,32,32,0,0
RD-1014095,True,55,50,3,2
RD-1014096,True,24,24,0,0
RD-1014097,True,5,5,0,0
RD-1014098,True,29,26,1,1
RD-1014099,True,4,4,0,0
RD-1014100,True,47,45,2,0
RD-1014101,True,28,28,0,0
RD-1014102,True,63,61,1,1
RD-1014103,True,34,34,0,0
RD-1014104,True,33,30,3,0
RD-1014105,True,31,31,0,0
RD-1014106,True,36,36,0,0
RD-1014107,True,26,25,0,0
RD-1014108,True,23,18,4,1
RD-1014109,True,21,21,0,0
RD-1014110,True,27,26,1,0
RD-1014111,True,31,29,1,1
RD-1014112,True,30,30,0,0
RD-1014113,True,37,37,0,0
RD-1014114,True,28,25,2,1
RD-1014115,True,25,24,1,0
RD-1014116,True,22,20,1,1
RD-1014117,True,53,51,0,1
RD-1014118,True,43,40,1,1
RD-1014119,True,33,28,4,1
RD-1014120,True,37,35,0,2
RD-1014121,True,41,39,2,0
RD-1014122,True,3,3,0,0
RD-1014123,True,42,42,0,0
RD-1014124,True,26,26,0,0
RD-1014125,True,37,36,1,0
RD-1014126,True,28,25,2,0
RD-1014127,True,28,27,0,0
RD-1014128,True,28,26,0,2
RD-1014129,True,32,31,1,0
RD-1014130,True,29,25,2,1
RD-1014131,True,28,27,1,0
RD-1014132,True,34,33,0,1
RD-1014133,True,20,18,0,1
RD-1014134,True,5,5,0,0
RD-1014135,True,26,26,0,0
RD-1014136,True,37,35,1,1
RD-1014137,True,30,28,1,1
RD-1014138,True,37,37,0,0
RD-1014139,True,45,44,1,0
RD-1014140,True,18,18,0,0
RD-1014141,True,17,15,0,1
RD-1014142,True,34,33,0,0
RD-1014143,True,30,30,0,0
RD-1014144,True,30,25,4,1
RD-1014145,True,38,37,1,0
RD-1014146,True,58,56,1,1
RD-1014147,True,28,26,1,1
RD-1014148,True,22,20,2,0
RD-1014149,True,17,17,0,0
RD-1014150,True,39,39,0,0
RD-1014151,True,32,32,0,0
RD-1014152,True,33,32,1,0
RD-1014153,True,28,26,1,1
RD-1014154,True,16,14,2,0
RD-1014155,True,40,37,1,1
RD-1014156,True,27,26,1,0
RD-1014157,True,43,42,0,1
RD-1014158,True,32,31,0,1
RD-1014159,True,42,40,1,0
RD-1014160,True,44,43,1,0
RD-1014161,True,28,27,0,0
RD-1014162,True,46,45,0,1
RD-1014163,True,12,11,0,1
RD-1014164,True,24,23,1,0
RD-1014165,True,32,29,2,1
RD-1014166,True,32,31,0,0
RD-1014167,True,41,41,0,0
RD-1014168,True,42,42,0,0
RD-1014169,True,42,42,0,0
RD-1014170,True,16,16,0,0
RD-1014171,True,35,32,3,0
RD-1014172,True,31,31,0,0
RD-1014173,True,42,40,2,0
RD-1014174,True,30,28,1,1
RD-1014175,True,42,41,1,0
RD-1014176,True,27,24,1,1
RD-1014177,True,21,16,4,1
RD-1014178,True,32,27,3,1
RD-1014179,True,21,21,0,0
RD-1014180,True,39,38,0,0
RD-1014181,True,28,28,0,0
RD-1014182,True,51,50,1,0
RD-1014183,True,38,35,2,1
RD-1014184,True,24,24,0,0
RD-1014185,True,33,31,2,0
RD-1014186,True,30,29,1,0
RD-1014187,True,26,26,0,0
RD-1014188,True,24,21,1,2
RD-1014189,True,36,35,1,0
RD-1014190,True,24,24,0,0
RD-1014191,True,36,35,0,1
RD-1014192,True,8,8,0,0
RD-1014193,True,40,38,2,0
RD-1014194,True,30,30,0,0
RD-1014195,True,43,41,0,1
RD-1014196,True,6,6,0,0
RD-1014197,True,32,31,0,1
RD-1014198,True,26,26,0,0
RD-1014199,True,38,35,2,1
RD-1014200,True,33,30,0,3
RD-1014201,True,23,22,0,0
RD-1014202,True,38,33,3,2
RD-1014203,True,30,29,0,0
RD-1014204,True,23,23,0,0
RD-1014205,True,25,24,0,1
RD-1014206,True,50,49,0,1
RD-1014207,True,35,34,1,0
RD-1014208,True,24,22,1,1
RD-1014209,True,31,31,0,0
RD-1014210,True,20,20,0,0
RD-1014211,True,33,32,0,1
RD-1014212,True,27,27,0,0
RD-1014213,True,31,31,0,0
RD-1014214,True,33,33,0,0
RD-1014215,True,25,24,0,1
RD-1014216,True,32,32,0,0
RD-1014217,True,28,28,0,0
RD-1014218,True,23,23,0,0
RD-1014219,True,18,17,1,0
RD-1014220,True,31,31,0,0
RD-1014221,True,5,5,0,0
RD-1014222,True,26,25,0,1
RD-1014223,True,43,41,2,0
RD-1014224,True,28,26,1,0
RD-1014225,True,31,30,1,0
RD-1014226,True,22,22,0,0
RD-1014227,True,21,20,0,1
RD-1014228,True,41,39,0,2
RD-1014229,True,42,38,3,1
RD-1014230,True,37,36,0,0
RD-1014231,True,7,6,1,0
RD-1014232,True,33,32,0,1
RD-1014233,True,23,21,2,0
RD-1014234,True,30,29,1,0
RD-1014235,True,45,42,2,1
RD-1014236,True,27,26,1,0
RD-1014237,True,33,32,1,0
RD-1014238,True,29,28,1,0
RD-1014239,True,35,35,0,0
RD-1014240,True,30,28,1,1
RD-1014241,True,35,33,2,0
RD-1014242,True,26,25,1,0
RD-1014243,True,21,20,0,1
RD-1014244,True,27,26,0,0
RD-1014245,True,38,38,0,0
RD-1014246,True,24,24,0,0
RD-1014247,True,34,34,0,0
RD-1014248,True,33,32,1,0
RD-1014249,True,36,33,2,1
RD-1014250,True,46,45,0,1
RD-1014251,True,40,38,1,1
RD-1014252,True,57,56,0,0
RD-1014253,True,35,33,2,0
RD-1014254,True,4,4,0,0
RD-1014255,True,25,24,1,0
RD-1014256,True,20,17,1,1
RD-1014257,True,25,25,0,0
RD-1014258,True,30,29,1,0
RD-1014259,True,15,14,0,0
RD-1014260,True,37,35,1,1
RD-1014261,True,32,30,1,1
RD-1014262,True,25,23,0,2
RD-1014263,True,32,29,3,0
RD-1014264,True,29,27,2,0
RD-1014265,True,26,25,0,0
RD-1014266,True,36,36,0,0
RD-1014267,True,32,30,2,0
RD-1014268,True,39,38,0,1
RD-1014269,True,6,6,0,0
RD-1014270,True,28,28,0,0
RD-1014271,True,31,28,1,2
RD-1014272,True,32,31,1,0
RD-1014273,True,26,25,1,0
RD-1014274,True,35,30,4,1
RD-1014275,True,41,39,1,1
RD-1014276,True,44,44,0,0
RD-1014277,True,26,25,1,0
RD-1014278,True,22,21,1,0
RD-1014279,True,30,30,0,0
RD-1014280,True,23,22,0,0
RD-1014281,True,19,18,0,1
RD-1014282,True,27,23,4,0
RD-1014283,True,18,17,0,1
RD-1014284,True,33,33,0,0
RD-1014285,True,26,25,0,1
RD-1014286,True,43,42,1,0
RD-1014287,True,35,35,0,0
RD-1014288,True,35,34,1,0
RD-1014289,True,37,36,0,1
RD-1014290,True,35,33,2,0
RD-1014291,True,35,32,1,2
RD-1014292,True,43,43,0,0
RD-1014293,True,26,24,0,0
RD-1014294,True,31,30,1,0
RD-1014295,True,32,31,1,0
RD-1014296,True,36,35,0,1
RD-1014297,True,51,49,1,0
RD-1014298,True,32,31,0,0
RD-1014299,True,21,20,1,0
RD-1014300,True,26,26,0,0
RD-1014301,True,35,31,2,0
RD-1014302,True,29,25,2,0
RD-1014303,True,7,6,1,0
RD-1014304,True,33,32,0,1
RD-1014305,True,39,39,0,0
RD-1014306,True,39,39,0,0
RD-1014307,True,25,24,0,1
RD-1014308,True,28,25,3,0
RD-1014309,True,24,23,0,1
RD-1014310,True,28,28,0,0
RD-1014311,True,30,25,3,1
RD-1014312,True,35,32,1,1
RD-1014313,True,25,24,0,1
RD-1014314,True,39,38,0,0
RD-1014315,True,40,38,1,1
RD-1014316,True,39,39,0,0
RD-1014317,True,42,39,3,0
RD-1014318,True,29,29,0,0
RD-1014319,True,40,38,1,0
RD-1014320,True,46,44,1,0
RD-1014321,True,24,22,1,0
RD-1014322,True,39,38,0,0
RD-1014323,True,25,25,0,0
RD-1014324,True,22,20,1,1
RD-1014325,True,42,41,0,1
RD-1014326,True,20,18,0,2
RD-1014327,True,37,35,2,0
RD-1014328,True,17,16,1,0
RD-1014329,True,36,34,2,0
RD-1014330,True,44,42,0,1
RD-1014331,True,37,35,0,1
RD-1014332,True,37,37,0,0
RD-1014333,True,4,4,0,0
RD-1014334,True,26,25,0,0
RD-1014335,True,31,29,0,2
RD-1014336,True,53,51,1,0
RD-1014337,True,26,25,0,0
RD-1014338,True,32,32,0,0
RD-1014339,True,28,28,0,0
RD-1014340,True,24,22,1,1
RD-1014341,True,33,33,0,0
RD-1014342,True,49,47,1,1
RD-1014343,True,25,24,0,0
RD-1014344,True,33,30,1,1
RD-1014345,True,30,30,0,0
RD-1014346,True,39,38,0,1
RD-1014347,True,34,32,0,2
RD-1014348,True,44,43,1,0
RD-1014349,True,38,37,1,0
RD-1014350,True,32,32,0,0
RD-1014351,True,33,31,1,1
RD-1014352,True,29,29,0,0
RD-1014353,True,39,38,1,0
RD-1014354,True,28,26,1,1
RD-1014355,True,32,31,1,0
RD-1014356,True,26,26,0,0
RD-1014357,True,4,4,0,0
RD-1014358,True,32,31,1,0
RD-1014359,True,40,38,0,2
RD-1014360,True,36,35,0,1
RD-1014361,True,27,26,0,1
RD-1014362,True,33,33,0,0
RD-1014363,True,22,19,2,1
RD-1014364,True,39,36,2,0
RD-1014365,True,48,43,4,0
RD-1014366,True,47,45,1,0
RD-1014367,True,25,21,2,2
RD-1014368,True,36,35,0,1
RD-1014369,True,37,36,1,0
RD-1014370,True,23,22,1,0
RD-1014371,True,36,32,3,1
RD-1014372,True,24,24,0,0
RD-1014373,True,24,23,1,0
RD-1014374,True,47,46,0,1
RD-1014375,True,25,25,0,0
RD-1014376,True,29,27,0,2
RD-1014377,True,33,32,0,1
RD-1014378,True,29,29,0,0
RD-1014379,True,34,33,0,1
RD-1014380,True,25,24,0,0
RD-1014381,True,22,20,1,0
RD-1014382,True,31,29,1,1
RD-1014383,True,33,32,0,1
RD-1014384,True,19,16,3,0
RD-1014385,True,25,21,2,1
RD-1014386,True,44,42,0,2
RD-1014387,True,19,17,1,1
RD-1014388,True,34,29,3,1
RD-1014389,True,31,30,1,0
RD-1014390,True,34,33,0,1
RD-1014391,True,22,22,0,0
RD-1014392,True,25,24,0,0
RD-1014393,True,33,32,1,0
RD-1014394,True,29,28,1,0
RD-1014395,True,24,24,0,0
RD-1014396,True,31,30,1,0
RD-1014397,True,40,38,2,0
RD-1014398,True,35,34,0,0
RD-1014399,True,32,32,0,0
RD-1014400,True,30,29,1,0
RD-1014401,True,10,10,0,0
RD-1014402,True,11,10,1,0
RD-1014403,True,41,41,0,0
RD-1014404,True,26,25,0,1
RD-1014405,True,25,25,0,0
RD-1014406,True,26,23,1,2
RD-1014407,True,8,6,1,1
RD-1014408,True,27,25,1,1
RD-1014409,True,30,29,1,0
RD-1014410,True,28,28,0,0
RD-1014411,True,27,26,1,0
RD-1014412,True,24,23,0,0
RD-1014413,True,31,28,2,1
RD-1014414,True,28,27,0,1
RD-1014415,True,37,37,0,0
RD-1014416,True,22,19,1,0
RD-1014417,True,15,13,2,0
RD-1014418,True,24,23,1,0
RD-1014419,True,21,19,1,1
RD-1014420,True,43,42,1,0
RD-1014421,True,9,9,0,0
RD-1014422,True,37,36,1,0
RD-1014423,True,47,46,0,1
RD-1014424,True,26,25,1,0
RD-1014425,True,34,29,3,2
RD-1014426,True,38,37,0,1
RD-1014427,True,34,31,2,0
RD-1014428,True,22,21,0,0
RD-1014429,True,26,26,0,0
RD-1014430,True,38,36,1,0
RD-1014431,True,27,26,0,1
RD-1014432,True,27,24,3,0
RD-1014433,True,33,32,1,0
RD-1014434,True,23,22,0,1
RD-1014435,True,23,23,0,0
RD-1014436,True,36,35,1,0
RD-1014437,True,28,28,0,0
RD-1014438,True,26,25,1,0
RD-1014439,True,32,31,0,0
RD-1014440,True,29,29,0,0
RD-1014441,True,30,29,0,0
RD-1014442,True,31,29,2,0
RD-1014443,True,29,29,0,0
RD-1014444,True,8,6,0,2
RD-1014445,True,39,39,0,0
RD-1014446,True,23,20,2,1
RD-1014447,True,32,31,1,0
RD-1014448,True,21,21,0,0
RD-1014449,True,37,37,0,0
RD-1014450,True,36,36,0,0
RD-1014451,True,42,40,1,0
RD-1014452,True,32,30,2,0
RD-1014453,True,38,38,0,0
RD-1014454,True,49,48,1,0
RD-1014455,True,21,18,1,2
RD-1014456,True,36,35,1,0
RD-1014457,True,26,24,1,1
RD-1014458,True,25,23,1,0
RD-1014459,True,44,43,0,1
RD-1014460,True,51,51,0,0
RD-1014461,True,9,9,0,0
RD-1014462,True,28,26,2,0
RD-1014463,True,39,35,2,1
RD-1014464,True,49,48,1,0
RD-1014465,True,44,40,2,2
RD-1014466,True,29,28,1,0
RD-1014467,True,42,39,3,0
RD-1014468,True,47,45,2,0
RD-1014469,True,29,28,0,1
RD-1014470,True,29,25,3,0
RD-1014471,True,27,25,1,0
RD-1014472,True,21,21,0,0
RD-1014473,True,27,27,0,0
RD-1014474,True,8,8,0,0
RD-1014475,True,50,50,0,0
RD-1014476,True,25,25,0,0
RD-1014477,True,33,31,1,1
RD-1014478,True,31,30,1,0
RD-1014479,True,23,21,2,0
RD-1014480,True,29,26,0,2
RD-1014481,True,27,27,0,0
RD-1014482,True,16,15,1,0
RD-1014483,True,23,20,1,2
RD-1014484,True,30,30,0,0
RD-1014485,True,16,16,0,0
RD-1014486,True,27,25,0,1
RD-1014487,True,35,35,0,0
RD-1014488,True,20,20,0,0
RD-1014489,True,32,30,2,0
RD-1014490,True,29,29,0,0
RD-1014491,True,26,26,0,0
RD-1014492,True,26,25,1,0
RD-1014493,True,19,19,0,0
RD-1014494,True,23,22,0,1
RD-1014495,True,23,23,0,0
RD-1014496,True,36,36,0,0
RD-1014497,True,31,31,0,0
RD-1014498,True,18,15,3,0
RD-1014499,True,28,27,0,1
RD-1014500,True,38,37,1,0
RD-1014501,True,29,29,0,0
RD-1014502,True,48,47,1,0
RD-1014503,True,21,20,0,1
RD-1014504,True,31,30,0,0
RD-1014505,True,28,26,0,1
RD-1014506,True,32,31,1,0
RD-1014507,True,41,39,2,0
RD-1014508,True,31,30,1,0
RD-1014509,True,40,39,1,0
RD-1014510,True,23,18,3,1
RD-1014511,True,26,26,0,0
RD-1014512,True,20,18,2,0
RD-1014513,True,27,26,1,0
RD-1014514,True,38,35,3,0
RD-1014515,True,22,20,1,1
RD-1014516,True,27,25,2,0
RD-1014517,True,30,29,1,0
RD-1014518,True,28,26,2,0
RD-1014519,True,31,29,1,0
RD-1014520,True,32,27,5,0
RD-1014521,True,32,31,1,0
RD-1014522,True,33,32,0,0
RD-1014523,True,45,44,0,1
RD-1014524,True,29,28,0,0
RD-1014525,True,33,33,0,0
RD-1014526,True,20,18,1,1
RD-1014527,True,25,22,3,0
RD-1014528,True,30,30,0,0
RD-1014529,True,7,7,0,0
RD-1014530,True,26,25,1,0
RD-1014531,True,6,6,0,0
RD-1014532,True,28,24,4,0
RD-1014533,True,21,20,0,1
RD-1014534,True,25,25,0,0
RD-1014535,True,16,14,1,1
RD-1014536,True,25,24,0,1
RD-1014537,True,20,16,3,1
RD-1014538,True,25,24,0,1
RD-1014539,True,26,25,0,0
RD-1014540,True,37,33,3,0
RD-1014541,True,34,31,3,0
RD-1014542,True,53,51,2,0
RD-1014543,True,47,44,2,1
RD-1014544,True,27,26,1,0
RD-1014545,True,33,29,2,1
RD-1014546,True,34,32,2,0
RD-1014547,True,59,57,0,0
RD-1014548,True,35,34,0,1
RD-1014549,True,27,26,0,1
RD-1014550,True,29,27,1,0
RD-1014551,True,24,23,0,1
RD-1014552,True,35,32,1,1
RD-1014553,True,43,41,1,1
RD-1014554,True,14,14,0,0
RD-1014555,True,35,33,0,1
RD-1014556,True,31,27,4,0
RD-1014557,True,26,25,0,1
RD-1014558,True,26,26,0,0
RD-1014559,True,29,29,0,0
RD-1014560,True,28,28,0,0
RD-1014561,True,17,16,0,1
RD-1014562,True,25,24,1,0
RD-1014563,True,30,30,0,0
RD-1014564,True,40,40,0,0
RD-1014565,True,37,35,0,1
RD-1014566,True,63,61,0,1
RD-1014567,True,25,25,0,0
RD-1014568,True,36,33,2,1
RD-1014569,True,31,30,1,0
RD-1014570,True,26,26,0,0
RD-1014571,True,37,36,0,0
RD-1014572,True,27,27,0,0
RD-1014573,True,25,25,0,0
RD-1014574,True,37,37,0,0
RD-1014575,True,22,20,0,0
RD-1014576,True,20,19,0,1
RD-1014577,True,40,39,1,0
RD-1014578,True,27,27,0,0
RD-1014579,True,21,18,3,0
RD-1014580,True,14,13,1,0
RD-1014581,True,22,20,1,1
RD-1014582,True,13,13,0,0
RD-1014583,True,40,37,2,0
RD-1014584,True,24,22,2,0
RD-1014585,True,32,32,0,0
RD-1014586,True,35,34,0,0
RD-1014587,True,39,39,0,0
RD-1014588,True,44,44,0,0
RD-1014589,True,42,40,2,0
RD-1014590,True,31,30,1,0
RD-1014591,True,19,17,2,0
RD-1014592,True,38,37,0,0
RD-1014593,True,2,2,0,0
RD-1014594,True,42,40,0,1
RD-1014595,True,40,40,0,0
RD-1014596,True,35,32,1,1
RD-1014597,True,9,9,0,0
RD-1014598,True,35,30,0,1
RD-1014599,True,30,29,0,1
RD-1014600,True,39,36,2,1
RD-1014601,True,36,35,1,0
RD-1014602,True,27,27,0,0
RD-1014603,True,45,44,0,1
RD-1014604,True,30,30,0,0
RD-1014605,True,34,34,0,0
RD-1014606,True,39,34,4,1
RD-1014607,True,22,20,2,0
RD-1014608,True,36,36,0,0
RD-1014609,True,3,3,0,0
RD-1014610,True,23,22,0,1
RD-1014611,True,29,28,0,1
RD-1014612,True,26,24,1,1
RD-1014613,True,27,23,3,1
RD-1014614,True,4,3,1,0
RD-1014615,True,28,28,0,0
RD-1014616,True,36,34,2,0
RD-1014617,True,4,4,0,0
RD-1014618,True,38,37,1,0
RD-1014619,True,21,21,0,0
RD-1014620,True,39,37,0,2
RD-1014621,True,36,35,1,0
RD-1014622,True,18,16,1,1
RD-1014623,True,35,33,2,0
RD-1014624,True,22,20,0,2
RD-1014625,True,17,17,0,0
RD-1014626,True,28,28,0,0
RD-1014627,True,4,4,0,0
RD-1014628,True,26,26,0,0
RD-1014629,True,22,22,0,0
RD-1014630,True,35,33,1,0
RD-1014631,True,26,25,1,0
RD-1014632,True,42,41,0,1
RD-1014633,True,40,40,0,0
RD-1014634,True,6,5,0,1
RD-1014635,True,28,27,1,0
RD-1014636,True,34,32,1,0
RD-1014637,True,34,32,1,1
RD-1014638,True,32,30,1,1
RD-1014639,True,39,38,0,1
RD-1014640,True,43,41,1,1
RD-1014641,True,29,28,0,0
RD-1014642,True,46,44,1,1
RD-1014643,True,35,35,0,0
RD-1014644,True,31,28,2,1
RD-1014645,True,26,24,2,0
RD-1014646,True,37,36,0,1
RD-1014647,True,40,38,1,1
RD-1014648,True,14,14,0,0
RD-1014649,True,27,25,2,0
RD-1014650,True,25,24,1,0
RD-1014651,True,27,26,0,0
RD-1014652,True,6,6,0,0
RD-1014653,True,30,29,1,0
RD-1014654,True,33,32,0,0
RD-1014655,True,30,30,0,0
RD-1014656,True,30,29,0,0
RD-1014657,True,31,29,2,0
RD-1014658,True,38,37,1,0
RD-1014659,True,45,45,0,0
RD-1014660,True,6,4,1,1
RD-1014661,True,33,31,2,0
RD-1014662,True,32,30,2,0
RD-1014663,True,28,27,1,0
RD-1014664,True,39,38,1,0
RD-1014665,True,31,29,1,0
RD-1014666,True,41,40,0,1
RD-1014667,True,29,25,4,0
RD-1014668,True,35,32,1,0
RD-1014669,True,25,25,0,0
RD-1014670,True,20,20,0,0
RD-1014671,True,26,25,0,1
RD-1014672,True,30,30,0,0
RD-1014673,True,29,28,0,0
RD-1014674,True,28,24,4,0
RD-1014675,True,25,23,2,0
RD-1014676,True,12,11,1,0
RD-1014677,True,25,25,0,0
RD-1014678,True,20,18,2,0
RD-1014679,True,32,30,0,1
RD-1014680,True,5,5,0,0
RD-1014681,True,32,32,0,0
RD-1014682,True,15,15,0,0
RD-1014683,True,60,59,0,0
RD-1014684,True,39,37,0,1
RD-1014685,True,31,30,1,0
RD-1014686,True,26,24,1,0
RD-1014687,True,27,27,0,0
RD-1014688,True,22,20,1,1
RD-1014689,True,35,35,0,0
RD-1014690,True,35,32,0,2
RD-1014691,True,29,27,1,0
RD-1014692,True,53,52,1,0
RD-1014693,True,21,20,1,0
RD-1014694,True,31,27,3,0
RD-1014695,True,25,22,1,2
RD-1014696,True,29,27,1,0
RD-1014697,True,33,30,2,1
RD-1014698,True,37,35,2,0
RD-1014699,True,40,40,0,0
RD-1014700,True,27,26,1,0
RD-1014701,True,30,29,0,1
RD-1014702,True,36,33,2,0
RD-1014703,True,40,39,1,0
RD-1014704,True,29,27,1,1
RD-1014705,True,31,31,0,0
RD-1014706,True,19,19,0,0
RD-1014707,True,30,28,2,0
RD-1014708,True,26,25,1,0
RD-1014709,True,24,22,2,0
RD-1014710,True,25,24,0,1
RD-1014711,True,5,4,1,0
RD-1014712,True,49,46,1,2
RD-1014713,True,34,31,2,0
RD-1014714,True,16,16,0,0
RD-1014715,True,17,16,1,0
RD-1014716,True,33,31,0,1
RD-1014717,True,48,48,0,0
RD-1014718,True,24,24,0,0
RD-1014719,True,29,28,1,0
RD-1014720,True,39,39,0,0
RD-1014721,True,27,27,0,0
RD-1014722,True,37,34,1,0
RD-1014723,True,40,39,0,1
RD-1014724,True,24,23,0,1
RD-1014725,True,33,33,0,0
RD-1014726,True,36,32,3,0
RD-1014727,True,28,23,2,3
RD-1014728,True,30,26,2,1
RD-1014729,True,37,37,0,0
RD-1014730,True,30,30,0,0
RD-1014731,True,29,28,0,1
RD-1014732,True,26,25,0,1
RD-1014733,True,39,39,0,0
RD-1014734,True,24,24,0,0
RD-1014735,True,29,27,1,1
RD-1014736,True,30,30,0,0
RD-1014737,True,21,21,0,0
RD-1014738,True,38,37,0,0
RD-1014739,True,35,32,0,3
RD-1014740,True,11,11,0,0
RD-1014741,True,36,35,0,1
RD-1014742,True,21,21,0,0
RD-1014743,True,26,25,0,1
RD-1014744,True,25,24,0,1
RD-1014745,True,24,22,2,0
RD-1014746,True,25,24,0,1
RD-1014747,True,41,41,0,0
RD-1014748,True,34,33,1,0
RD-1014749,True,42,39,1,2
RD-1014750,True,26,26,0,0
RD-1014751,True,22,21,1,0
RD-1014752,True,29,29,0,0
RD-1014753,True,36,34,1,1
RD-1014754,True,44,42,0,1
RD-1014755,True,19,19,0,0
RD-1014756,True,24,22,2,0
RD-1014757,True,42,38,2,1
RD-1014758,True,34,34,0,0
RD-1014759,True,28,27,0,1
RD-1014760,True,12,12,0,0
RD-1014761,True,35,32,2,1
RD-1014762,True,29,29,0,0
RD-1014763,True,41,41,0,0
RD-1014764,True,29,28,0,1
RD-1014765,True,24,24,0,0
RD-1014766,True,41,40,0,1
RD-1014767,True,33,32,1,0
RD-1014768,True,21,20,1,0
RD-1014769,True,24,21,0,2
RD-1014770,True,28,28,0,0
RD-1014771,True,47,47,0,0
RD-1014772,True,27,26,1,0
RD-1014773,True,2,1,0,0
RD-1014774,True,26,25,0,0
RD-1014775,True,29,29,0,0
RD-1014776,True,29,29,0,0
RD-1014777,True,28,26,2,0
RD-1014778,True,33,31,2,0
RD-1014779,True,33,31,1,1
RD-1014780,True,22,20,2,0
RD-1014781,True,39,37,1,1
RD-1014782,True,23,22,1,0
RD-1014783,True,55,51,2,0
RD-1014784,True,42,41,1,0
RD-1014785,True,25,25,0,0
RD-1014786,True,32,30,1,1
RD-1014787,True,25,23,1,0
RD-1014788,True,27,25,1,1
RD-1014789,True,26,21,3,2
RD-1014790,True,22,22,0,0
RD-1014791,True,27,26,1,0
RD-1014792,True,28,28,0,0
RD-1014793,True,31,31,0,0
RD-1014794,True,28,26,1,0
RD-1014795,True,28,27,1,0
RD-1014796,True,45,44,0,1
RD-1014797,True,8,8,0,0
RD-1014798,True,25,25,0,0
RD-1014799,True,52,47,3,1
RD-1014800,True,28,28,0,0
RD-1014801,True,29,28,1,0
RD-1014802,True,20,18,0,2
RD-1014803,True,43,41,1,0
RD-1014804,True,53,51,2,0
RD-1014805,True,35,34,1,0
RD-1014806,True,39,39,0,0
RD-1014807,True,32,32,0,0
RD-1014808,True,39,38,0,0
RD-1014809,True,33,32,0,0
RD-1014810,True,26,26,0,0
RD-1014811,True,28,27,0,1
RD-1014812,True,40,37,2,1
RD-1014813,True,30,28,2,0
RD-1014814,True,32,31,0,1
RD-1014815,True,33,32,0,0
RD-1014816,True,38,37,0,0
RD-1014817,True,35,34,1,0
RD-1014818,True,28,28,0,0
RD-1014819,True,44,43,1,0
RD-1014820,True,35,34,1,0
RD-1014821,True,32,30,1,1
RD-1014822,True,20,17,1,0
RD-1014823,True,41,40,0,1
RD-1014824,True,33,33,0,0
RD-1014825,True,31,27,2,1
RD-1014826,True,34,34,0,0
RD-1014827,True,30,28,0,1
RD-1014828,True,29,28,1,0
RD-1014829,True,15,14,1,0
RD-1014830,True,29,28,0,1
RD-1014831,True,40,38,2,0
RD-1014832,True,29,28,1,0
RD-1014833,True,41,38,2,0
RD-1014834,True,28,26,2,0
RD-1014835,True,20,20,0,0
RD-1014836,True,34,33,0,0
RD-1014837,True,17,17,0,0
RD-1014838,True,42,42,0,0
RD-1014839,True,33,33,0,0
RD-1014840,True,30,30,0,0
RD-1014841,True,11,9,1,1
RD-1014842,True,28,27,0,1
RD-1014843,True,30,28,2,0
RD-1014844,True,48,46,1,0
RD-1014845,True,14,14,0,0
RD-1014846,True,35,34,0,0
RD-1014847,True,53,52,1,0
RD-1014848,True,30,30,0,0
RD-1014849,True,29,29,0,0
RD-1014850,True,31,31,0,0
RD-1014851,True,25,24,1,0
RD-1014852,True,20,20,0,0
RD-1014853,True,29,29,0,0
RD-1014854,True,43,37,3,2
RD-1014855,True,21,19,2,0
RD-1014856,True,31,30,1,0
RD-1014857,True,16,15,0,0
RD-1014858,True,28,27,1,0
RD-1014859,True,35,34,0,1
RD-1014860,True,33,30,2,1
RD-1014861,True,24,23,1,0
RD-1014862,True,37,37,0,0
RD-1014863,True,32,32,0,0
RD-1014864,True,38,36,2,0
RD-1014865,True,40,39,1,0
RD-1014866,True,30,28,0,1
RD-1014867,True,34,31,3,0
RD-1014868,True,26,26,0,0
RD-1014869,True,32,31,0,1
RD-1014870,True,26,26,0,0
RD-1014871,True,21,21,0,0
RD-1014872,True,19,17,1,1
RD-1014873,True,27,25,0,1
RD-1014874,True,29,29,0,0
RD-1014875,False,2,2,0,0
RD-1014876,True,35,34,1,0
RD-1014877,True,33,31,2,0
RD-1014878,True,39,36,1,1
RD-1014879,True,36,34,1,1
RD-1014880,True,42,40,1,0
RD-1014881,True,29,27,2,0
RD-1014882,True,40,39,1,0
RD-1014883,True,36,34,1,1
RD-1014884,True,26,25,1,0
RD-1014885,True,39,37,1,1
RD-1014886,True,31,29,1,1
RD-1014887,True,17,15,2,0
RD-1014888,True,31,31,0,0
RD-1014889,True,41,37,1,2
RD-1014890,True,5,5,0,0
RD-1014891,True,35,33,1,0
RD-1014892,True,42,40,0,2
RD-1014893,True,25,25,0,0
RD-1014894,True,39,37,0,2
RD-1014895,True,33,32,0,1
RD-1014896,True,32,32,0,0
RD-1014897,True,31,30,1,0
RD-1014898,True,16,16,0,0
RD-1014899,True,53,47,4,1
RD-1014900,True,30,28,1,1
RD-1014901,True,22,20,2,0
RD-1014902,True,29,27,2,0
RD-1014903,True,35,32,1,1
RD-1014904,True,40,37,2,0
RD-1014905,True,18,18,0,0
RD-1014906,True,32,31,1,0
RD-1014907,True,22,21,0,1
RD-1014908,True,20,19,0,0
RD-1014909,True,16,16,0,0
RD-1014910,True,26,21,5,0
RD-1014911,True,21,19,1,1
RD-1014912,True,23,23,0,0
RD-1014913,True,38,36,0,2
RD-1014914,True,34,31,3,0
RD-1014915,True,14,14,0,0
RD-1014916,True,35,35,0,0
RD-1014917,True,23,21,2,0
RD-1014918,True,38,34,3,1
RD-1014919,True,26,26,0,0
RD-1014920,True,29,27,1,0
RD-1014921,True,33,32,0,1
RD-1014922,True,39,35,1,2
RD-1014923,True,20,17,2,1
RD-1014924,True,42,39,3,0
RD-1014925,True,24,24,0,0
RD-1014926,True,33,30,2,0
RD-1014927,True,43,41,0,0
RD-1014928,True,25,23,1,0
RD-1014929,True,23,23,0,0
RD-1014930,True,31,31,0,0
RD-1014931,True,35,33,1,1
RD-1014932,True,25,24,1,0
RD-1014933,True,27,25,1,1
RD-1014934,True,23,19,2,2
RD-1014935,True,40,39,0,0
RD-1014936,True,35,32,2,0
RD-1014937,True,29,28,1,0
RD-1014938,True,30,30,0,0
RD-1014939,True,32,31,0,0
RD-1014940,False,1,1,0,0
RD-1014941,True,31,28,1,1
RD-1014942,True,24,24,0,0
RD-1014943,True,24,23,0,1
RD-1014944,True,22,20,2,0
RD-1014945,True,37,37,0,0
RD-1014946,True,33,30,0,1
RD-1014947,True,10,8,1,1
RD-1014948,True,30,26,2,1
RD-1014949,True,26,24,1,0
RD-1014950,True,40,40,0,0
RD-1014951,True,26,25,1,0
RD-1014952,True,27,27,0,0
RD-1014953,True,38,35,2,1
RD-1014954,True,25,24,1,0
RD-1014955,True,40,38,2,0
RD-1014956,True,25,24,0,1
RD-1014957,True,26,25,0,1
RD-1014958,True,41,41,0,0
RD-1014959,True,10,9,1,0
RD-1014960,True,30,29,1,0
RD-1014961,True,32,32,0,0
RD-1014962,True,21,20,1,0
RD-1014963,True,40,39,0,0
RD-1014964,True,45,42,1,0
RD-1014965,True,31,29,1,0
RD-1014966,True,25,23,1,1
RD-1014967,True,43,38,2,2
RD-1014968,True,32,31,1,0
RD-1014969,True,30,29,1,0
RD-1014971,True,22,20,1,1
RD-1014972,True,27,25,1,1
RD-1014973,True,25,22,2,1
RD-1014974,True,39,38,0,1
RD-1014975,True,23,20,3,0
RD-1014976,True,38,33,4,1
RD-1014977,True,18,16,1,0
RD-1014978,True,40,39,1,0
RD-1014979,True,31,30,1,0
RD-1014980,True,36,32,4,0
RD-1014981,True,33,33,0,0
RD-1014982,True,33,33,0,0
RD-1014983,True,30,28,2,0
RD-1014984,True,43,41,1,0
RD-1014985,True,3,3,0,0
RD-1014986,True,24,24,0,0
RD-1014987,True,20,20,0,0
RD-1014988,True,27,24,1,2
RD-1014989,True,48,44,0,4
RD-1014990,True,29,28,0,1
RD-1014991,True,33,32,0,1
RD-1014992,True,30,29,0,1
RD-1014993,True,38,38,0,0
RD-1014994,True,33,32,1,0
RD-1014995,True,31,30,0,1
RD-1014996,True,48,47,0,1
RD-1014997,True,21,20,1,0
RD-1014998,True,27,24,2,1
RD-1014999,True,29,28,0,1
RD-1015000,True,36,33,2,0
RD-1015001,True,32,31,1,0
RD-1015002,True,24,22,2,0
RD-1015003,True,2,2,0,0
RD-1015004,True,25,25,0,0
RD-1015005,True,36,35,0,0
RD-1015006,True,28,25,3,0
RD-1015007,True,16,15,1,0
RD-1015008,True,7,7,0,0
RD-1015009,True,43,41,1,1
RD-1015010,True,31,29,1,0
RD-1015011,True,20,20,0,0
RD-1015012,True,31,30,1,0
RD-1015013,True,31,31,0,0
RD-1015014,True,30,28,0,2
RD-1015015,True,44,41,2,1
RD-1015016,True,48,43,2,3
RD-1015017,True,21,18,0,3
RD-1015018,True,12,11,1,0
RD-1015019,True,27,27,0,0
RD-1015020,True,39,38,0,1
RD-1015021,True,22,21,1,0
RD-1015022,True,22,20,1,1
RD-1015023,True,40,38,1,0
RD-1015024,True,25,25,0,0
RD-1015025,True,54,53,1,0
RD-1015026,True,31,28,0,0
RD-1015027,True,21,19,2,0
RD-1015028,True,10,10,0,0
RD-1015029,True,48,47,1,0
RD-1015030,True,26,24,0,1
RD-1015031,True,27,26,1,0
RD-1015032,True,32,32,0,0
RD-1015033,True,36,35,0,1
RD-1015034,True,31,30,0,1
RD-1015035,True,30,26,2,1
RD-1015036,True,19,17,0,2
RD-1015037,True,29,26,2,1
RD-1015038,True,45,43,1,1
RD-1015039,True,16,16,0,0
RD-1015040,True,25,22,2,0
RD-1015041,True,45,43,0,1
RD-1015042,True,28,25,2,1
RD-1015043,True,26,24,1,1
RD-1015044,True,55,53,0,0
RD-1015045,True,25,24,0,1
RD-1015046,True,26,25,1,0
RD-1015047,True,6,6,0,0
RD-1015048,True,28,28,0,0
RD-1015049,True,30,27,1,1
RD-1015050,True,27,26,0,0
RD-1015051,True,32,31,0,0
RD-1015052,True,32,30,1,1
RD-1015053,True,31,31,0,0
RD-1015054,True,27,26,0,1
RD-1015055,True,35,32,3,0
RD-1015056,True,36,35,0,0
RD-1015057,True,12,11,0,1
RD-1015058,True,47,45,2,0
RD-1015059,True,24,23,0,1
RD-1015060,True,22,22,0,0
RD-1015061,True,37,36,0,1
RD-1015062,True,35,35,0,0
RD-1015063,True,27,27,0,0
RD-1015064,True,36,34,1,1
RD-1015065,True,31,30,0,0
RD-1015066,True,4,4,0,0
RD-1015067,True,30,29,0,1
RD-1015068,True,30,29,0,1
RD-1015069,True,32,32,0,0
RD-1015070,True,28,28,0,0
RD-1015071,True,37,32,2,3
RD-1015072,True,37,36,1,0
RD-1015073,True,32,30,1,1
RD-1015074,True,28,27,1,0
RD-1015075,True,52,51,0,1
RD-1015076,True,19,18,1,0
RD-1015077,True,36,36,0,0
RD-1015078,True,34,33,0,1
RD-1015079,True,18,17,1,0
RD-1015080,True,22,20,1,1
RD-1015081,True,8,7,1,0
RD-1015082,True,37,36,1,0
RD-1015083,True,12,10,2,0
RD-1015084,True,20,17,1,0
RD-1015085,True,40,39,0,0
RD-1015086,True,28,27,0,0
RD-1015087,True,37,37,0,0
RD-1015088,True,28,26,1,0
RD-1015089,True,37,36,1,0
RD-1015090,True,21,20,0,1
RD-1015091,True,56,55,0,0
RD-1015092,True,42,42,0,0
RD-1015093,True,27,26,1,0
RD-1015094,True,44,43,0,1
RD-1015095,True,26,23,0,3
RD-1015096,True,6,6,0,0
RD-1015097,True,34,34,0,0
RD-1015098,True,43,41,2,0
RD-1015099,True,43,40,3,0
RD-1015100,True,23,21,1,0
RD-1015101,True,32,30,2,0
RD-1015102,True,18,16,1,0
RD-1015103,True,35,33,1,1
RD-1015104,True,26,25,0,0
RD-1015105,True,25,24,1,0
RD-1015106,True,28,27,1,0
RD-1015107,True,27,26,0,1
RD-1015108,True,45,42,2,1
RD-1015109,True,32,29,3,0
RD-1015110,True,27,26,0,0
RD-1015111,True,39,38,0,1
RD-1015112,True,28,25,1,2
RD-1015113,True,34,34,0,0
RD-1015114,True,51,50,1,0
RD-1015115,True,28,26,1,0
RD-1015116,True,36,34,0,1
RD-1015117,True,38,37,0,0
RD-1015118,True,10,10,0,0
RD-1015119,True,34,33,0,1
RD-1015120,True,24,23,1,0
RD-1015121,True,37,33,3,1
RD-1015122,True,22,19,1,1
RD-1015123,True,19,15,2,2
RD-1015124,True,32,29,3,0
RD-1015125,True,20,18,0,2
RD-1015126,True,32,32,0,0
RD-1015127,True,49,49,0,0
RD-1015128,True,2,1,0,1
RD-1015129,True,24,23,0,0
RD-1015130,True,36,36,0,0
RD-1015131,True,38,37,1,0
RD-1015132,True,34,33,1,0
RD-1015133,True,39,37,0,1
RD-1015134,True,25,25,0,0
RD-1015135,True,32,31,1,0
RD-1015136,True,36,36,0,0
RD-1015137,True,35,35,0,0
RD-1015138,True,34,29,1,1
RD-1015139,True,29,28,1,0
RD-1015140,True,48,46,1,0
RD-1015141,True,21,21,0,0
RD-1015142,True,21,19,2,0
RD-1015143,True,30,29,0,0
RD-1015144,True,27,27,0,0
RD-1015145,True,46,44,1,0
RD-1015146,True,31,30,0,1
RD-1015147,True,27,27,0,0
RD-1015148,True,34,33,1,0
RD-1015149,True,27,27,0,0
RD-1015150,True,21,20,0,0
RD-1015152,True,31,30,1,0
RD-1015153,True,42,41,1,0
RD-1015154,True,23,23,0,0
RD-1015155,True,23,21,2,0
RD-1015156,True,35,33,1,1
RD-1015157,True,33,31,2,0
RD-1015158,True,34,33,0,1
RD-1015159,True,27,25,2,0
RD-1015160,True,32,31,0,0
RD-1015161,True,38,38,0,0
RD-1015162,True,34,32,0,1
RD-1015163,True,30,25,4,1
RD-1015164,True,41,39,2,0
RD-1015165,True,48,46,1,0
RD-1015166,False,1,1,0,0
RD-1015167,True,43,41,2,0
RD-1015168,True,19,19,0,0
RD-1015169,True,40,37,2,1
RD-1015170,True,32,32,0,0
RD-1015171,True,7,7,0,0
RD-1015172,True,23,23,0,0
RD-1015173,True,42,40,2,0
RD-1015174,True,25,24,0,1
RD-1015175,True,24,21,1,2
RD-1015176,True,31,29,1,1
RD-1015177,True,35,33,1,1
RD-1015178,True,33,32,1,0
RD-1015179,True,32,32,0,0
RD-1015180,True,31,28,2,1
RD-1015181,True,32,31,0,0
RD-1015182,True,18,15,1,0
RD-1015183,True,28,28,0,0
RD-1015184,True,20,20,0,0
RD-1015185,True,28,27,0,0
RD-1015186,True,31,31,0,0
RD-1015187,True,28,26,0,2
RD-1015188,True,35,34,0,1
RD-1015189,True,37,36,1,0
RD-1015190,True,35,35,0,0
RD-1015191,True,33,32,1,0
RD-1015192,True,48,46,0,1
RD-1015193,True,31,31,0,0
RD-1015194,True,43,41,2,0
RD-1015195,True,36,33,2,0
RD-1015196,True,38,36,1,1
RD-1015197,True,25,24,0,0
RD-1015198,True,34,34,0,0
RD-1015199,True,28,27,1,0
RD-1015200,True,19,18,1,0
RD-1015201,True,29,27,1,1
RD-1015202,True,31,31,0,0
RD-1015203,True,35,34,0,0
RD-1015204,True,16,15,1,0
RD-1015205,True,39,36,1,0
RD-1015206,True,25,22,1,2
RD-1015207,True,21,21,0,0
RD-1015208,True,60,55,4,0
RD-1015209,True,27,27,0,0
RD-1015210,True,25,25,0,0
RD-1015211,True,36,36,0,0
RD-1015212,True,20,19,0,1
RD-1015213,True,23,22,1,0
RD-1015214,True,37,35,1,1
RD-1015215,True,25,24,1,0
RD-1015216,True,44,42,1,1
RD-1015217,True,7,7,0,0
RD-1015218,True,48,46,0,0
RD-1015219,True,53,53,0,0
RD-1015220,True,23,23,0,0
RD-1015221,True,35,33,2,0
RD-1015222,True,27,26,0,0
RD-1015223,True,28,27,1,0
RD-1015224,True,18,15,2,1
RD-1015225,True,30,30,0,0
RD-1015226,True,32,32,0,0
RD-1015227,True,36,35,1,0
RD-1015228,True,38,37,1,0
RD-1015229,True,30,29,1,0
RD-1015230,True,24,23,0,1
RD-1015231,True,35,32,2,1
RD-1015232,True,7,6,0,1
RD-1015233,True,7,7,0,0
RD-1015234,True,29,28,1,0
RD-1015235,True,27,27,0,0
RD-1015236,True,27,27,0,0
RD-1015237,True,35,33,0,1
RD-1015238,True,38,36,0,2
RD-1015239,True,30,30,0,0
RD-1015240,True,45,42,0,1
RD-1015241,True,29,29,0,0
RD-1015242,True,41,39,2,0
RD-1015243,True,35,35,0,0
RD-1015244,True,29,29,0,0
RD-1015245,True,22,22,0,0
RD-1015246,True,32,30,1,1
RD-1015247,True,51,49,0,2
RD-1015248,True,33,30,0,3
RD-1015249,True,22,21,1,0
RD-1015250,True,27,26,1,0
RD-1015251,True,36,34,1,1
RD-1015252,True,20,18,1,0
RD-1015253,True,29,28,1,0
RD-1015254,True,25,23,2,0
RD-1015255,True,18,17,1,0
RD-1015256,True,41,41,0,0
RD-1015257,True,36,36,0,0
RD-1015258,True,30,27,2,0
RD-1015259,True,25,24,0,1
RD-1015260,True,39,38,1,0
RD-1015261,True,4,4,0,0
RD-1015262,True,30,27,1,1
RD-1015263,True,36,35,1,0
RD-1015264,True,28,27,0,0
RD-1015265,True,32,29,2,0
RD-1015266,True,29,28,1,0
RD-1015267,True,44,43,1,0
RD-1015268,True,33,32,1,0
RD-1015269,True,42,41,1,0
RD-1015270,True,37,37,0,0
RD-1015271,True,45,42,1,1
RD-1015272,True,29,25,3,1
RD-1015273,True,8,8,0,0
RD-1015274,True,12,11,1,0
RD-1015275,True,24,24,0,0
RD-1015276,True,36,35,1,0
RD-1015277,True,24,21,1,2
RD-1015278,True,40,39,1,0
RD-1015279,True,49,46,1,0
RD-1015280,True,11,10,1,0
RD-1015281,True,32,30,0,2
RD-1015282,True,12,12,0,0
RD-1015283,True,40,38,1,0
RD-1015284,True,25,21,4,0
RD-1015285,True,26,23,1,2
RD-1015286,True,26,24,1,1
RD-1015287,True,23,22,0,1
RD-1015288,True,28,26,2,0
RD-1015289,True,32,32,0,0
RD-1015290,True,3,3,0,0
RD-1015291,True,35,32,1,0
RD-1015292,True,22,22,0,0
RD-1015293,True,35,32,2,0
RD-1015294,True,19,19,0,0
RD-1015295,True,29,29,0,0
RD-1015296,True,46,46,0,0
RD-1015297,True,35,32,1,0
RD-1015298,True,30,27,0,2
RD-1015299,True,40,37,0,2
RD-1015300,True,31,25,4,2
RD-1015301,True,25,23,1,1
RD-1015302,True,27,27,0,0
RD-1015303,True,25,25,0,0
RD-1015304,True,27,25,1,1
RD-1015305,True,21,19,0,1
RD-1015306,True,33,33,0,0
RD-1015307,True,3,3,0,0
RD-1015308,True,38,34,4,0
RD-1015309,True,33,33,0,0
RD-1015310,True,28,27,1,0
RD-1015311,True,36,34,2,0
RD-1015312,True,34,32,2,0
RD-1015313,True,19,17,2,0
RD-1015314,True,25,25,0,0
RD-1015315,True,22,22,0,0
RD-1015316,True,23,23,0,0
RD-1015317,True,29,25,2,1
RD-1015318,True,28,26,1,1
RD-1015319,True,27,24,1,1
RD-1015320,True,2,2,0,0
RD-1015321,True,28,27,0,1
RD-1015322,True,41,38,1,1
RD-1015323,True,32,27,4,0
RD-1015324,True,13,13,0,0
RD-1015325,True,39,34,5,0
RD-1015326,True,41,41,0,0
RD-1015327,True,28,25,1,1
RD-1015328,True,36,35,0,1
RD-1015329,True,25,25,0,0
RD-1015330,True,33,32,1,0
RD-1015331,True,39,38,0,0
RD-1015332,True,23,22,0,1
RD-1015333,True,37,36,1,0
RD-1015334,True,3,3,0,0
RD-1015335,True,37,37,0,0
RD-1015336,True,26,25,1,0
RD-1015337,True,34,34,0,0
RD-1015338,True,36,36,0,0
RD-1015339,True,30,28,2,0
RD-1015340,True,23,21,2,0
RD-1015341,True,34,34,0,0
RD-1015342,True,36,34,1,1
RD-1015343,True,42,41,0,0
RD-1015344,True,21,20,0,1
RD-1015345,True,35,32,2,0
RD-1015346,True,57,56,1,0
RD-1015347,True,23,22,0,0
RD-1015348,True,27,26,1,0
RD-1015349,True,17,17,0,0
RD-1015350,True,27,23,2,1
RD-1015351,True,26,25,1,0
RD-1015352,True,29,27,1,0
RD-1015353,True,31,31,0,0
RD-1015354,True,33,30,2,0
RD-1015355,True,36,35,0,1
RD-1015356,True,29,29,0,0
RD-1015357,True,3,2,1,0
RD-1015358,True,26,26,0,0
RD-1015359,True,17,16,1,0
RD-1015360,True,37,36,0,1
RD-1015361,True,28,28,0,0
RD-1015362,True,25,25,0,0
RD-1015363,True,50,47,1,1
RD-1015364,True,33,32,1,0
RD-1015365,True,21,21,0,0
RD-1015366,True,35,34,1,0
RD-1015367,True,32,31,0,1
RD-1015368,True,22,21,0,1
RD-1015369,True,23,22,0,0
RD-1015370,True,25,24,1,0
RD-1015371,True,38,36,0,0
RD-1015372,True,26,25,0,0
RD-1015373,True,27,25,0,1
RD-1015374,True,41,38,2,1
RD-1015375,True,26,25,1,0
RD-1015376,True,38,36,1,1
RD-1015377,True,41,41,0,0
RD-1015378,True,40,40,0,0
RD-1015379,True,40,37,0,1
RD-1015380,True,23,22,1,0
RD-1015381,True,19,18,1,0
RD-1015382,True,34,33,0,0
RD-1015383,True,25,24,0,1
RD-1015384,True,9,8,0,0
RD-1015385,True,14,12,0,2
RD-1015386,True,30,28,2,0
RD-1015387,True,3,3,0,0
RD-1015388,True,39,37,2,0
RD-1015389,True,37,36,1,0
RD-1015390,True,4,4,0,0
RD-1015391,True,23,23,0,0
RD-1015392,True,23,21,2,0
RD-1015393,True,26,25,1,0
RD-1015394,True,38,37,0,0
RD-1015395,True,31,24,2,4
RD-1015396,True,20,18,0,0
RD-1015397,True,43,41,1,0
RD-1015398,True,37,37,0,0
RD-1015399,True,41,40,0,0
RD-1015400,True,26,23,1,1
RD-1015401,True,23,23,0,0
RD-1015402,True,44,43,0,0
RD-1015403,True,29,29,0,0
RD-1015404,True,35,34,1,0
RD-1015405,True,23,21,1,1
RD-1015406,True,54,51,1,2
RD-1015407,True,3,3,0,0
RD-1015408,True,41,41,0,0
RD-1015409,True,46,44,2,0
RD-1015410,True,25,24,1,0
RD-1015411,True,34,33,0,1
RD-1015412,True,45,43,2,0
RD-1015413,True,23,23,0,0
RD-1015414,True,34,32,2,0
RD-1015415,True,40,38,1,0
RD-1015416,True,29,29,0,0
RD-1015417,True,43,41,0,2
RD-1015418,True,31,30,0,1
RD-1015419,True,35,33,1,1
RD-1015420,True,29,27,1,1
RD-1015421,True,26,22,3,0
RD-1015422,True,32,29,2,0
RD-1015423,True,36,32,4,0
RD-1015424,True,32,31,1,0
RD-1015425,True,45,45,0,0
RD-1015426,True,34,33,1,0
RD-1015427,True,30,30,0,0
RD-1015428,True,30,28,1,1
RD-1015429,True,33,28,3,1
RD-1015430,True,13,13,0,0
RD-1015431,True,8,8,0,0
RD-1015432,True,29,28,0,1
RD-1015433,True,37,36,0,1
RD-1015434,True,31,31,0,0
RD-1015435,True,31,30,1,0
RD-1015436,True,38,37,0,0
RD-1015437,True,47,47,0,0
RD-1015438,True,31,29,2,0
RD-1015439,True,21,20,1,0
RD-1015440,True,19,19,0,0
RD-1015441,True,28,26,2,0
RD-1015442,True,23,23,0,0
RD-1015443,True,31,30,1,0
RD-1015444,True,30,29,1,0
RD-1015445,True,29,29,0,0
RD-1015446,True,29,27,1,1
RD-1015447,True,31,30,0,0
RD-1015448,True,37,36,0,0
RD-1015449,True,25,22,3,0
RD-1015450,True,27,26,1,0
RD-1015451,True,29,29,0,0
RD-1015452,True,52,51,0,0
RD-1015453,True,24,22,0,2
RD-1015454,True,30,30,0,0
RD-1015455,True,28,28,0,0
RD-1015456,True,24,23,1,0
RD-1015457,True,37,37,0,0
RD-1015458,True,30,30,0,0
RD-1015459,True,35,35,0,0
RD-1015460,True,38,38,0,0
RD-1015461,True,12,10,0,2
RD-1015462,True,40,39,1,0
RD-1015463,True,32,30,0,1
RD-1015464,True,29,27,1,1
RD-1015465,True,35,34,0,0
RD-1015466,True,33,33,0,0
RD-1015467,True,37,37,0,0
RD-1015468,True,13,13,0,0
RD-1015469,True,32,29,3,0
RD-1015470,True,30,28,0,0
RD-1015471,True,35,34,0,1
RD-1015472,True,46,44,1,1
RD-1015473,True,4,2,1,1
RD-1015474,True,34,33,0,1
RD-1015475,True,29,28,0,1
RD-1015476,True,27,27,0,0
RD-1015477,True,60,56,2,2
RD-1015478,True,28,24,1,3
RD-1015479,True,25,23,2,0
RD-1015480,True,37,35,1,1
RD-1015481,True,43,40,2,0
RD-1015482,True,38,37,1,0
RD-1015483,True,23,21,1,1
RD-1015484,True,25,23,0,1
RD-1015485,True,35,30,2,3
RD-1015486,True,33,30,1,1
RD-1015487,True,28,27,1,0
RD-1015488,True,20,18,2,0
RD-1015489,True,5,5,0,0
RD-1015490,True,32,31,0,1
RD-1015491,True,35,34,1,0
RD-1015492,True,5,5,0,0
RD-1015493,True,21,18,1,2
RD-1015494,True,23,23,0,0
RD-1015495,True,41,38,3,0
RD-1015496,True,28,28,0,0
RD-1015497,True,26,22,3,1
RD-1015498,True,32,28,2,1
RD-1015499,True,33,31,1,0
RD-1015500,True,41,40,1,0
RD-1015501,True,31,30,1,0
RD-1015502,True,37,35,1,1
RD-1015503,True,22,20,2,0
RD-1015504,True,44,43,1,0
RD-1015505,True,27,25,1,0
RD-1015506,True,24,23,1,0
RD-1015507,True,36,32,2,0
RD-1015508,True,36,33,3,0
RD-1015509,True,29,27,0,1
RD-1015510,True,27,26,1,0
RD-1015511,True,22,17,2,2
RD-1015512,True,20,20,0,0
RD-1015513,True,25,22,0,3
RD-1015514,True,42,40,0,2
RD-1015515,True,19,18,1,0
RD-1015516,True,36,35,1,0
RD-1015517,True,33,32,0,1
RD-1015518,True,40,38,1,1
RD-1015519,True,29,28,1,0
RD-1015520,True,18,16,1,1
RD-1015521,True,42,41,0,1
RD-1015522,True,43,42,1,0
RD-1015523,True,30,30,0,0
RD-1015524,True,39,37,1,0
RD-1015525,True,33,31,1,1
RD-1015526,True,39,38,1,0
RD-1015527,True,31,30,1,0
RD-1015528,True,32,30,2,0
RD-1015529,True,26,25,0,1
RD-1015530,True,34,33,0,1
RD-1015531,True,22,20,2,0
RD-1015532,True,17,16,1,0
RD-1015533,True,34,33,1,0
RD-1015534,True,2,2,0,0
RD-1015535,True,31,28,1,2
RD-1015536,True,42,40,1,1
RD-1015537,True,30,27,1,2
RD-1015538,True,46,44,1,0
RD-1015539,True,29,28,1,0
RD-1015540,True,18,16,2,0
RD-1015541,True,31,30,0,0
RD-1015542,True,44,42,1,1
RD-1015543,True,37,35,1,1
RD-1015544,True,38,36,2,0
RD-1015545,True,35,34,1,0
RD-1015546,True,27,26,0,1
RD-1015547,True,28,27,0,1
RD-1015548,True,40,38,2,0
RD-1015549,True,32,31,1,0
RD-1015550,True,33,33,0,0
RD-1015551,True,20,20,0,0
RD-1015552,True,43,42,1,0
RD-1015553,True,40,38,1,1
RD-1015554,True,32,32,0,0
RD-1015555,True,7,7,0,0
RD-1015556,True,26,26,0,0
RD-1015557,True,23,22,1,0
RD-1015558,True,32,27,3,2
RD-1015559,True,16,16,0,0
RD-1015560,True,55,52,2,1
RD-1015561,True,56,50,5,1
RD-1015562,True,2,2,0,0
RD-1015563,True,24,22,2,0
RD-1015564,True,37,34,1,2
RD-1015565,True,27,27,0,0
RD-1015566,True,54,50,3,0
RD-1015567,True,36,33,2,0
RD-1015568,True,9,9,0,0
RD-1015569,True,24,21,1,2
RD-1015570,True,5,5,0,0
RD-1015571,True,28,26,1,1
RD-1015572,True,50,49,1,0
RD-1015573,True,20,19,1,0
RD-1015574,True,60,58,0,2
RD-1015575,True,32,31,0,0
RD-1015576,True,28,26,2,0
RD-1015577,True,28,28,0,0
RD-1015578,True,31,30,1,0
RD-1015579,True,26,24,1,0
RD-1015580,True,35,34,1,0
RD-1015581,True,36,33,2,1
RD-1015582,True,33,33,0,0
RD-1015583,True,35,34,0,0
RD-1015584,True,26,26,0,0
RD-1015585,True,10,10,0,0
RD-1015586,True,31,31,0,0
RD-1015587,True,29,29,0,0
RD-1015588,True,28,28,0,0
RD-1015589,True,23,21,1,1
RD-1015590,True,29,28,1,0
RD-1015591,True,30,30,0,0
RD-1015592,True,30,26,1,2
RD-1015593,True,32,30,1,0
RD-1015594,True,13,11,2,0
RD-1015595,True,15,14,1,0
RD-1015596,True,32,31,1,0
RD-1015597,True,42,40,1,1
RD-1015598,True,39,37,0,0
RD-1015599,True,9,6,2,1
RD-1015600,True,34,34,0,0
RD-1015601,True,41,39,1,0
RD-1015602,True,27,25,2,0
RD-1015603,True,21,17,2,2
RD-1015604,True,26,24,1,1
RD-1015605,True,35,31,1,3
RD-1015606,True,21,20,1,0
RD-1015607,True,48,44,3,1
RD-1015608,True,40,38,1,1
RD-1015609,True,26,25,1,0
RD-1015610,True,28,26,2,0
RD-1015611,True,3,3,0,0
RD-1015612,True,34,33,1,0
RD-1015613,True,6,6,0,0
RD-1015614,True,60,58,2,0
RD-1015615,True,2,2,0,0
RD-1015616,True,43,43,0,0
RD-1015617,True,32,30,2,0
RD-1015618,True,40,38,1,1
RD-1015619,True,21,21,0,0
RD-1015620,True,33,31,0,0
RD-1015621,True,44,44,0,0
RD-1015622,True,34,32,2,0
RD-1015624,True,28,27,1,0
RD-1015625,True,26,25,1,0
RD-1015626,True,37,33,4,0
RD-1015627,True,40,40,0,0
RD-1015628,False,1,1,0,0
RD-1015629,True,18,15,1,1
RD-1015630,True,30,28,1,0
RD-1015631,True,34,33,1,0
RD-1015632,True,31,30,0,1
RD-1015633,True,34,32,1,1
RD-1015634,True,29,27,0,2
RD-1015635,True,41,40,1,0
RD-1015636,True,22,22,0,0
RD-1015637,True,30,30,0,0
RD-1015638,True,39,36,1,1
RD-1015639,True,17,14,3,0
RD-1015640,True,25,25,0,0
RD-1015641,True,13,12,0,0
RD-1015642,False,3,3,0,0
RD-1015643,True,27,27,0,0
RD-1015644,True,25,24,1,0
RD-1015645,True,43,43,0,0
RD-1015646,True,26,23,0,1
RD-1015647,True,35,34,0,1
RD-1015648,True,17,15,0,2
RD-1015649,True,37,35,2,0
RD-1015650,True,25,25,0,0
RD-1015651,True,35,34,1,0
RD-1015652,True,27,25,2,0
RD-1015653,True,26,24,0,1
RD-1015654,True,41,37,1,3
RD-1015655,True,31,30,1,0
RD-1015656,True,28,27,1,0
RD-1015657,True,5,5,0,0
RD-1015658,True,7,7,0,0
RD-1015659,True,42,40,1,1
RD-1015660,True,30,29,1,0
RD-1015661,True,28,26,2,0
RD-1015662,True,36,34,2,0
RD-1015663,True,31,28,2,1
RD-1015664,True,3,3,0,0
RD-1015665,True,31,30,0,1
RD-1015666,True,40,40,0,0
RD-1015667,True,29,28,1,0
RD-1015668,True,39,38,0,0
RD-1015669,True,35,30,4,1
RD-1015670,True,34,32,1,1
RD-1015671,True,32,30,2,0
RD-1015672,True,31,30,1,0
RD-1015673,True,29,28,1,0
RD-1015674,True,31,29,2,0
RD-1015675,True,37,36,1,0
RD-1015676,True,33,30,2,0
RD-1015677,True,24,22,1,1
RD-1015678,True,9,8,1,0
RD-1015679,True,30,30,0,0
RD-1015680,True,20,18,2,0
RD-1015681,True,34,29,3,2
RD-1015682,True,29,28,1,0
RD-1015683,True,20,20,0,0
RD-1015684,True,47,47,0,0
RD-1015685,True,12,11,1,0
RD-1015686,True,30,27,2,0
RD-1015687,True,23,22,1,0
RD-1015688,True,33,28,2,1
RD-1015689,True,33,33,0,0
RD-1015690,True,27,24,2,1
RD-1015691,True,6,6,0,0
RD-1015692,True,6,6,0,0
RD-1015693,True,36,36,0,0
RD-1015694,True,30,28,2,0
RD-1015695,True,28,27,1,0
RD-1015696,True,20,19,0,1
RD-1015697,True,25,23,1,1
RD-1015698,True,43,41,2,0
RD-1015699,True,26,23,2,1
RD-1015700,True,31,31,0,0
RD-1015701,True,7,6,1,0
RD-1015702,True,13,10,1,2
RD-1015703,True,26,25,1,0
RD-1015704,True,39,37,2,0
RD-1015705,True,41,40,0,0
RD-1015706,True,16,16,0,0
RD-1015707,True,24,23,1,0
RD-1015708,True,13,13,0,0
RD-1015709,True,33,32,1,0
RD-1015710,True,51,50,0,1
RD-1015711,True,15,14,1,0
RD-1015712,True,4,4,0,0
RD-1015713,True,27,21,1,5
RD-1015714,True,23,22,0,1
RD-1015715,True,30,26,2,1
RD-1015716,True,24,23,0,1
RD-1015717,True,38,36,2,0
RD-1015718,True,59,57,2,0
RD-1015719,True,26,26,0,0
RD-1015720,True,15,15,0,0
RD-1015721,True,29,27,2,0
RD-1015722,True,29,27,1,1
RD-1015723,True,18,16,1,1
RD-1015724,True,22,21,0,1
RD-1015725,True,31,28,1,0
RD-1015726,True,3,3,0,0
RD-1015727,True,28,26,0,2
RD-1015728,True,20,19,1,0
RD-1015729,True,30,29,0,1
RD-1015730,True,29,28,0,1
RD-1015731,True,8,6,0,1
RD-1015732,True,35,33,0,1
RD-1015733,True,20,20,0,0
RD-1015734,True,22,22,0,0
RD-1015735,True,19,19,0,0
RD-1015736,True,38,37,1,0
RD-1015737,True,27,24,1,0
RD-1015738,True,3,3,0,0
RD-1015739,True,44,42,1,1
RD-1015740,True,48,42,2,3
RD-1015741,True,24,24,0,0
RD-1015742,True,24,23,1,0
RD-1015743,True,19,19,0,0
RD-1015744,True,44,40,3,0
RD-1015745,True,39,38,1,0
RD-1015746,True,16,13,0,3
RD-1015747,True,31,30,1,0
RD-1015748,True,32,26,4,1
RD-1015749,True,37,36,0,0
RD-1015750,True,35,35,0,0
RD-1015751,True,28,26,2,0
RD-1015752,True,36,35,0,0
RD-1015753,True,51,51,0,0
RD-1015754,True,18,18,0,0
RD-1015755,True,34,33,1,0
RD-1015756,True,33,32,1,0
RD-1015757,True,38,38,0,0
RD-1015758,True,10,10,0,0
RD-1015759,True,31,28,2,1
RD-1015760,True,27,25,1,1
RD-1015761,True,8,6,1,1
RD-1015762,True,38,37,1,0
RD-1015763,True,27,27,0,0
RD-1015764,True,39,36,2,1
RD-1015765,True,25,24,0,1
RD-1015766,True,6,6,0,0
RD-1015767,True,35,33,2,0
RD-1015768,True,16,14,1,1
RD-1015769,True,34,34,0,0
RD-1015770,True,26,24,2,0
RD-1015771,True,35,34,1,0
RD-1015772,True,32,31,1,0
RD-1015773,True,33,32,0,1
RD-1015774,True,28,28,0,0
RD-1015775,True,13,13,0,0
RD-1015776,True,47,45,1,1
RD-1015777,True,26,25,0,1
RD-1015778,True,20,19,1,0
RD-1015779,True,51,47,3,1
RD-1015780,True,41,40,0,1
RD-1015781,True,16,15,1,0
RD-1015782,True,40,39,1,0
RD-1015783,True,26,22,1,2
RD-1015784,True,28,26,1,1
RD-1015785,True,30,30,0,0
RD-1015786,True,26,23,2,1
RD-1015787,True,25,25,0,0
RD-1015788,True,38,34,2,1
RD-1015789,True,27,27,0,0
RD-1015790,True,24,24,0,0
RD-1015791,True,23,23,0,0
RD-1015792,True,32,31,0,1
RD-1015793,True,30,27,3,0
RD-1015794,True,33,30,2,0
RD-1015795,True,25,25,0,0
RD-1015796,True,21,21,0,0
RD-1015797,True,15,13,1,1
RD-1015798,True,27,25,2,0
RD-1015799,True,34,30,3,0
RD-1015800,True,45,43,1,1
RD-1015801,True,31,27,2,2
RD-1015802,True,39,38,0,0
RD-1015803,True,15,13,0,2
RD-1015804,True,41,37,2,2
RD-1015805,True,31,31,0,0
RD-1015806,True,27,24,3,0
RD-1015807,True,33,32,0,0
RD-1015808,True,37,35,2,0
RD-1015809,True,34,32,0,2
RD-1015810,True,33,30,2,0
RD-1015811,True,2,2,0,0
RD-1015812,True,33,33,0,0
RD-1015813,True,29,28,1,0
RD-1015814,True,28,26,1,0
RD-1015815,True,26,24,1,0
RD-1015816,True,28,27,1,0
RD-1015817,True,20,16,4,0
RD-1015818,True,37,37,0,0
RD-1015819,True,40,40,0,0
RD-1015820,True,37,33,1,3
RD-1015821,True,40,37,2,1
RD-1015822,True,27,25,1,1
RD-1015823,True,26,25,0,0
RD-1015824,True,34,34,0,0
RD-1015825,True,50,49,1,0
RD-1015826,True,29,27,2,0
RD-1015827,True,34,32,1,0
RD-1015828,True,40,35,4,0
RD-1015829,True,20,20,0,0
RD-1015830,True,23,22,0,0
RD-1015831,True,24,24,0,0
RD-1015832,True,26,25,1,0
RD-1015833,True,38,37,0,0
RD-1015834,True,56,54,0,2
RD-1015835,True,45,45,0,0
RD-1015836,True,29,28,1,0
RD-1015837,True,28,26,0,1
RD-1015838,True,31,28,3,0
RD-1015839,True,41,41,0,0
RD-1015840,True,35,35,0,0
RD-1015841,True,17,17,0,0
RD-1015842,True,44,39,1,2
RD-1015843,True,29,28,1,0
RD-1015844,True,38,37,1,0
RD-1015845,True,28,28,0,0
RD-1015846,True,30,28,0,2
RD-1015847,True,35,25,3,7
RD-1015848,True,29,28,0,1
RD-1015849,True,36,32,3,1
RD-1015850,True,36,32,2,1
RD-1015851,True,33,32,0,0
RD-1015852,True,24,24,0,0
RD-1015853,True,32,30,1,1
RD-1015854,True,31,31,0,0
RD-1015855,True,27,25,0,1
RD-1015856,True,44,34,8,1
RD-1015857,True,34,33,1,0
RD-1015858,True,39,37,1,1
RD-1015859,True,25,24,0,1
RD-1015860,True,28,27,1,0
RD-1015861,True,37,37,0,0
RD-1015862,True,44,43,0,1
RD-1015863,True,32,32,0,0
RD-1015864,True,34,33,1,0
RD-1015865,True,39,39,0,0
RD-1015866,True,42,40,1,0
RD-1015867,True,41,41,0,0
RD-1015868,True,6,6,0,0
RD-1015869,True,30,27,2,1
RD-1015870,True,15,14,0,1
RD-1015871,True,28,25,2,1
RD-1015872,True,38,33,3,2
RD-1015873,True,41,40,1,0
RD-1015874,True,41,37,0,1
RD-1015875,True,25,22,2,0
RD-1015876,True,30,28,0,2
RD-1015877,True,46,46,0,0
RD-1015878,True,26,26,0,0
RD-1015879,True,28,27,0,1
RD-1015880,True,36,35,0,1
RD-1015881,True,31,28,2,0
RD-1015882,True,29,29,0,0
RD-1015883,True,10,10,0,0
RD-1015885,True,20,18,1,0
RD-1015886,True,27,26,0,1
RD-1015887,True,32,32,0,0
RD-1015888,True,18,16,1,0
RD-1015889,True,33,31,1,1
RD-1015890,True,38,35,1,1
RD-1015891,True,19,16,2,1
RD-1015892,True,35,32,1,1
RD-1015893,True,32,32,0,0
RD-1015894,True,27,26,0,0
RD-1015895,True,20,16,3,1
RD-1015896,True,39,33,3,1
RD-1015897,True,35,34,1,0
RD-1015898,True,41,41,0,0
RD-1015899,True,19,16,1,2
RD-1015900,True,33,32,0,1
RD-1015901,True,31,29,2,0
RD-1015902,True,35,32,1,1
RD-1015903,True,26,26,0,0
RD-1015904,True,19,18,1,0
RD-1015905,True,31,27,2,2
RD-1015906,True,34,33,0,1
RD-1015907,True,21,16,4,0
RD-1015908,True,31,31,0,0
RD-1015909,True,15,15,0,0
RD-1015910,True,57,50,5,1
RD-1015911,True,35,35,0,0
RD-1015912,True,39,37,0,2
RD-1015913,True,30,29,0,0
RD-1015914,True,38,36,0,1
RD-1015915,True,25,24,0,1
RD-1015916,True,46,44,1,1
RD-1015917,True,32,30,2,0
RD-1015918,True,24,21,2,0
RD-1015919,True,5,5,0,0
RD-1015920,True,30,29,1,0
RD-1015921,True,34,26,5,2
RD-1015922,True,32,32,0,0
RD-1015923,True,29,25,3,1
RD-1015924,True,28,26,2,0
RD-1015925,True,37,34,2,1
RD-1015926,True,37,35,2,0
RD-1015927,True,25,22,2,0
RD-1015928,True,44,40,1,1
RD-1015929,True,34,32,1,1
RD-1015930,True,24,23,0,1
RD-1015931,True,37,34,1,1
RD-1015932,True,35,34,1,0
RD-1015933,True,30,26,4,0
RD-1015934,True,27,22,2,2
RD-1015935,True,44,37,4,3
RD-1015936,True,31,31,0,0
RD-1015937,True,36,34,2,0
RD-1015938,True,26,26,0,0
RD-1015939,True,34,33,1,0
RD-1015940,True,30,29,1,0
RD-1015941,True,46,44,2,0
RD-1015942,True,28,26,2,0
RD-1015943,True,33,31,2,0
RD-1015944,True,36,34,1,0
RD-1015945,True,35,34,0,1
RD-1015946,True,33,31,0,2
RD-1015947,True,32,24,2,5
RD-1015948,True,48,46,2,0
RD-1015949,True,26,25,0,0
RD-1015950,True,32,31,0,1
RD-1015951,True,29,27,1,1
RD-1015952,True,30,29,0,1
RD-1015953,True,34,30,4,0
RD-1015954,True,30,29,0,0
RD-1015955,True,28,27,1,0
RD-1015956,True,37,35,1,0
RD-1015957,True,41,39,2,0
RD-1015958,True,22,18,1,2
RD-1015959,True,31,31,0,0
RD-1015960,True,31,29,1,1
RD-1015961,True,39,33,5,1
RD-1015962,True,21,19,2,0
RD-1015963,True,32,31,1,0
RD-1015964,True,13,13,0,0
RD-1015965,True,10,7,3,0
RD-1015966,True,28,27,0,1
RD-1015967,True,34,33,1,0
RD-1015968,True,41,37,2,0
RD-1015969,True,19,17,0,2
RD-1015970,True,36,36,0,0
RD-1015971,True,32,31,1,0
RD-1015972,True,26,23,2,1
RD-1015973,True,47,45,1,0
RD-1015974,True,19,17,2,0
RD-1015975,True,6,6,0,0
RD-1015976,True,31,30,1,0
RD-1015977,True,25,25,0,0
RD-1015978,True,32,31,1,0
RD-1015979,True,37,36,1,0
RD-1015980,True,29,27,1,0
RD-1015981,True,37,35,2,0
RD-1015982,True,33,32,0,1
RD-1015983,True,30,27,1,2
RD-1015984,True,41,41,0,0
RD-1015985,True,25,24,1,0
RD-1015986,True,38,38,0,0
RD-1015987,True,20,20,0,0
RD-1015988,True,37,36,0,0
RD-1015989,True,33,31,1,0
RD-1015990,True,29,28,1,0
RD-1015991,True,32,28,3,0
RD-1015992,True,38,37,1,0
RD-1015993,True,42,41,1,0
RD-1015994,True,45,43,0,1
RD-1015995,True,25,25,0,0
RD-1015996,True,47,44,1,1
RD-1015997,True,29,29,0,0
RD-1015998,True,34,34,0,0
RD-1015999,True,30,27,2,1
RD-1016000,True,23,22,1,0
RD-1016001,True,22,21,0,0
RD-1016002,True,33,32,0,0
RD-1016003,True,33,30,0,2
RD-1016004,True,36,35,1,0
RD-1016005,True,40,36,2,1
RD-1016006,True,30,28,2,0
RD-1016007,True,37,35,2,0
RD-1016008,True,44,42,1,1
RD-1016009,True,31,30,1,0
RD-1016010,True,33,32,0,1
RD-1016011,True,32,30,1,0
RD-1016012,True,30,28,2,0
RD-1016013,True,29,28,1,0
RD-1016014,True,29,28,1,0
RD-1016015,True,32,29,0,3
RD-1016016,True,26,25,1,0
RD-1016017,True,34,30,0,3
RD-1016018,True,28,24,3,1
RD-1016019,True,46,39,5,2
RD-1016020,True,42,42,0,0
RD-1016021,True,41,39,0,0
RD-1016022,True,35,33,1,0
RD-1016023,True,48,46,2,0
RD-1016024,True,26,25,1,0
RD-1016025,True,37,36,1,0
RD-1016026,True,25,25,0,0
RD-1016027,True,26,26,0,0
RD-1016028,True,34,32,0,1
RD-1016029,True,11,10,1,0
RD-1016030,True,11,11,0,0
RD-1016031,True,16,14,1,1
RD-1016032,True,27,27,0,0
RD-1016033,True,40,38,2,0
RD-1016034,True,30,30,0,0
RD-1016035,True,33,33,0,0
RD-1016036,True,24,24,0,0
RD-1016037,True,60,55,3,2
RD-1016038,True,24,24,0,0
RD-1016039,True,29,27,2,0
RD-1016040,True,44,42,1,1
RD-1016041,True,19,15,3,1
RD-1016042,True,21,19,0,0
RD-1016043,True,29,29,0,0
RD-1016044,True,42,40,0,2
RD-1016045,True,32,30,0,1
RD-1016046,True,31,28,3,0
RD-1016047,True,42,38,2,2
RD-1016048,True,32,30,1,0
RD-1016049,True,44,43,0,0
RD-1016050,True,4,4,0,0
RD-1016051,True,2,2,0,0
RD-1016052,True,20,19,1,0
RD-1016053,True,38,37,0,1
RD-1016054,True,45,42,2,1
RD-1016055,True,32,31,1,0
RD-1016056,True,33,33,0,0
RD-1016057,True,45,41,3,1
RD-1016058,True,26,26,0,0
RD-1016059,True,33,30,2,0
RD-1016060,True,33,29,4,0
RD-1016061,True,23,20,2,0
RD-1016062,False,2,1,1,0
RD-1016063,True,32,31,0,1
RD-1016064,True,27,27,0,0
RD-1016065,True,33,32,1,0
RD-1016066,True,23,23,0,0
RD-1016067,True,44,43,1,0
RD-1016068,True,30,29,1,0
RD-1016069,True,10,10,0,0
RD-1016070,True,28,27,1,0
RD-1016071,True,20,20,0,0
RD-1016072,True,27,26,1,0
RD-1016073,True,32,29,1,2
RD-1016074,True,25,25,0,0
RD-1016075,True,33,32,0,1
RD-1016076,True,36,36,0,0
RD-1016077,True,28,27,1,0
RD-1016078,True,39,32,5,1
RD-1016079,True,29,28,1,0
RD-1016080,True,22,20,1,1
RD-1016081,True,26,24,0,1
RD-1016082,True,40,33,6,1
RD-1016083,True,40,38,1,1
RD-1016084,True,35,33,1,1
RD-1016085,True,42,37,5,0
RD-1016086,True,29,29,0,0
RD-1016087,True,19,19,0,0
RD-1016088,True,29,26,2,1
RD-1016089,True,32,31,0,0
RD-1016090,True,45,42,1,1
RD-1016091,True,46,41,3,1
RD-1016092,False,1,1,0,0
RD-1016093,True,26,26,0,0
RD-1016094,True,28,26,1,1
RD-1016095,True,39,35,4,0
RD-1016096,True,39,38,0,0
RD-1016097,True,23,20,2,0
RD-1016098,True,4,4,0,0
RD-1016099,True,37,35,0,2
RD-1016100,True,27,26,1,0
RD-1016101,True,42,41,0,1
RD-1016102,True,44,43,0,0
RD-1016103,True,36,36,0,0
RD-1016104,True,26,26,0,0
RD-1016105,True,45,44,1,0
RD-1016106,True,4,2,2,0
RD-1016107,True,22,20,1,0
RD-1016108,True,26,25,1,0
RD-1016109,True,30,30,0,0
RD-1016110,True,50,46,3,1
RD-1016111,True,29,28,1,0
RD-1016112,True,43,40,1,1
RD-1016113,True,27,24,2,0
RD-1016114,True,30,29,1,0
RD-1016115,True,34,34,0,0
RD-1016116,True,4,3,1,0
RD-1016117,True,3,3,0,0
RD-1016118,True,22,21,1,0
RD-1016119,True,27,25,1,1
RD-1016120,True,32,29,2,0
RD-1016121,True,24,24,0,0
RD-1016122,True,26,26,0,0
RD-1016123,True,22,20,1,1
RD-1016124,True,27,26,1,0
RD-1016125,True,35,35,0,0
RD-1016126,True,26,25,1,0
RD-1016127,True,43,43,0,0
RD-1016128,True,28,28,0,0
RD-1016129,True,42,37,1,2
RD-1016130,True,31,31,0,0
RD-1016131,True,38,37,1,0
RD-1016132,True,21,18,1,2
RD-1016133,True,34,33,1,0
RD-1016134,True,45,42,1,2
RD-1016135,True,38,35,1,0
RD-1016136,True,41,39,1,1
RD-1016137,True,32,30,0,2
RD-1016138,True,31,27,3,0
RD-1016139,True,28,27,1,0
RD-1016140,True,37,35,0,2
RD-1016141,True,21,17,2,2
RD-1016142,True,26,26,0,0
RD-1016143,True,38,37,0,0
RD-1016144,True,34,34,0,0
RD-1016145,True,21,19,2,0
RD-1016146,True,32,28,2,1
RD-1016147,True,34,32,2,0
RD-1016148,True,11,10,1,0
RD-1016149,True,45,44,0,1
RD-1016150,True,35,34,1,0
RD-1016151,True,33,32,1,0
RD-1016152,True,32,31,1,0
RD-1016153,True,23,23,0,0
RD-1016154,True,33,26,4,3
RD-1016155,True,5,4,1,0
RD-1016156,True,7,5,1,0
RD-1016157,True,37,36,1,0
RD-1016158,True,37,33,1,2
RD-1016159,True,18,16,1,1
RD-1016160,True,56,51,4,1
RD-1016161,True,31,28,2,1
RD-1016162,True,32,32,0,0
RD-1016163,True,20,16,2,2
RD-1016164,True,42,40,1,1
RD-1016165,True,30,29,1,0
RD-1016166,True,44,38,4,1
RD-1016167,True,26,25,0,1
RD-1016168,True,42,39,2,1
RD-1016169,True,31,27,0,3
RD-1016170,True,32,30,1,1
RD-1016171,True,29,29,0,0
RD-1016172,True,29,26,2,0
RD-1016173,True,32,30,2,0
RD-1016174,True,34,31,3,0
RD-1016175,True,40,38,0,1
RD-1016176,True,28,25,3,0
RD-1016177,True,30,28,2,0
RD-1016178,True,26,26,0,0
RD-1016179,True,29,27,0,1
RD-1016180,True,36,35,1,0
RD-1016181,True,30,29,0,1
RD-1016182,True,27,27,0,0
RD-1016183,True,30,29,1,0
RD-1016184,True,28,27,0,1
RD-1016185,True,27,26,0,1
RD-1016186,True,33,33,0,0
RD-1016187,True,32,32,0,0
RD-1016188,False,1,1,0,0
RD-1016189,True,28,25,1,1
RD-1016190,True,30,27,3,0
RD-1016191,True,32,31,0,0
RD-1016192,True,45,41,4,0
RD-1016193,True,40,39,1,0
RD-1016194,True,31,30,1,0
RD-1016195,True,28,25,1,2
RD-1016196,True,28,28,0,0
RD-1016197,True,6,6,0,0
RD-1016198,True,34,32,2,0
RD-1016199,True,36,31,2,2
RD-1016200,True,4,4,0,0
RD-1016201,True,30,28,1,1
RD-1016202,True,33,33,0,0
RD-1016203,True,37,36,0,1
RD-1016204,True,28,27,0,1
RD-1016205,True,30,29,0,0
RD-1016206,True,8,8,0,0
RD-1016207,True,21,19,1,0
RD-1016208,True,59,56,3,0
RD-1016209,True,26,23,1,0
RD-1016210,True,24,21,1,2
RD-1016211,True,23,22,1,0
RD-1016212,True,37,36,1,0
RD-1016213,True,24,23,0,0
RD-1016214,True,20,20,0,0
RD-1016215,True,27,27,0,0
RD-1016216,True,29,29,0,0
RD-1016217,True,38,36,2,0
RD-1016218,True,7,6,1,0
RD-1016219,True,44,43,1,0
RD-1016220,True,40,39,0,1
RD-1016221,True,28,25,3,0
RD-1016222,True,18,16,1,0
RD-1016223,True,29,29,0,0
RD-1016224,True,40,40,0,0
RD-1016225,True,23,22,0,1
RD-1016226,True,18,16,2,0
RD-1016227,True,34,34,0,0
RD-1016228,True,30,30,0,0
RD-1016229,True,29,29,0,0
RD-1016230,True,13,12,0,1
RD-1016231,True,32,28,2,1
RD-1016232,True,23,20,2,1
RD-1016233,True,28,26,2,0
RD-1016234,True,47,44,3,0
RD-1016235,True,27,24,2,0
RD-1016236,True,27,25,1,0
RD-1016237,True,39,35,3,1
RD-1016238,True,22,19,3,0
RD-1016239,True,33,28,4,1
RD-1016240,True,38,36,1,1
RD-1016241,True,27,27,0,0
RD-1016242,True,28,24,2,2
RD-1016243,True,41,40,1,0
RD-1016244,True,28,27,0,1
RD-1016245,True,34,31,2,0
RD-1016246,True,49,47,2,0
RD-1016247,True,36,32,3,1
RD-1016248,True,33,32,0,1
RD-1016249,True,27,27,0,0
RD-1016250,True,41,37,2,1
RD-1016251,True,22,21,0,1
RD-1016252,True,31,31,0,0
RD-1016253,True,35,34,1,0
RD-1016254,True,31,26,2,3
RD-1016255,True,35,34,1,0
RD-1016256,True,28,24,4,0
RD-1016257,True,27,27,0,0
RD-1016258,True,25,25,0,0
RD-1016259,True,28,28,0,0
RD-1016260,True,32,26,5,1
RD-1016261,True,30,29,0,1
RD-1016262,True,30,27,1,2
RD-1016263,True,31,30,0,1
RD-1016264,True,20,18,2,0
RD-1016265,True,51,47,3,1
RD-1016266,True,21,17,1,3
RD-1016267,True,28,21,4,2
RD-1016268,True,27,25,2,0
RD-1016269,True,35,29,3,3
RD-1016270,False,2,2,0,0
RD-1016271,True,28,28,0,0
RD-1016272,True,27,27,0,0
RD-1016273,True,29,24,1,4
RD-1016274,True,19,18,0,1
RD-1016275,True,43,42,0,0
RD-1016276,True,45,45,0,0
RD-1016277,True,18,18,0,0
RD-1016278,True,18,16,2,0
RD-1016279,True,45,43,1,0
RD-1016280,True,26,23,1,2
RD-1016281,True,38,36,1,0
RD-1016282,True,30,29,0,1
RD-1016283,True,10,9,1,0
RD-1016284,True,37,35,0,2
RD-1016285,True,30,27,1,2
RD-1016286,True,28,26,1,1
RD-1016287,True,21,19,1,1
RD-1016288,True,28,27,0,1
RD-1016289,True,43,38,3,2
RD-1016290,True,32,29,3,0
RD-1016291,True,39,35,2,0
RD-1016292,True,36,33,2,1
RD-1016293,True,33,33,0,0
RD-1016294,True,20,20,0,0
RD-1016295,True,26,20,3,1
RD-1016296,True,38,35,1,2
RD-1016297,True,32,26,3,2
RD-1016298,True,41,40,1,0
RD-1016299,True,30,28,2,0
RD-1016300,True,24,17,4,3
RD-1016301,True,26,26,0,0
RD-1016302,True,21,20,0,0
RD-1016303,True,30,29,1,0
RD-1016304,False,2,2,0,0
RD-1016305,True,33,32,1,0
RD-1016306,True,40,35,3,2
RD-1016307,True,49,49,0,0
RD-1016308,True,28,25,2,1
RD-1016309,True,16,15,0,1
RD-1016310,True,28,28,0,0
RD-1016311,True,46,45,1,0
RD-1016312,True,34,32,2,0
RD-1016313,True,16,15,0,1
RD-1016314,True,35,31,2,2
RD-1016315,True,32,29,2,1
RD-1016316,True,25,22,2,1
RD-1016317,True,35,33,1,0
RD-1016318,True,25,22,1,1
RD-1016319,True,26,25,0,1
RD-1016320,True,59,56,2,1
RD-1016321,True,42,41,0,1
RD-1016322,True,41,31,6,4
RD-1016323,True,34,32,2,0
RD-1016324,True,27,27,0,0
RD-1016325,True,29,29,0,0
RD-1016326,True,32,31,0,1
RD-1016327,True,8,6,2,0
RD-1016328,True,18,15,1,2
RD-1016329,True,28,27,1,0
RD-1016330,True,23,22,1,0
RD-1016331,True,26,26,0,0
RD-1016332,True,33,28,3,2
RD-1016333,True,19,16,2,1
RD-1016334,True,37,36,0,1
RD-1016335,True,32,31,1,0
RD-1016336,True,28,26,0,2
RD-1016337,True,53,52,1,0
RD-1016338,True,25,25,0,0
RD-1016339,True,24,24,0,0
RD-1016340,True,35,33,1,1
RD-1016341,True,35,32,2,1
RD-1016342,True,26,25,0,1
RD-1016343,True,26,24,1,1
RD-1016344,True,44,43,1,0
RD-1016345,True,33,31,2,0
RD-1016346,True,34,31,2,1
RD-1016347,True,28,26,2,0
RD-1016348,True,35,33,1,1
RD-1016349,True,23,19,4,0
RD-1016350,True,34,30,2,1
RD-1016351,True,35,34,1,0
RD-1016352,True,25,24,1,0
RD-1016353,True,36,35,1,0
RD-1016354,True,44,44,0,0
RD-1016355,True,28,20,5,3
RD-1016356,True,29,28,1,0
RD-1016357,True,31,29,2,0
RD-1016358,True,31,29,2,0
RD-1016359,True,29,27,1,1
RD-1016360,True,28,24,3,1
RD-1016361,True,24,21,3,0
RD-1016362,True,33,30,2,0
RD-1016363,True,48,45,2,0
RD-1016364,True,39,37,1,1
RD-1016365,True,20,20,0,0
RD-1016366,True,37,32,5,0
RD-1016367,True,38,36,1,0
RD-1016368,True,23,22,0,1
RD-1016369,True,41,35,3,3
RD-1016370,True,35,34,1,0
RD-1016371,True,23,23,0,0
RD-1016372,True,37,36,1,0
RD-1016373,True,37,36,1,0
RD-1016374,True,24,24,0,0
RD-1016375,True,37,37,0,0
RD-1016376,True,32,30,1,1
RD-1016377,True,16,16,0,0
RD-1016378,True,38,37,0,1
RD-1016379,True,28,27,0,1
RD-1016380,True,30,28,2,0
RD-1016381,True,36,31,3,2
RD-1016382,True,40,38,1,1
RD-1016383,True,50,48,2,0
RD-1016384,True,18,17,1,0
RD-1016385,True,34,30,4,0
RD-1016386,True,47,47,0,0
RD-1016387,True,27,27,0,0
RD-1016388,True,27,24,2,0
RD-1016389,True,47,46,0,1
RD-1016390,True,44,44,0,0
RD-1016391,True,37,34,3,0
RD-1016392,True,31,29,1,1
RD-1016393,True,25,25,0,0
RD-1016394,True,32,27,2,2
RD-1016395,True,23,18,2,2
RD-1016396,True,25,24,1,0
RD-1016397,True,42,41,1,0
RD-1016398,True,32,30,2,0
RD-1016399,True,31,30,1,0
RD-1016400,True,44,42,1,0
RD-1016401,True,26,26,0,0
RD-1016402,True,35,35,0,0
RD-1016403,True,24,23,0,1
RD-1016404,True,37,37,0,0
RD-1016405,True,43,38,5,0
RD-1016406,True,48,46,1,1
RD-1016407,True,30,29,1,0
RD-1016408,True,27,23,3,0
RD-1016409,True,27,26,1,0
RD-1016410,True,28,27,1,0
RD-1016411,True,35,31,3,1
RD-1016412,True,23,21,1,1
RD-1016413,True,25,25,0,0
RD-1016414,True,31,30,1,0
RD-1016415,True,27,26,0,1
RD-1016416,True,34,32,1,1
RD-1016417,True,54,49,3,2
RD-1016418,True,32,29,1,0
RD-1016419,True,32,27,3,2
RD-1016420,True,38,36,2,0
RD-1016421,True,31,28,3,0
RD-1016422,True,28,26,0,2
RD-1016423,True,28,24,3,1
RD-1016424,True,30,29,1,0
RD-1016425,True,12,10,1,1
RD-1016426,True,32,31,1,0
RD-1016427,True,25,24,1,0
RD-1016428,True,40,34,4,1
RD-1016429,True,9,6,2,1
RD-1016430,True,32,29,1,1
RD-1016431,True,31,29,0,1
RD-1016432,True,41,38,2,1
RD-1016433,True,33,30,1,1
RD-1016434,True,53,52,0,1
RD-1016435,True,37,34,3,0
RD-1016436,True,2,1,1,0
RD-1016437,True,39,37,2,0
RD-1016438,True,31,30,1,0
RD-1016439,True,28,28,0,0
RD-1016440,True,27,26,0,1
RD-1016441,True,28,26,2,0
RD-1016442,True,28,27,1,0
RD-1016443,True,35,32,1,1
RD-1016444,True,30,26,2,2
RD-1016445,True,47,46,1,0
RD-1016446,True,55,53,1,1
RD-1016447,True,27,25,1,1
RD-1016448,True,46,46,0,0
RD-1016449,True,23,21,2,0
RD-1016450,True,33,31,0,1
RD-1016451,True,30,28,2,0
RD-1016452,True,17,16,0,0
RD-1016453,True,34,31,0,2
RD-1016454,True,14,12,2,0
RD-1016455,True,34,34,0,0
RD-1016456,True,23,23,0,0
RD-1016457,True,30,28,1,0
RD-1016458,True,48,40,5,2
RD-1016459,True,32,32,0,0
RD-1016460,True,49,45,1,2
RD-1016461,True,39,37,2,0
RD-1016462,True,28,28,0,0
RD-1016463,True,26,25,1,0
RD-1016464,True,34,26,6,2
RD-1016465,True,26,23,1,1
RD-1016466,True,27,26,0,0
RD-1016467,True,34,31,1,0
RD-1016468,True,39,39,0,0
RD-1016469,True,35,35,0,0
RD-1016470,True,30,29,1,0
RD-1016471,True,7,5,1,1
RD-1016472,True,33,32,0,1
RD-1016473,True,28,28,0,0
RD-1016474,True,29,28,0,1
RD-1016475,True,30,30,0,0
RD-1016476,True,43,42,1,0
RD-1016477,True,30,30,0,0
RD-1016478,True,32,31,1,0
RD-1016479,True,29,29,0,0
RD-1016480,True,25,24,1,0
RD-1016481,True,12,10,1,1
RD-1016482,True,25,24,0,1
RD-1016483,True,29,26,2,1
RD-1016484,True,26,26,0,0
RD-1016485,True,32,27,4,1
RD-1016486,True,25,25,0,0
RD-1016487,True,32,28,3,1
RD-1016488,True,44,42,1,1
RD-1016489,True,31,30,1,0
RD-1016490,True,37,37,0,0
RD-1016491,True,39,37,1,1
RD-1016492,True,37,30,4,2
RD-1016493,True,27,27,0,0
RD-1016494,True,30,29,1,0
RD-1016495,True,39,38,1,0
RD-1016496,True,27,26,0,1
RD-1016497,True,18,14,3,1
RD-1016498,True,4,3,1,0
RD-1016499,True,27,24,2,1
RD-1016500,True,27,27,0,0
RD-1016501,True,27,25,1,1
RD-1016502,True,24,22,2,0
RD-1016503,True,27,25,2,0
RD-1016504,True,32,32,0,0
RD-1016505,True,27,26,0,0
RD-1016506,True,29,23,5,0
RD-1016507,True,17,15,2,0
RD-1016508,True,39,36,1,2
RD-1016509,True,31,28,1,2
RD-1016510,True,32,28,3,1
RD-1016511,True,39,35,2,2
RD-1016512,True,30,30,0,0
RD-1016513,True,34,31,2,0
RD-1016514,True,49,45,3,1
RD-1016515,True,33,32,0,1
RD-1016516,True,34,33,1,0
RD-1016517,True,30,29,0,1
RD-1016518,True,25,23,1,1
RD-1016519,True,26,25,0,0
RD-1016520,True,28,28,0,0
RD-1016521,True,38,38,0,0
RD-1016522,True,13,13,0,0
RD-1016523,True,22,22,0,0
RD-1016524,True,10,10,0,0
RD-1016525,True,26,25,0,1
RD-1016526,True,40,37,3,0
RD-1016527,True,4,4,0,0
RD-1016528,True,29,27,2,0
RD-1016529,True,28,25,1,1
RD-1016530,True,39,33,5,0
RD-1016531,True,26,21,3,2
RD-1016532,True,70,63,5,2
RD-1016533,False,1,1,0,0
RD-1016534,True,34,30,2,2
RD-1016535,True,39,36,1,2
RD-1016536,True,7,7,0,0
RD-1016537,True,34,31,3,0
RD-1016538,True,33,29,4,0
RD-1016539,True,37,34,3,0
RD-1016540,True,27,25,2,0
RD-1016541,True,17,16,1,0
RD-1016542,True,36,33,2,1
RD-1016543,True,8,5,1,2
RD-1016544,True,6,6,0,0
RD-1016545,True,14,13,0,0
RD-1016546,True,33,32,1,0
RD-1016547,True,28,22,4,2
RD-1016548,True,33,30,2,0
RD-1016549,True,29,27,1,1
RD-1016550,True,38,33,3,2
RD-1016551,True,14,13,0,1
RD-1016552,True,63,58,2,1
RD-1016553,True,28,27,0,1
RD-1016554,True,29,28,0,0
RD-1016555,True,28,26,1,1
RD-1016556,True,22,20,1,1
RD-1016557,True,21,18,3,0
RD-1016558,True,26,24,1,0
RD-1016559,True,7,7,0,0
RD-1016560,True,41,40,0,1
RD-1016561,True,31,31,0,0
RD-1016562,True,26,25,1,0
RD-1016563,True,29,28,0,0
RD-1016564,True,24,22,1,1
RD-1016565,True,26,25,1,0
RD-1016566,True,31,30,0,1
RD-1016567,True,38,36,2,0
RD-1016568,True,34,33,0,1
RD-1016569,True,30,27,2,1
RD-1016570,True,44,42,2,0
RD-1016571,True,42,41,1,0
RD-1016572,True,26,26,0,0
RD-1016573,True,34,34,0,0
RD-1016574,True,32,32,0,0
RD-1016575,True,28,26,2,0
RD-1016576,True,32,30,1,1
RD-1016577,True,31,29,1,1
RD-1016578,True,25,25,0,0
RD-1016579,True,29,26,2,0
RD-1016580,True,26,24,1,1
RD-1016581,True,35,32,1,2
RD-1016582,True,27,27,0,0
RD-1016583,True,9,9,0,0
RD-1016584,True,29,29,0,0
RD-1016585,True,36,35,0,1
RD-1016586,True,29,29,0,0
RD-1016587,True,27,26,1,0
RD-1016588,True,29,26,1,0
RD-1016589,True,39,38,0,0
RD-1016590,True,45,45,0,0
RD-1016591,True,24,24,0,0
RD-1016592,True,33,32,1,0
RD-1016593,True,26,19,6,1
RD-1016594,True,35,35,0,0
RD-1016595,True,38,32,4,2
RD-1016596,True,38,36,2,0
RD-1016597,True,21,21,0,0
RD-1016598,True,22,17,4,1
RD-1016599,True,18,17,1,0
RD-1016600,True,34,33,1,0
RD-1016601,True,32,29,3,0
RD-1016602,True,45,43,1,1
RD-1016603,True,50,48,2,0
RD-1016604,True,8,7,0,0
RD-1016605,True,38,35,1,0
RD-1016606,True,46,42,3,0
RD-1016607,True,42,38,2,1
RD-1016608,True,11,11,0,0
RD-1016609,True,36,35,1,0
RD-1016610,True,25,23,1,0
RD-1016611,True,38,32,5,1
RD-1016612,True,44,44,0,0
RD-1016613,True,29,25,3,1
RD-1016614,True,25,24,1,0
RD-1016615,True,21,19,2,0
RD-1016616,True,63,53,7,2
RD-1016617,True,45,44,0,1
RD-1016618,True,29,28,1,0
RD-1016619,True,33,33,0,0
RD-1016620,True,28,27,1,0
RD-1016621,True,23,21,0,2
RD-1016622,True,26,23,1,0
RD-1016623,True,19,16,1,2
RD-1016624,True,33,31,2,0
RD-1016625,True,56,49,6,1
RD-1016626,True,37,35,0,1
RD-1016627,True,5,4,1,0
RD-1016628,True,27,25,1,0
RD-1016629,True,30,28,0,2
RD-1016630,True,7,5,2,0
RD-1016631,True,29,27,1,0
RD-1016632,True,29,27,1,0
RD-1016633,True,31,30,0,0
RD-1016634,True,8,6,1,1
RD-1016635,True,3,3,0,0
RD-1016636,True,30,30,0,0
RD-1016637,True,23,23,0,0
RD-1016638,True,30,27,3,0
RD-1016639,True,29,23,5,1
RD-1016640,True,25,23,1,0
RD-1016641,True,29,29,0,0
RD-1016642,True,26,23,3,0
RD-1016643,True,37,35,1,1
RD-1016644,True,19,17,1,1
RD-1016645,True,43,37,3,3
RD-1016646,True,36,32,3,1
RD-1016647,True,27,22,3,2
RD-1016648,True,28,26,2,0
RD-1016649,True,38,38,0,0
RD-1016650,True,40,34,4,2
RD-1016651,True,25,19,5,1
RD-1016652,True,21,17,2,1
RD-1016653,True,39,36,1,2
RD-1016654,True,35,32,2,0
RD-1016655,True,36,33,0,2
RD-1016656,True,29,22,4,3
RD-1016657,True,32,29,1,1
RD-1016658,True,30,26,2,1
RD-1016659,True,39,37,1,1
RD-1016660,True,57,49,2,4
RD-1016661,True,37,34,1,1
RD-1016662,True,29,28,1,0
RD-1016663,True,40,38,1,0
RD-1016664,True,31,26,5,0
RD-1016665,True,38,36,0,2
RD-1016666,True,30,28,1,1
RD-1016667,True,50,46,2,2
RD-1016668,True,28,28,0,0
RD-1016669,True,32,31,1,0
RD-1016670,True,20,18,1,1
RD-1016671,True,45,41,2,2
RD-1016672,True,30,28,1,0
RD-1016673,True,41,38,3,0
RD-1016674,True,26,26,0,0
RD-1016675,True,29,26,3,0
RD-1016676,True,39,38,0,1
RD-1016677,True,25,24,1,0
RD-1016678,True,29,27,0,2
RD-1016679,True,40,39,1,0
RD-1016680,True,23,23,0,0
RD-1016681,True,22,22,0,0
RD-1016682,True,34,30,2,2
RD-1016683,True,26,26,0,0
RD-1016684,True,25,24,0,0
RD-1016685,True,31,28,1,1
RD-1016686,True,14,12,2,0
RD-1016687,True,45,45,0,0
RD-1016688,True,44,39,4,1
RD-1016689,True,16,13,2,1
RD-1016690,True,45,39,5,1
RD-1016691,True,26,24,2,0
RD-1016692,True,37,34,2,1
RD-1016693,True,46,38,5,3
RD-1016694,True,28,28,0,0
RD-1016695,True,10,8,0,2
RD-1016696,True,26,21,3,2
RD-1016697,True,19,17,1,1
RD-1016698,True,29,28,1,0
RD-1016699,True,29,29,0,0
RD-1016700,True,32,31,1,0
RD-1016701,True,15,13,1,1
RD-1016702,True,27,26,0,1
RD-1016703,True,40,39,1,0
RD-1016704,True,37,35,2,0
RD-1016705,True,40,35,4,1
RD-1016706,True,35,33,1,1
RD-1016707,True,26,24,1,1
RD-1016708,True,39,33,3,3
RD-1016709,True,49,44,2,3
RD-1016710,True,50,44,4,2
RD-1016711,True,37,33,2,2
RD-1016712,True,22,22,0,0
RD-1016713,True,49,40,4,5
RD-1016714,True,32,29,3,0
RD-1016715,True,34,33,0,1
RD-1016716,True,30,29,0,1
RD-1016717,True,45,44,1,0
RD-1016718,True,52,44,5,3
RD-1016719,True,34,33,0,0
RD-1016720,True,17,16,1,0
RD-1016721,True,33,33,0,0
RD-1016722,True,16,16,0,0
RD-1016723,True,30,29,1,0
RD-1016724,True,24,23,1,0
RD-1016725,True,37,31,2,4
RD-1016726,True,41,39,0,1
RD-1016727,True,18,17,1,0
RD-1016728,True,46,46,0,0
RD-1016729,True,29,28,0,0
RD-1016730,True,24,24,0,0
RD-1016731,True,25,24,0,1
RD-1016732,True,32,29,1,1
RD-1016733,True,56,52,2,0
RD-1016734,True,29,24,2,2
RD-1016735,True,30,28,0,1
RD-1016736,True,32,24,6,2
RD-1016737,True,30,30,0,0
RD-1016738,True,20,19,1,0
RD-1016739,True,16,15,0,1
RD-1016740,True,26,26,0,0
RD-1016741,True,27,27,0,0
RD-1016742,True,30,29,1,0
RD-1016743,True,7,7,0,0
RD-1016744,True,34,33,0,1
RD-1016745,True,28,25,1,1
RD-1016746,True,42,41,1,0
RD-1016747,True,28,26,2,0
RD-1016748,True,40,33,4,3
RD-1016749,True,23,21,2,0
RD-1016750,True,34,29,5,0
RD-1016751,True,27,27,0,0
RD-1016752,True,3,3,0,0
RD-1016753,True,14,13,0,1
RD-1016754,True,27,26,1,0
RD-1016755,True,38,36,0,2
RD-1016756,True,36,34,2,0
RD-1016757,True,25,23,1,0
RD-1016758,True,36,34,1,0
RD-1016759,True,33,32,0,0
RD-1016760,True,60,58,2,0
RD-1016761,True,27,25,0,2
RD-1016762,True,27,23,1,1
RD-1016763,True,29,29,0,0
RD-1016764,True,37,35,0,1
RD-1016765,True,27,25,0,0
RD-1016766,True,17,14,3,0
RD-1016767,True,35,31,2,0
RD-1016768,True,30,28,2,0
RD-1016769,True,35,34,1,0
RD-1016770,True,34,33,1,0
RD-1016771,True,33,28,4,1
RD-1016772,True,51,38,8,4
RD-1016773,True,9,8,0,1
RD-1016774,True,28,27,0,1
RD-1016775,True,30,28,2,0
RD-1016776,True,49,43,4,2
RD-1016777,True,30,29,1,0
RD-1016778,True,29,29,0,0
RD-1016779,True,30,28,2,0
RD-1016780,True,32,31,1,0
RD-1016781,True,30,29,0,1
RD-1016782,True,23,23,0,0
RD-1016783,True,45,43,2,0
RD-1016784,True,30,29,0,1
RD-1016785,True,37,35,2,0
RD-1016786,True,27,24,1,1
RD-1016787,True,43,40,2,1
RD-1016788,True,23,23,0,0
RD-1016789,True,51,45,5,1
RD-1016790,True,27,27,0,0
RD-1016791,True,32,31,1,0
RD-1016792,True,28,25,2,1
RD-1016793,True,32,31,1,0
RD-1016794,True,36,35,0,0
RD-1016795,True,30,28,1,0
RD-1016796,True,34,32,1,1
RD-1016797,True,28,27,1,0
RD-1016798,True,12,10,2,0
RD-1016799,True,33,33,0,0
RD-1016800,True,31,31,0,0
RD-1016801,True,20,20,0,0
RD-1016802,True,38,36,1,1
RD-1016803,True,35,33,1,1
RD-1016804,True,42,37,5,0
RD-1016805,True,28,27,0,0
RD-1016806,True,34,30,2,0
RD-1016807,True,32,31,1,0
RD-1016808,True,37,34,2,1
RD-1016810,True,36,31,1,2
RD-1016811,False,1,1,0,0
RD-1016812,True,2,2,0,0
RD-1016813,True,28,26,2,0
RD-1016814,True,38,37,1,0
RD-1016815,True,36,34,2,0
RD-1016816,True,28,26,1,1
RD-1016817,True,34,27,4,2
RD-1016818,True,39,35,3,1
RD-1016819,True,29,28,1,0
RD-1016820,True,31,30,1,0
RD-1016821,True,26,25,1,0
RD-1016822,True,34,33,1,0
RD-1016823,True,40,39,1,0
RD-1016824,True,23,21,1,1
RD-1016825,True,36,30,5,1
RD-1016826,True,57,46,9,2
RD-1016827,True,37,31,4,1
RD-1016828,True,24,19,5,0
RD-1016829,True,22,22,0,0
RD-1016830,True,8,8,0,0
RD-1016831,True,26,21,5,0
RD-1016832,True,43,41,0,1
RD-1016833,True,40,38,1,1
RD-1016834,True,36,31,3,2
RD-1016835,True,23,21,0,1
RD-1016836,True,25,25,0,0
RD-1016837,True,31,31,0,0
RD-1016838,True,28,27,0,1
RD-1016839,True,31,28,2,1
RD-1016840,True,32,29,3,0
RD-1016841,True,28,24,1,2
RD-1016842,True,17,16,0,1
RD-1016843,True,35,31,2,2
RD-1016844,True,27,25,2,0
RD-1016845,True,24,23,0,1
RD-1016846,True,24,22,0,2
RD-1016847,True,42,39,1,2
RD-1016848,True,27,27,0,0
RD-1016849,True,40,34,2,3
RD-1016850,True,33,25,6,1
RD-1016851,True,41,35,4,2
RD-1016852,True,25,24,0,1
RD-1016853,True,33,31,2,0
RD-1016854,True,35,35,0,0
RD-1016855,True,30,26,2,1
RD-1016856,True,28,28,0,0
RD-1016857,True,16,15,1,0
RD-1016858,True,31,27,1,2
RD-1016859,True,29,27,2,0
RD-1016860,True,47,44,2,1
RD-1016861,True,21,17,4,0
RD-1016862,True,35,35,0,0
RD-1016863,True,33,28,5,0
RD-1016864,True,46,44,1,1
RD-1016865,True,35,34,1,0
RD-1016866,True,41,38,3,0
RD-1016867,True,36,34,1,1
RD-1016868,True,29,23,4,2
RD-1016869,True,27,26,0,1
RD-1016870,True,25,24,0,1
RD-1016871,True,15,14,1,0
RD-1016872,True,11,10,0,1
RD-1016873,True,34,30,2,1
RD-1016874,True,36,34,1,1
RD-1016875,True,29,28,0,0
RD-1016876,True,37,35,2,0
RD-1016877,True,45,44,1,0
RD-1016878,True,24,24,0,0
RD-1016879,True,26,26,0,0
RD-1016880,True,33,32,1,0
RD-1016881,True,33,32,1,0
RD-1016882,True,27,21,2,4
RD-1016883,True,34,34,0,0
RD-1016884,True,27,26,0,1
RD-1016885,True,27,26,1,0
RD-1016886,True,34,30,4,0
RD-1016887,True,39,37,0,1
RD-1016888,True,43,41,2,0
RD-1016889,True,25,25,0,0
RD-1016890,True,23,17,3,2
RD-1016891,True,19,18,1,0
RD-1016892,True,26,24,2,0
RD-1016893,True,28,23,3,2
RD-1016894,True,24,23,1,0
RD-1016895,True,22,21,1,0
RD-1016896,True,31,28,1,2
RD-1016897,True,25,25,0,0
RD-1016898,True,9,7,1,1
RD-1016899,True,45,44,1,0
RD-1016900,True,55,52,2,0
RD-1016901,True,30,24,6,0
RD-1016902,True,27,23,3,1
RD-1016903,True,31,30,1,0
RD-1016904,True,42,38,1,2
RD-1016905,True,28,25,1,1
RD-1016906,True,21,19,0,2
RD-1016907,True,20,20,0,0
RD-1016908,True,34,26,3,4
RD-1016909,True,35,30,3,2
RD-1016910,True,28,23,4,1
RD-1016911,True,34,30,1,2
RD-1016912,True,36,33,2,1
RD-1016913,True,34,32,1,0
RD-1016914,True,19,18,1,0
RD-1016915,True,34,28,3,3
RD-1016916,True,29,27,2,0
RD-1016917,True,20,19,0,0
RD-1016918,True,28,25,2,1
RD-1016919,True,29,28,0,0
RD-1016920,True,33,27,3,3
RD-1016921,True,49,47,1,1
RD-1016922,True,45,36,2,7
RD-1016923,True,30,26,3,1
RD-1016924,True,28,24,3,0
RD-1016925,True,20,20,0,0
RD-1016926,True,43,37,5,0
RD-1016927,True,25,25,0,0
RD-1016928,True,26,25,0,1
RD-1016929,True,31,28,3,0
RD-1016930,True,37,37,0,0
RD-1016931,True,24,19,5,0
RD-1016932,True,28,26,1,0
RD-1016933,True,36,33,2,1
RD-1016934,True,29,26,2,0
RD-1016935,True,32,31,0,0
RD-1016936,True,33,32,0,0
RD-1016937,True,32,30,1,1
RD-1016938,True,30,30,0,0
RD-1016939,True,19,14,4,1
RD-1016940,True,60,50,9,1
RD-1016941,True,24,24,0,0
RD-1016942,True,64,61,2,0
RD-1016943,True,26,24,1,1
RD-1016944,True,27,25,2,0
RD-1016945,True,40,37,1,2
RD-1016946,True,30,25,2,3
RD-1016947,True,9,8,0,1
RD-1016948,True,25,22,2,1
RD-1016949,True,26,26,0,0
RD-1016950,True,19,18,1,0
RD-1016951,True,24,21,2,1
RD-1016952,True,24,24,0,0
RD-1016953,True,12,11,1,0
RD-1016954,True,20,18,0,1
RD-1016955,True,30,26,3,1
RD-1016956,True,26,22,3,1
RD-1016957,True,27,26,0,1
RD-1016958,True,3,3,0,0
RD-1016959,True,45,41,3,1
RD-1016960,True,6,4,1,1
RD-1016961,True,35,33,1,1
RD-1016962,True,22,21,0,0
RD-1016963,True,29,26,1,2
RD-1016964,True,32,26,5,0
RD-1016965,True,32,32,0,0
RD-1016966,True,47,45,2,0
RD-1016967,True,25,21,3,1
RD-1016968,True,37,29,8,0
RD-1016969,True,43,42,0,1
RD-1016970,True,28,21,5,1
RD-1016971,True,25,23,1,0
RD-1016972,True,43,35,6,2
RD-1016973,True,24,23,0,0
RD-1016974,True,39,36,1,2
RD-1016975,True,42,40,1,1
RD-1016976,True,12,10,1,1
RD-1016977,True,34,33,1,0
RD-1016978,True,27,25,2,0
RD-1016979,True,26,24,1,1
RD-1016980,True,28,26,0,2
RD-1016981,True,41,34,5,2
RD-1016982,True,28,26,1,0
RD-1016983,True,37,36,0,1
RD-1016984,True,29,28,1,0
RD-1016985,True,45,38,3,3
RD-1016986,True,2,1,1,0
RD-1016987,True,12,11,0,1
RD-1016988,True,10,8,0,2
RD-1016989,True,46,45,1,0
RD-1016990,False,1,1,0,0
RD-1016991,True,34,33,0,1
RD-1016992,True,27,24,2,1
RD-1016993,True,26,24,2,0
RD-1016994,True,29,27,2,0
RD-1016995,True,41,32,3,5
RD-1016996,True,41,37,3,1
RD-1016997,True,24,22,2,0
RD-1016998,True,35,35,0,0
RD-1016999,True,35,31,4,0
RD-1017000,True,43,43,0,0
RD-1017001,True,41,40,1,0
RD-1017002,True,21,17,3,1
RD-1017003,True,19,18,0,1
RD-1017004,True,11,9,1,1
RD-1017005,True,24,23,0,1
RD-1017006,True,24,23,1,0
RD-1017007,True,32,30,1,0
RD-1017008,False,1,1,0,0
RD-1017009,True,33,29,1,2
RD-1017010,True,47,43,3,0
RD-1017011,True,41,40,1,0
RD-1017012,True,19,15,2,2
RD-1017013,True,28,27,1,0
RD-1017014,True,3,2,1,0
RD-1017015,True,29,26,1,2
RD-1017016,True,2,2,0,0
RD-1017017,True,29,29,0,0
RD-1017018,True,31,30,0,0
RD-1017019,False,1,1,0,0
RD-1017020,True,29,25,4,0
RD-1017021,True,26,24,2,0
RD-1017022,True,30,26,4,0
RD-1017023,True,30,27,1,1
RD-1017024,True,5,3,2,0
RD-1017025,True,14,14,0,0
RD-1017026,True,26,24,1,1
RD-1017027,True,19,17,2,0
RD-1017028,True,26,24,2,0
RD-1017029,True,43,42,0,1
RD-1017030,True,30,27,3,0
RD-1017031,True,20,19,1,0
RD-1017032,True,24,21,1,2
RD-1017033,True,35,34,1,0
RD-1017034,True,30,27,3,0
RD-1017035,True,28,27,1,0
RD-1017036,True,40,32,5,3
RD-1017037,True,28,28,0,0
RD-1017038,True,18,17,0,1
RD-1017039,True,33,30,0,3
RD-1017040,True,35,32,1,1
RD-1017041,True,37,32,4,0
RD-1017042,True,31,31,0,0
RD-1017043,True,27,19,3,5
RD-1017044,True,57,44,10,3
RD-1017045,True,32,28,2,1
RD-1017046,True,24,23,1,0
RD-1017047,True,13,12,0,1
RD-1017048,True,53,46,4,2
RD-1017049,True,32,28,2,2
RD-1017050,True,36,29,3,3
RD-1017051,True,24,23,1,0
RD-1017052,True,29,22,4,3
RD-1017053,True,27,20,6,0
RD-1017054,True,30,26,3,0
RD-1017055,True,56,50,3,2
RD-1017056,True,30,29,1,0
RD-1017057,True,48,43,4,1
RD-1017058,True,24,23,0,1
RD-1017059,True,32,30,2,0
RD-1017060,True,46,43,3,0
RD-1017061,True,26,23,1,1
RD-1017063,True,37,35,1,0
RD-1017064,True,38,36,1,0
RD-1017065,True,35,31,1,3
RD-1017066,True,30,25,3,2
RD-1017067,True,16,15,1,0
RD-1017068,True,31,22,6,2
RD-1017069,False,1,1,0,0
RD-1017070,True,30,27,1,1
RD-1017071,True,11,10,0,1
RD-1017072,True,37,36,1,0
RD-1017073,True,21,18,1,1
RD-1017074,True,31,29,2,0
RD-1017075,True,29,27,1,1
RD-1017076,True,19,18,1,0
RD-1017077,True,27,24,3,0
RD-1017078,True,30,29,0,0
RD-1017079,True,37,33,3,0
RD-1017080,True,29,24,3,1
RD-1017081,True,30,23,6,0
RD-1017082,True,29,28,1,0
RD-1017083,True,31,31,0,0
RD-1017084,True,33,33,0,0
RD-1017085,True,6,6,0,0
RD-1017086,True,36,34,2,0
RD-1017087,True,28,25,3,0
RD-1017088,True,34,34,0,0
RD-1017089,True,25,20,3,2
RD-1017090,True,29,27,2,0
RD-1017091,True,29,29,0,0
RD-1017092,True,21,21,0,0
RD-1017093,True,34,30,3,0
RD-1017094,True,15,14,1,0
RD-1017095,True,26,24,1,1
RD-1017096,True,24,20,2,1
RD-1017097,True,24,22,1,0
RD-1017098,True,28,27,0,1
RD-1017099,True,28,23,2,3
RD-1017100,True,51,41,5,4
RD-1017101,True,33,31,1,1
RD-1017102,True,24,20,2,2
RD-1017103,True,25,25,0,0
RD-1017104,True,41,35,4,1
RD-1017105,True,29,28,1,0
RD-1017106,True,32,30,1,1
RD-1017107,True,28,23,2,3
RD-1017108,True,25,21,2,2
RD-1017109,True,54,45,5,4
RD-1017110,True,31,29,1,1
RD-1017111,True,4,4,0,0
RD-1017112,True,20,18,1,0
RD-1017113,True,23,23,0,0
RD-1017114,True,14,13,0,0
RD-1017115,True,32,29,3,0
RD-1017116,True,35,27,8,0
RD-1017117,True,21,21,0,0
RD-1017118,True,24,24,0,0
RD-1017119,True,24,20,3,1
RD-1017120,True,33,30,3,0
RD-1017121,True,21,17,2,0
RD-1017122,True,38,35,2,1
RD-1017123,True,29,27,1,1
RD-1017124,True,32,29,3,0
RD-1017125,True,21,16,4,0
RD-1017126,True,28,23,4,0
RD-1017127,True,34,34,0,0
RD-1017128,True,38,37,0,0
RD-1017129,True,38,34,2,2
RD-1017130,True,38,36,1,1
RD-1017131,True,36,30,5,1
RD-1017132,True,32,31,0,0
RD-1017133,True,20,17,2,1
RD-1017134,True,39,33,3,1
RD-1017135,True,31,30,1,0
RD-1017136,True,31,27,3,1
RD-1017137,True,36,33,1,1
RD-1017138,True,47,45,1,1
RD-1017139,True,29,28,0,1
RD-1017140,True,34,30,3,1
RD-1017141,True,31,31,0,0
RD-1017142,True,34,27,3,4
RD-1017143,True,28,25,2,0
RD-1017144,True,32,31,1,0
RD-1017145,True,9,9,0,0
RD-1017146,True,36,33,2,1
RD-1017147,True,25,23,2,0
RD-1017148,True,5,5,0,0
RD-1017149,True,28,25,2,1
RD-1017150,True,42,41,1,0
RD-1017151,True,25,24,1,0
RD-1017152,True,54,48,3,2
RD-1017153,True,8,8,0,0
RD-1017154,False,1,1,0,0
RD-1017155,True,38,37,0,1
RD-1017156,True,24,24,0,0
RD-1017157,True,37,36,1,0
RD-1017158,True,33,33,0,0
RD-1017159,True,15,12,3,0
RD-1017160,True,28,27,0,0
RD-1017161,True,43,39,2,0
RD-1017162,True,27,26,1,0
RD-1017163,True,38,38,0,0
RD-1017164,True,20,18,1,1
RD-1017165,True,27,24,3,0
RD-1017166,True,11,10,1,0
RD-1017167,True,28,26,1,1
RD-1017168,True,20,19,0,1
RD-1017169,True,6,5,1,0
RD-1017170,True,31,31,0,0
RD-1017171,True,31,26,3,1
RD-1017172,True,28,27,1,0
RD-1017173,True,31,26,4,1
RD-1017174,True,17,16,0,0
RD-1017175,True,43,42,1,0
RD-1017176,True,27,25,1,1
RD-1017177,True,57,55,1,0
RD-1017178,True,20,20,0,0
RD-1017179,True,24,24,0,0
RD-1017180,True,37,34,1,2
RD-1017181,True,58,50,6,2
RD-1017182,True,36,32,4,0
RD-1017183,True,6,6,0,0
RD-1017184,True,6,4,2,0
RD-1017185,True,29,27,1,0
RD-1017186,True,36,30,4,2
RD-1017187,True,41,38,1,2
RD-1017188,True,40,39,1,0
RD-1017189,True,47,42,4,1
RD-1017190,True,25,23,2,0
RD-1017191,True,50,41,7,1
RD-1017192,True,45,40,3,1
RD-1017193,True,31,24,4,2
RD-1017194,True,26,25,1,0
RD-1017195,True,52,40,8,4
RD-1017196,True,37,32,4,1
RD-1017197,True,54,45,8,1
RD-1017198,True,37,33,3,1
RD-1017199,True,27,27,0,0
RD-1017200,True,34,30,2,1
RD-1017201,True,18,15,1,2
RD-1017202,True,36,35,0,0
RD-1017203,True,40,33,6,1
RD-1017204,True,39,31,5,2
RD-1017205,True,17,15,2,0
RD-1017206,True,36,34,2,0
RD-1017207,True,43,35,8,0
RD-1017208,True,24,20,2,2
RD-1017209,True,24,22,2,0
RD-1017210,True,34,33,0,1
RD-1017211,True,26,24,0,2
RD-1017212,True,43,33,6,1
RD-1017213,True,17,15,1,1
RD-1017214,True,36,30,3,1
RD-1017215,True,29,24,3,2
RD-1017216,True,39,30,5,4
RD-1017217,True,28,28,0,0
RD-1017218,True,29,28,1,0
RD-1017219,True,29,28,1,0
RD-1017220,True,40,29,7,4
RD-1017221,True,35,29,4,2
RD-1017222,True,17,15,1,1
RD-1017223,True,28,25,2,1
RD-1017224,True,20,19,1,0
RD-1017225,True,55,50,3,2
RD-1017226,True,31,26,2,2
RD-1017227,True,24,24,0,0
RD-1017228,True,31,29,1,0
RD-1017229,True,37,33,3,0
RD-1017230,True,42,41,0,0
RD-1017231,True,37,29,6,2
RD-1017232,True,36,32,1,3
RD-1017233,True,28,26,1,1
RD-1017234,True,47,41,4,2
RD-1017235,True,34,31,2,1
RD-1017236,True,34,32,1,1
RD-1017237,True,26,25,0,1
RD-1017238,True,30,28,1,1
RD-1017239,True,27,20,4,2
RD-1017240,True,33,28,2,3
RD-1017241,True,35,30,3,1
RD-1017242,True,31,27,2,1
RD-1017243,True,37,35,2,0
RD-1017244,True,37,32,3,2
RD-1017245,True,25,24,1,0
RD-1017246,True,32,29,3,0
RD-1017247,True,31,27,2,1
RD-1017248,True,25,23,2,0
RD-1017249,True,40,37,2,0
RD-1017250,True,25,25,0,0
RD-1017251,True,35,27,6,2
RD-1017252,True,7,6,0,1
RD-1017253,True,55,50,1,3
RD-1017254,True,50,39,5,6
RD-1017255,True,46,44,0,2
RD-1017256,True,33,29,2,0
RD-1017257,True,21,18,1,2
RD-1017258,True,27,24,1,2
RD-1017259,True,3,3,0,0
RD-1017260,True,40,33,3,3
RD-1017261,True,14,14,0,0
RD-1017262,True,25,22,2,1
RD-1017263,True,39,38,1,0
RD-1017264,True,34,31,1,2
RD-1017265,True,30,27,2,0
RD-1017266,True,27,24,2,1
RD-1017267,True,33,31,0,2
RD-1017268,True,34,32,2,0
RD-1017269,True,17,15,2,0
RD-1017270,True,4,4,0,0
RD-1017271,True,29,27,1,1
RD-1017272,True,37,35,2,0
RD-1017273,True,46,43,1,1
RD-1017274,True,30,30,0,0
RD-1017275,True,39,36,2,1
RD-1017276,True,27,24,3,0
RD-1017277,True,50,44,4,2
RD-1017278,True,36,33,2,1
RD-1017279,True,36,35,1,0
RD-1017280,True,37,36,0,1
RD-1017281,True,2,2,0,0
RD-1017282,True,22,21,1,0
RD-1017283,True,57,52,2,1
RD-1017284,True,32,29,2,1
RD-1017285,True,21,21,0,0
RD-1017286,True,33,32,1,0
RD-1017287,True,39,37,1,0
RD-1017288,True,11,8,3,0
RD-1017289,True,33,29,3,1
RD-1017290,True,28,21,2,2
RD-1017291,True,46,43,2,1
RD-1017292,True,29,26,3,0
RD-1017293,True,42,40,0,2
RD-1017294,True,32,31,1,0
RD-1017295,True,37,35,0,1
RD-1017296,True,45,42,2,1
RD-1017297,True,28,28,0,0
RD-1017298,True,25,24,1,0
RD-1017299,True,17,13,3,1
RD-1017300,True,34,32,2,0
RD-1017301,True,30,29,0,1
RD-1017302,True,41,35,3,3
RD-1017303,True,44,42,1,0
RD-1017304,True,24,24,0,0
RD-1017305,True,32,30,1,1
RD-1017306,True,23,23,0,0
RD-1017307,True,28,22,4,2
RD-1017308,True,28,27,0,0
RD-1017309,True,27,25,1,1
RD-1017310,True,11,9,0,2
RD-1017311,True,29,28,1,0
RD-1017312,True,23,22,1,0
RD-1017313,True,18,15,3,0
RD-1017314,True,54,49,4,0
RD-1017315,True,24,23,1,0
RD-1017316,True,37,32,3,2
RD-1017317,True,34,32,2,0
RD-1017318,True,29,25,2,1
RD-1017319,True,35,30,2,2
RD-1017320,True,28,23,3,1
RD-1017321,True,44,37,2,5
RD-1017322,True,20,17,1,2
RD-1017323,True,7,7,0,0
RD-1017324,True,3,3,0,0
RD-1017325,True,36,34,1,1
RD-1017326,True,36,30,4,2
RD-1017327,True,8,8,0,0
RD-1017328,True,36,34,1,0
RD-1017329,True,47,45,2,0
RD-1017330,True,9,5,2,1
RD-1017331,True,32,26,4,2
RD-1017332,True,31,27,3,1
RD-1017333,True,42,39,2,0
RD-1017334,True,17,14,1,2
RD-1017335,True,33,31,1,0
RD-1017336,True,8,6,2,0
RD-1017337,True,44,41,0,3
RD-1017338,True,24,23,1,0
RD-1017339,True,19,17,2,0
RD-1017340,True,38,34,3,0
RD-1017341,True,35,32,1,2
RD-1017342,True,35,31,4,0
RD-1017343,True,34,32,2,0
RD-1017344,True,35,33,0,0
RD-1017345,True,26,23,2,1
RD-1017346,True,32,30,1,1
RD-1017347,True,23,22,1,0
RD-1017348,True,24,20,4,0
RD-1017349,True,42,39,1,1
RD-1017350,True,29,29,0,0
RD-1017351,True,38,35,3,0
RD-1017352,True,26,23,3,0
RD-1017353,True,27,25,1,0
RD-1017354,True,31,26,3,2
RD-1017355,True,42,38,2,2
RD-1017356,True,25,22,2,1
RD-1017357,True,40,36,2,2
RD-1017358,True,23,22,0,0
RD-1017359,True,20,20,0,0
RD-1017360,True,38,36,2,0
RD-1017361,True,17,14,2,1
RD-1017362,True,19,16,2,1
RD-1017363,True,62,59,0,1
RD-1017364,True,30,30,0,0
RD-1017365,True,34,32,2,0
RD-1017366,True,30,30,0,0
RD-1017367,True,40,39,0,1
RD-1017368,True,23,21,2,0
RD-1017369,True,43,42,1,0
RD-1017370,True,42,36,3,3
RD-1017371,True,29,24,4,1
RD-1017372,True,50,41,8,1
RD-1017373,True,46,42,3,1
RD-1017374,True,30,28,2,0
RD-1017375,True,17,17,0,0
RD-1017376,True,36,33,0,3
RD-1017377,True,19,19,0,0
RD-1017378,True,33,32,0,1
RD-1017379,True,20,19,0,0
RD-1017380,True,40,38,2,0
RD-1017381,True,23,22,1,0
RD-1017382,True,25,20,3,2
RD-1017383,True,37,35,2,0
RD-1017384,True,36,36,0,0
RD-1017385,True,30,30,0,0
RD-1017386,True,49,41,4,4
RD-1017387,True,22,20,2,0
RD-1017388,True,38,34,1,1
RD-1017389,True,28,25,1,2
RD-1017390,True,44,40,1,1
RD-1017391,True,28,27,0,1
RD-1017392,True,49,42,6,1
RD-1017393,True,31,28,1,2
RD-1017394,True,16,14,0,2
RD-1017395,True,23,18,4,0
RD-1017396,True,32,29,3,0
RD-1017397,True,29,26,1,0
RD-1017398,True,35,32,1,1
RD-1017399,True,25,21,2,1
RD-1017400,True,23,19,3,1
RD-1017401,True,30,25,2,3
RD-1017402,True,37,31,5,1
RD-1017403,True,32,29,2,1
RD-1017404,True,47,37,8,2
RD-1017405,True,38,33,5,0
RD-1017406,True,35,31,1,2
RD-1017407,True,32,31,1,0
RD-1017408,True,18,17,1,0
RD-1017409,True,29,27,1,1
RD-1017410,True,29,28,1,0
RD-1017411,True,21,18,3,0
RD-1017412,True,18,15,1,2
RD-1017413,True,33,31,2,0
RD-1017414,True,32,31,1,0
RD-1017415,True,35,31,1,2
RD-1017416,True,7,7,0,0
RD-1017417,True,27,26,1,0
RD-1017418,True,25,25,0,0
RD-1017419,True,26,21,2,2
RD-1017420,True,31,30,0,1
RD-1017421,True,28,26,1,1
RD-1017422,True,30,30,0,0
RD-1017423,True,13,11,1,1
RD-1017424,True,31,27,4,0
RD-1017425,True,40,31,5,4
RD-1017426,True,36,34,2,0
RD-1017427,True,8,7,1,0
RD-1017428,True,59,49,5,5
RD-1017429,True,44,43,1,0
RD-1017430,True,48,45,2,0
RD-1017431,True,19,19,0,0
RD-1017432,True,25,25,0,0
RD-1017433,True,27,21,4,1
RD-1017434,True,28,25,3,0
RD-1017435,True,57,47,7,3
RD-1017436,True,32,30,2,0
RD-1017437,True,27,26,1,0
RD-1017438,True,27,25,1,1
RD-1017439,True,16,16,0,0
RD-1017440,True,41,40,1,0
RD-1017441,True,34,27,4,2
RD-1017442,True,11,11,0,0
RD-1017443,True,34,24,9,1
RD-1017444,True,29,28,1,0
RD-1017445,True,38,30,5,1
RD-1017446,True,27,25,2,0
RD-1017447,True,37,34,3,0
RD-1017448,True,27,25,1,1
RD-1017449,True,29,23,5,1
RD-1017450,True,24,23,0,1
RD-1017451,True,41,38,2,1
RD-1017452,True,23,23,0,0
RD-1017453,True,44,40,3,1
RD-1017454,True,8,6,2,0
RD-1017455,True,29,26,3,0
RD-1017456,True,24,23,1,0
RD-1017457,True,18,14,3,1
RD-1017458,True,30,29,1,0
RD-1017459,True,25,22,1,2
RD-1017460,True,25,22,1,2
RD-1017461,True,29,25,2,2
RD-1017462,True,32,30,1,0
RD-1017463,True,29,28,0,1
RD-1017464,True,39,36,2,0
RD-1017465,True,24,22,1,1
RD-1017466,True,4,3,0,1
RD-1017467,True,44,43,0,1
RD-1017468,True,31,31,0,0
RD-1017469,True,29,24,3,2
RD-1017470,True,28,27,1,0
RD-1017471,True,27,25,0,1
RD-1017472,True,37,36,0,0
RD-1017473,True,27,25,2,0
RD-1017474,True,35,29,4,2
RD-1017475,True,31,28,0,1
RD-1017476,True,46,45,1,0
RD-1017477,True,41,32,7,1
RD-1017478,True,32,31,0,0
RD-1017479,True,27,22,5,0
RD-1017480,True,45,39,5,1
RD-1017481,True,26,26,0,0
RD-1017482,True,38,35,2,0
RD-1017483,True,48,39,7,2
RD-1017484,True,28,28,0,0
RD-1017485,True,33,31,1,1
RD-1017486,True,6,5,1,0
RD-1017487,True,31,25,5,1
RD-1017488,True,26,22,2,0
RD-1017489,True,51,43,5,1
RD-1017490,True,31,22,4,3
RD-1017491,True,38,33,5,0
RD-1017492,True,37,30,4,3
RD-1017493,True,28,27,0,0
RD-1017494,True,14,14,0,0
RD-1017495,True,37,31,4,2
RD-1017496,True,29,28,0,0
RD-1017497,True,38,36,2,0
RD-1017498,True,54,49,0,4
RD-1017499,True,34,30,3,1
RD-1017500,True,17,16,0,1
RD-1017501,True,32,29,2,0
RD-1017502,True,36,35,1,0
RD-1017503,True,33,33,0,0
RD-1017504,True,19,19,0,0
RD-1017505,True,22,17,4,1
RD-1017506,True,28,28,0,0
RD-1017507,True,46,42,2,1
RD-1017508,True,37,36,0,0
RD-1017509,True,34,25,7,2
RD-1017510,True,35,32,0,1
RD-1017511,True,28,25,3,0
RD-1017512,True,36,36,0,0
RD-1017513,True,35,33,1,1
RD-1017514,True,33,28,4,1
RD-1017515,True,41,39,0,0
RD-1017516,True,37,33,3,1
RD-1017517,True,5,4,1,0
RD-1017518,True,30,23,5,2
RD-1017519,True,18,13,4,1
RD-1017520,True,7,4,2,1
RD-1017521,True,28,27,0,1
RD-1017522,True,32,31,1,0
RD-1017523,True,28,28,0,0
RD-1017524,True,49,43,2,4
RD-1017525,True,33,29,2,0
RD-1017526,True,47,43,2,2
RD-1017527,True,27,26,1,0
RD-1017528,True,5,3,2,0
RD-1017529,True,31,29,1,0
RD-1017530,True,27,27,0,0
RD-1017531,True,26,24,1,0
RD-1017532,True,39,36,1,2
RD-1017533,True,37,34,1,2
RD-1017534,True,14,10,1,3
RD-1017535,True,22,15,5,2
RD-1017536,True,37,31,5,1
RD-1017537,True,27,27,0,0
RD-1017538,True,33,30,3,0
RD-1017539,True,31,25,5,1
RD-1017540,True,26,26,0,0
RD-1017541,True,28,19,4,5
RD-1017542,True,3,3,0,0
RD-1017543,True,34,29,1,2
RD-1017544,True,32,26,5,0
RD-1017545,True,15,15,0,0
RD-1017546,True,56,51,3,2
RD-1017547,True,56,43,8,5
RD-1017548,True,18,14,3,1
RD-1017549,True,43,36,5,2
RD-1017550,True,17,15,1,1
RD-1017551,True,29,27,2,0
RD-1017552,True,39,38,1,0
RD-1017553,True,30,25,5,0
RD-1017554,True,36,35,0,1
RD-1017555,True,31,28,2,1
RD-1017556,True,19,16,1,2
RD-1017557,True,21,14,5,2
RD-1017559,True,35,32,2,1
RD-1017560,True,33,30,2,1
RD-1017561,True,36,29,4,3
RD-1017562,True,17,16,1,0
RD-1017563,True,43,35,3,5
RD-1017564,True,29,29,0,0
RD-1017565,True,28,27,0,0
RD-1017566,True,29,24,3,2
RD-1017567,True,41,36,1,3
RD-1017568,True,21,20,0,1
RD-1017569,True,25,25,0,0
RD-1017570,True,49,45,2,2
RD-1017571,True,36,33,2,0
RD-1017572,True,16,13,2,1
RD-1017573,True,30,28,1,0
RD-1017574,True,22,22,0,0
RD-1017575,True,35,28,5,1
RD-1017576,True,30,28,1,0
RD-1017577,True,19,17,2,0
RD-1017578,True,37,35,1,0
RD-1017579,True,35,34,1,0
RD-1017580,True,30,26,2,2
RD-1017581,True,25,22,2,1
RD-1017582,True,35,33,1,1
RD-1017583,True,27,27,0,0
RD-1017584,True,23,17,4,2
RD-1017585,True,42,37,1,4
RD-1017586,True,25,23,0,1
RD-1017587,True,30,28,2,0
RD-1017588,True,36,34,1,0
RD-1017589,True,29,27,1,1
RD-1017590,True,38,30,4,3
RD-1017591,True,26,26,0,0
RD-1017592,True,28,25,2,1
RD-1017593,True,30,29,1,0
RD-1017594,True,28,27,1,0
RD-1017595,True,28,28,0,0
RD-1017596,True,28,23,4,1
RD-1017597,True,14,9,2,3
RD-1017598,True,40,38,1,1
RD-1017599,True,38,29,6,3
RD-1017600,True,19,18,1,0
RD-1017601,True,42,34,5,3
RD-1017602,True,35,32,1,2
RD-1017603,True,35,30,3,1
RD-1017604,True,34,31,0,3
RD-1017605,True,24,18,4,2
RD-1017606,True,24,24,0,0
RD-1017607,True,35,31,2,2
RD-1017608,True,28,25,2,1
RD-1017609,True,37,31,3,3
RD-1017610,True,43,39,4,0
RD-1017611,True,8,6,1,1
RD-1017612,True,29,28,1,0
RD-1017613,True,33,28,3,1
RD-1017614,True,32,26,5,0
RD-1017615,True,10,6,2,2
RD-1017616,True,20,18,2,0
RD-1017617,True,33,32,1,0
RD-1017618,True,29,28,1,0
RD-1017619,True,25,25,0,0
RD-1017620,True,40,40,0,0
RD-1017621,True,33,32,1,0
RD-1017622,True,33,30,0,3
RD-1017623,True,10,6,2,2
RD-1017624,True,30,23,6,1
RD-1017625,True,28,27,1,0
RD-1017626,True,27,26,1,0
RD-1017627,True,36,35,1,0
RD-1017628,True,42,41,0,1
RD-1017629,True,31,30,1,0
RD-1017630,True,32,25,6,1
RD-1017631,True,36,27,5,2
RD-1017632,True,38,30,4,3
RD-1017633,True,28,22,5,1
RD-1017634,True,34,33,1,0
RD-1017635,True,28,26,1,1
RD-1017636,True,18,16,0,2
RD-1017637,True,47,42,5,0
RD-1017638,True,36,32,4,0
RD-1017639,True,23,22,0,0
RD-1017640,True,36,28,6,2
RD-1017641,True,6,5,0,1
RD-1017642,True,42,39,2,1
RD-1017643,True,36,34,1,0
RD-1017644,True,23,20,2,0
RD-1017645,True,17,15,2,0
RD-1017646,True,9,9,0,0
RD-1017647,True,30,27,2,1
RD-1017648,True,30,28,1,1
RD-1017649,True,40,36,1,2
RD-1017650,True,35,34,0,0
RD-1017651,True,41,38,3,0
RD-1017652,True,41,39,1,1
RD-1017653,True,26,25,1,0
RD-1017654,True,44,39,4,1
RD-1017655,True,25,23,2,0
RD-1017656,True,35,34,1,0
RD-1017657,True,18,16,1,1
RD-1017658,True,25,22,0,2
RD-1017659,True,12,7,5,0
RD-1017660,True,27,27,0,0
RD-1017661,True,42,36,3,3
RD-1017662,True,44,36,3,4
RD-1017663,True,35,30,3,1
RD-1017664,True,10,8,1,1
RD-1017665,True,31,28,3,0
RD-1017666,True,30,23,6,1
RD-1017667,True,23,23,0,0
RD-1017668,True,18,17,1,0
RD-1017669,True,32,31,1,0
RD-1017670,True,34,30,3,1
RD-1017671,True,31,29,0,1
RD-1017672,True,30,22,7,1
RD-1017673,True,23,22,1,0
RD-1017674,True,32,30,2,0
RD-1017675,True,31,22,4,4
RD-1017676,True,7,7,0,0
RD-1017677,True,31,31,0,0
RD-1017678,True,41,35,3,2
RD-1017679,True,44,42,1,1
RD-1017680,True,37,33,3,1
RD-1017681,True,21,15,4,2
RD-1017682,True,47,41,3,2
RD-1017683,True,36,34,1,1
RD-1017684,True,42,33,6,3
RD-1017685,True,30,30,0,0
RD-1017686,True,41,35,4,2
RD-1017687,True,35,30,2,2
RD-1017688,True,20,16,3,1
RD-1017689,True,30,29,1,0
RD-1017690,True,55,49,4,2
RD-1017691,True,39,37,2,0
RD-1017692,True,33,27,5,1
RD-1017693,True,41,41,0,0
RD-1017694,True,32,31,1,0
RD-1017695,True,3,3,0,0
RD-1017696,True,35,34,1,0
RD-1017697,True,36,33,2,1
RD-1017698,True,27,26,1,0
RD-1017699,True,38,37,1,0
RD-1017700,True,46,44,1,1
RD-1017701,True,27,27,0,0
RD-1017702,True,36,35,1,0
RD-1017703,True,28,26,2,0
RD-1017704,True,40,37,1,1
RD-1017705,True,33,32,1,0
RD-1017706,True,47,36,8,3
RD-1017707,True,26,25,1,0
RD-1017708,True,31,28,2,1
RD-1017709,True,32,29,3,0
RD-1017710,True,44,44,0,0
RD-1017711,True,27,27,0,0
RD-1017712,True,25,25,0,0
RD-1017713,True,24,19,3,2
RD-1017714,True,52,40,9,3
RD-1017715,True,40,31,6,3
RD-1017716,True,35,33,2,0
RD-1017717,True,34,32,2,0
RD-1017718,True,29,27,2,0
RD-1017719,True,27,26,0,1
RD-1017720,True,4,4,0,0
RD-1017721,True,28,25,1,0
RD-1017722,True,32,31,1,0
RD-1017723,True,33,30,1,2
RD-1017724,True,44,41,0,3
RD-1017725,True,34,32,1,0
RD-1017726,True,22,22,0,0
RD-1017727,True,20,16,1,3
RD-1017728,True,7,3,4,0
RD-1017729,True,38,30,6,2
RD-1017730,True,25,24,0,0
RD-1017731,True,35,28,5,2
RD-1017732,True,27,20,2,5
RD-1017733,True,32,31,0,1
RD-1017734,True,37,34,1,2
RD-1017735,True,31,30,0,1
RD-1017736,True,35,33,2,0
RD-1017737,True,30,28,0,1
RD-1017738,True,36,34,1,1
RD-1017739,True,40,39,1,0
RD-1017740,True,48,34,12,1
RD-1017741,True,3,3,0,0
RD-1017742,True,47,41,3,1
RD-1017743,True,38,36,2,0
RD-1017744,True,38,36,1,1
RD-1017745,True,27,24,1,1
RD-1017746,True,40,35,3,1
RD-1017747,True,44,44,0,0
RD-1017748,True,8,8,0,0
RD-1017749,True,11,8,3,0
RD-1017750,True,39,38,1,0
RD-1017751,True,20,18,0,1
RD-1017752,True,23,18,2,2
RD-1017753,True,33,32,1,0
RD-1017754,True,32,30,2,0
RD-1017755,True,26,23,2,0
RD-1017756,True,25,23,1,1
RD-1017757,True,33,30,2,1
RD-1017758,True,37,35,2,0
RD-1017759,True,5,4,0,1
RD-1017760,True,32,30,0,2
RD-1017761,True,42,37,3,2
RD-1017762,True,28,28,0,0
RD-1017763,True,33,32,0,1
RD-1017764,True,24,24,0,0
RD-1017765,True,27,27,0,0
RD-1017766,True,31,30,0,1
RD-1017767,True,47,42,3,1
RD-1017768,True,28,23,2,3
RD-1017769,True,24,23,1,0
RD-1017770,True,29,26,3,0
RD-1017771,True,42,34,5,3
RD-1017772,True,24,22,2,0
RD-1017773,True,28,25,3,0
RD-1017774,True,38,31,6,1
RD-1017775,True,27,27,0,0
RD-1017776,True,34,33,1,0
RD-1017777,True,38,35,3,0
RD-1017778,True,41,38,3,0
RD-1017779,True,24,23,1,0
RD-1017780,True,30,29,1,0
RD-1017781,True,39,37,0,2
RD-1017782,True,6,6,0,0
RD-1017783,True,17,15,1,1
RD-1017784,True,25,24,0,0
RD-1017785,True,33,33,0,0
RD-1017786,True,25,23,0,2
RD-1017787,True,37,30,6,1
RD-1017788,True,27,26,0,1
RD-1017789,True,39,28,10,1
RD-1017790,True,44,43,0,0
RD-1017791,True,36,33,3,0
RD-1017792,True,22,22,0,0
RD-1017793,True,44,37,4,2
RD-1017794,True,34,34,0,0
RD-1017795,True,34,33,0,1
RD-1017796,True,33,32,0,1
RD-1017797,True,45,42,1,2
RD-1017798,True,10,8,0,2
RD-1017799,True,35,34,1,0
RD-1017800,True,37,36,1,0
RD-1017801,True,19,19,0,0
RD-1017802,True,39,27,9,1
RD-1017803,True,28,27,1,0
RD-1017804,True,29,29,0,0
RD-1017805,True,49,42,5,2
RD-1017806,True,29,27,0,2
RD-1017807,True,4,4,0,0
RD-1017808,True,29,29,0,0
RD-1017809,True,50,45,5,0
RD-1017810,True,28,25,2,1
RD-1017811,True,34,28,3,3
RD-1017812,True,33,25,4,4
RD-1017813,True,26,23,2,1
RD-1017814,True,31,29,1,1
RD-1017815,True,33,26,1,6
RD-1017816,True,3,1,2,0
RD-1017817,True,5,3,1,1
RD-1017818,True,12,9,3,0
RD-1017819,True,47,42,4,0
RD-1017820,True,29,28,1,0
RD-1017821,True,34,33,0,1
RD-1017822,True,26,23,1,2
RD-1017823,True,24,24,0,0
RD-1017824,True,28,26,0,1
RD-1017825,True,29,23,3,3
RD-1017826,True,25,23,1,0
RD-1017827,True,25,22,3,0
RD-1017828,True,24,22,1,0
RD-1017829,True,30,30,0,0
RD-1017830,True,41,39,1,0
RD-1017831,True,30,27,3,0
RD-1017832,True,23,23,0,0
RD-1017833,True,31,31,0,0
RD-1017834,True,30,26,3,1
RD-1017835,True,29,27,1,1
RD-1017836,True,19,16,1,2
RD-1017837,True,30,30,0,0
RD-1017838,True,34,32,1,1
RD-1017839,True,31,29,2,0
RD-1017840,True,38,32,4,2
RD-1017841,True,32,30,1,1
RD-1017842,True,42,40,1,1
RD-1017843,True,29,25,2,1
RD-1017844,True,32,32,0,0
RD-1017845,True,31,26,5,0
RD-1017846,True,28,27,0,0
RD-1017847,True,24,21,3,0
RD-1017848,True,34,34,0,0
RD-1017849,True,32,29,1,2
RD-1017850,True,26,26,0,0
RD-1017851,True,37,32,5,0
RD-1017852,True,35,35,0,0
RD-1017853,True,30,24,4,2
RD-1017854,True,27,22,4,1
RD-1017855,True,27,26,0,1
RD-1017856,True,19,16,2,1
RD-1017857,True,25,18,4,2
RD-1017858,True,21,20,1,0
RD-1017859,True,32,30,0,2
RD-1017860,True,35,33,0,1
RD-1017861,True,30,30,0,0
RD-1017862,True,38,36,2,0
RD-1017863,True,37,36,1,0
RD-1017864,True,22,14,4,4
RD-1017865,True,27,22,2,3
RD-1017866,True,27,25,2,0
RD-1017867,True,33,32,0,1
RD-1017868,True,40,32,5,2
RD-1017869,True,19,17,2,0
RD-1017870,True,29,28,0,0
RD-1017871,True,29,27,2,0
RD-1017872,True,39,38,1,0
RD-1017873,True,34,32,1,1
RD-1017874,True,29,28,0,1
RD-1017875,True,22,20,0,1
RD-1017876,True,33,31,2,0
RD-1017877,True,47,46,0,0
RD-1017878,True,33,28,4,1
RD-1017879,True,35,33,0,2
RD-1017880,True,37,35,1,0
RD-1017881,True,34,33,0,1
RD-1017882,True,29,27,2,0
RD-1017883,True,32,32,0,0
RD-1017884,True,40,40,0,0
RD-1017885,True,40,37,1,2
RD-1017886,True,34,33,0,1
RD-1017887,True,37,32,3,1
RD-1017888,True,29,23,5,1
RD-1017889,True,5,5,0,0
RD-1017890,True,27,24,2,1
RD-1017891,True,44,42,1,1
RD-1017892,True,28,24,2,2
RD-1017893,True,38,36,1,1
RD-1017894,True,39,38,0,1
RD-1017895,True,44,37,5,1
RD-1017896,True,44,44,0,0
RD-1017897,True,47,41,2,4
RD-1017898,True,39,39,0,0
RD-1017899,True,37,33,4,0
RD-1017900,True,44,38,4,1
RD-1017901,True,25,24,1,0
RD-1017902,True,15,14,1,0
RD-1017903,True,27,22,4,1
RD-1017904,True,24,15,8,1
RD-1017905,True,31,29,1,1
RD-1017906,True,27,27,0,0
RD-1017907,True,35,33,1,1
RD-1017908,True,39,31,3,5
RD-1017909,True,40,39,1,0
RD-1017910,True,26,26,0,0
RD-1017911,True,9,7,1,1
RD-1017912,True,9,8,0,1
RD-1017913,True,38,37,1,0
RD-1017914,True,30,30,0,0
RD-1017915,True,20,19,1,0
RD-1017916,True,35,33,0,2
RD-1017917,True,36,36,0,0
RD-1017918,True,27,25,1,1
RD-1017919,True,44,43,0,1
RD-1017920,True,40,32,6,1
RD-1017921,True,33,31,2,0
RD-1017922,True,46,44,0,2
RD-1017923,True,38,35,2,1
RD-1017924,True,32,28,3,0
RD-1017925,True,38,35,3,0
RD-1017926,True,32,32,0,0
RD-1017927,True,31,31,0,0
RD-1017928,True,25,25,0,0
RD-1017929,True,30,29,1,0
RD-1017930,True,46,43,1,1
RD-1017931,True,28,21,4,3
RD-1017932,True,47,43,2,2
RD-1017933,True,47,46,0,1
RD-1017934,True,22,20,1,1
RD-1017935,True,30,30,0,0
RD-1017936,True,31,28,1,2
RD-1017937,True,36,32,4,0
RD-1017938,True,31,29,2,0
RD-1017939,True,16,15,1,0
RD-1017940,True,31,31,0,0
RD-1017941,True,40,29,5,6
RD-1017942,True,26,19,4,2
RD-1017943,True,19,15,3,1
RD-1017944,True,21,19,2,0
RD-1017945,True,27,23,2,0
RD-1017946,True,32,32,0,0
RD-1017947,True,8,8,0,0
RD-1017948,True,29,27,0,0
RD-1017949,True,26,18,7,1
RD-1017950,True,32,30,0,2
RD-1017951,True,40,31,7,2
RD-1017952,True,21,19,2,0
RD-1017953,True,28,27,0,1
RD-1017954,True,28,23,4,0
RD-1017955,True,41,41,0,0
RD-1017956,True,40,40,0,0
RD-1017957,True,26,25,0,0
RD-1017958,True,26,25,0,1
RD-1017959,True,48,43,3,2
RD-1017960,True,36,34,2,0
RD-1017961,True,17,12,3,2
RD-1017962,True,8,7,0,0
RD-1017963,True,28,26,0,1
RD-1017964,True,29,29,0,0
RD-1017965,True,33,28,2,2
RD-1017966,True,7,5,0,2
RD-1017967,True,31,30,0,1
RD-1017968,True,36,31,4,0
RD-1017969,True,34,32,0,0
RD-1017970,True,19,18,0,1
RD-1017971,True,28,21,5,2
RD-1017972,True,29,23,4,1
RD-1017973,True,28,20,4,4
RD-1017974,True,26,26,0,0
RD-1017975,True,32,29,3,0
RD-1017976,True,24,24,0,0
RD-1017977,True,32,30,1,1
RD-1017978,True,25,23,2,0
RD-1017979,True,29,27,1,0
RD-1017980,True,29,25,1,3
RD-1017981,True,36,36,0,0
RD-1017982,True,6,4,2,0
RD-1017983,True,29,23,5,0
RD-1017984,True,44,40,3,1
RD-1017985,True,42,41,1,0
RD-1017986,True,27,24,3,0
RD-1017987,True,26,24,1,1
RD-1017988,True,31,28,1,2
RD-1017989,True,10,8,2,0
RD-1017990,True,30,29,0,1
RD-1017991,True,34,34,0,0
RD-1017992,True,14,12,1,1
RD-1017993,True,39,36,3,0
RD-1017994,True,32,28,2,1
RD-1017995,True,49,34,11,4
RD-1017996,True,33,31,1,1
RD-1017997,True,4,3,1,0
RD-1017998,True,37,34,1,1
RD-1017999,True,23,21,0,2
RD-1018000,True,25,24,0,1
RD-1018001,True,38,37,1,0
RD-1018002,True,28,27,0,1
RD-1018003,True,5,4,1,0
RD-1018004,True,29,28,0,0
RD-1018005,True,44,38,3,3
RD-1018006,True,36,32,3,1
RD-1018007,True,30,29,0,1
RD-1018008,True,39,37,1,1
RD-1018009,True,49,49,0,0
RD-1018010,False,1,1,0,0
RD-1018011,True,26,24,0,2
RD-1018012,True,28,26,0,1
RD-1018013,True,39,35,3,1
RD-1018014,True,28,28,0,0
RD-1018015,True,33,29,4,0
RD-1018016,True,38,36,2,0
RD-1018017,True,45,43,2,0
RD-1018018,True,24,23,0,0
RD-1018019,True,14,10,2,2
RD-1018020,True,50,46,2,2
RD-1018021,True,44,31,8,4
RD-1018022,True,24,20,3,1
RD-1018023,True,13,11,2,0
RD-1018024,True,17,15,0,2
RD-1018025,True,47,41,4,1
RD-1018026,True,32,22,7,3
RD-1018027,True,39,32,6,0
RD-1018028,True,21,16,5,0
RD-1018029,True,12,10,1,1
RD-1018030,True,29,21,5,3
RD-1018031,True,7,6,0,1
RD-1018032,True,4,2,1,1
RD-1018033,True,28,27,1,0
RD-1018034,True,32,30,2,0
RD-1018035,True,46,42,1,2
RD-1018036,True,37,33,3,1
RD-1018037,True,4,3,1,0
RD-1018038,True,43,37,6,0
RD-1018039,True,31,31,0,0
RD-1018040,True,35,27,5,1
RD-1018041,True,12,12,0,0
RD-1018042,True,36,36,0,0
RD-1018043,True,33,32,1,0
RD-1018044,True,37,36,1,0
RD-1018045,True,50,38,11,1
RD-1018046,True,36,33,1,1
RD-1018047,True,25,20,3,2
RD-1018048,True,37,36,1,0
RD-1018049,True,10,8,2,0
RD-1018050,True,20,14,2,3
RD-1018051,True,30,23,4,3
RD-1018052,True,3,3,0,0
RD-1018053,True,38,35,0,2
RD-1018054,True,15,15,0,0
RD-1018055,True,7,6,0,1
RD-1018056,True,29,28,1,0
RD-1018057,True,38,34,3,0
RD-1018058,True,34,32,1,1
RD-1018059,True,28,27,1,0
RD-1018060,True,31,30,1,0
RD-1018061,True,29,29,0,0
RD-1018062,True,38,36,2,0
RD-1018063,True,31,28,2,1
RD-1018064,True,12,12,0,0
RD-1018065,True,5,2,2,1
RD-1018066,True,31,30,0,1
RD-1018067,True,47,36,6,4
RD-1018068,True,29,28,1,0
RD-1018069,True,46,45,0,1
RD-1018070,True,36,35,0,1
RD-1018071,True,24,22,1,1
RD-1018072,True,40,31,5,2
RD-1018073,True,11,10,1,0
RD-1018074,True,18,16,1,1
RD-1018075,True,51,49,2,0
RD-1018076,True,5,5,0,0
RD-1018077,True,49,46,2,0
RD-1018078,True,30,28,2,0
RD-1018079,True,23,21,2,0
RD-1018080,True,35,34,0,0
RD-1018081,True,12,12,0,0
RD-1018082,True,25,25,0,0
RD-1018083,True,30,28,2,0
RD-1018084,True,26,25,0,0
RD-1018085,True,46,43,3,0
RD-1018086,True,27,21,4,2
RD-1018087,True,27,27,0,0
RD-1018088,True,34,32,1,1
RD-1018089,True,24,23,1,0
RD-1018090,True,22,22,0,0
RD-1018091,True,31,31,0,0
RD-1018092,True,31,30,0,1
RD-1018093,True,44,42,1,0
RD-1018094,True,67,62,2,1
RD-1018095,True,42,39,1,1
RD-1018096,True,25,24,0,1
RD-1018097,True,42,39,2,0
RD-1018098,True,26,24,2,0
RD-1018099,True,45,43,2,0
RD-1018100,True,34,31,1,2
RD-1018101,True,36,31,2,1
RD-1018102,True,30,26,3,1
RD-1018103,True,40,35,4,1
RD-1018104,True,32,32,0,0
RD-1018105,True,28,23,3,1
RD-1018106,True,23,16,3,4
RD-1018107,True,28,27,0,1
RD-1018108,True,8,8,0,0
RD-1018109,True,41,36,2,2
RD-1018110,True,32,31,1,0
RD-1018111,True,31,30,0,1
RD-1018112,True,27,25,2,0
RD-1018113,True,32,29,2,0
RD-1018114,True,32,31,1,0
RD-1018115,True,26,26,0,0
RD-1018116,True,39,37,1,1
RD-1018117,True,10,10,0,0
RD-1018118,True,36,36,0,0
RD-1018119,True,36,36,0,0
RD-1018120,True,35,33,1,0
RD-1018121,True,36,33,3,0
RD-1018122,True,17,15,1,1
RD-1018123,True,16,15,1,0
RD-1018124,True,43,38,1,4
RD-1018126,True,36,33,3,0
RD-1018127,True,25,24,1,0
RD-1018128,True,25,23,0,2
RD-1018129,True,21,21,0,0
RD-1018130,True,25,22,1,2
RD-1018131,True,34,29,4,0
RD-1018132,True,28,27,0,0
RD-1018133,True,33,27,5,0
RD-1018134,True,48,45,0,3
RD-1018135,True,24,23,0,1
RD-1018136,True,14,13,0,1
RD-1018137,True,34,32,1,1
RD-1018138,True,30,28,0,2
RD-1018139,True,31,27,2,1
RD-1018140,True,47,37,7,2
RD-1018141,True,25,23,0,1
RD-1018142,True,13,9,2,2
RD-1018143,True,25,21,2,1
RD-1018144,True,39,38,1,0
RD-1018145,True,40,38,0,1
RD-1018146,True,31,29,0,0
RD-1018147,True,38,37,0,1
RD-1018148,True,32,32,0,0
RD-1018149,True,41,38,2,1
RD-1018150,True,38,35,2,0
RD-1018151,True,47,47,0,0
RD-1018152,True,37,34,3,0
RD-1018153,True,28,24,3,1
RD-1018154,True,20,19,1,0
RD-1018155,True,43,36,5,1
RD-1018156,True,28,24,3,1
RD-1018157,True,29,28,1,0
RD-1018158,True,20,14,4,1
RD-1018159,True,29,29,0,0
RD-1018160,True,14,14,0,0
RD-1018161,True,22,22,0,0
RD-1018162,True,30,28,1,1
RD-1018163,True,34,31,2,1
RD-1018164,True,43,38,4,1
RD-1018165,True,27,24,1,2
RD-1018166,True,26,20,4,2
RD-1018167,True,29,20,6,2
RD-1018168,True,26,26,0,0
RD-1018169,True,17,13,2,2
RD-1018170,True,28,25,1,2
RD-1018171,True,42,37,4,1
RD-1018172,True,16,14,1,1
RD-1018173,True,28,27,1,0
RD-1018174,True,34,32,1,1
RD-1018175,True,26,24,0,1
RD-1018176,True,28,26,0,1
RD-1018177,True,24,16,7,1
RD-1018178,True,40,27,10,3
RD-1018179,True,36,36,0,0
RD-1018180,True,27,27,0,0
RD-1018181,True,45,43,2,0
RD-1018182,False,1,1,0,0
RD-1018183,True,47,44,3,0
RD-1018184,True,36,31,3,1
RD-1018185,True,29,28,0,0
RD-1018186,True,25,24,1,0
RD-1018187,True,28,27,1,0
RD-1018188,True,14,12,1,1
RD-1018189,True,39,33,3,3
RD-1018190,True,43,43,0,0
RD-1018191,True,39,32,5,2
RD-1018192,True,28,22,4,2
RD-1018193,True,38,30,4,3
RD-1018194,True,25,24,0,1
RD-1018195,True,37,36,1,0
RD-1018196,True,24,19,4,0
RD-1018197,True,27,24,2,1
RD-1018198,True,25,25,0,0
RD-1018199,True,41,40,1,0
RD-1018200,True,16,13,3,0
RD-1018202,True,51,44,4,2
RD-1018203,True,26,24,2,0
RD-1018204,True,25,25,0,0
RD-1018205,True,33,32,0,1
RD-1018206,True,38,35,1,2
RD-1018207,True,3,3,0,0
RD-1018208,True,30,24,5,1
RD-1018209,True,12,11,1,0
RD-1018211,True,19,16,0,2
RD-1018212,True,31,30,0,0
RD-1018213,True,34,33,1,0
RD-1018214,True,30,24,5,1
RD-1018215,True,27,24,3,0
RD-1018216,True,24,23,1,0
RD-1018217,True,4,4,0,0
RD-1018218,True,55,45,10,0
RD-1018219,True,34,31,3,0
RD-1018220,True,43,41,1,0
RD-1018221,True,33,33,0,0
RD-1018222,True,26,25,1,0
RD-1018223,True,26,23,3,0
RD-1018224,True,36,30,4,1
RD-1018225,True,14,12,1,1
RD-1018226,True,32,29,2,1
RD-1018227,True,37,35,1,1
RD-1018228,True,33,29,1,3
RD-1018229,True,33,31,1,1
RD-1018230,True,17,16,1,0
RD-1018231,True,32,31,1,0
RD-1018232,True,39,37,0,1
RD-1018233,True,24,21,3,0
RD-1018234,True,23,23,0,0
RD-1018235,True,31,30,0,1
RD-1018236,True,27,25,1,0
RD-1018237,True,26,25,1,0
RD-1018238,True,35,32,1,0
RD-1018239,True,38,37,1,0
RD-1018240,True,6,5,1,0
RD-1018241,True,31,25,4,2
RD-1018242,True,30,30,0,0
RD-1018243,True,39,38,0,1
RD-1018244,True,30,30,0,0
RD-1018245,True,31,30,1,0
RD-1018246,True,24,24,0,0
RD-1018247,True,57,45,8,4
RD-1018248,True,2,2,0,0
RD-1018249,True,23,19,1,3
RD-1018250,True,9,7,2,0
RD-1018251,True,28,28,0,0
RD-1018252,True,30,30,0,0
RD-1018253,True,43,36,4,1
RD-1018254,True,30,27,1,2
RD-1018255,True,16,16,0,0
RD-1018256,True,42,41,0,0
RD-1018257,True,15,14,1,0
RD-1018258,True,18,17,1,0
RD-1018259,True,22,20,0,1
RD-1018260,True,33,26,4,3
RD-1018261,True,27,27,0,0
RD-1018262,True,27,24,3,0
RD-1018263,True,28,27,1,0
RD-1018264,True,31,30,1,0
RD-1018265,True,23,22,0,1
RD-1018266,True,35,33,2,0
RD-1018267,True,25,24,0,0
RD-1018268,True,26,22,3,0
RD-1018269,True,26,24,1,1
RD-1018270,True,35,30,4,1
RD-1018271,True,35,33,0,1
RD-1018272,True,30,22,4,3
RD-1018273,True,7,5,1,1
RD-1018274,True,30,27,2,1
RD-1018275,True,41,37,2,2
RD-1018276,True,42,41,1,0
RD-1018277,True,32,29,1,1
RD-1018278,True,26,24,2,0
RD-1018279,True,43,39,2,2
RD-1018280,True,29,27,1,1
RD-1018281,True,33,33,0,0
RD-1018282,True,16,15,1,0
RD-1018283,True,28,28,0,0
RD-1018284,True,37,33,3,1
RD-1018285,True,4,4,0,0
RD-1018286,True,31,29,2,0
RD-1018287,True,35,34,1,0
RD-1018288,True,22,19,1,1
RD-1018289,True,33,28,4,0
RD-1018290,True,6,5,1,0
RD-1018291,True,32,31,1,0
RD-1018292,True,32,24,4,4
RD-1018293,True,23,22,1,0
RD-1018294,True,29,28,1,0
RD-1018295,True,58,49,6,2
RD-1018296,True,32,32,0,0
RD-1018297,True,6,4,2,0
RD-1018298,True,33,31,1,0
RD-1018299,True,30,28,1,0
RD-1018300,True,29,27,0,1
RD-1018301,True,28,27,0,0
RD-1018302,True,34,26,7,1
RD-1018303,True,36,28,6,1
RD-1018304,True,34,33,0,0
RD-1018305,True,18,14,2,2
RD-1018306,True,4,4,0,0
RD-1018307,True,31,31,0,0
RD-1018308,True,30,26,4,0
RD-1018309,True,31,23,6,2
RD-1018310,True,30,28,1,0
RD-1018311,True,19,17,0,2
RD-1018312,True,36,34,1,1
RD-1018313,True,38,35,3,0
RD-1018314,True,9,8,1,0
RD-1018315,True,33,31,1,1
RD-1018316,True,22,20,2,0
RD-1018317,True,48,46,2,0
RD-1018318,True,31,29,2,0
RD-1018319,True,4,4,0,0
RD-1018320,True,26,23,1,2
RD-1018321,True,48,45,3,0
RD-1018322,True,27,25,1,1
RD-1018323,True,44,36,4,3
RD-1018324,True,38,34,2,1
RD-1018325,True,22,20,1,0
RD-1018326,True,30,28,1,1
RD-1018327,True,19,15,2,2
RD-1018328,True,20,18,1,1
RD-1018329,True,15,12,2,1
RD-1018330,True,25,24,1,0
RD-1018331,True,25,19,5,1
RD-1018332,True,48,38,8,2
RD-1018333,True,29,27,0,1
RD-1018334,True,24,24,0,0
RD-1018335,True,28,27,0,1
RD-1018336,True,42,29,11,1
RD-1018337,True,26,23,2,1
RD-1018338,True,40,39,1,0
RD-1018339,True,6,6,0,0
RD-1018340,True,30,28,2,0
RD-1018341,True,32,30,2,0
RD-1018342,True,45,42,2,0
RD-1018343,True,19,17,0,2
RD-1018344,True,43,39,2,1
RD-1018345,True,40,37,2,1
RD-1018346,True,33,32,0,1
RD-1018347,True,39,39,0,0
RD-1018348,True,31,29,0,1
RD-1018349,True,31,30,0,0
RD-1018350,True,33,32,1,0
RD-1018351,True,35,30,5,0
RD-1018352,True,20,19,1,0
RD-1018353,True,39,38,1,0
RD-1018354,True,2,2,0,0
RD-1018355,True,44,42,1,1
RD-1018356,True,22,19,3,0
RD-1018357,True,9,7,0,0
RD-1018358,True,33,28,4,1
RD-1018359,True,3,3,0,0
RD-1018360,True,43,41,1,1
RD-1018361,True,43,31,8,3
RD-1018362,True,45,43,1,1
RD-1018363,True,36,32,2,1
RD-1018364,True,3,3,0,0
RD-1018365,True,45,42,0,2
RD-1018366,True,16,16,0,0
RD-1018367,False,2,2,0,0
RD-1018368,True,35,35,0,0
RD-1018369,True,42,38,3,1
RD-1018370,True,27,25,1,0
RD-1018371,True,38,34,4,0
RD-1018372,False,1,1,0,0
RD-1018373,True,27,24,2,1
RD-1018374,True,35,34,0,1
RD-1018375,True,26,23,2,1
RD-1018376,True,11,11,0,0
RD-1018377,True,48,44,3,1
RD-1018378,True,33,31,1,0
RD-1018379,True,13,13,0,0
RD-1018380,True,42,37,3,1
RD-1018381,True,34,33,1,0
RD-1018382,True,25,23,1,0
RD-1018383,True,34,31,1,1
RD-1018384,True,47,43,3,0
RD-1018385,True,36,36,0,0
RD-1018386,True,32,29,3,0
RD-1018387,True,25,24,1,0
RD-1018388,True,19,15,2,2
RD-1018389,True,29,27,2,0
RD-1018390,True,47,39,5,3
RD-1018391,True,39,36,0,2
RD-1018392,True,37,33,2,2
RD-1018393,True,45,44,0,1
RD-1018394,True,32,25,4,3
RD-1018395,True,22,18,2,2
RD-1018396,True,45,41,1,2
RD-1018397,True,36,28,6,2
RD-1018398,True,20,19,1,0
RD-1018399,True,35,28,6,1
RD-1018400,True,42,39,2,0
RD-1018401,True,36,34,2,0
RD-1018402,True,36,34,1,1
RD-1018403,True,31,31,0,0
RD-1018404,True,34,34,0,0
RD-1018405,True,31,31,0,0
RD-1018406,True,28,27,1,0
RD-1018407,True,30,26,2,1
RD-1018408,True,37,29,8,0
RD-1018409,True,42,40,2,0
RD-1018410,True,29,28,1,0
RD-1018411,True,48,37,8,3
RD-1018412,True,2,1,1,0
RD-1018413,True,36,27,2,4
RD-1018414,False,1,1,0,0
RD-1018415,True,40,39,0,0
RD-1018416,True,40,31,6,2
RD-1018417,True,41,36,3,1
RD-1018418,True,25,25,0,0
RD-1018419,True,11,10,0,0
RD-1018420,True,37,30,3,3
RD-1018421,True,39,38,1,0
RD-1018422,True,23,19,3,1
RD-1018423,True,31,30,0,1
RD-1018424,True,42,36,1,4
RD-1018425,True,26,26,0,0
RD-1018426,True,38,36,1,1
RD-1018427,True,32,30,2,0
RD-1018428,True,25,20,2,2
RD-1018429,True,30,28,2,0
RD-1018430,True,25,24,1,0
RD-1018431,True,34,28,4,2
RD-1018432,True,32,27,1,4
RD-1018433,True,36,35,0,1
RD-1018434,True,37,31,3,3
RD-1018435,True,10,8,1,1
RD-1018436,True,33,29,2,1
RD-1018437,True,39,38,0,0
RD-1018438,True,27,21,3,2
RD-1018439,True,13,13,0,0
RD-1018440,True,25,25,0,0
RD-1018441,True,9,5,2,2
RD-1018442,True,39,36,0,3
RD-1018443,True,35,33,0,2
RD-1018444,True,42,40,2,0
RD-1018445,True,2,2,0,0
RD-1018446,True,30,26,1,2
RD-1018447,True,34,30,2,1
RD-1018448,True,40,34,4,1
RD-1018449,True,32,32,0,0
RD-1018450,True,27,20,4,3
RD-1018451,True,26,25,1,0
RD-1018452,True,33,32,0,1
RD-1018453,True,36,35,1,0
RD-1018454,True,16,14,2,0
RD-1018455,True,16,13,1,2
RD-1018456,True,45,42,1,1
RD-1018457,True,19,17,1,1
RD-1018458,True,26,25,1,0
RD-1018459,True,10,8,1,1
RD-1018460,True,30,26,3,1
RD-1018461,True,7,6,0,1
RD-1018462,True,31,31,0,0
RD-1018463,True,39,34,3,1
RD-1018464,True,31,29,0,1
RD-1018465,True,28,27,0,0
RD-1018466,True,29,27,2,0
RD-1018467,True,38,33,3,2
RD-1018468,True,18,17,1,0
RD-1018469,True,40,39,0,1
RD-1018470,True,28,26,1,1
RD-1018471,True,45,36,9,0
RD-1018472,True,39,37,0,1
RD-1018473,True,51,39,6,6
RD-1018474,True,26,17,4,3
RD-1018475,True,42,41,1,0
RD-1018476,True,26,22,1,2
RD-1018477,True,59,51,6,2
RD-1018478,True,19,18,1,0
RD-1018479,True,30,29,0,0
RD-1018480,True,25,23,1,0
RD-1018481,True,25,23,0,2
RD-1018483,True,49,47,1,1
RD-1018484,True,11,11,0,0
RD-1018485,True,19,17,1,1
RD-1018486,True,36,36,0,0
RD-1018487,True,37,28,7,1
RD-1018488,True,44,40,2,1
RD-1018489,True,42,42,0,0
RD-1018490,True,29,22,5,2
RD-1018491,True,33,32,0,1
RD-1018492,True,21,16,2,2
RD-1018493,True,40,37,2,0
RD-1018494,True,31,30,0,1
RD-1018495,True,27,25,0,2
RD-1018496,True,23,19,0,3
RD-1018497,True,32,27,2,3
RD-1018498,True,11,10,0,1
RD-1018499,True,9,9,0,0
RD-1018500,True,45,40,4,1
RD-1018501,True,37,35,1,1
RD-1018502,True,27,22,4,0
RD-1018503,True,26,24,2,0
RD-1018504,True,29,26,2,1
RD-1018505,True,54,49,5,0
RD-1018506,True,34,31,2,1
RD-1018507,True,40,40,0,0
RD-1018508,True,24,19,3,2
RD-1018509,True,21,19,2,0
RD-1018510,True,35,34,0,1
RD-1018511,True,33,32,1,0
RD-1018512,True,21,19,1,1
RD-1018513,True,28,25,2,1
RD-1018514,True,9,6,2,1
RD-1018515,True,27,27,0,0
RD-1018516,True,21,20,1,0
RD-1018517,True,37,35,2,0
RD-1018518,True,30,28,1,1
RD-1018519,True,34,33,1,0
RD-1018520,True,11,10,1,0
RD-1018521,True,31,30,1,0
RD-1018522,True,32,28,2,2
RD-1018523,True,25,24,1,0
RD-1018524,True,30,27,1,2
RD-1018525,True,27,25,1,1
RD-1018526,True,36,35,1,0
RD-1018527,True,30,26,1,2
RD-1018528,True,27,27,0,0
RD-1018529,True,23,23,0,0
RD-1018530,True,36,34,2,0
RD-1018531,True,24,23,0,1
RD-1018532,True,34,32,0,2
RD-1018533,True,23,18,4,1
RD-1018534,True,32,30,0,2
RD-1018535,True,32,26,2,4
RD-1018536,True,9,7,1,1
RD-1018537,True,26,25,0,1
RD-1018538,True,57,56,0,1
RD-1018539,True,45,41,4,0
RD-1018540,True,40,40,0,0
RD-1018541,True,27,24,3,0
RD-1018542,True,33,28,5,0
RD-1018543,True,16,12,2,1
RD-1018544,True,32,31,0,0
RD-1018545,True,38,38,0,0
RD-1018546,True,27,25,0,2
RD-1018547,True,37,31,4,1
RD-1018548,True,36,32,4,0
RD-1018549,True,43,36,5,2
RD-1018550,True,38,36,1,1
RD-1018551,True,21,15,6,0
RD-1018552,True,27,26,0,0
RD-1018553,True,22,21,0,1
RD-1018554,True,26,25,0,0
RD-1018555,True,31,29,2,0
RD-1018556,True,32,31,0,1
RD-1018557,True,29,29,0,0
RD-1018558,True,15,13,2,0
RD-1018559,True,28,28,0,0
RD-1018560,True,53,50,2,0
RD-1018562,True,29,26,2,1
RD-1018563,True,21,20,1,0
RD-1018564,True,26,25,1,0
RD-1018565,True,34,30,3,1
RD-1018566,True,38,31,3,2
RD-1018567,True,30,22,8,0
RD-1018568,True,18,14,2,1
RD-1018569,True,35,33,1,0
RD-1018570,True,35,31,3,1
RD-1018571,True,35,34,0,0
RD-1018572,True,25,24,0,1
RD-1018573,True,33,24,7,2
RD-1018574,True,33,30,3,0
RD-1018575,True,20,19,1,0
RD-1018576,True,30,25,2,2
RD-1018577,True,34,31,1,2
RD-1018578,True,10,9,0,1
RD-1018579,True,31,30,1,0
RD-1018580,True,26,26,0,0
RD-1018581,True,36,34,2,0
RD-1018582,True,24,22,1,0
RD-1018583,True,21,18,2,1
RD-1018584,True,38,34,2,1
RD-1018585,True,39,34,3,2
RD-1018586,True,42,40,2,0
RD-1018587,True,23,21,2,0
RD-1018588,True,26,20,6,0
RD-1018589,True,23,19,3,1
RD-1018590,True,30,30,0,0
RD-1018591,True,22,19,3,0
RD-1018592,True,36,35,1,0
RD-1018593,True,21,21,0,0
RD-1018594,True,29,28,0,1
RD-1018595,True,31,29,1,1
RD-1018596,True,34,31,2,1
RD-1018597,True,21,18,3,0
RD-1018598,True,31,25,4,2
RD-1018599,True,27,26,1,0
RD-1018600,True,9,9,0,0
RD-1018601,True,29,26,1,1
RD-1018602,True,41,34,6,0
RD-1018603,True,34,34,0,0
RD-1018604,True,33,32,0,1
RD-1018605,True,5,5,0,0
RD-1018606,True,34,33,0,0
RD-1018607,True,29,27,1,1
RD-1018608,True,30,25,3,2
RD-1018609,True,27,24,1,1
RD-1018610,True,51,47,2,0
RD-1018611,True,37,36,0,0
RD-1018612,True,41,36,3,1
RD-1018613,True,50,45,4,0
RD-1018614,True,37,36,1,0
RD-1018615,True,30,29,1,0
RD-1018616,True,47,40,5,1
RD-1018617,True,35,29,3,3
RD-1018618,True,34,31,2,1
RD-1018619,True,16,16,0,0
RD-1018620,True,41,39,1,1
RD-1018622,True,46,35,6,5
RD-1018623,True,29,28,1,0
RD-1018625,True,43,35,6,2
RD-1018626,True,42,40,1,0
RD-1018627,True,29,24,4,1
RD-1018628,True,30,28,2,0
RD-1018629,True,34,32,1,1
RD-1018630,True,28,21,5,2
RD-1018631,True,27,26,0,0
RD-1018633,True,36,35,0,1
RD-1018634,True,35,29,3,3
RD-1018635,True,28,24,2,2
RD-1018636,True,20,17,1,1
RD-1018637,True,30,28,1,0
RD-1018638,True,38,37,1,0
RD-1018639,True,14,10,3,1
RD-1018640,True,37,37,0,0
RD-1018641,True,30,29,1,0
RD-1018642,True,27,23,1,3
RD-1018643,True,22,22,0,0
RD-1018644,True,31,28,3,0
RD-1018645,True,39,35,4,0
RD-1018647,True,38,38,0,0
RD-1018648,True,3,3,0,0
RD-1018649,True,41,32,6,3
RD-1018650,True,43,37,4,1
RD-1018651,True,39,36,2,0
RD-1018652,True,26,23,2,1
RD-1018654,True,36,32,2,2
RD-1018655,True,33,30,1,1
RD-1018656,True,31,26,3,2
RD-1018657,True,41,40,1,0
RD-1018658,True,44,40,2,1
RD-1018659,True,53,47,4,0
RD-1018660,True,36,32,1,3
RD-1018661,True,24,24,0,0
RD-1018662,True,3,3,0,0
RD-1018663,True,17,16,1,0
RD-1018664,True,33,33,0,0
RD-1018665,True,30,30,0,0
RD-1018666,True,29,28,0,1
RD-1018667,True,37,35,1,1
RD-1018668,True,32,28,2,1
RD-1018670,True,44,42,1,1
RD-1018671,True,25,24,1,0
RD-1018672,True,18,17,0,1
RD-1018673,True,22,22,0,0
RD-1018674,True,26,25,0,1
RD-1018675,True,21,17,0,3
RD-1018676,True,32,31,0,0
RD-1018677,True,45,45,0,0
RD-1018678,True,20,20,0,0
RD-1018680,True,31,31,0,0
RD-1018681,True,30,30,0,0
RD-1018682,True,52,48,4,0
RD-1018683,True,12,10,1,1
RD-1018684,True,44,32,12,0
RD-1018685,True,38,37,1,0
RD-1018686,True,20,18,2,0
RD-1018687,True,29,28,1,0
RD-1018688,True,28,24,4,0
RD-1018690,True,26,23,2,0
RD-1018692,True,45,44,0,0
RD-1018693,True,27,25,0,2
RD-1018694,True,39,36,1,2
RD-1018695,True,14,13,0,1
RD-1018696,True,29,27,0,1
RD-1018697,True,28,27,0,1
RD-1018699,True,44,41,3,0
RD-1018700,True,46,40,2,4
RD-1018701,True,37,36,0,1
RD-1018702,True,28,23,5,0
RD-1018703,True,27,27,0,0
RD-1018704,True,30,29,0,0
RD-1018705,True,24,22,2,0
RD-1018706,True,24,24,0,0
RD-1018707,True,19,17,1,1
RD-1018708,True,30,27,3,0
RD-1018710,True,53,50,0,1
RD-1018711,True,29,28,0,1
RD-1018712,True,31,31,0,0
RD-1018713,True,26,25,0,1
RD-1018714,True,28,27,1,0
RD-1018715,True,40,37,1,2
RD-1018717,True,9,7,2,0
RD-1018720,True,12,10,2,0
RD-1018721,True,25,22,2,1
RD-1018722,True,8,7,1,0
RD-1018723,True,34,31,1,1
RD-1018726,True,40,39,0,1
RD-1018728,True,46,41,4,1
RD-1018730,True,39,39,0,0
RD-1018732,True,8,8,0,0
RD-1018733,True,18,16,1,1
RD-1018734,True,14,11,2,1
RD-1018735,True,19,19,0,0
RD-1018738,True,32,31,0,0
RD-1018739,True,65,62,2,1
RD-1018740,True,23,22,1,0
RD-1018742,True,26,26,0,0
RD-1018745,True,21,21,0,0
RD-1018747,True,7,6,1,0
RD-1018748,True,34,34,0,0
RD-1018749,True,38,36,1,1
RD-1018750,True,3,2,0,1
RD-1018751,True,33,25,5,2
RD-1018755,True,39,38,0,1
RD-1018758,True,44,41,1,1
RD-1018759,True,35,33,1,0
RD-1018762,True,25,22,1,1
RD-1018763,True,36,34,1,1
RD-1018764,True,38,33,2,2
RD-1018766,True,33,26,3,3
RD-1018768,True,32,31,1,0
