battery_id,supplier,manufacturing_lot,flag_unusually_low_soh,flag_unusually_high_cycles,flag_unusually_low_delivered_km
BAT-2W-100000,Cellora,CE-2503,False,True,False
BAT-2W-100001,Cellora,CE-2403,False,False,False
BAT-3W-100002,Cellora,CE-2305,False,False,False
BAT-2W-100003,Kyron,KY-2409,True,False,True
BAT-2W-100004,Kyron,KY-2407,False,False,False
BAT-2W-100005,Cellora,CE-2308,False,False,False
BAT-2W-100006,Kyron,KY-2408,False,False,False
BAT-2W-100007,Cellora,CE-2403,False,False,False
BAT-2W-100008,Cellora,CE-2410,False,False,False
BAT-2W-100009,Cellora,CE-2505,False,False,False
BAT-2W-100010,Amptek,AM-2501,False,False,False
BAT-2W-100011,Cellora,CE-2311,False,True,False
BAT-2W-100012,Amptek,AM-2403,False,False,False
BAT-2W-100013,Amptek,AM-2406,False,False,False
BAT-2W-100014,Kyron,KY-2409,False,False,False
BAT-2W-100015,Cellora,CE-2409,False,False,False
BAT-2W-100016,Kyron,KY-2408,True,False,True
BAT-2W-100017,Amptek,AM-2405,False,False,False
BAT-2W-100018,Kyron,KY-2409,False,False,False
BAT-2W-100019,Cellora,CE-2304,False,False,False
BAT-2W-100020,Cellora,CE-2311,False,False,False
BAT-3W-100021,Kyron,KY-2411,False,False,False
BAT-3W-100022,Cellora,CE-2410,False,False,False
BAT-2W-100023,Amptek,AM-2503,False,False,False
BAT-2W-100024,Cellora,CE-2412,False,False,False
BAT-2W-100025,Kyron,KY-2408,True,False,True
BAT-2W-100026,Cellora,CE-2309,False,False,False
BAT-2W-100027,Kyron,KY-2409,True,False,False
BAT-2W-100028,Cellora,CE-2502,False,False,False
BAT-3W-100029,Cellora,CE-2408,False,False,False
BAT-2W-100030,Amptek,AM-2503,False,True,False
BAT-2W-100031,Cellora,CE-2501,False,False,False
BAT-2W-100032,Cellora,CE-2306,False,False,False
BAT-2W-100033,Cellora,CE-2304,False,False,False
BAT-3W-100034,Kyron,KY-2414,False,False,False
BAT-2W-100035,Kyron,KY-2409,True,False,True
BAT-3W-100036,Amptek,AM-2409,False,False,False
BAT-2W-100037,Cellora,CE-2408,False,True,False
BAT-3W-100038,Amptek,AM-2506,False,False,False
BAT-3W-100039,Cellora,CE-2304,False,False,False
BAT-2W-100040,Cellora,CE-2408,False,False,False
BAT-2W-100041,Cellora,CE-2505,False,False,False
BAT-2W-100042,Cellora,CE-2405,False,True,False
BAT-3W-100043,Amptek,AM-2406,False,False,False
BAT-2W-100044,Cellora,CE-2404,False,False,False
BAT-2W-100045,Cellora,CE-2505,False,False,False
BAT-3W-100046,Cellora,CE-2410,False,False,False
BAT-2W-100047,Amptek,AM-2405,False,False,False
BAT-2W-100048,Amptek,AM-2403,False,False,False
BAT-2W-100049,Kyron,KY-2407,True,False,True
BAT-2W-100050,Amptek,AM-2502,False,False,False
BAT-2W-100051,Cellora,CE-2310,False,False,False
BAT-2W-100052,Cellora,CE-2411,False,False,False
BAT-2W-100053,Cellora,CE-2305,False,False,False
BAT-2W-100054,Kyron,KY-2408,False,False,False
BAT-3W-100055,Cellora,CE-2503,False,False,False
BAT-2W-100056,Cellora,CE-2404,False,False,False
BAT-2W-100057,Amptek,AM-2404,False,False,False
BAT-2W-100058,Amptek,AM-2406,False,False,False
BAT-2W-100059,Cellora,CE-2306,False,False,False
BAT-2W-100060,Cellora,CE-2504,False,False,False
BAT-2W-100061,Amptek,AM-2409,False,False,False
BAT-2W-100062,Cellora,CE-2306,False,True,False
BAT-2W-100063,Cellora,CE-2303,False,False,False
BAT-2W-100064,Cellora,CE-2408,False,False,False
BAT-2W-100065,Cellora,CE-2402,False,False,False
BAT-2W-100066,Kyron,KY-2409,False,False,False
BAT-2W-100067,Amptek,AM-2403,False,False,False
BAT-2W-100068,Amptek,AM-2410,False,False,False
BAT-3W-100069,Kyron,KY-2413,False,False,False
BAT-2W-100070,Cellora,CE-2306,False,False,False
BAT-3W-100071,Kyron,KY-2409,False,False,False
BAT-2W-100072,Cellora,CE-2311,False,True,False
BAT-3W-100073,Cellora,CE-2406,False,False,False
BAT-2W-100074,Cellora,CE-2405,False,False,False
BAT-2W-100075,Cellora,CE-2504,False,True,False
BAT-2W-100076,Cellora,CE-2503,False,False,False
BAT-3W-100077,Cellora,CE-2504,False,False,False
BAT-3W-100078,Cellora,CE-2309,False,False,False
BAT-2W-100079,Kyron,KY-2407,False,False,False
BAT-2W-100080,Cellora,CE-2502,False,False,False
BAT-2W-100081,Cellora,CE-2409,False,False,False
BAT-3W-100082,Cellora,CE-2406,False,False,False
BAT-2W-100083,Amptek,AM-2504,False,False,False
BAT-2W-100084,Cellora,CE-2405,False,True,False
BAT-2W-100085,Cellora,CE-2505,False,False,False
BAT-2W-100086,Amptek,AM-2407,False,False,False
BAT-3W-100087,Amptek,AM-2503,False,False,False
BAT-2W-100088,Amptek,AM-2506,False,True,False
BAT-2W-100089,Cellora,CE-2405,False,False,False
BAT-2W-100090,Amptek,AM-2407,False,False,False
BAT-2W-100091,Cellora,CE-2410,False,False,False
BAT-2W-100092,Kyron,KY-2409,False,False,False
BAT-3W-100093,Cellora,CE-2303,False,False,False
BAT-3W-100094,Cellora,CE-2410,False,False,False
BAT-2W-100095,Kyron,KY-2408,False,False,False
BAT-2W-100096,Amptek,AM-2406,False,False,False
BAT-3W-100097,Amptek,AM-2412,False,False,False
BAT-2W-100098,Cellora,CE-2409,False,False,False
BAT-2W-100099,Kyron,KY-2408,False,False,False
BAT-3W-100100,Cellora,CE-2504,False,False,False
BAT-2W-100101,Cellora,CE-2408,False,False,False
BAT-2W-100102,Amptek,AM-2405,False,False,False
BAT-3W-100103,Cellora,CE-2303,False,False,False
BAT-2W-100104,Kyron,KY-2409,True,False,True
BAT-2W-100105,Cellora,CE-2309,False,True,False
BAT-2W-100106,Amptek,AM-2403,False,False,False
BAT-2W-100107,Amptek,AM-2505,False,False,False
BAT-2W-100108,Kyron,KY-2408,False,False,True
BAT-2W-100109,Kyron,KY-2407,False,False,False
BAT-2W-100110,Kyron,KY-2409,True,False,False
BAT-2W-100111,Kyron,KY-2409,False,False,False
BAT-2W-100112,Kyron,KY-2408,True,False,True
BAT-2W-100113,Kyron,KY-2407,False,False,False
BAT-2W-100114,Amptek,AM-2411,False,False,False
BAT-2W-100115,Cellora,CE-2406,False,False,False
BAT-2W-100116,Amptek,AM-2501,False,False,False
BAT-2W-100117,Amptek,AM-2410,False,False,False
BAT-2W-100118,Kyron,KY-2408,True,False,True
BAT-2W-100119,Cellora,CE-2307,False,False,False
BAT-2W-100120,Kyron,KY-2409,True,False,True
BAT-3W-100121,Cellora,CE-2309,False,False,False
BAT-2W-100122,Cellora,CE-2303,False,False,False
BAT-2W-100123,Cellora,CE-2407,False,False,False
BAT-2W-100124,Cellora,CE-2305,False,False,False
BAT-3W-100125,Kyron,KY-2416,False,False,False
BAT-2W-100126,Amptek,AM-2506,False,False,False
BAT-2W-100127,Cellora,CE-2306,False,False,False
BAT-2W-100128,Cellora,CE-2303,False,False,False
BAT-2W-100129,Kyron,KY-2407,True,False,False
BAT-2W-100130,Kyron,KY-2409,True,False,True
BAT-2W-100131,Cellora,CE-2311,False,False,False
BAT-2W-100132,Cellora,CE-2306,False,False,False
BAT-3W-100133,Cellora,CE-2501,False,False,False
BAT-2W-100134,Kyron,KY-2407,False,False,False
BAT-2W-100135,Kyron,KY-2408,True,False,True
BAT-2W-100136,Cellora,CE-2412,False,False,False
BAT-3W-100137,Kyron,KY-2409,False,False,False
BAT-3W-100138,Cellora,CE-2310,False,False,False
BAT-2W-100139,Kyron,KY-2409,False,False,False
BAT-2W-100140,Amptek,AM-2501,False,False,False
BAT-2W-100141,Kyron,KY-2407,False,False,True
BAT-2W-100142,Kyron,KY-2408,True,False,True
BAT-3W-100143,Kyron,KY-2411,False,False,False
BAT-3W-100144,Kyron,KY-2418,False,False,False
BAT-3W-100145,Kyron,KY-2418,False,False,False
BAT-2W-100146,Cellora,CE-2403,False,False,False
BAT-2W-100147,Amptek,AM-2505,False,False,False
BAT-2W-100148,Amptek,AM-2403,False,False,False
BAT-2W-100149,Amptek,AM-2408,False,False,False
BAT-2W-100150,Cellora,CE-2304,False,False,False
BAT-2W-100151,Amptek,AM-2410,False,False,False
BAT-2W-100152,Cellora,CE-2407,False,False,False
BAT-2W-100153,Cellora,CE-2401,False,False,False
BAT-2W-100154,Cellora,CE-2503,False,False,False
BAT-3W-100155,Kyron,KY-2412,False,False,False
BAT-2W-100156,Kyron,KY-2409,True,False,True
BAT-2W-100157,Cellora,CE-2409,False,False,False
BAT-2W-100158,Cellora,CE-2307,False,True,False
BAT-2W-100159,Kyron,KY-2409,True,False,True
BAT-2W-100160,Cellora,CE-2412,False,True,False
BAT-2W-100161,Cellora,CE-2405,False,False,False
BAT-2W-100162,Cellora,CE-2401,False,False,False
BAT-2W-100163,Amptek,AM-2504,False,False,False
BAT-2W-100164,Cellora,CE-2401,False,False,False
BAT-2W-100165,Cellora,CE-2412,False,True,False
BAT-2W-100166,Amptek,AM-2408,False,False,False
BAT-2W-100167,Amptek,AM-2406,False,False,False
BAT-3W-100168,Kyron,KY-2417,False,False,False
BAT-2W-100169,Cellora,CE-2502,False,True,False
BAT-2W-100170,Cellora,CE-2409,False,False,False
BAT-2W-100171,Cellora,CE-2407,False,False,False
BAT-3W-100172,Amptek,AM-2408,False,False,False
BAT-2W-100173,Amptek,AM-2506,False,False,False
BAT-2W-100174,Cellora,CE-2310,False,False,False
BAT-2W-100175,Kyron,KY-2409,True,False,True
BAT-2W-100176,Amptek,AM-2407,False,False,False
BAT-2W-100177,Cellora,CE-2308,False,False,False
BAT-2W-100178,Cellora,CE-2502,False,True,False
BAT-2W-100179,Kyron,KY-2407,False,False,False
BAT-2W-100180,Kyron,KY-2407,False,False,False
BAT-3W-100181,Kyron,KY-2407,False,False,False
BAT-2W-100182,Cellora,CE-2405,False,False,False
BAT-2W-100183,Kyron,KY-2408,False,False,True
BAT-3W-100184,Amptek,AM-2405,False,False,False
BAT-2W-100185,Kyron,KY-2407,True,False,True
BAT-3W-100186,Cellora,CE-2504,False,False,False
BAT-3W-100187,Cellora,CE-2501,False,False,False
BAT-2W-100188,Cellora,CE-2311,False,False,False
BAT-2W-100189,Kyron,KY-2407,True,False,False
BAT-2W-100190,Cellora,CE-2405,False,False,False
BAT-2W-100191,Kyron,KY-2408,True,False,True
BAT-2W-100192,Cellora,CE-2406,False,True,False
BAT-2W-100193,Kyron,KY-2408,False,False,False
BAT-3W-100194,Cellora,CE-2411,False,False,False
BAT-2W-100195,Kyron,KY-2409,False,False,False
BAT-3W-100196,Cellora,CE-2406,False,False,False
BAT-2W-100197,Amptek,AM-2412,False,False,False
BAT-2W-100198,Amptek,AM-2501,False,False,False
BAT-2W-100199,Cellora,CE-2412,False,False,False
BAT-2W-100200,Cellora,CE-2407,False,False,False
BAT-2W-100201,Amptek,AM-2506,False,False,False
BAT-2W-100202,Kyron,KY-2408,False,False,False
BAT-2W-100203,Kyron,KY-2408,False,False,False
BAT-2W-100204,Cellora,CE-2406,False,False,False
BAT-2W-100205,Cellora,CE-2311,False,False,False
BAT-2W-100206,Amptek,AM-2503,False,False,False
BAT-2W-100207,Cellora,CE-2404,False,False,False
BAT-2W-100208,Amptek,AM-2407,False,False,False
BAT-2W-100209,Cellora,CE-2312,False,True,False
BAT-3W-100210,Cellora,CE-2503,False,False,False
BAT-2W-100211,Cellora,CE-2401,False,True,False
BAT-2W-100212,Cellora,CE-2401,False,True,False
BAT-2W-100213,Cellora,CE-2303,False,True,False
BAT-2W-100214,Cellora,CE-2403,False,False,False
BAT-3W-100215,Cellora,CE-2403,False,False,False
BAT-3W-100216,Cellora,CE-2304,False,False,False
BAT-2W-100217,Cellora,CE-2312,False,True,False
BAT-2W-100218,Cellora,CE-2303,False,True,False
BAT-3W-100219,Cellora,CE-2311,False,False,False
BAT-3W-100220,Kyron,KY-2418,False,False,False
BAT-2W-100221,Kyron,KY-2407,True,False,True
BAT-2W-100222,Cellora,CE-2306,False,False,False
BAT-2W-100223,Amptek,AM-2502,False,False,False
BAT-3W-100224,Amptek,AM-2403,False,False,False
BAT-2W-100225,Cellora,CE-2305,False,False,False
BAT-3W-100226,Kyron,KY-2407,False,False,False
BAT-2W-100227,Cellora,CE-2402,False,False,False
BAT-2W-100228,Amptek,AM-2409,False,False,False
BAT-2W-100229,Cellora,CE-2304,False,False,False
BAT-2W-100230,Cellora,CE-2405,False,False,False
BAT-2W-100231,Cellora,CE-2401,False,False,False
BAT-3W-100232,Kyron,KY-2413,False,False,False
BAT-2W-100233,Cellora,CE-2304,False,False,False
BAT-2W-100234,Kyron,KY-2409,False,False,False
BAT-2W-100235,Kyron,KY-2409,True,False,True
BAT-2W-100236,Cellora,CE-2501,False,False,False
BAT-2W-100237,Cellora,CE-2405,False,False,False
BAT-2W-100238,Amptek,AM-2504,False,False,False
BAT-2W-100239,Cellora,CE-2412,False,False,False
BAT-2W-100240,Cellora,CE-2307,False,False,False
BAT-2W-100241,Cellora,CE-2501,False,False,False
BAT-2W-100242,Amptek,AM-2505,False,False,False
BAT-3W-100243,Kyron,KY-2417,False,False,False
BAT-3W-100244,Cellora,CE-2403,False,False,False
BAT-2W-100245,Kyron,KY-2407,False,False,True
BAT-2W-100246,Cellora,CE-2503,False,False,False
BAT-3W-100247,Amptek,AM-2406,False,False,False
BAT-2W-100248,Kyron,KY-2407,False,False,False
BAT-2W-100249,Kyron,KY-2407,False,False,False
BAT-3W-100250,Cellora,CE-2312,False,False,False
BAT-2W-100251,Cellora,CE-2305,False,False,False
BAT-2W-100252,Kyron,KY-2407,True,False,False
BAT-2W-100253,Kyron,KY-2408,True,False,True
BAT-2W-100254,Kyron,KY-2407,True,False,False
BAT-2W-100255,Cellora,CE-2502,False,False,False
BAT-2W-100256,Cellora,CE-2307,False,False,False
BAT-2W-100257,Cellora,CE-2402,False,False,False
BAT-3W-100258,Kyron,KY-2415,False,False,False
BAT-2W-100259,Cellora,CE-2501,False,False,False
BAT-2W-100260,Kyron,KY-2409,False,False,False
BAT-2W-100261,Kyron,KY-2407,True,False,True
BAT-2W-100262,Kyron,KY-2408,True,False,True
BAT-2W-100263,Cellora,CE-2402,False,False,False
BAT-2W-100264,Cellora,CE-2307,False,False,False
BAT-2W-100265,Amptek,AM-2502,False,False,False
BAT-3W-100266,Cellora,CE-2412,False,False,False
BAT-2W-100267,Amptek,AM-2408,False,False,False
BAT-2W-100268,Kyron,KY-2408,True,False,True
BAT-2W-100269,Cellora,CE-2503,False,True,False
BAT-2W-100270,Cellora,CE-2404,False,False,False
BAT-2W-100271,Amptek,AM-2408,False,False,False
BAT-3W-100272,Cellora,CE-2505,False,False,False
BAT-2W-100273,Amptek,AM-2504,False,False,False
BAT-2W-100274,Amptek,AM-2503,False,False,False
BAT-2W-100275,Cellora,CE-2409,False,False,False
BAT-3W-100276,Cellora,CE-2405,False,False,False
BAT-2W-100277,Kyron,KY-2409,False,False,False
BAT-2W-100278,Cellora,CE-2310,False,False,False
BAT-2W-100279,Cellora,CE-2311,False,False,False
BAT-2W-100280,Cellora,CE-2402,False,False,False
BAT-2W-100281,Amptek,AM-2408,False,True,False
BAT-3W-100282,Cellora,CE-2402,False,False,False
BAT-2W-100283,Cellora,CE-2312,False,True,False
BAT-2W-100284,Kyron,KY-2409,False,False,False
BAT-2W-100285,Cellora,CE-2401,False,False,False
BAT-2W-100286,Cellora,CE-2312,False,False,False
BAT-2W-100287,Kyron,KY-2408,False,False,False
BAT-2W-100288,Amptek,AM-2412,False,False,False
BAT-3W-100289,Cellora,CE-2412,False,False,False
BAT-2W-100290,Cellora,CE-2303,False,False,False
BAT-2W-100291,Cellora,CE-2410,False,False,False
BAT-2W-100292,Cellora,CE-2406,False,False,False
BAT-2W-100293,Cellora,CE-2307,False,True,False
BAT-2W-100294,Cellora,CE-2412,False,True,False
BAT-2W-100295,Cellora,CE-2309,False,False,False
BAT-2W-100296,Cellora,CE-2401,False,False,False
BAT-2W-100297,Cellora,CE-2311,False,True,False
BAT-2W-100298,Kyron,KY-2409,False,False,False
BAT-2W-100299,Cellora,CE-2412,False,True,False
BAT-2W-100300,Cellora,CE-2304,False,False,False
BAT-2W-100301,Kyron,KY-2409,True,False,True
BAT-2W-100302,Cellora,CE-2401,False,False,False
BAT-2W-100303,Amptek,AM-2405,False,False,False
BAT-2W-100304,Cellora,CE-2502,False,True,False
BAT-2W-100305,Cellora,CE-2303,False,False,False
BAT-2W-100306,Cellora,CE-2311,False,False,False
BAT-2W-100307,Cellora,CE-2501,False,False,False
BAT-2W-100308,Cellora,CE-2501,False,False,False
BAT-2W-100309,Amptek,AM-2404,False,False,False
BAT-2W-100310,Cellora,CE-2403,False,False,False
BAT-2W-100311,Kyron,KY-2409,False,False,False
BAT-2W-100312,Cellora,CE-2402,False,False,False
BAT-2W-100313,Cellora,CE-2310,False,False,False
BAT-2W-100314,Cellora,CE-2502,False,False,False
BAT-2W-100315,Amptek,AM-2412,False,False,False
BAT-2W-100316,Amptek,AM-2403,False,False,False
BAT-2W-100317,Cellora,CE-2401,False,False,False
BAT-2W-100318,Cellora,CE-2410,False,False,False
BAT-3W-100319,Amptek,AM-2408,False,False,False
BAT-2W-100320,Kyron,KY-2408,True,False,True
BAT-2W-100321,Cellora,CE-2505,False,False,False
BAT-2W-100322,Cellora,CE-2410,False,False,False
BAT-2W-100323,Cellora,CE-2401,False,False,False
BAT-2W-100324,Amptek,AM-2504,False,False,False
BAT-2W-100325,Cellora,CE-2309,False,False,False
BAT-3W-100326,Cellora,CE-2502,False,False,False
BAT-3W-100327,Kyron,KY-2409,False,False,False
BAT-2W-100328,Cellora,CE-2310,False,True,False
BAT-2W-100329,Cellora,CE-2310,False,False,False
BAT-2W-100330,Cellora,CE-2307,False,False,False
BAT-2W-100331,Amptek,AM-2411,False,False,False
BAT-2W-100332,Amptek,AM-2504,False,False,False
BAT-2W-100333,Cellora,CE-2411,False,False,False
BAT-2W-100334,Cellora,CE-2305,False,False,False
BAT-3W-100335,Kyron,KY-2412,False,False,False
BAT-2W-100336,Cellora,CE-2505,False,False,False
BAT-2W-100337,Amptek,AM-2505,False,False,False
BAT-2W-100338,Amptek,AM-2407,False,False,False
BAT-2W-100339,Amptek,AM-2403,False,True,False
BAT-2W-100340,Cellora,CE-2305,False,True,False
BAT-2W-100341,Cellora,CE-2407,False,False,False
BAT-2W-100342,Cellora,CE-2307,False,False,False
BAT-2W-100343,Cellora,CE-2410,False,True,False
BAT-2W-100344,Amptek,AM-2408,False,False,False
BAT-2W-100345,Kyron,KY-2408,False,False,False
BAT-2W-100346,Cellora,CE-2401,False,False,False
BAT-2W-100347,Amptek,AM-2410,False,False,False
BAT-2W-100348,Cellora,CE-2402,False,False,False
BAT-2W-100349,Cellora,CE-2505,False,False,False
BAT-2W-100350,Cellora,CE-2404,False,False,False
BAT-2W-100351,Cellora,CE-2401,False,False,False
BAT-2W-100352,Cellora,CE-2406,False,False,False
BAT-3W-100353,Kyron,KY-2414,False,False,False
BAT-2W-100354,Amptek,AM-2503,False,False,False
BAT-2W-100355,Kyron,KY-2409,False,False,False
BAT-2W-100356,Amptek,AM-2404,False,False,False
BAT-2W-100357,Amptek,AM-2503,False,False,False
BAT-2W-100358,Kyron,KY-2407,False,False,False
BAT-2W-100359,Cellora,CE-2308,False,False,False
BAT-2W-100360,Cellora,CE-2312,False,False,False
BAT-2W-100361,Kyron,KY-2407,False,False,False
BAT-2W-100362,Cellora,CE-2305,False,False,False
BAT-2W-100363,Cellora,CE-2305,False,False,False
BAT-2W-100364,Kyron,KY-2409,False,False,True
BAT-2W-100365,Kyron,KY-2409,False,False,False
BAT-2W-100366,Kyron,KY-2409,True,False,True
BAT-2W-100367,Cellora,CE-2311,False,False,False
BAT-2W-100368,Cellora,CE-2504,False,False,False
BAT-2W-100369,Amptek,AM-2502,False,True,False
BAT-2W-100370,Cellora,CE-2505,False,False,False
BAT-2W-100371,Cellora,CE-2304,False,False,False
BAT-2W-100372,Kyron,KY-2408,False,False,False
BAT-2W-100373,Amptek,AM-2411,False,False,False
BAT-3W-100374,Kyron,KY-2417,False,False,False
BAT-2W-100375,Cellora,CE-2306,False,False,False
BAT-3W-100376,Cellora,CE-2503,False,False,False
BAT-2W-100377,Cellora,CE-2504,False,False,False
BAT-2W-100378,Cellora,CE-2304,False,True,False
BAT-2W-100379,Cellora,CE-2505,False,True,False
BAT-2W-100380,Kyron,KY-2407,True,False,True
BAT-2W-100381,Kyron,KY-2407,False,False,False
BAT-2W-100382,Amptek,AM-2406,False,False,False
BAT-2W-100383,Cellora,CE-2403,False,False,False
BAT-2W-100384,Kyron,KY-2408,True,False,True
BAT-2W-100385,Cellora,CE-2405,False,False,False
BAT-2W-100386,Kyron,KY-2407,False,False,False
BAT-2W-100387,Cellora,CE-2402,False,False,False
BAT-2W-100388,Amptek,AM-2501,False,True,False
BAT-2W-100389,Kyron,KY-2407,True,False,True
BAT-2W-100390,Cellora,CE-2304,False,True,False
BAT-2W-100391,Kyron,KY-2408,True,False,True
BAT-2W-100392,Kyron,KY-2408,True,False,True
BAT-2W-100393,Kyron,KY-2407,True,False,True
BAT-2W-100394,Cellora,CE-2312,False,False,False
BAT-3W-100395,Kyron,KY-2409,False,False,False
BAT-2W-100396,Kyron,KY-2407,False,False,False
BAT-2W-100397,Cellora,CE-2407,False,False,False
BAT-2W-100398,Kyron,KY-2409,False,False,False
BAT-2W-100399,Cellora,CE-2407,False,False,False
BAT-2W-100400,Cellora,CE-2406,False,False,False
BAT-2W-100401,Cellora,CE-2404,False,False,False
BAT-3W-100402,Cellora,CE-2308,False,False,False
BAT-2W-100403,Cellora,CE-2402,False,False,False
BAT-2W-100404,Cellora,CE-2306,False,False,False
BAT-3W-100405,Amptek,AM-2503,False,False,False
BAT-2W-100406,Kyron,KY-2407,True,False,False
BAT-2W-100407,Kyron,KY-2408,False,False,False
BAT-2W-100408,Cellora,CE-2502,False,False,False
BAT-2W-100409,Kyron,KY-2409,False,False,False
BAT-2W-100410,Cellora,CE-2504,False,False,False
BAT-2W-100411,Cellora,CE-2310,False,False,False
BAT-2W-100412,Cellora,CE-2501,False,False,False
BAT-3W-100413,Cellora,CE-2309,False,False,False
BAT-2W-100414,Cellora,CE-2311,False,False,False
BAT-2W-100415,Amptek,AM-2409,False,False,False
BAT-2W-100416,Cellora,CE-2406,False,False,False
BAT-2W-100417,Amptek,AM-2410,False,False,False
BAT-2W-100418,Cellora,CE-2411,False,False,False
BAT-3W-100419,Kyron,KY-2408,False,False,False
BAT-2W-100420,Kyron,KY-2409,False,False,True
BAT-2W-100421,Cellora,CE-2306,False,False,False
BAT-2W-100422,Cellora,CE-2409,False,False,False
BAT-3W-100423,Kyron,KY-2417,False,False,False
BAT-2W-100424,Cellora,CE-2312,False,True,False
BAT-2W-100425,Amptek,AM-2405,False,False,False
BAT-2W-100426,Amptek,AM-2411,False,False,False
BAT-2W-100427,Cellora,CE-2305,False,False,False
BAT-2W-100428,Cellora,CE-2502,False,False,False
BAT-2W-100429,Kyron,KY-2409,False,False,False
BAT-2W-100430,Amptek,AM-2501,False,False,False
BAT-2W-100431,Cellora,CE-2407,False,False,False
BAT-2W-100432,Kyron,KY-2408,False,False,False
BAT-2W-100433,Cellora,CE-2306,False,False,False
BAT-2W-100434,Kyron,KY-2408,False,False,False
BAT-2W-100435,Cellora,CE-2311,False,False,False
BAT-2W-100436,Kyron,KY-2407,True,False,True
BAT-2W-100437,Cellora,CE-2412,False,False,False
BAT-2W-100438,Cellora,CE-2405,False,False,False
BAT-2W-100439,Amptek,AM-2506,False,True,False
BAT-2W-100440,Cellora,CE-2306,False,False,False
BAT-2W-100441,Cellora,CE-2404,False,False,False
BAT-2W-100442,Cellora,CE-2303,False,True,False
BAT-2W-100443,Cellora,CE-2303,False,False,False
BAT-2W-100444,Cellora,CE-2501,False,False,False
BAT-2W-100445,Amptek,AM-2505,False,True,False
BAT-2W-100446,Cellora,CE-2410,False,False,False
BAT-2W-100447,Amptek,AM-2403,False,False,False
BAT-2W-100448,Kyron,KY-2407,False,False,False
BAT-2W-100449,Kyron,KY-2409,False,False,True
BAT-2W-100450,Cellora,CE-2402,False,False,False
BAT-2W-100451,Amptek,AM-2501,False,False,False
BAT-2W-100452,Amptek,AM-2412,False,False,False
BAT-3W-100453,Amptek,AM-2409,False,False,False
BAT-2W-100454,Amptek,AM-2410,False,False,False
BAT-3W-100455,Cellora,CE-2303,False,False,False
BAT-3W-100456,Cellora,CE-2410,False,False,False
BAT-2W-100457,Cellora,CE-2504,False,True,False
BAT-2W-100458,Kyron,KY-2409,False,False,False
BAT-2W-100459,Cellora,CE-2309,False,False,False
BAT-2W-100460,Cellora,CE-2305,False,False,False
BAT-3W-100461,Cellora,CE-2411,False,False,False
BAT-2W-100462,Cellora,CE-2504,False,False,False
BAT-2W-100463,Cellora,CE-2304,False,False,False
BAT-2W-100464,Kyron,KY-2408,True,False,True
BAT-2W-100465,Cellora,CE-2305,False,True,False
BAT-2W-100466,Amptek,AM-2406,False,False,False
BAT-2W-100467,Cellora,CE-2503,False,True,False
BAT-2W-100468,Cellora,CE-2503,False,False,False
BAT-3W-100469,Amptek,AM-2407,False,False,False
BAT-2W-100470,Kyron,KY-2408,False,False,False
BAT-2W-100471,Cellora,CE-2401,False,False,False
BAT-3W-100472,Amptek,AM-2412,False,False,False
BAT-2W-100473,Cellora,CE-2408,False,True,False
BAT-2W-100474,Cellora,CE-2410,False,False,False
BAT-2W-100475,Kyron,KY-2408,True,False,True
BAT-2W-100476,Kyron,KY-2408,False,False,False
BAT-3W-100477,Cellora,CE-2409,False,False,False
BAT-2W-100478,Cellora,CE-2402,False,False,False
BAT-2W-100479,Kyron,KY-2407,True,False,True
BAT-2W-100480,Cellora,CE-2407,False,False,False
BAT-2W-100481,Cellora,CE-2408,False,True,False
BAT-2W-100482,Kyron,KY-2408,True,False,True
BAT-2W-100483,Cellora,CE-2312,False,False,False
BAT-3W-100484,Kyron,KY-2410,False,False,False
BAT-2W-100485,Amptek,AM-2403,False,True,False
BAT-2W-100486,Amptek,AM-2505,False,False,False
BAT-3W-100487,Kyron,KY-2415,False,False,False
BAT-3W-100488,Kyron,KY-2418,False,False,False
BAT-2W-100489,Amptek,AM-2412,False,False,False
BAT-2W-100490,Cellora,CE-2303,False,False,False
BAT-2W-100491,Cellora,CE-2410,False,False,False
BAT-2W-100492,Cellora,CE-2306,False,False,False
BAT-3W-100493,Amptek,AM-2409,False,False,False
BAT-2W-100494,Kyron,KY-2409,True,False,False
BAT-2W-100495,Cellora,CE-2307,False,False,False
BAT-2W-100496,Cellora,CE-2408,False,False,False
BAT-2W-100497,Kyron,KY-2409,False,False,False
BAT-2W-100498,Cellora,CE-2503,False,False,False
BAT-2W-100499,Cellora,CE-2505,False,False,False
BAT-3W-100500,Cellora,CE-2311,False,False,False
BAT-2W-100501,Cellora,CE-2312,False,False,False
BAT-2W-100502,Cellora,CE-2306,False,False,False
BAT-2W-100503,Kyron,KY-2409,False,False,False
BAT-3W-100504,Kyron,KY-2412,False,False,False
BAT-2W-100505,Amptek,AM-2410,False,False,False
BAT-2W-100506,Kyron,KY-2409,False,False,False
BAT-2W-100507,Cellora,CE-2308,False,False,False
BAT-2W-100508,Cellora,CE-2402,False,False,False
BAT-2W-100509,Kyron,KY-2407,True,False,True
BAT-2W-100510,Kyron,KY-2407,False,False,False
BAT-3W-100511,Kyron,KY-2417,False,False,False
BAT-3W-100512,Kyron,KY-2415,False,False,False
BAT-2W-100513,Kyron,KY-2409,True,False,True
BAT-2W-100514,Cellora,CE-2401,False,False,False
BAT-2W-100515,Cellora,CE-2308,False,False,False
BAT-2W-100516,Cellora,CE-2306,False,True,False
BAT-2W-100517,Cellora,CE-2404,False,False,False
BAT-2W-100518,Cellora,CE-2409,False,False,False
BAT-3W-100519,Cellora,CE-2502,False,False,False
BAT-2W-100520,Amptek,AM-2406,False,True,False
BAT-2W-100521,Amptek,AM-2403,False,False,False
BAT-2W-100522,Amptek,AM-2505,False,False,False
BAT-2W-100523,Cellora,CE-2311,False,False,False
BAT-2W-100524,Cellora,CE-2306,False,False,False
BAT-2W-100525,Cellora,CE-2501,False,False,False
BAT-2W-100526,Cellora,CE-2412,False,False,False
BAT-2W-100527,Cellora,CE-2503,False,False,False
BAT-2W-100528,Kyron,KY-2409,False,False,False
BAT-2W-100529,Kyron,KY-2409,True,False,True
BAT-2W-100530,Cellora,CE-2503,False,False,False
BAT-2W-100531,Cellora,CE-2308,False,False,False
BAT-2W-100532,Cellora,CE-2310,False,False,False
BAT-2W-100533,Kyron,KY-2407,False,False,False
BAT-2W-100534,Cellora,CE-2405,False,False,False
BAT-2W-100535,Cellora,CE-2408,False,True,False
BAT-2W-100536,Cellora,CE-2504,False,False,False
BAT-2W-100537,Kyron,KY-2409,False,False,False
BAT-2W-100538,Cellora,CE-2412,False,True,False
BAT-2W-100539,Cellora,CE-2312,False,False,False
BAT-3W-100540,Cellora,CE-2308,False,False,False
BAT-2W-100541,Amptek,AM-2503,False,False,False
BAT-2W-100542,Kyron,KY-2409,False,False,False
BAT-2W-100543,Cellora,CE-2304,False,False,False
BAT-2W-100544,Cellora,CE-2312,False,False,False
BAT-3W-100545,Cellora,CE-2407,False,False,False
BAT-2W-100546,Cellora,CE-2304,False,False,False
BAT-2W-100547,Cellora,CE-2303,False,False,False
BAT-2W-100548,Cellora,CE-2406,False,False,False
BAT-2W-100549,Cellora,CE-2304,False,True,False
BAT-2W-100550,Kyron,KY-2409,False,False,False
BAT-2W-100551,Cellora,CE-2306,False,False,False
BAT-3W-100552,Cellora,CE-2307,False,False,False
BAT-2W-100553,Kyron,KY-2407,False,False,True
BAT-2W-100554,Amptek,AM-2403,False,False,False
BAT-2W-100555,Kyron,KY-2408,False,False,False
BAT-2W-100556,Amptek,AM-2404,False,False,False
BAT-2W-100557,Cellora,CE-2411,False,False,False
BAT-2W-100558,Cellora,CE-2311,False,False,False
BAT-2W-100559,Amptek,AM-2403,False,False,False
BAT-2W-100560,Cellora,CE-2411,False,False,False
BAT-2W-100561,Cellora,CE-2308,False,False,False
BAT-2W-100562,Amptek,AM-2407,False,False,False
BAT-2W-100563,Kyron,KY-2407,True,False,True
BAT-2W-100564,Cellora,CE-2404,False,False,False
BAT-3W-100565,Amptek,AM-2412,False,False,False
BAT-2W-100566,Amptek,AM-2504,False,False,False
BAT-2W-100567,Amptek,AM-2407,False,False,False
BAT-2W-100568,Amptek,AM-2501,False,True,False
BAT-2W-100569,Kyron,KY-2408,True,False,True
BAT-2W-100570,Amptek,AM-2502,False,False,False
BAT-2W-100571,Kyron,KY-2407,False,False,True
BAT-2W-100572,Kyron,KY-2407,True,False,True
BAT-2W-100573,Kyron,KY-2409,True,False,True
BAT-3W-100574,Cellora,CE-2411,False,False,False
BAT-2W-100575,Cellora,CE-2308,False,True,False
BAT-2W-100576,Kyron,KY-2408,False,False,False
BAT-2W-100577,Cellora,CE-2505,False,False,False
BAT-2W-100578,Cellora,CE-2505,False,False,False
BAT-2W-100579,Cellora,CE-2401,False,False,False
BAT-2W-100580,Cellora,CE-2303,False,False,False
BAT-2W-100581,Cellora,CE-2305,False,False,False
BAT-2W-100582,Amptek,AM-2505,False,False,False
BAT-3W-100583,Kyron,KY-2412,False,False,False
BAT-2W-100584,Cellora,CE-2406,False,False,False
BAT-2W-100585,Cellora,CE-2305,False,True,False
BAT-2W-100586,Cellora,CE-2312,False,False,False
BAT-2W-100587,Kyron,KY-2407,False,False,False
BAT-2W-100588,Kyron,KY-2407,True,False,True
BAT-2W-100589,Cellora,CE-2312,False,False,False
BAT-2W-100590,Cellora,CE-2311,False,False,False
BAT-2W-100591,Kyron,KY-2408,False,False,False
BAT-2W-100592,Kyron,KY-2409,False,False,False
BAT-2W-100593,Cellora,CE-2408,False,False,False
BAT-2W-100594,Cellora,CE-2503,False,False,False
BAT-2W-100595,Cellora,CE-2305,False,False,False
BAT-2W-100596,Cellora,CE-2412,False,False,False
BAT-2W-100597,Cellora,CE-2311,False,False,False
BAT-2W-100598,Kyron,KY-2408,True,False,True
BAT-2W-100599,Cellora,CE-2309,False,False,False
BAT-2W-100600,Kyron,KY-2409,True,False,False
BAT-2W-100601,Kyron,KY-2408,True,False,True
BAT-3W-100602,Amptek,AM-2405,False,False,False
BAT-3W-100603,Amptek,AM-2407,False,False,False
BAT-3W-100604,Cellora,CE-2406,False,False,False
BAT-2W-100605,Cellora,CE-2305,False,False,False
BAT-2W-100606,Cellora,CE-2411,False,False,False
BAT-2W-100607,Cellora,CE-2406,False,True,False
BAT-3W-100608,Cellora,CE-2503,False,False,False
BAT-2W-100609,Kyron,KY-2409,False,False,False
BAT-2W-100610,Amptek,AM-2410,False,True,False
BAT-2W-100611,Amptek,AM-2503,False,False,False
BAT-2W-100612,Kyron,KY-2409,True,False,False
BAT-2W-100613,Kyron,KY-2407,False,False,False
BAT-2W-100614,Kyron,KY-2407,True,False,True
BAT-2W-100615,Amptek,AM-2503,False,False,False
BAT-3W-100616,Kyron,KY-2412,False,False,False
BAT-2W-100617,Cellora,CE-2309,False,False,False
BAT-2W-100618,Cellora,CE-2501,False,False,False
BAT-2W-100619,Amptek,AM-2409,False,False,False
BAT-2W-100620,Amptek,AM-2406,False,True,False
BAT-2W-100621,Cellora,CE-2310,False,False,False
BAT-2W-100622,Cellora,CE-2305,False,False,False
BAT-2W-100623,Amptek,AM-2404,False,False,False
BAT-2W-100624,Cellora,CE-2405,False,False,False
BAT-2W-100625,Cellora,CE-2308,False,False,False
BAT-2W-100626,Cellora,CE-2401,False,False,False
BAT-2W-100627,Cellora,CE-2403,False,False,False
BAT-2W-100628,Kyron,KY-2409,False,False,False
BAT-2W-100629,Cellora,CE-2412,False,True,False
BAT-3W-100630,Amptek,AM-2501,False,False,False
BAT-2W-100631,Cellora,CE-2310,False,False,False
BAT-2W-100632,Cellora,CE-2308,False,True,False
BAT-2W-100633,Cellora,CE-2409,False,False,False
BAT-3W-100634,Kyron,KY-2415,False,False,False
BAT-2W-100635,Cellora,CE-2304,False,False,False
BAT-2W-100636,Amptek,AM-2409,False,False,False
BAT-2W-100637,Amptek,AM-2410,False,False,False
BAT-2W-100638,Amptek,AM-2411,False,False,False
BAT-2W-100639,Cellora,CE-2403,False,False,False
BAT-2W-100640,Cellora,CE-2312,False,False,False
BAT-2W-100641,Cellora,CE-2407,False,False,False
BAT-2W-100642,Cellora,CE-2308,False,False,False
BAT-2W-100643,Kyron,KY-2409,False,False,False
BAT-2W-100644,Amptek,AM-2412,False,False,False
BAT-2W-100645,Amptek,AM-2502,False,False,False
BAT-2W-100646,Kyron,KY-2408,True,False,True
BAT-2W-100647,Kyron,KY-2407,True,False,True
BAT-2W-100648,Amptek,AM-2503,False,False,False
BAT-2W-100649,Cellora,CE-2312,False,True,False
BAT-3W-100650,Cellora,CE-2501,False,False,False
BAT-3W-100651,Cellora,CE-2404,False,False,False
BAT-2W-100652,Kyron,KY-2408,True,False,True
BAT-2W-100653,Amptek,AM-2505,False,False,False
BAT-2W-100654,Kyron,KY-2409,True,False,True
BAT-2W-100655,Cellora,CE-2504,False,False,False
BAT-3W-100656,Amptek,AM-2504,False,False,False
BAT-2W-100657,Kyron,KY-2407,True,False,True
BAT-2W-100658,Kyron,KY-2409,True,False,True
BAT-3W-100659,Cellora,CE-2401,False,False,False
BAT-3W-100660,Cellora,CE-2411,False,False,False
BAT-2W-100661,Cellora,CE-2404,False,False,False
BAT-2W-100662,Cellora,CE-2401,False,False,False
BAT-3W-100663,Cellora,CE-2403,False,False,False
BAT-2W-100664,Amptek,AM-2502,False,True,False
BAT-2W-100665,Kyron,KY-2407,False,False,False
BAT-2W-100666,Amptek,AM-2404,False,False,False
BAT-2W-100667,Amptek,AM-2504,False,True,False
BAT-2W-100668,Cellora,CE-2502,False,False,False
BAT-2W-100669,Cellora,CE-2406,False,False,False
BAT-2W-100670,Kyron,KY-2409,True,False,True
BAT-2W-100671,Cellora,CE-2305,False,False,False
BAT-2W-100672,Kyron,KY-2408,False,False,False
BAT-2W-100673,Cellora,CE-2501,False,False,False
BAT-2W-100674,Kyron,KY-2408,True,False,True
BAT-2W-100675,Cellora,CE-2308,False,False,False
BAT-2W-100676,Amptek,AM-2412,False,True,False
BAT-2W-100677,Cellora,CE-2309,False,False,False
BAT-2W-100678,Cellora,CE-2401,False,False,False
BAT-2W-100679,Cellora,CE-2412,False,True,False
BAT-2W-100680,Kyron,KY-2409,False,False,False
BAT-2W-100681,Amptek,AM-2406,False,False,False
BAT-3W-100682,Cellora,CE-2306,False,False,False
BAT-2W-100683,Cellora,CE-2505,False,False,False
BAT-2W-100684,Cellora,CE-2505,False,False,False
BAT-2W-100685,Kyron,KY-2407,True,False,True
BAT-2W-100686,Cellora,CE-2309,False,False,False
BAT-2W-100687,Kyron,KY-2408,False,False,False
BAT-2W-100688,Amptek,AM-2403,False,False,False
BAT-2W-100689,Amptek,AM-2505,False,False,False
BAT-2W-100690,Cellora,CE-2501,False,False,False
BAT-3W-100691,Cellora,CE-2403,False,False,False
BAT-2W-100692,Kyron,KY-2408,True,False,True
BAT-2W-100693,Cellora,CE-2307,False,False,False
BAT-2W-100694,Cellora,CE-2310,False,False,False
BAT-2W-100695,Cellora,CE-2409,False,False,False
BAT-2W-100696,Cellora,CE-2502,False,False,False
BAT-2W-100697,Cellora,CE-2307,False,False,False
BAT-2W-100698,Cellora,CE-2402,False,True,False
BAT-2W-100699,Kyron,KY-2409,False,False,False
BAT-3W-100700,Cellora,CE-2502,False,False,False
BAT-2W-100701,Cellora,CE-2402,False,False,False
BAT-3W-100702,Amptek,AM-2404,False,False,False
BAT-3W-100703,Cellora,CE-2304,False,False,False
BAT-2W-100704,Cellora,CE-2303,False,False,False
BAT-2W-100705,Cellora,CE-2405,False,True,False
BAT-2W-100706,Kyron,KY-2407,True,False,True
BAT-2W-100707,Kyron,KY-2409,False,False,False
BAT-2W-100708,Kyron,KY-2408,True,False,True
BAT-2W-100709,Cellora,CE-2501,False,False,False
BAT-2W-100710,Amptek,AM-2409,False,False,False
BAT-2W-100711,Cellora,CE-2503,False,False,False
BAT-2W-100712,Amptek,AM-2411,False,False,False
BAT-3W-100713,Cellora,CE-2306,False,False,False
BAT-2W-100714,Cellora,CE-2505,False,False,False
BAT-2W-100715,Cellora,CE-2307,False,False,False
BAT-2W-100716,Amptek,AM-2407,False,False,False
BAT-2W-100717,Cellora,CE-2406,False,True,False
BAT-2W-100718,Kyron,KY-2407,False,False,False
BAT-2W-100719,Kyron,KY-2408,True,False,True
BAT-2W-100720,Cellora,CE-2501,False,False,False
BAT-2W-100721,Cellora,CE-2403,False,False,False
BAT-2W-100722,Cellora,CE-2405,False,True,False
BAT-2W-100723,Cellora,CE-2409,False,False,False
BAT-2W-100724,Cellora,CE-2406,False,False,False
BAT-2W-100725,Cellora,CE-2406,False,False,False
BAT-2W-100726,Amptek,AM-2403,False,False,False
BAT-3W-100727,Kyron,KY-2415,False,False,False
BAT-2W-100728,Amptek,AM-2506,False,False,False
BAT-2W-100729,Cellora,CE-2305,False,False,False
BAT-2W-100730,Cellora,CE-2309,False,False,False
BAT-2W-100731,Kyron,KY-2409,False,False,False
BAT-2W-100732,Cellora,CE-2410,False,False,False
BAT-2W-100733,Cellora,CE-2404,False,False,False
BAT-2W-100734,Cellora,CE-2401,False,True,False
BAT-2W-100735,Cellora,CE-2409,False,False,False
BAT-2W-100736,Cellora,CE-2503,False,False,False
BAT-3W-100737,Kyron,KY-2416,False,False,False
BAT-2W-100738,Amptek,AM-2403,False,False,False
BAT-2W-100739,Cellora,CE-2307,False,True,False
BAT-2W-100740,Cellora,CE-2503,False,False,False
BAT-3W-100741,Kyron,KY-2417,False,False,False
BAT-2W-100742,Kyron,KY-2407,False,False,False
BAT-2W-100743,Amptek,AM-2503,False,False,False
BAT-2W-100744,Amptek,AM-2407,False,False,False
BAT-3W-100745,Cellora,CE-2303,False,False,False
BAT-2W-100746,Cellora,CE-2309,False,False,False
BAT-2W-100747,Amptek,AM-2501,False,False,False
BAT-2W-100748,Cellora,CE-2410,False,False,False
BAT-2W-100749,Cellora,CE-2311,False,False,False
BAT-2W-100750,Cellora,CE-2503,False,True,False
BAT-2W-100751,Amptek,AM-2503,False,False,False
BAT-2W-100752,Amptek,AM-2405,False,True,False
BAT-3W-100753,Cellora,CE-2412,False,False,False
BAT-2W-100754,Cellora,CE-2404,False,True,False
BAT-2W-100755,Amptek,AM-2410,False,False,False
BAT-2W-100756,Cellora,CE-2404,False,False,False
BAT-2W-100757,Amptek,AM-2411,False,False,False
BAT-2W-100758,Cellora,CE-2406,False,True,False
BAT-3W-100759,Cellora,CE-2309,False,False,False
BAT-2W-100760,Cellora,CE-2503,False,False,False
BAT-2W-100761,Cellora,CE-2411,False,False,False
BAT-2W-100762,Amptek,AM-2412,False,True,False
BAT-2W-100763,Kyron,KY-2407,False,False,False
BAT-2W-100764,Cellora,CE-2412,False,True,False
BAT-2W-100765,Kyron,KY-2407,True,False,True
BAT-3W-100766,Cellora,CE-2404,False,False,False
BAT-2W-100767,Kyron,KY-2409,True,False,False
BAT-2W-100768,Cellora,CE-2405,False,False,False
BAT-2W-100769,Cellora,CE-2409,False,False,False
BAT-2W-100770,Kyron,KY-2408,True,False,True
BAT-2W-100771,Cellora,CE-2306,False,False,False
BAT-2W-100772,Kyron,KY-2408,True,False,True
BAT-2W-100773,Cellora,CE-2403,False,False,False
BAT-2W-100774,Cellora,CE-2401,False,False,False
BAT-2W-100775,Amptek,AM-2503,False,True,False
BAT-2W-100776,Cellora,CE-2411,False,True,False
BAT-2W-100777,Cellora,CE-2404,False,False,False
BAT-2W-100778,Kyron,KY-2409,True,False,False
BAT-2W-100779,Cellora,CE-2306,False,True,False
BAT-2W-100780,Cellora,CE-2310,False,False,False
BAT-2W-100781,Kyron,KY-2409,False,False,False
BAT-2W-100782,Kyron,KY-2409,False,False,False
BAT-2W-100783,Kyron,KY-2409,True,False,True
BAT-2W-100784,Cellora,CE-2312,False,False,False
BAT-2W-100785,Cellora,CE-2401,False,False,False
BAT-3W-100786,Cellora,CE-2412,False,False,False
BAT-2W-100787,Cellora,CE-2404,False,False,False
BAT-2W-100788,Amptek,AM-2407,False,False,False
BAT-2W-100789,Cellora,CE-2312,False,False,False
BAT-2W-100790,Cellora,CE-2410,False,False,False
BAT-2W-100791,Cellora,CE-2309,False,False,False
BAT-2W-100792,Cellora,CE-2401,False,True,False
BAT-2W-100793,Kyron,KY-2409,True,False,True
BAT-2W-100794,Amptek,AM-2408,False,False,False
BAT-2W-100795,Kyron,KY-2409,False,False,False
BAT-2W-100796,Cellora,CE-2308,False,False,False
BAT-2W-100797,Cellora,CE-2404,False,False,False
BAT-2W-100798,Kyron,KY-2409,True,False,True
BAT-2W-100799,Cellora,CE-2412,False,False,False
BAT-2W-100800,Cellora,CE-2308,False,False,False
BAT-2W-100801,Cellora,CE-2405,False,False,False
BAT-2W-100802,Cellora,CE-2310,False,True,False
BAT-2W-100803,Amptek,AM-2408,False,False,False
BAT-2W-100804,Cellora,CE-2304,False,False,False
BAT-2W-100805,Cellora,CE-2408,False,False,False
BAT-2W-100806,Cellora,CE-2304,False,False,False
BAT-2W-100807,Kyron,KY-2408,False,False,False
BAT-3W-100808,Cellora,CE-2310,False,False,False
BAT-2W-100809,Cellora,CE-2410,False,False,False
BAT-3W-100810,Cellora,CE-2402,False,False,False
BAT-2W-100811,Cellora,CE-2505,False,False,False
BAT-2W-100812,Kyron,KY-2407,True,False,False
BAT-2W-100813,Cellora,CE-2311,False,False,False
BAT-2W-100814,Cellora,CE-2307,False,False,False
BAT-2W-100815,Cellora,CE-2306,False,False,False
BAT-2W-100816,Kyron,KY-2408,False,False,False
BAT-2W-100817,Amptek,AM-2403,False,False,False
BAT-2W-100818,Cellora,CE-2503,False,False,False
BAT-2W-100819,Cellora,CE-2306,False,False,False
BAT-2W-100820,Kyron,KY-2409,False,False,False
BAT-2W-100821,Cellora,CE-2408,False,False,False
BAT-2W-100822,Cellora,CE-2307,False,False,False
BAT-3W-100823,Kyron,KY-2416,False,False,False
BAT-2W-100824,Amptek,AM-2408,False,False,False
BAT-2W-100825,Cellora,CE-2406,False,False,False
BAT-2W-100826,Cellora,CE-2408,False,False,False
BAT-2W-100827,Cellora,CE-2304,False,False,False
BAT-2W-100828,Kyron,KY-2409,True,False,True
BAT-2W-100829,Cellora,CE-2404,False,False,False
BAT-2W-100830,Cellora,CE-2401,False,True,False
BAT-2W-100831,Amptek,AM-2501,False,False,False
BAT-2W-100832,Kyron,KY-2408,False,False,True
BAT-3W-100833,Cellora,CE-2503,False,False,False
BAT-3W-100834,Kyron,KY-2411,False,False,False
BAT-2W-100835,Cellora,CE-2412,False,False,False
BAT-2W-100836,Cellora,CE-2406,False,False,False
BAT-3W-100837,Cellora,CE-2402,False,False,False
BAT-2W-100838,Cellora,CE-2303,False,False,False
BAT-3W-100839,Cellora,CE-2303,False,False,False
BAT-2W-100840,Cellora,CE-2308,False,False,False
BAT-2W-100841,Cellora,CE-2303,False,False,False
BAT-2W-100842,Kyron,KY-2409,False,False,False
BAT-2W-100843,Amptek,AM-2411,False,True,False
BAT-2W-100844,Cellora,CE-2505,False,False,False
BAT-2W-100845,Kyron,KY-2408,False,False,False
BAT-2W-100846,Kyron,KY-2407,False,False,True
BAT-2W-100847,Cellora,CE-2503,False,False,False
BAT-2W-100848,Amptek,AM-2404,False,False,False
BAT-2W-100849,Kyron,KY-2408,False,False,False
BAT-2W-100850,Cellora,CE-2310,False,True,False
BAT-2W-100851,Cellora,CE-2402,False,True,False
BAT-2W-100852,Cellora,CE-2307,False,True,False
BAT-2W-100853,Kyron,KY-2409,False,False,False
BAT-2W-100854,Cellora,CE-2306,False,False,False
BAT-2W-100855,Amptek,AM-2409,False,False,False
BAT-2W-100856,Cellora,CE-2309,False,False,False
BAT-2W-100857,Cellora,CE-2306,False,False,False
BAT-2W-100858,Cellora,CE-2502,False,False,False
BAT-2W-100859,Cellora,CE-2503,False,False,False
BAT-2W-100860,Cellora,CE-2412,False,False,False
BAT-2W-100861,Kyron,KY-2407,False,False,False
BAT-2W-100862,Cellora,CE-2403,False,True,False
BAT-2W-100863,Kyron,KY-2408,True,False,True
BAT-2W-100864,Kyron,KY-2408,True,False,True
BAT-3W-100865,Cellora,CE-2309,False,False,False
BAT-2W-100866,Cellora,CE-2408,False,False,False
BAT-2W-100867,Kyron,KY-2407,False,False,True
BAT-2W-100868,Kyron,KY-2408,True,False,False
BAT-2W-100869,Kyron,KY-2407,False,False,True
BAT-2W-100870,Cellora,CE-2402,False,False,False
BAT-2W-100871,Kyron,KY-2407,True,False,True
BAT-2W-100872,Cellora,CE-2303,False,False,False
BAT-2W-100873,Cellora,CE-2502,False,False,False
BAT-2W-100874,Cellora,CE-2307,False,False,False
BAT-2W-100875,Cellora,CE-2503,False,False,False
BAT-2W-100876,Cellora,CE-2308,False,True,False
BAT-2W-100877,Cellora,CE-2401,False,False,False
BAT-3W-100878,Cellora,CE-2401,False,False,False
BAT-2W-100879,Cellora,CE-2303,False,False,False
BAT-2W-100880,Amptek,AM-2411,False,False,False
BAT-2W-100881,Kyron,KY-2408,False,False,True
BAT-2W-100882,Cellora,CE-2503,False,False,False
BAT-2W-100883,Cellora,CE-2304,False,False,False
BAT-2W-100884,Amptek,AM-2502,False,False,False
BAT-2W-100885,Cellora,CE-2311,False,False,False
BAT-2W-100886,Cellora,CE-2505,False,True,False
BAT-2W-100887,Cellora,CE-2311,False,False,False
BAT-2W-100888,Cellora,CE-2502,False,False,False
BAT-2W-100889,Cellora,CE-2404,False,False,False
BAT-2W-100890,Cellora,CE-2310,False,False,False
BAT-3W-100891,Cellora,CE-2401,False,False,False
BAT-2W-100892,Cellora,CE-2503,False,False,False
BAT-2W-100893,Amptek,AM-2410,False,False,False
BAT-2W-100894,Cellora,CE-2306,False,False,False
BAT-2W-100895,Cellora,CE-2412,False,False,False
BAT-2W-100896,Kyron,KY-2407,True,False,True
BAT-3W-100897,Cellora,CE-2502,False,False,False
BAT-2W-100898,Cellora,CE-2505,False,False,False
BAT-2W-100899,Cellora,CE-2504,False,False,False
BAT-2W-100900,Kyron,KY-2407,True,False,True
BAT-3W-100901,Cellora,CE-2408,False,False,False
BAT-2W-100902,Kyron,KY-2409,True,False,False
BAT-2W-100903,Kyron,KY-2409,False,False,False
BAT-2W-100904,Kyron,KY-2409,True,False,True
BAT-2W-100905,Cellora,CE-2402,False,False,False
BAT-2W-100906,Cellora,CE-2311,False,False,False
BAT-3W-100907,Cellora,CE-2306,False,False,False
BAT-2W-100908,Cellora,CE-2411,False,False,False
BAT-2W-100909,Cellora,CE-2310,False,False,False
BAT-2W-100910,Amptek,AM-2407,False,False,False
BAT-2W-100911,Cellora,CE-2408,False,False,False
BAT-2W-100912,Amptek,AM-2407,False,False,False
BAT-3W-100913,Cellora,CE-2407,False,False,False
BAT-2W-100914,Kyron,KY-2409,False,False,False
BAT-2W-100915,Amptek,AM-2406,False,False,False
BAT-2W-100916,Kyron,KY-2407,False,False,False
BAT-2W-100917,Cellora,CE-2503,False,False,False
BAT-2W-100918,Cellora,CE-2401,False,False,False
BAT-2W-100919,Cellora,CE-2412,False,False,False
BAT-2W-100920,Kyron,KY-2407,False,False,True
BAT-2W-100921,Cellora,CE-2407,False,False,False
BAT-2W-100922,Amptek,AM-2505,False,False,False
BAT-2W-100923,Kyron,KY-2409,True,False,True
BAT-3W-100924,Cellora,CE-2309,False,False,False
BAT-2W-100925,Cellora,CE-2501,False,False,False
BAT-2W-100926,Cellora,CE-2412,False,False,False
BAT-2W-100927,Cellora,CE-2403,False,False,False
BAT-2W-100928,Cellora,CE-2408,False,False,False
BAT-2W-100929,Amptek,AM-2407,False,False,False
BAT-2W-100930,Cellora,CE-2308,False,False,False
BAT-2W-100931,Cellora,CE-2307,False,False,False
BAT-2W-100932,Cellora,CE-2412,False,False,False
BAT-2W-100933,Cellora,CE-2304,False,True,False
BAT-2W-100934,Kyron,KY-2408,True,False,True
BAT-2W-100935,Cellora,CE-2402,False,False,False
BAT-2W-100936,Amptek,AM-2411,False,True,False
BAT-2W-100937,Amptek,AM-2501,False,False,False
BAT-3W-100938,Cellora,CE-2405,False,False,False
BAT-2W-100939,Cellora,CE-2311,False,False,False
BAT-2W-100940,Kyron,KY-2407,True,False,True
BAT-2W-100941,Cellora,CE-2306,False,False,False
BAT-2W-100942,Amptek,AM-2403,False,False,False
BAT-2W-100943,Amptek,AM-2506,False,False,False
BAT-3W-100944,Cellora,CE-2406,False,False,False
BAT-2W-100945,Cellora,CE-2412,False,True,False
BAT-2W-100946,Cellora,CE-2305,False,False,False
BAT-2W-100947,Cellora,CE-2304,False,False,False
BAT-2W-100948,Amptek,AM-2411,False,False,False
BAT-2W-100949,Kyron,KY-2408,False,False,False
BAT-2W-100950,Amptek,AM-2503,False,False,False
BAT-2W-100951,Kyron,KY-2409,False,False,False
BAT-2W-100952,Cellora,CE-2305,False,False,False
BAT-3W-100953,Kyron,KY-2411,False,False,False
BAT-2W-100954,Cellora,CE-2403,False,False,False
BAT-3W-100955,Cellora,CE-2504,False,False,False
BAT-2W-100956,Cellora,CE-2407,False,False,False
BAT-3W-100957,Kyron,KY-2412,False,False,False
BAT-3W-100958,Cellora,CE-2504,False,False,False
BAT-2W-100959,Cellora,CE-2409,False,False,False
BAT-2W-100960,Cellora,CE-2405,False,False,False
BAT-2W-100961,Cellora,CE-2405,False,False,False
BAT-2W-100962,Amptek,AM-2505,False,False,False
BAT-2W-100963,Cellora,CE-2411,False,False,False
BAT-2W-100964,Cellora,CE-2402,False,True,False
BAT-2W-100965,Kyron,KY-2407,False,False,False
BAT-2W-100966,Kyron,KY-2409,False,False,False
BAT-3W-100967,Cellora,CE-2409,False,False,False
BAT-3W-100968,Cellora,CE-2505,False,False,False
BAT-2W-100969,Cellora,CE-2305,False,True,False
BAT-2W-100970,Kyron,KY-2409,False,False,False
BAT-2W-100971,Cellora,CE-2504,False,False,False
BAT-2W-100972,Amptek,AM-2410,False,False,False
BAT-2W-100973,Cellora,CE-2406,False,True,False
BAT-2W-100974,Cellora,CE-2505,False,False,False
BAT-2W-100975,Kyron,KY-2409,True,False,True
BAT-2W-100976,Amptek,AM-2403,False,False,False
BAT-2W-100977,Cellora,CE-2403,False,False,False
BAT-2W-100978,Cellora,CE-2407,False,True,False
BAT-2W-100979,Amptek,AM-2504,False,True,False
BAT-2W-100980,Amptek,AM-2504,False,True,False
BAT-2W-100981,Cellora,CE-2312,False,True,False
BAT-2W-100982,Cellora,CE-2401,False,False,False
BAT-2W-100983,Amptek,AM-2405,False,False,False
BAT-2W-100984,Cellora,CE-2409,False,False,False
BAT-2W-100985,Amptek,AM-2409,False,False,False
BAT-2W-100986,Cellora,CE-2411,False,False,False
BAT-2W-100987,Cellora,CE-2305,False,False,False
BAT-2W-100988,Cellora,CE-2410,False,False,False
BAT-2W-100989,Cellora,CE-2401,False,False,False
BAT-3W-100990,Kyron,KY-2418,False,False,False
BAT-2W-100991,Cellora,CE-2404,False,False,False
BAT-2W-100992,Amptek,AM-2403,False,True,False
BAT-3W-100993,Amptek,AM-2505,False,False,False
BAT-2W-100994,Cellora,CE-2305,False,False,False
BAT-2W-100995,Kyron,KY-2407,True,False,True
BAT-2W-100996,Cellora,CE-2505,False,False,False
BAT-3W-100997,Cellora,CE-2307,False,False,False
BAT-2W-100998,Cellora,CE-2305,False,False,False
BAT-2W-100999,Cellora,CE-2503,False,False,False
BAT-2W-101000,Cellora,CE-2311,False,False,False
BAT-2W-101001,Cellora,CE-2407,False,False,False
BAT-2W-101002,Cellora,CE-2401,False,False,False
BAT-2W-101003,Cellora,CE-2304,False,False,False
BAT-3W-101004,Cellora,CE-2505,False,False,False
BAT-2W-101005,Amptek,AM-2411,False,False,False
BAT-2W-101006,Kyron,KY-2407,False,False,False
BAT-2W-101007,Cellora,CE-2307,False,False,False
BAT-2W-101008,Kyron,KY-2409,True,False,True
BAT-3W-101009,Amptek,AM-2501,False,False,False
BAT-2W-101010,Cellora,CE-2309,False,False,False
BAT-2W-101011,Amptek,AM-2405,False,False,False
BAT-2W-101012,Amptek,AM-2407,False,False,False
BAT-2W-101013,Cellora,CE-2310,False,False,False
BAT-2W-101014,Cellora,CE-2501,False,False,False
BAT-2W-101015,Amptek,AM-2506,False,False,False
BAT-3W-101016,Cellora,CE-2401,False,False,False
BAT-2W-101017,Amptek,AM-2403,False,False,False
BAT-2W-101018,Amptek,AM-2412,False,False,False
BAT-2W-101019,Cellora,CE-2409,False,False,False
BAT-2W-101020,Kyron,KY-2409,True,False,False
BAT-2W-101021,Kyron,KY-2407,True,False,False
BAT-2W-101022,Cellora,CE-2404,False,False,False
BAT-2W-101023,Amptek,AM-2407,False,False,False
BAT-2W-101024,Amptek,AM-2404,False,False,False
BAT-2W-101025,Cellora,CE-2306,False,False,False
BAT-2W-101026,Cellora,CE-2310,False,False,False
BAT-3W-101027,Cellora,CE-2403,False,False,False
BAT-2W-101028,Kyron,KY-2409,True,False,True
BAT-2W-101029,Cellora,CE-2402,False,False,False
BAT-2W-101030,Cellora,CE-2409,False,False,False
BAT-2W-101031,Cellora,CE-2412,False,False,False
BAT-2W-101032,Cellora,CE-2406,False,False,False
BAT-3W-101033,Cellora,CE-2304,False,False,False
BAT-2W-101034,Amptek,AM-2502,False,False,False
BAT-3W-101035,Cellora,CE-2410,False,False,False
BAT-2W-101036,Amptek,AM-2405,False,False,False
BAT-2W-101037,Amptek,AM-2502,False,False,False
BAT-2W-101038,Cellora,CE-2308,False,False,False
BAT-2W-101039,Kyron,KY-2409,True,False,False
BAT-2W-101040,Cellora,CE-2411,False,False,False
BAT-2W-101041,Cellora,CE-2404,False,False,False
BAT-3W-101042,Kyron,KY-2413,False,False,False
BAT-2W-101043,Amptek,AM-2403,False,True,False
BAT-2W-101044,Amptek,AM-2407,False,False,False
BAT-2W-101045,Cellora,CE-2407,False,True,False
BAT-2W-101046,Amptek,AM-2504,False,False,False
BAT-2W-101047,Amptek,AM-2411,False,False,False
BAT-2W-101048,Cellora,CE-2310,False,False,False
BAT-3W-101049,Kyron,KY-2408,False,False,False
BAT-2W-101050,Cellora,CE-2505,False,False,False
BAT-2W-101051,Kyron,KY-2409,False,False,False
BAT-3W-101052,Cellora,CE-2404,False,False,False
BAT-2W-101053,Kyron,KY-2408,False,False,False
BAT-3W-101054,Cellora,CE-2305,False,False,False
BAT-3W-101055,Cellora,CE-2305,False,False,False
BAT-2W-101056,Cellora,CE-2401,False,False,False
BAT-3W-101057,Kyron,KY-2407,False,False,False
BAT-3W-101058,Cellora,CE-2403,False,False,False
BAT-2W-101059,Amptek,AM-2409,False,False,False
BAT-2W-101060,Cellora,CE-2402,False,True,False
BAT-2W-101061,Amptek,AM-2503,False,False,False
BAT-2W-101062,Cellora,CE-2408,False,False,False
BAT-3W-101063,Cellora,CE-2411,False,False,False
BAT-2W-101064,Cellora,CE-2409,False,False,False
BAT-3W-101065,Cellora,CE-2307,False,False,False
BAT-2W-101066,Cellora,CE-2406,False,False,False
BAT-2W-101067,Cellora,CE-2306,False,False,False
BAT-3W-101068,Amptek,AM-2406,False,False,False
BAT-2W-101069,Cellora,CE-2404,False,False,False
BAT-3W-101070,Kyron,KY-2407,False,False,False
BAT-3W-101071,Kyron,KY-2415,False,False,False
BAT-2W-101072,Amptek,AM-2412,False,False,False
BAT-2W-101073,Kyron,KY-2407,True,False,False
BAT-2W-101074,Kyron,KY-2407,False,False,False
BAT-2W-101075,Kyron,KY-2407,True,False,True
BAT-3W-101076,Kyron,KY-2410,False,False,False
BAT-2W-101077,Kyron,KY-2409,False,False,False
BAT-2W-101078,Cellora,CE-2310,False,True,False
BAT-3W-101079,Amptek,AM-2412,False,False,False
BAT-2W-101080,Kyron,KY-2407,True,False,True
BAT-2W-101081,Kyron,KY-2409,True,False,False
BAT-2W-101082,Cellora,CE-2501,False,False,False
BAT-2W-101083,Amptek,AM-2408,False,False,False
BAT-3W-101084,Kyron,KY-2410,False,False,False
BAT-2W-101085,Cellora,CE-2410,False,False,False
BAT-2W-101086,Cellora,CE-2304,False,False,False
BAT-2W-101087,Cellora,CE-2307,False,False,False
BAT-2W-101088,Cellora,CE-2303,False,False,False
BAT-2W-101089,Kyron,KY-2407,False,False,True
BAT-2W-101090,Cellora,CE-2401,False,False,False
BAT-2W-101091,Amptek,AM-2407,False,False,False
BAT-2W-101092,Cellora,CE-2412,False,True,False
BAT-2W-101093,Cellora,CE-2402,False,False,False
BAT-2W-101094,Amptek,AM-2411,False,False,False
BAT-2W-101095,Cellora,CE-2306,False,False,False
BAT-2W-101096,Kyron,KY-2407,False,False,False
BAT-2W-101097,Cellora,CE-2308,False,False,False
BAT-2W-101098,Cellora,CE-2406,False,False,False
BAT-2W-101099,Kyron,KY-2409,False,False,False
BAT-2W-101100,Amptek,AM-2409,False,True,False
BAT-2W-101101,Cellora,CE-2504,False,False,False
BAT-3W-101102,Cellora,CE-2311,False,False,False
BAT-2W-101103,Kyron,KY-2407,False,False,False
BAT-3W-101104,Cellora,CE-2310,False,False,False
BAT-3W-101105,Cellora,CE-2409,False,False,False
BAT-2W-101106,Cellora,CE-2408,False,False,False
BAT-2W-101107,Cellora,CE-2407,False,False,False
BAT-2W-101108,Cellora,CE-2309,False,False,False
BAT-2W-101109,Kyron,KY-2408,True,False,True
BAT-2W-101110,Kyron,KY-2407,True,False,True
BAT-2W-101111,Kyron,KY-2409,False,False,False
BAT-2W-101112,Cellora,CE-2306,False,True,False
BAT-2W-101113,Cellora,CE-2411,False,False,False
BAT-2W-101114,Kyron,KY-2409,True,False,True
BAT-2W-101115,Cellora,CE-2504,False,False,False
BAT-3W-101116,Amptek,AM-2504,False,False,False
BAT-2W-101117,Amptek,AM-2407,False,False,False
BAT-2W-101118,Cellora,CE-2305,False,False,False
BAT-2W-101119,Kyron,KY-2409,False,False,False
BAT-2W-101120,Cellora,CE-2404,False,False,False
BAT-2W-101121,Amptek,AM-2409,False,False,False
BAT-2W-101122,Amptek,AM-2502,False,False,False
BAT-2W-101123,Cellora,CE-2310,False,False,False
BAT-2W-101124,Cellora,CE-2504,False,False,False
BAT-3W-101125,Cellora,CE-2308,False,False,False
BAT-2W-101126,Kyron,KY-2409,False,False,False
BAT-2W-101127,Cellora,CE-2406,False,False,False
BAT-2W-101128,Kyron,KY-2407,False,False,False
BAT-2W-101129,Cellora,CE-2404,False,False,False
BAT-2W-101130,Cellora,CE-2312,False,False,False
BAT-2W-101131,Cellora,CE-2410,False,True,False
BAT-2W-101132,Amptek,AM-2504,False,False,False
BAT-2W-101133,Cellora,CE-2501,False,False,False
BAT-3W-101134,Cellora,CE-2408,False,False,False
BAT-2W-101135,Amptek,AM-2406,False,False,False
BAT-2W-101136,Cellora,CE-2505,False,False,False
BAT-3W-101137,Kyron,KY-2414,False,False,False
BAT-2W-101138,Cellora,CE-2401,False,False,False
BAT-2W-101139,Amptek,AM-2409,False,True,False
BAT-2W-101140,Kyron,KY-2408,False,False,False
BAT-2W-101141,Kyron,KY-2409,False,False,False
BAT-2W-101142,Cellora,CE-2504,False,False,False
BAT-2W-101143,Cellora,CE-2408,False,False,False
BAT-2W-101144,Cellora,CE-2411,False,False,False
BAT-2W-101145,Cellora,CE-2411,False,False,False
BAT-3W-101146,Cellora,CE-2401,False,False,False
BAT-2W-101147,Cellora,CE-2408,False,False,False
BAT-2W-101148,Cellora,CE-2307,False,False,False
BAT-2W-101149,Amptek,AM-2412,False,False,False
BAT-2W-101150,Amptek,AM-2412,False,False,False
BAT-3W-101151,Kyron,KY-2412,False,False,False
BAT-2W-101152,Cellora,CE-2307,False,True,False
BAT-2W-101153,Cellora,CE-2305,False,False,False
BAT-2W-101154,Amptek,AM-2409,False,False,False
BAT-2W-101155,Cellora,CE-2412,False,False,False
BAT-2W-101156,Cellora,CE-2407,False,False,False
BAT-2W-101157,Cellora,CE-2410,False,False,False
BAT-2W-101158,Kyron,KY-2409,True,False,True
BAT-2W-101159,Kyron,KY-2407,True,False,True
BAT-2W-101160,Amptek,AM-2504,False,False,False
BAT-2W-101161,Cellora,CE-2311,False,True,False
BAT-2W-101162,Kyron,KY-2409,True,False,False
BAT-2W-101163,Cellora,CE-2502,False,False,False
BAT-2W-101164,Cellora,CE-2502,False,False,False
BAT-2W-101165,Cellora,CE-2404,False,True,False
BAT-2W-101166,Kyron,KY-2407,True,False,True
BAT-3W-101167,Cellora,CE-2404,False,False,False
BAT-2W-101168,Amptek,AM-2411,False,False,False
BAT-2W-101169,Cellora,CE-2412,False,False,False
BAT-2W-101170,Kyron,KY-2407,True,False,True
BAT-2W-101171,Cellora,CE-2405,False,False,False
BAT-2W-101172,Cellora,CE-2403,False,False,False
BAT-2W-101173,Kyron,KY-2409,False,False,False
BAT-2W-101174,Cellora,CE-2401,False,False,False
BAT-2W-101175,Amptek,AM-2502,False,False,False
BAT-2W-101176,Cellora,CE-2307,False,False,False
BAT-3W-101177,Cellora,CE-2501,False,False,False
BAT-2W-101178,Kyron,KY-2407,False,False,False
BAT-2W-101179,Amptek,AM-2405,False,True,False
BAT-2W-101180,Cellora,CE-2303,False,False,False
BAT-3W-101181,Cellora,CE-2403,False,False,False
BAT-2W-101182,Cellora,CE-2505,False,False,False
BAT-2W-101183,Kyron,KY-2409,True,False,True
BAT-2W-101184,Amptek,AM-2409,False,False,False
BAT-2W-101185,Cellora,CE-2311,False,False,False
BAT-2W-101186,Cellora,CE-2309,False,False,False
BAT-3W-101187,Cellora,CE-2407,False,False,False
BAT-2W-101188,Kyron,KY-2408,True,False,True
BAT-2W-101189,Cellora,CE-2405,False,False,False
BAT-2W-101190,Kyron,KY-2408,False,False,False
BAT-2W-101191,Kyron,KY-2408,True,False,True
BAT-2W-101192,Cellora,CE-2403,False,True,False
BAT-3W-101193,Cellora,CE-2403,False,False,False
BAT-2W-101194,Amptek,AM-2505,False,False,False
BAT-2W-101195,Kyron,KY-2409,True,False,True
BAT-2W-101196,Cellora,CE-2304,False,False,False
BAT-2W-101197,Kyron,KY-2409,False,False,False
BAT-2W-101198,Amptek,AM-2404,False,False,False
BAT-3W-101199,Amptek,AM-2411,False,False,False
BAT-3W-101200,Cellora,CE-2501,False,False,False
BAT-2W-101201,Amptek,AM-2404,False,False,False
BAT-3W-101202,Amptek,AM-2404,False,False,False
BAT-2W-101203,Kyron,KY-2408,True,False,True
BAT-2W-101204,Kyron,KY-2408,True,False,False
BAT-2W-101205,Cellora,CE-2312,False,False,False
BAT-2W-101206,Kyron,KY-2409,True,False,True
BAT-2W-101207,Cellora,CE-2309,False,False,False
BAT-3W-101208,Cellora,CE-2505,False,False,False
BAT-3W-101209,Cellora,CE-2406,False,False,False
BAT-3W-101210,Cellora,CE-2408,False,False,False
BAT-2W-101211,Cellora,CE-2408,False,True,False
BAT-2W-101212,Amptek,AM-2409,False,False,False
BAT-2W-101213,Cellora,CE-2306,False,True,False
BAT-3W-101214,Cellora,CE-2401,False,False,False
BAT-2W-101215,Kyron,KY-2407,False,False,False
BAT-2W-101216,Amptek,AM-2505,False,False,False
BAT-2W-101217,Amptek,AM-2408,False,False,False
BAT-2W-101218,Cellora,CE-2308,False,False,False
BAT-2W-101219,Kyron,KY-2408,False,False,False
BAT-2W-101220,Cellora,CE-2501,False,False,False
BAT-2W-101221,Cellora,CE-2412,False,False,False
BAT-2W-101222,Cellora,CE-2406,False,False,False
BAT-2W-101223,Amptek,AM-2409,False,False,False
BAT-2W-101224,Cellora,CE-2405,False,False,False
BAT-2W-101225,Cellora,CE-2409,False,False,False
BAT-3W-101226,Cellora,CE-2401,False,False,False
BAT-2W-101227,Kyron,KY-2408,False,False,False
BAT-2W-101228,Kyron,KY-2407,True,False,False
BAT-2W-101229,Cellora,CE-2412,False,False,False
BAT-2W-101230,Cellora,CE-2304,False,False,False
BAT-3W-101231,Cellora,CE-2404,False,False,False
BAT-3W-101232,Amptek,AM-2502,False,False,False
BAT-2W-101233,Amptek,AM-2506,False,False,False
BAT-2W-101234,Amptek,AM-2411,False,False,False
BAT-2W-101235,Cellora,CE-2503,False,False,False
BAT-2W-101236,Kyron,KY-2408,True,False,True
BAT-3W-101237,Kyron,KY-2413,False,False,False
BAT-2W-101238,Amptek,AM-2405,False,False,False
BAT-2W-101239,Amptek,AM-2506,False,False,False
BAT-2W-101240,Kyron,KY-2409,True,False,True
BAT-3W-101241,Kyron,KY-2407,False,False,False
BAT-3W-101242,Amptek,AM-2407,False,False,False
BAT-2W-101243,Cellora,CE-2502,False,False,False
BAT-2W-101244,Kyron,KY-2408,False,False,False
BAT-2W-101245,Cellora,CE-2404,False,False,False
BAT-3W-101246,Kyron,KY-2418,False,False,False
BAT-2W-101247,Amptek,AM-2403,False,False,False
BAT-2W-101248,Amptek,AM-2501,False,True,False
BAT-3W-101249,Cellora,CE-2505,False,False,False
BAT-2W-101250,Kyron,KY-2408,True,False,True
BAT-2W-101251,Kyron,KY-2409,True,False,True
BAT-2W-101252,Kyron,KY-2409,False,False,False
BAT-2W-101253,Cellora,CE-2402,False,True,False
BAT-2W-101254,Kyron,KY-2408,True,False,True
BAT-2W-101255,Kyron,KY-2408,False,False,False
BAT-2W-101256,Cellora,CE-2401,False,False,False
BAT-2W-101257,Amptek,AM-2409,False,False,False
BAT-2W-101258,Kyron,KY-2407,True,False,True
BAT-2W-101259,Kyron,KY-2409,True,False,True
BAT-2W-101260,Cellora,CE-2409,False,False,False
BAT-3W-101261,Cellora,CE-2309,False,False,False
BAT-2W-101262,Kyron,KY-2407,False,False,False
BAT-3W-101263,Kyron,KY-2411,False,False,False
BAT-2W-101264,Kyron,KY-2408,False,False,False
BAT-2W-101265,Kyron,KY-2407,False,False,False
BAT-2W-101266,Cellora,CE-2309,False,False,False
BAT-2W-101267,Cellora,CE-2407,False,True,False
BAT-2W-101268,Kyron,KY-2407,False,False,False
BAT-3W-101269,Cellora,CE-2305,False,False,False
BAT-2W-101270,Cellora,CE-2404,False,True,False
BAT-2W-101271,Amptek,AM-2410,False,False,False
BAT-3W-101272,Amptek,AM-2407,False,False,False
BAT-3W-101273,Cellora,CE-2307,False,False,False
BAT-3W-101274,Cellora,CE-2503,False,False,False
BAT-2W-101275,Cellora,CE-2504,False,False,False
BAT-2W-101276,Amptek,AM-2404,False,True,False
BAT-2W-101277,Amptek,AM-2407,False,False,False
BAT-2W-101278,Cellora,CE-2403,False,False,False
BAT-2W-101279,Amptek,AM-2504,False,False,False
BAT-2W-101280,Cellora,CE-2406,False,False,False
BAT-3W-101281,Amptek,AM-2505,False,False,False
BAT-2W-101282,Amptek,AM-2407,False,False,False
BAT-2W-101283,Amptek,AM-2501,False,False,False
BAT-2W-101284,Kyron,KY-2408,True,False,True
BAT-2W-101285,Cellora,CE-2405,False,False,False
BAT-3W-101286,Cellora,CE-2503,False,False,False
BAT-2W-101287,Kyron,KY-2409,False,False,False
BAT-2W-101288,Cellora,CE-2412,False,False,False
BAT-2W-101289,Cellora,CE-2412,False,False,False
BAT-2W-101290,Cellora,CE-2501,False,False,False
BAT-2W-101291,Cellora,CE-2505,False,False,False
BAT-3W-101292,Cellora,CE-2407,False,False,False
BAT-2W-101293,Cellora,CE-2312,False,False,False
BAT-2W-101294,Cellora,CE-2312,False,False,False
BAT-2W-101295,Amptek,AM-2406,False,False,False
BAT-3W-101296,Cellora,CE-2311,False,False,False
BAT-2W-101297,Cellora,CE-2305,False,False,False
BAT-2W-101298,Cellora,CE-2412,False,False,False
BAT-2W-101299,Kyron,KY-2408,False,False,False
BAT-2W-101300,Cellora,CE-2402,False,False,False
BAT-2W-101301,Cellora,CE-2306,False,False,False
BAT-2W-101302,Cellora,CE-2309,False,False,False
BAT-2W-101303,Cellora,CE-2312,False,False,False
BAT-2W-101304,Kyron,KY-2407,False,False,False
BAT-2W-101305,Kyron,KY-2407,True,False,True
BAT-2W-101306,Kyron,KY-2408,True,False,True
BAT-3W-101307,Cellora,CE-2308,False,False,False
BAT-2W-101308,Kyron,KY-2407,False,False,False
BAT-2W-101309,Kyron,KY-2409,True,False,True
BAT-2W-101310,Cellora,CE-2308,False,False,False
BAT-2W-101311,Cellora,CE-2503,False,False,False
BAT-2W-101312,Amptek,AM-2403,False,False,False
BAT-2W-101313,Amptek,AM-2404,False,False,False
BAT-2W-101314,Kyron,KY-2407,True,False,True
BAT-2W-101315,Cellora,CE-2304,False,False,False
BAT-2W-101316,Kyron,KY-2409,False,False,True
BAT-2W-101317,Cellora,CE-2504,False,False,False
BAT-2W-101318,Kyron,KY-2408,False,False,False
BAT-2W-101319,Amptek,AM-2502,False,False,False
BAT-2W-101320,Cellora,CE-2312,False,True,False
BAT-3W-101321,Kyron,KY-2409,False,False,False
BAT-3W-101322,Cellora,CE-2309,False,False,False
BAT-2W-101323,Cellora,CE-2406,False,True,False
BAT-2W-101324,Cellora,CE-2305,False,False,False
BAT-2W-101325,Amptek,AM-2403,False,False,False
BAT-2W-101326,Kyron,KY-2409,False,False,False
BAT-2W-101327,Cellora,CE-2403,False,True,False
BAT-3W-101328,Kyron,KY-2411,False,False,False
BAT-3W-101329,Cellora,CE-2403,False,False,False
BAT-2W-101330,Kyron,KY-2408,True,False,False
BAT-2W-101331,Cellora,CE-2404,False,False,False
BAT-2W-101332,Cellora,CE-2305,False,False,False
BAT-2W-101333,Cellora,CE-2502,False,False,False
BAT-2W-101334,Kyron,KY-2407,False,False,False
BAT-2W-101335,Cellora,CE-2408,False,False,False
BAT-2W-101336,Cellora,CE-2403,False,False,False
BAT-2W-101337,Cellora,CE-2312,False,False,False
BAT-3W-101338,Cellora,CE-2402,False,False,False
BAT-2W-101339,Cellora,CE-2503,False,False,False
BAT-2W-101340,Cellora,CE-2306,False,False,False
BAT-3W-101341,Cellora,CE-2404,False,False,False
BAT-2W-101342,Cellora,CE-2402,False,True,False
BAT-3W-101343,Kyron,KY-2414,False,False,False
BAT-3W-101344,Cellora,CE-2406,False,False,False
BAT-2W-101345,Cellora,CE-2305,False,False,False
BAT-2W-101346,Cellora,CE-2406,False,False,False
BAT-2W-101347,Kyron,KY-2408,False,False,True
BAT-2W-101348,Kyron,KY-2409,False,False,False
BAT-2W-101349,Kyron,KY-2409,False,False,False
BAT-2W-101350,Amptek,AM-2505,False,False,False
BAT-2W-101351,Cellora,CE-2303,False,False,False
BAT-2W-101352,Amptek,AM-2410,False,True,False
BAT-2W-101353,Cellora,CE-2402,False,False,False
BAT-2W-101354,Cellora,CE-2306,False,False,False
BAT-3W-101355,Cellora,CE-2505,False,False,False
BAT-2W-101356,Amptek,AM-2506,False,False,False
BAT-2W-101357,Cellora,CE-2407,False,False,False
BAT-2W-101358,Cellora,CE-2307,False,True,False
BAT-3W-101359,Cellora,CE-2409,False,False,False
BAT-2W-101360,Kyron,KY-2409,False,False,False
BAT-2W-101361,Cellora,CE-2407,False,False,False
BAT-2W-101362,Cellora,CE-2409,False,False,False
BAT-2W-101363,Amptek,AM-2406,False,False,False
BAT-2W-101364,Amptek,AM-2404,False,False,False
BAT-2W-101365,Cellora,CE-2305,False,False,False
BAT-2W-101366,Kyron,KY-2408,True,False,True
BAT-2W-101367,Kyron,KY-2408,True,False,True
BAT-2W-101368,Cellora,CE-2412,False,False,False
BAT-3W-101369,Cellora,CE-2308,False,False,False
BAT-3W-101370,Cellora,CE-2308,False,False,False
BAT-2W-101371,Kyron,KY-2407,False,False,False
BAT-2W-101372,Kyron,KY-2409,False,False,False
BAT-3W-101373,Cellora,CE-2307,False,False,False
BAT-2W-101374,Cellora,CE-2501,False,False,False
BAT-2W-101375,Cellora,CE-2306,False,False,False
BAT-2W-101376,Cellora,CE-2412,False,False,False
BAT-2W-101377,Amptek,AM-2409,False,False,False
BAT-2W-101378,Cellora,CE-2305,False,False,False
BAT-2W-101379,Cellora,CE-2402,False,False,False
BAT-2W-101380,Cellora,CE-2303,False,False,False
BAT-2W-101381,Kyron,KY-2407,True,False,True
BAT-3W-101382,Amptek,AM-2412,False,False,False
BAT-2W-101383,Cellora,CE-2410,False,True,False
BAT-2W-101384,Cellora,CE-2408,False,False,False
BAT-2W-101385,Kyron,KY-2407,False,False,False
BAT-3W-101386,Cellora,CE-2502,False,False,False
BAT-2W-101387,Cellora,CE-2304,False,False,False
BAT-2W-101388,Cellora,CE-2409,False,False,False
BAT-2W-101389,Amptek,AM-2505,False,False,False
BAT-3W-101390,Kyron,KY-2410,False,False,False
BAT-2W-101391,Cellora,CE-2501,False,True,False
BAT-2W-101392,Amptek,AM-2505,False,False,False
BAT-3W-101393,Cellora,CE-2405,False,False,False
BAT-3W-101394,Cellora,CE-2303,False,False,False
BAT-2W-101395,Cellora,CE-2412,False,False,False
BAT-2W-101396,Amptek,AM-2504,False,False,False
BAT-2W-101397,Cellora,CE-2412,False,False,False
BAT-3W-101398,Amptek,AM-2404,False,False,False
BAT-2W-101399,Cellora,CE-2407,False,False,False
BAT-2W-101400,Cellora,CE-2505,False,False,False
BAT-2W-101401,Kyron,KY-2409,True,False,True
BAT-2W-101402,Cellora,CE-2505,False,False,False
BAT-2W-101403,Amptek,AM-2406,False,False,False
BAT-3W-101404,Amptek,AM-2410,False,False,False
BAT-2W-101405,Cellora,CE-2308,False,False,False
BAT-3W-101406,Cellora,CE-2309,False,False,False
BAT-2W-101407,Cellora,CE-2407,False,False,False
BAT-2W-101408,Kyron,KY-2407,True,False,True
BAT-2W-101409,Amptek,AM-2502,False,False,False
BAT-3W-101410,Cellora,CE-2307,False,False,False
BAT-2W-101411,Cellora,CE-2401,False,True,False
BAT-2W-101412,Kyron,KY-2407,True,False,False
BAT-3W-101413,Cellora,CE-2408,False,False,False
BAT-2W-101414,Kyron,KY-2409,False,False,False
BAT-2W-101415,Cellora,CE-2503,False,False,False
BAT-3W-101416,Amptek,AM-2406,False,False,False
BAT-3W-101417,Kyron,KY-2415,False,False,False
BAT-2W-101418,Cellora,CE-2310,False,False,False
BAT-2W-101419,Kyron,KY-2407,True,False,True
BAT-2W-101420,Cellora,CE-2407,False,False,False
BAT-3W-101421,Cellora,CE-2303,False,False,False
BAT-2W-101422,Amptek,AM-2501,False,False,False
BAT-2W-101423,Cellora,CE-2405,False,False,False
BAT-2W-101424,Amptek,AM-2503,False,False,False
BAT-2W-101425,Cellora,CE-2403,False,True,False
BAT-3W-101426,Amptek,AM-2503,False,False,False
BAT-2W-101427,Amptek,AM-2503,False,False,False
BAT-2W-101428,Cellora,CE-2405,False,False,False
BAT-2W-101429,Cellora,CE-2306,False,False,False
BAT-2W-101430,Amptek,AM-2407,False,False,False
BAT-2W-101431,Amptek,AM-2408,False,True,False
BAT-2W-101432,Cellora,CE-2307,False,False,False
BAT-2W-101433,Cellora,CE-2308,False,False,False
BAT-2W-101434,Cellora,CE-2404,False,False,False
BAT-2W-101435,Cellora,CE-2408,False,False,False
BAT-2W-101436,Cellora,CE-2407,False,True,False
BAT-2W-101437,Cellora,CE-2409,False,True,False
BAT-2W-101438,Kyron,KY-2408,True,False,True
BAT-2W-101439,Cellora,CE-2403,False,False,False
BAT-2W-101440,Cellora,CE-2411,False,False,False
BAT-2W-101441,Cellora,CE-2304,False,False,False
BAT-2W-101442,Cellora,CE-2402,False,False,False
BAT-2W-101443,Cellora,CE-2408,False,False,False
BAT-3W-101444,Kyron,KY-2408,False,False,False
BAT-3W-101445,Kyron,KY-2409,False,False,False
BAT-3W-101446,Cellora,CE-2311,False,False,False
BAT-2W-101447,Amptek,AM-2409,False,True,False
BAT-2W-101448,Cellora,CE-2309,False,True,False
BAT-2W-101449,Kyron,KY-2408,False,False,False
BAT-2W-101450,Amptek,AM-2410,False,False,False
BAT-2W-101451,Kyron,KY-2409,True,False,False
BAT-2W-101452,Kyron,KY-2408,False,False,False
BAT-2W-101453,Amptek,AM-2404,False,False,False
BAT-2W-101454,Amptek,AM-2406,False,False,False
BAT-2W-101455,Amptek,AM-2403,False,False,False
BAT-2W-101456,Cellora,CE-2504,False,False,False
BAT-2W-101457,Cellora,CE-2312,False,True,False
BAT-2W-101458,Cellora,CE-2411,False,False,False
BAT-2W-101459,Amptek,AM-2406,False,False,False
BAT-2W-101460,Amptek,AM-2504,False,True,False
BAT-2W-101461,Cellora,CE-2408,False,False,False
BAT-3W-101462,Cellora,CE-2503,False,False,False
BAT-2W-101463,Cellora,CE-2310,False,True,False
BAT-3W-101464,Cellora,CE-2411,False,False,False
BAT-2W-101465,Cellora,CE-2406,False,False,False
BAT-2W-101466,Cellora,CE-2410,False,False,False
BAT-2W-101467,Amptek,AM-2501,False,True,False
BAT-2W-101468,Cellora,CE-2501,False,False,False
BAT-2W-101469,Amptek,AM-2406,False,False,False
BAT-2W-101470,Amptek,AM-2406,False,False,False
BAT-2W-101471,Kyron,KY-2408,True,False,True
BAT-2W-101472,Cellora,CE-2310,False,False,False
BAT-2W-101473,Kyron,KY-2409,False,False,False
BAT-2W-101474,Cellora,CE-2412,False,True,False
BAT-3W-101475,Cellora,CE-2406,False,False,False
BAT-2W-101476,Kyron,KY-2407,True,False,False
BAT-2W-101477,Kyron,KY-2409,False,False,False
BAT-3W-101478,Cellora,CE-2304,False,False,False
BAT-2W-101479,Kyron,KY-2409,True,False,False
BAT-2W-101480,Cellora,CE-2408,False,False,False
BAT-2W-101481,Kyron,KY-2409,False,False,True
BAT-2W-101482,Cellora,CE-2312,False,False,False
BAT-2W-101483,Amptek,AM-2411,False,False,False
BAT-2W-101484,Cellora,CE-2308,False,False,False
BAT-2W-101485,Cellora,CE-2304,False,False,False
BAT-2W-101486,Kyron,KY-2407,False,False,False
BAT-2W-101487,Kyron,KY-2409,False,False,False
BAT-2W-101488,Kyron,KY-2408,True,False,True
BAT-2W-101489,Cellora,CE-2402,False,False,False
BAT-2W-101490,Cellora,CE-2308,False,True,False
BAT-2W-101491,Amptek,AM-2405,False,False,False
BAT-3W-101492,Amptek,AM-2408,False,False,False
BAT-2W-101493,Cellora,CE-2402,False,False,False
BAT-2W-101494,Cellora,CE-2408,False,False,False
BAT-2W-101495,Cellora,CE-2311,False,False,False
BAT-2W-101496,Amptek,AM-2506,False,False,False
BAT-2W-101497,Kyron,KY-2408,False,False,False
BAT-2W-101498,Cellora,CE-2310,False,False,False
BAT-2W-101499,Cellora,CE-2404,False,False,False
BAT-2W-101500,Cellora,CE-2310,False,False,False
BAT-3W-101501,Amptek,AM-2501,False,False,False
BAT-2W-101502,Cellora,CE-2310,False,False,False
BAT-2W-101503,Cellora,CE-2303,False,False,False
BAT-3W-101504,Cellora,CE-2305,False,False,False
BAT-2W-101505,Amptek,AM-2404,False,True,False
BAT-3W-101506,Cellora,CE-2505,False,False,False
BAT-2W-101507,Kyron,KY-2409,True,False,True
BAT-2W-101508,Cellora,CE-2402,False,False,False
BAT-2W-101509,Cellora,CE-2403,False,False,False
BAT-2W-101510,Amptek,AM-2405,False,False,False
BAT-2W-101511,Amptek,AM-2506,False,True,False
BAT-2W-101512,Amptek,AM-2408,False,False,False
BAT-2W-101513,Cellora,CE-2410,False,False,False
BAT-2W-101514,Cellora,CE-2504,False,False,False
BAT-2W-101515,Cellora,CE-2307,False,False,False
BAT-2W-101516,Kyron,KY-2409,False,False,False
BAT-3W-101517,Amptek,AM-2408,False,False,False
BAT-2W-101518,Kyron,KY-2407,False,False,True
BAT-3W-101519,Amptek,AM-2504,False,False,False
BAT-2W-101520,Cellora,CE-2310,False,False,False
BAT-2W-101521,Cellora,CE-2401,False,True,False
BAT-3W-101522,Cellora,CE-2305,False,False,False
BAT-3W-101523,Cellora,CE-2311,False,False,False
BAT-2W-101524,Cellora,CE-2304,False,False,False
BAT-2W-101525,Kyron,KY-2409,True,False,True
BAT-2W-101526,Cellora,CE-2311,False,False,False
BAT-2W-101527,Cellora,CE-2303,False,False,False
BAT-2W-101528,Kyron,KY-2407,False,False,False
BAT-2W-101529,Cellora,CE-2503,False,False,False
BAT-2W-101530,Cellora,CE-2312,False,False,False
BAT-2W-101531,Kyron,KY-2409,True,False,True
BAT-2W-101532,Cellora,CE-2406,False,False,False
BAT-3W-101533,Amptek,AM-2407,False,False,False
BAT-2W-101534,Cellora,CE-2306,False,False,False
BAT-2W-101535,Kyron,KY-2408,False,False,True
BAT-2W-101536,Kyron,KY-2408,False,False,False
BAT-3W-101537,Cellora,CE-2409,False,False,False
BAT-2W-101538,Cellora,CE-2309,False,True,False
BAT-2W-101539,Kyron,KY-2408,False,False,False
BAT-2W-101540,Cellora,CE-2308,False,False,False
BAT-2W-101541,Kyron,KY-2408,False,False,True
BAT-2W-101542,Amptek,AM-2503,False,False,False
BAT-2W-101543,Kyron,KY-2408,True,False,True
BAT-2W-101544,Kyron,KY-2409,True,False,True
BAT-2W-101545,Cellora,CE-2401,False,False,False
BAT-2W-101546,Kyron,KY-2409,True,False,True
BAT-2W-101547,Amptek,AM-2404,False,False,False
BAT-2W-101548,Kyron,KY-2409,True,False,True
BAT-3W-101549,Amptek,AM-2405,False,False,False
BAT-2W-101550,Cellora,CE-2310,False,False,False
BAT-2W-101551,Amptek,AM-2410,False,False,False
BAT-2W-101552,Cellora,CE-2505,False,False,False
BAT-3W-101553,Kyron,KY-2411,False,False,False
BAT-2W-101554,Cellora,CE-2504,False,False,False
BAT-2W-101555,Cellora,CE-2411,False,False,False
BAT-2W-101556,Amptek,AM-2410,False,True,False
BAT-2W-101557,Amptek,AM-2408,False,False,False
BAT-2W-101558,Amptek,AM-2410,False,False,False
BAT-3W-101559,Kyron,KY-2416,False,False,False
BAT-2W-101560,Kyron,KY-2407,True,False,False
BAT-2W-101561,Kyron,KY-2409,True,False,False
BAT-2W-101562,Cellora,CE-2312,False,False,False
BAT-2W-101563,Cellora,CE-2502,False,False,False
BAT-2W-101564,Kyron,KY-2409,True,False,True
BAT-2W-101565,Cellora,CE-2406,False,False,False
BAT-2W-101566,Cellora,CE-2404,False,False,False
BAT-3W-101567,Kyron,KY-2409,False,False,False
BAT-2W-101568,Kyron,KY-2409,False,False,False
BAT-3W-101569,Cellora,CE-2408,False,False,False
BAT-2W-101570,Cellora,CE-2503,False,False,False
BAT-2W-101571,Cellora,CE-2409,False,False,False
BAT-2W-101572,Cellora,CE-2304,False,False,False
BAT-2W-101573,Cellora,CE-2409,False,False,False
BAT-2W-101574,Kyron,KY-2408,True,False,True
BAT-2W-101575,Cellora,CE-2405,False,True,False
BAT-2W-101576,Kyron,KY-2408,True,False,False
BAT-2W-101577,Cellora,CE-2304,False,True,False
BAT-2W-101578,Cellora,CE-2309,False,False,False
BAT-2W-101579,Cellora,CE-2412,False,False,False
BAT-2W-101580,Cellora,CE-2312,False,False,False
BAT-2W-101581,Cellora,CE-2503,False,False,False
BAT-2W-101582,Kyron,KY-2408,False,False,False
BAT-2W-101583,Cellora,CE-2401,False,False,False
BAT-2W-101584,Cellora,CE-2310,False,False,False
BAT-2W-101585,Kyron,KY-2409,False,False,True
BAT-2W-101586,Kyron,KY-2407,True,False,True
BAT-2W-101587,Kyron,KY-2407,False,False,False
BAT-3W-101588,Cellora,CE-2504,False,False,False
BAT-3W-101589,Kyron,KY-2408,False,False,False
BAT-2W-101590,Cellora,CE-2505,False,False,False
BAT-3W-101591,Amptek,AM-2404,False,False,False
BAT-2W-101592,Cellora,CE-2312,False,False,False
BAT-2W-101593,Cellora,CE-2311,False,False,False
BAT-2W-101594,Cellora,CE-2408,False,False,False
BAT-2W-101595,Cellora,CE-2411,False,False,False
BAT-2W-101596,Cellora,CE-2504,False,False,False
BAT-2W-101597,Kyron,KY-2408,False,False,False
BAT-2W-101598,Amptek,AM-2501,False,False,False
BAT-2W-101599,Cellora,CE-2312,False,False,False
BAT-2W-101600,Amptek,AM-2410,False,False,False
BAT-2W-101601,Cellora,CE-2312,False,False,False
BAT-3W-101602,Kyron,KY-2417,False,False,False
BAT-2W-101603,Amptek,AM-2504,False,False,False
BAT-2W-101604,Cellora,CE-2412,False,False,False
BAT-2W-101605,Kyron,KY-2408,True,False,True
BAT-2W-101606,Amptek,AM-2407,False,False,False
BAT-2W-101607,Cellora,CE-2304,False,False,False
BAT-2W-101608,Kyron,KY-2408,False,False,False
BAT-2W-101609,Kyron,KY-2407,True,False,False
BAT-2W-101610,Amptek,AM-2504,False,True,False
BAT-3W-101611,Cellora,CE-2404,False,False,False
BAT-3W-101612,Cellora,CE-2502,False,False,False
BAT-2W-101613,Cellora,CE-2404,False,False,False
BAT-2W-101614,Amptek,AM-2408,False,True,False
BAT-2W-101615,Cellora,CE-2410,False,False,False
BAT-2W-101616,Kyron,KY-2408,True,False,True
BAT-3W-101617,Cellora,CE-2411,False,False,False
BAT-2W-101618,Cellora,CE-2305,False,False,False
BAT-2W-101619,Cellora,CE-2505,False,False,False
BAT-2W-101620,Kyron,KY-2407,False,False,False
BAT-2W-101621,Kyron,KY-2408,True,False,True
BAT-3W-101622,Cellora,CE-2412,False,False,False
BAT-2W-101623,Cellora,CE-2405,False,False,False
BAT-2W-101624,Cellora,CE-2309,False,False,False
BAT-2W-101625,Amptek,AM-2403,False,False,False
BAT-2W-101626,Kyron,KY-2407,False,False,False
BAT-2W-101627,Cellora,CE-2404,False,False,False
BAT-2W-101628,Cellora,CE-2308,False,False,False
BAT-2W-101629,Kyron,KY-2409,False,False,False
BAT-2W-101630,Cellora,CE-2306,False,False,False
BAT-2W-101631,Cellora,CE-2405,False,False,False
BAT-3W-101632,Cellora,CE-2303,False,False,False
BAT-2W-101633,Amptek,AM-2407,False,False,False
BAT-2W-101634,Kyron,KY-2409,True,False,True
BAT-2W-101635,Cellora,CE-2503,False,False,False
BAT-2W-101636,Cellora,CE-2504,False,True,False
BAT-3W-101637,Kyron,KY-2409,False,False,False
BAT-2W-101638,Kyron,KY-2409,True,False,False
BAT-2W-101639,Cellora,CE-2403,False,True,False
BAT-2W-101640,Cellora,CE-2406,False,False,False
BAT-2W-101641,Cellora,CE-2403,False,False,False
BAT-2W-101642,Cellora,CE-2308,False,True,False
BAT-2W-101643,Kyron,KY-2407,True,False,True
BAT-2W-101644,Cellora,CE-2401,False,False,False
BAT-2W-101645,Cellora,CE-2307,False,False,False
BAT-2W-101646,Amptek,AM-2410,False,False,False
BAT-2W-101647,Amptek,AM-2503,False,False,False
BAT-2W-101648,Cellora,CE-2404,False,False,False
BAT-2W-101649,Cellora,CE-2407,False,False,False
BAT-2W-101650,Amptek,AM-2501,False,False,False
BAT-2W-101651,Cellora,CE-2408,False,False,False
BAT-3W-101652,Cellora,CE-2303,False,False,False
BAT-2W-101653,Kyron,KY-2409,False,False,False
BAT-2W-101654,Kyron,KY-2408,False,False,False
BAT-2W-101655,Cellora,CE-2502,False,False,False
BAT-2W-101656,Cellora,CE-2409,False,False,False
BAT-2W-101657,Kyron,KY-2409,True,False,True
BAT-3W-101658,Cellora,CE-2407,False,False,False
BAT-2W-101659,Cellora,CE-2303,False,False,False
BAT-3W-101660,Kyron,KY-2412,False,False,False
BAT-2W-101661,Kyron,KY-2409,True,False,True
BAT-2W-101662,Cellora,CE-2501,False,False,False
BAT-2W-101663,Cellora,CE-2403,False,False,False
BAT-2W-101664,Kyron,KY-2407,False,False,False
BAT-3W-101665,Kyron,KY-2415,False,False,False
BAT-2W-101666,Cellora,CE-2410,False,False,False
BAT-3W-101667,Cellora,CE-2502,False,False,False
BAT-2W-101668,Amptek,AM-2405,False,True,False
BAT-2W-101669,Cellora,CE-2405,False,False,False
BAT-2W-101670,Cellora,CE-2405,False,False,False
BAT-2W-101671,Cellora,CE-2304,False,False,False
BAT-2W-101672,Cellora,CE-2501,False,False,False
BAT-2W-101673,Cellora,CE-2308,False,False,False
BAT-2W-101674,Cellora,CE-2408,False,False,False
BAT-2W-101675,Kyron,KY-2408,False,False,False
BAT-3W-101676,Kyron,KY-2409,False,False,False
BAT-2W-101677,Amptek,AM-2405,False,False,False
BAT-2W-101678,Cellora,CE-2305,False,False,False
BAT-2W-101679,Cellora,CE-2503,False,False,False
BAT-2W-101680,Kyron,KY-2407,True,False,True
BAT-2W-101681,Cellora,CE-2309,False,True,False
BAT-2W-101682,Kyron,KY-2407,False,False,False
BAT-2W-101683,Cellora,CE-2312,False,False,False
BAT-2W-101684,Kyron,KY-2409,False,False,False
BAT-2W-101685,Kyron,KY-2408,False,False,False
BAT-2W-101686,Cellora,CE-2503,False,False,False
BAT-2W-101687,Kyron,KY-2409,False,False,True
BAT-2W-101688,Kyron,KY-2407,True,False,True
BAT-2W-101689,Kyron,KY-2409,True,False,True
BAT-2W-101690,Cellora,CE-2303,False,False,False
BAT-2W-101691,Cellora,CE-2411,False,False,False
BAT-2W-101692,Cellora,CE-2303,False,False,False
BAT-2W-101693,Cellora,CE-2502,False,False,False
BAT-2W-101694,Cellora,CE-2310,False,False,False
BAT-2W-101695,Cellora,CE-2309,False,False,False
BAT-2W-101696,Kyron,KY-2408,True,False,True
BAT-2W-101697,Cellora,CE-2505,False,False,False
BAT-2W-101698,Amptek,AM-2406,False,False,False
BAT-2W-101699,Kyron,KY-2407,True,False,True
BAT-3W-101700,Cellora,CE-2504,False,False,False
BAT-2W-101701,Cellora,CE-2306,False,False,False
BAT-2W-101702,Kyron,KY-2407,True,False,True
BAT-2W-101703,Kyron,KY-2409,False,False,False
BAT-2W-101704,Cellora,CE-2504,False,True,False
BAT-3W-101705,Kyron,KY-2417,False,False,False
BAT-2W-101706,Amptek,AM-2502,False,False,False
BAT-3W-101707,Kyron,KY-2415,False,False,False
BAT-2W-101708,Kyron,KY-2407,True,False,True
BAT-2W-101709,Kyron,KY-2408,False,False,False
BAT-2W-101710,Kyron,KY-2409,True,False,True
BAT-3W-101711,Cellora,CE-2403,False,False,False
BAT-2W-101712,Cellora,CE-2309,False,False,False
BAT-2W-101713,Kyron,KY-2407,True,False,False
BAT-2W-101714,Cellora,CE-2401,False,False,False
BAT-2W-101715,Cellora,CE-2501,False,False,False
BAT-2W-101716,Kyron,KY-2408,False,False,False
BAT-2W-101717,Cellora,CE-2308,False,False,False
BAT-2W-101718,Kyron,KY-2408,False,False,True
BAT-2W-101719,Kyron,KY-2407,False,False,False
BAT-2W-101720,Amptek,AM-2412,False,False,False
BAT-3W-101721,Cellora,CE-2312,False,False,False
BAT-2W-101722,Amptek,AM-2405,False,True,False
BAT-2W-101723,Kyron,KY-2408,True,False,False
BAT-3W-101724,Cellora,CE-2308,False,False,False
BAT-2W-101725,Cellora,CE-2410,False,True,False
BAT-2W-101726,Kyron,KY-2409,True,False,True
BAT-3W-101727,Cellora,CE-2408,False,False,False
BAT-2W-101728,Kyron,KY-2407,False,False,False
BAT-2W-101729,Cellora,CE-2306,False,False,False
BAT-2W-101730,Amptek,AM-2412,False,True,False
BAT-2W-101731,Cellora,CE-2412,False,False,False
BAT-2W-101732,Cellora,CE-2407,False,True,False
BAT-3W-101733,Cellora,CE-2407,False,False,False
BAT-2W-101734,Cellora,CE-2411,False,False,False
BAT-2W-101735,Amptek,AM-2503,False,False,False
BAT-2W-101736,Cellora,CE-2410,False,False,False
BAT-2W-101737,Amptek,AM-2412,False,True,False
BAT-2W-101738,Cellora,CE-2504,False,False,False
BAT-2W-101739,Kyron,KY-2408,False,False,False
BAT-2W-101740,Cellora,CE-2412,False,False,False
BAT-2W-101741,Amptek,AM-2406,False,True,False
BAT-2W-101742,Amptek,AM-2407,False,True,False
BAT-2W-101743,Kyron,KY-2409,False,False,True
BAT-2W-101744,Kyron,KY-2407,False,False,False
BAT-3W-101745,Cellora,CE-2403,False,False,False
BAT-3W-101746,Cellora,CE-2404,False,False,False
BAT-2W-101747,Cellora,CE-2309,False,False,False
BAT-2W-101748,Cellora,CE-2405,False,False,False
BAT-2W-101749,Kyron,KY-2408,False,False,False
BAT-2W-101750,Amptek,AM-2503,False,False,False
BAT-2W-101751,Cellora,CE-2304,False,True,False
BAT-3W-101752,Cellora,CE-2402,False,False,False
BAT-2W-101753,Kyron,KY-2409,False,False,False
BAT-2W-101754,Amptek,AM-2412,False,False,False
BAT-2W-101755,Cellora,CE-2411,False,False,False
BAT-2W-101756,Cellora,CE-2310,False,False,False
BAT-2W-101757,Cellora,CE-2501,False,True,False
BAT-2W-101758,Amptek,AM-2404,False,True,False
BAT-3W-101759,Amptek,AM-2406,False,False,False
BAT-2W-101760,Amptek,AM-2405,False,False,False
BAT-2W-101761,Cellora,CE-2505,False,False,False
BAT-2W-101762,Kyron,KY-2407,False,False,False
BAT-2W-101763,Kyron,KY-2408,True,False,True
BAT-2W-101764,Cellora,CE-2504,False,False,False
BAT-2W-101765,Cellora,CE-2409,False,True,False
BAT-3W-101766,Amptek,AM-2505,False,False,False
BAT-2W-101767,Kyron,KY-2408,False,False,False
BAT-2W-101768,Amptek,AM-2503,False,True,False
BAT-3W-101769,Cellora,CE-2307,False,False,False
BAT-2W-101770,Kyron,KY-2407,True,False,True
BAT-2W-101771,Kyron,KY-2408,True,False,True
BAT-2W-101772,Cellora,CE-2407,False,False,False
BAT-3W-101773,Cellora,CE-2312,False,False,False
BAT-2W-101774,Kyron,KY-2408,False,False,False
BAT-2W-101775,Cellora,CE-2410,False,False,False
BAT-2W-101776,Amptek,AM-2406,False,False,False
BAT-2W-101777,Kyron,KY-2409,False,False,False
BAT-2W-101778,Kyron,KY-2407,False,False,True
BAT-2W-101779,Amptek,AM-2405,False,False,False
BAT-3W-101780,Cellora,CE-2503,False,False,False
BAT-2W-101781,Cellora,CE-2409,False,False,False
BAT-3W-101782,Cellora,CE-2501,False,False,False
BAT-2W-101783,Cellora,CE-2409,False,False,False
BAT-3W-101784,Kyron,KY-2418,False,False,False
BAT-3W-101785,Amptek,AM-2409,False,False,False
BAT-2W-101786,Cellora,CE-2309,False,False,False
BAT-2W-101787,Cellora,CE-2312,False,False,False
BAT-2W-101788,Cellora,CE-2409,False,False,False
BAT-2W-101789,Amptek,AM-2407,False,False,False
BAT-2W-101790,Cellora,CE-2308,False,False,False
BAT-2W-101791,Cellora,CE-2403,False,False,False
BAT-2W-101792,Cellora,CE-2303,False,False,False
BAT-2W-101793,Cellora,CE-2505,False,False,False
BAT-2W-101794,Amptek,AM-2410,False,False,False
BAT-2W-101795,Cellora,CE-2503,False,False,False
BAT-3W-101796,Kyron,KY-2407,False,False,False
BAT-3W-101797,Cellora,CE-2304,False,False,False
BAT-2W-101798,Kyron,KY-2408,False,False,True
BAT-2W-101799,Cellora,CE-2411,False,False,False
BAT-2W-101800,Cellora,CE-2311,False,False,False
BAT-2W-101801,Cellora,CE-2408,False,False,False
BAT-2W-101802,Cellora,CE-2310,False,False,False
BAT-2W-101803,Cellora,CE-2404,False,False,False
BAT-2W-101804,Cellora,CE-2409,False,False,False
BAT-2W-101805,Cellora,CE-2410,False,False,False
BAT-2W-101806,Amptek,AM-2407,False,False,False
BAT-2W-101807,Cellora,CE-2411,False,False,False
BAT-2W-101808,Cellora,CE-2402,False,False,False
BAT-2W-101809,Kyron,KY-2408,True,False,True
BAT-2W-101810,Cellora,CE-2307,False,False,False
BAT-2W-101811,Kyron,KY-2407,True,False,True
BAT-2W-101812,Cellora,CE-2409,False,False,False
BAT-2W-101813,Kyron,KY-2408,True,False,True
BAT-2W-101814,Cellora,CE-2411,False,False,False
BAT-2W-101815,Kyron,KY-2409,True,False,True
BAT-2W-101816,Cellora,CE-2403,False,False,False
BAT-2W-101817,Cellora,CE-2411,False,False,False
BAT-3W-101818,Kyron,KY-2415,False,False,False
BAT-2W-101819,Cellora,CE-2312,False,False,False
BAT-3W-101820,Cellora,CE-2504,False,False,False
BAT-2W-101821,Amptek,AM-2409,False,False,False
BAT-2W-101822,Cellora,CE-2311,False,True,False
BAT-2W-101823,Kyron,KY-2409,False,False,False
BAT-2W-101824,Amptek,AM-2407,False,False,False
BAT-2W-101825,Cellora,CE-2408,False,False,False
BAT-2W-101826,Kyron,KY-2409,True,False,True
BAT-2W-101827,Cellora,CE-2402,False,False,False
BAT-2W-101828,Cellora,CE-2305,False,False,False
BAT-2W-101829,Cellora,CE-2309,False,False,False
BAT-3W-101830,Kyron,KY-2417,False,False,False
BAT-2W-101831,Amptek,AM-2501,False,True,False
BAT-2W-101832,Cellora,CE-2309,False,False,False
BAT-3W-101833,Cellora,CE-2402,False,False,False
BAT-2W-101834,Amptek,AM-2407,False,False,False
BAT-2W-101835,Cellora,CE-2407,False,False,False
BAT-2W-101836,Kyron,KY-2408,True,False,True
BAT-2W-101837,Kyron,KY-2407,True,False,False
BAT-2W-101838,Cellora,CE-2303,False,False,False
BAT-2W-101839,Kyron,KY-2409,True,False,True
BAT-2W-101840,Cellora,CE-2407,False,False,False
BAT-2W-101841,Cellora,CE-2504,False,False,False
BAT-2W-101842,Kyron,KY-2408,True,False,True
BAT-2W-101843,Kyron,KY-2409,False,False,False
BAT-2W-101844,Amptek,AM-2410,False,False,False
BAT-2W-101845,Amptek,AM-2409,False,False,False
BAT-2W-101846,Cellora,CE-2409,False,False,False
BAT-2W-101847,Kyron,KY-2407,False,False,True
BAT-2W-101848,Cellora,CE-2303,False,False,False
BAT-2W-101849,Kyron,KY-2407,True,False,True
BAT-2W-101850,Cellora,CE-2411,False,False,False
BAT-3W-101851,Amptek,AM-2407,False,False,False
BAT-2W-101852,Cellora,CE-2310,False,False,False
BAT-3W-101853,Kyron,KY-2407,False,False,False
BAT-2W-101854,Kyron,KY-2408,False,False,False
BAT-2W-101855,Kyron,KY-2407,True,False,True
BAT-2W-101856,Kyron,KY-2409,True,False,True
BAT-2W-101857,Amptek,AM-2408,False,False,False
BAT-2W-101858,Cellora,CE-2404,False,False,False
BAT-2W-101859,Cellora,CE-2304,False,False,False
BAT-2W-101860,Amptek,AM-2502,False,False,False
BAT-2W-101861,Amptek,AM-2502,False,False,False
BAT-2W-101862,Cellora,CE-2308,False,True,False
BAT-2W-101863,Cellora,CE-2308,False,False,False
BAT-2W-101864,Cellora,CE-2305,False,True,False
BAT-2W-101865,Amptek,AM-2409,False,False,False
BAT-2W-101866,Cellora,CE-2307,False,False,False
BAT-2W-101867,Cellora,CE-2311,False,False,False
BAT-2W-101868,Amptek,AM-2408,False,False,False
BAT-2W-101869,Cellora,CE-2307,False,True,False
BAT-3W-101870,Cellora,CE-2303,False,False,False
BAT-2W-101871,Amptek,AM-2411,False,False,False
BAT-2W-101872,Kyron,KY-2409,False,False,False
BAT-2W-101873,Cellora,CE-2404,False,True,False
BAT-2W-101874,Cellora,CE-2303,False,False,False
BAT-2W-101875,Kyron,KY-2408,False,False,False
BAT-2W-101876,Kyron,KY-2408,False,False,False
BAT-3W-101877,Kyron,KY-2408,False,False,False
BAT-2W-101878,Kyron,KY-2408,False,False,False
BAT-2W-101879,Cellora,CE-2303,False,True,False
BAT-2W-101880,Amptek,AM-2406,False,False,False
BAT-2W-101881,Cellora,CE-2304,False,False,False
BAT-2W-101882,Cellora,CE-2311,False,False,False
BAT-2W-101883,Cellora,CE-2503,False,True,False
BAT-2W-101884,Kyron,KY-2409,True,False,True
BAT-3W-101885,Cellora,CE-2304,False,False,False
BAT-2W-101886,Cellora,CE-2505,False,False,False
BAT-3W-101887,Kyron,KY-2416,False,False,False
BAT-3W-101888,Cellora,CE-2312,False,False,False
BAT-2W-101889,Cellora,CE-2403,False,False,False
BAT-2W-101890,Cellora,CE-2411,False,False,False
BAT-2W-101891,Kyron,KY-2407,False,False,False
BAT-2W-101892,Kyron,KY-2409,False,False,False
BAT-2W-101893,Cellora,CE-2502,False,False,False
BAT-2W-101894,Cellora,CE-2504,False,True,False
BAT-3W-101895,Kyron,KY-2418,False,False,False
BAT-2W-101896,Amptek,AM-2404,False,False,False
BAT-2W-101897,Kyron,KY-2409,False,False,False
BAT-2W-101898,Kyron,KY-2409,True,False,True
BAT-2W-101899,Cellora,CE-2404,False,False,False
BAT-2W-101900,Cellora,CE-2311,False,False,False
BAT-2W-101901,Cellora,CE-2306,False,False,False
BAT-2W-101902,Cellora,CE-2312,False,False,False
BAT-2W-101903,Cellora,CE-2307,False,False,False
BAT-3W-101904,Kyron,KY-2417,False,False,False
BAT-2W-101905,Amptek,AM-2503,False,True,False
BAT-3W-101906,Kyron,KY-2407,False,False,False
BAT-2W-101907,Cellora,CE-2502,False,False,False
BAT-2W-101908,Kyron,KY-2407,False,False,False
BAT-3W-101909,Cellora,CE-2310,False,False,False
BAT-2W-101910,Kyron,KY-2408,True,False,True
BAT-3W-101911,Cellora,CE-2306,False,False,False
BAT-2W-101912,Cellora,CE-2310,False,False,False
BAT-2W-101913,Cellora,CE-2505,False,False,False
BAT-2W-101914,Cellora,CE-2307,False,False,False
BAT-2W-101915,Amptek,AM-2406,False,False,False
BAT-3W-101916,Kyron,KY-2413,False,False,False
BAT-3W-101917,Amptek,AM-2407,False,False,False
BAT-2W-101918,Amptek,AM-2404,False,False,False
BAT-2W-101919,Cellora,CE-2308,False,True,False
BAT-2W-101920,Kyron,KY-2407,True,False,True
BAT-2W-101921,Cellora,CE-2406,False,False,False
BAT-2W-101922,Cellora,CE-2405,False,False,False
BAT-2W-101923,Cellora,CE-2403,False,False,False
BAT-2W-101924,Cellora,CE-2308,False,True,False
BAT-2W-101925,Cellora,CE-2503,False,True,False
BAT-2W-101926,Cellora,CE-2409,False,True,False
BAT-2W-101927,Cellora,CE-2402,False,False,False
BAT-2W-101928,Kyron,KY-2408,True,False,True
BAT-2W-101929,Kyron,KY-2407,False,False,False
BAT-2W-101930,Cellora,CE-2305,False,False,False
BAT-2W-101931,Kyron,KY-2407,True,False,True
BAT-2W-101932,Cellora,CE-2406,False,True,False
BAT-2W-101933,Kyron,KY-2409,True,False,False
BAT-2W-101934,Amptek,AM-2502,False,False,False
BAT-2W-101935,Cellora,CE-2310,False,True,False
BAT-2W-101936,Cellora,CE-2409,False,False,False
BAT-2W-101937,Cellora,CE-2307,False,False,False
BAT-2W-101938,Cellora,CE-2310,False,False,False
BAT-2W-101939,Cellora,CE-2309,False,False,False
BAT-2W-101940,Kyron,KY-2408,True,False,True
BAT-2W-101941,Cellora,CE-2410,False,False,False
BAT-2W-101942,Kyron,KY-2408,True,False,True
BAT-2W-101943,Cellora,CE-2401,False,False,False
BAT-2W-101944,Kyron,KY-2409,False,False,False
BAT-2W-101945,Cellora,CE-2401,False,False,False
BAT-2W-101946,Cellora,CE-2401,False,False,False
BAT-2W-101947,Cellora,CE-2406,False,False,False
BAT-2W-101948,Kyron,KY-2407,False,False,True
BAT-2W-101949,Cellora,CE-2504,False,False,False
BAT-2W-101950,Amptek,AM-2505,False,False,False
BAT-2W-101951,Kyron,KY-2408,False,False,False
BAT-2W-101952,Cellora,CE-2307,False,True,False
BAT-2W-101953,Cellora,CE-2405,False,True,False
BAT-3W-101954,Kyron,KY-2417,False,False,False
BAT-2W-101955,Cellora,CE-2402,False,False,False
BAT-3W-101956,Amptek,AM-2502,False,False,False
BAT-2W-101957,Cellora,CE-2306,False,False,False
BAT-2W-101958,Kyron,KY-2409,True,False,True
BAT-2W-101959,Cellora,CE-2407,False,False,False
BAT-2W-101960,Amptek,AM-2409,False,False,False
BAT-2W-101961,Cellora,CE-2309,False,False,False
BAT-2W-101962,Kyron,KY-2407,True,False,True
BAT-2W-101963,Cellora,CE-2410,False,False,False
BAT-2W-101964,Cellora,CE-2303,False,False,False
BAT-2W-101965,Amptek,AM-2503,False,False,False
BAT-2W-101966,Kyron,KY-2409,False,False,False
BAT-2W-101967,Cellora,CE-2412,False,False,False
BAT-2W-101968,Kyron,KY-2407,False,False,False
BAT-2W-101969,Amptek,AM-2410,False,False,False
BAT-2W-101970,Cellora,CE-2405,False,False,False
BAT-2W-101971,Amptek,AM-2504,False,False,False
BAT-2W-101972,Cellora,CE-2401,False,False,False
BAT-2W-101973,Amptek,AM-2405,False,False,False
BAT-2W-101974,Cellora,CE-2502,False,False,False
BAT-2W-101975,Kyron,KY-2408,False,False,False
BAT-2W-101976,Cellora,CE-2406,False,False,False
BAT-3W-101977,Amptek,AM-2403,False,False,False
BAT-2W-101978,Cellora,CE-2304,False,False,False
BAT-2W-101979,Cellora,CE-2410,False,False,False
BAT-2W-101980,Kyron,KY-2409,False,False,False
BAT-2W-101981,Cellora,CE-2502,False,True,False
BAT-2W-101982,Cellora,CE-2406,False,True,False
BAT-2W-101983,Amptek,AM-2410,False,False,False
BAT-2W-101984,Cellora,CE-2401,False,False,False
BAT-2W-101985,Cellora,CE-2405,False,False,False
BAT-2W-101986,Kyron,KY-2408,False,False,False
BAT-2W-101987,Kyron,KY-2407,True,False,True
BAT-2W-101988,Kyron,KY-2407,True,False,True
BAT-2W-101989,Kyron,KY-2407,False,False,False
BAT-2W-101990,Amptek,AM-2406,False,True,False
BAT-2W-101991,Cellora,CE-2401,False,False,False
BAT-2W-101992,Kyron,KY-2408,True,False,True
BAT-3W-101993,Kyron,KY-2412,False,False,False
BAT-2W-101994,Cellora,CE-2309,False,False,False
BAT-2W-101995,Amptek,AM-2403,False,False,False
BAT-2W-101996,Amptek,AM-2407,False,False,False
BAT-2W-101997,Kyron,KY-2408,True,False,True
BAT-2W-101998,Cellora,CE-2403,False,False,False
BAT-3W-101999,Amptek,AM-2506,False,False,False
BAT-2W-102000,Kyron,KY-2409,False,False,False
BAT-2W-102001,Kyron,KY-2408,False,False,True
BAT-2W-102002,Cellora,CE-2412,False,True,False
BAT-2W-102003,Cellora,CE-2308,False,True,False
BAT-2W-102004,Cellora,CE-2310,False,False,False
BAT-2W-102005,Kyron,KY-2407,True,False,True
BAT-2W-102006,Cellora,CE-2304,False,False,False
BAT-2W-102007,Cellora,CE-2307,False,False,False
BAT-2W-102008,Cellora,CE-2504,False,False,False
BAT-2W-102009,Cellora,CE-2305,False,False,False
BAT-3W-102010,Kyron,KY-2415,False,False,False
BAT-2W-102011,Amptek,AM-2410,False,False,False
BAT-2W-102012,Kyron,KY-2407,False,False,True
BAT-2W-102013,Amptek,AM-2410,False,False,False
BAT-2W-102014,Cellora,CE-2309,False,False,False
BAT-2W-102015,Kyron,KY-2408,True,False,True
BAT-2W-102016,Kyron,KY-2408,False,False,False
BAT-2W-102017,Cellora,CE-2412,False,False,False
BAT-2W-102018,Cellora,CE-2405,False,False,False
BAT-2W-102019,Amptek,AM-2411,False,False,False
BAT-2W-102020,Cellora,CE-2407,False,False,False
BAT-2W-102021,Cellora,CE-2307,False,False,False
BAT-2W-102022,Amptek,AM-2407,False,False,False
BAT-2W-102023,Cellora,CE-2409,False,False,False
BAT-2W-102024,Cellora,CE-2404,False,False,False
BAT-2W-102025,Cellora,CE-2308,False,False,False
BAT-2W-102026,Cellora,CE-2501,False,True,False
BAT-2W-102027,Cellora,CE-2304,False,False,False
BAT-2W-102028,Cellora,CE-2504,False,False,False
BAT-2W-102029,Cellora,CE-2311,False,False,False
BAT-3W-102030,Kyron,KY-2408,False,False,False
BAT-2W-102031,Amptek,AM-2405,False,False,False
BAT-2W-102032,Amptek,AM-2411,False,False,False
BAT-2W-102033,Kyron,KY-2408,False,False,False
BAT-2W-102034,Cellora,CE-2408,False,False,False
BAT-2W-102035,Kyron,KY-2408,False,False,True
BAT-2W-102036,Kyron,KY-2409,False,False,False
BAT-2W-102037,Amptek,AM-2503,False,True,False
BAT-3W-102038,Amptek,AM-2408,False,False,False
BAT-2W-102039,Cellora,CE-2501,False,False,False
BAT-2W-102040,Cellora,CE-2407,False,False,False
BAT-3W-102041,Cellora,CE-2504,False,False,False
BAT-2W-102042,Amptek,AM-2406,False,False,False
BAT-2W-102043,Amptek,AM-2409,False,False,False
BAT-2W-102044,Cellora,CE-2403,False,False,False
BAT-3W-102045,Amptek,AM-2408,False,False,False
BAT-3W-102046,Kyron,KY-2409,False,False,False
BAT-3W-102047,Kyron,KY-2408,False,False,False
BAT-2W-102048,Amptek,AM-2408,False,False,False
BAT-2W-102049,Kyron,KY-2407,False,False,False
BAT-2W-102050,Cellora,CE-2405,False,False,False
BAT-2W-102051,Amptek,AM-2403,False,False,False
BAT-2W-102052,Amptek,AM-2403,False,False,False
BAT-2W-102053,Amptek,AM-2405,False,True,False
BAT-2W-102054,Cellora,CE-2307,False,False,False
BAT-2W-102055,Cellora,CE-2406,False,False,False
BAT-2W-102056,Cellora,CE-2504,False,True,False
BAT-2W-102057,Kyron,KY-2409,False,False,False
BAT-2W-102058,Amptek,AM-2406,False,False,False
BAT-2W-102059,Amptek,AM-2403,False,False,False
BAT-2W-102060,Amptek,AM-2501,False,True,False
BAT-2W-102061,Cellora,CE-2411,False,False,False
BAT-2W-102062,Cellora,CE-2504,False,False,False
BAT-2W-102063,Cellora,CE-2304,False,False,False
BAT-3W-102064,Cellora,CE-2309,False,False,False
BAT-2W-102065,Cellora,CE-2412,False,True,False
BAT-2W-102066,Cellora,CE-2505,False,False,False
BAT-2W-102067,Cellora,CE-2505,False,False,False
BAT-2W-102068,Cellora,CE-2401,False,True,False
BAT-2W-102069,Cellora,CE-2411,False,False,False
BAT-2W-102070,Cellora,CE-2311,False,True,False
BAT-2W-102071,Cellora,CE-2503,False,False,False
BAT-3W-102072,Cellora,CE-2408,False,False,False
BAT-2W-102073,Kyron,KY-2409,False,False,False
BAT-2W-102074,Cellora,CE-2412,False,False,False
BAT-2W-102075,Cellora,CE-2403,False,True,False
BAT-3W-102076,Cellora,CE-2310,False,False,False
BAT-2W-102077,Cellora,CE-2502,False,False,False
BAT-2W-102078,Cellora,CE-2406,False,True,False
BAT-2W-102079,Cellora,CE-2504,False,False,False
BAT-2W-102080,Kyron,KY-2407,False,False,False
BAT-3W-102081,Cellora,CE-2502,False,False,False
BAT-2W-102082,Amptek,AM-2408,False,False,False
BAT-2W-102083,Cellora,CE-2504,False,True,False
BAT-2W-102084,Cellora,CE-2311,False,False,False
BAT-2W-102085,Cellora,CE-2403,False,False,False
BAT-2W-102086,Amptek,AM-2403,False,False,False
BAT-2W-102087,Cellora,CE-2304,False,True,False
BAT-2W-102088,Cellora,CE-2406,False,False,False
BAT-3W-102089,Cellora,CE-2505,False,False,False
BAT-2W-102090,Cellora,CE-2408,False,True,False
BAT-2W-102091,Cellora,CE-2307,False,False,False
BAT-2W-102092,Amptek,AM-2502,False,True,False
BAT-2W-102093,Amptek,AM-2409,False,False,False
BAT-2W-102094,Kyron,KY-2408,False,False,True
BAT-3W-102095,Cellora,CE-2402,False,False,False
BAT-2W-102096,Cellora,CE-2407,False,False,False
BAT-2W-102097,Cellora,CE-2304,False,False,False
BAT-2W-102098,Kyron,KY-2407,False,False,False
BAT-3W-102099,Amptek,AM-2501,False,False,False
BAT-2W-102100,Kyron,KY-2409,True,False,True
BAT-2W-102101,Cellora,CE-2303,False,False,False
BAT-2W-102102,Cellora,CE-2306,False,False,False
BAT-2W-102103,Kyron,KY-2409,True,False,False
BAT-2W-102104,Cellora,CE-2409,False,False,False
BAT-2W-102105,Kyron,KY-2408,True,False,True
BAT-2W-102106,Cellora,CE-2412,False,False,False
BAT-2W-102107,Kyron,KY-2407,False,False,False
BAT-2W-102108,Cellora,CE-2410,False,False,False
BAT-2W-102109,Cellora,CE-2307,False,False,False
BAT-2W-102110,Cellora,CE-2408,False,False,False
BAT-2W-102111,Cellora,CE-2305,False,False,False
BAT-2W-102112,Cellora,CE-2309,False,False,False
BAT-3W-102113,Kyron,KY-2408,False,False,False
BAT-3W-102114,Amptek,AM-2409,False,False,False
BAT-3W-102115,Kyron,KY-2413,False,False,False
BAT-2W-102116,Cellora,CE-2308,False,False,False
BAT-2W-102117,Kyron,KY-2409,True,False,True
BAT-2W-102118,Cellora,CE-2406,False,False,False
BAT-2W-102119,Amptek,AM-2407,False,False,False
BAT-2W-102120,Kyron,KY-2408,True,False,True
BAT-2W-102121,Kyron,KY-2407,True,False,True
BAT-2W-102122,Cellora,CE-2304,False,True,False
BAT-2W-102123,Cellora,CE-2308,False,False,False
BAT-2W-102124,Kyron,KY-2409,False,False,False
BAT-2W-102125,Cellora,CE-2503,False,True,False
BAT-3W-102126,Amptek,AM-2412,False,False,False
BAT-3W-102127,Kyron,KY-2412,False,False,False
BAT-2W-102128,Amptek,AM-2406,False,False,False
BAT-2W-102129,Cellora,CE-2309,False,False,False
BAT-2W-102130,Cellora,CE-2410,False,False,False
BAT-2W-102131,Amptek,AM-2408,False,False,False
BAT-3W-102132,Kyron,KY-2407,False,False,False
BAT-2W-102133,Cellora,CE-2309,False,True,False
BAT-2W-102134,Amptek,AM-2406,False,False,False
BAT-3W-102135,Cellora,CE-2505,False,False,False
BAT-2W-102136,Kyron,KY-2408,True,False,True
BAT-2W-102137,Kyron,KY-2409,False,False,True
BAT-2W-102138,Cellora,CE-2307,False,False,False
BAT-2W-102139,Kyron,KY-2408,True,False,True
BAT-2W-102140,Amptek,AM-2406,False,False,False
BAT-2W-102141,Cellora,CE-2312,False,False,False
BAT-2W-102142,Cellora,CE-2311,False,False,False
BAT-2W-102143,Cellora,CE-2406,False,False,False
BAT-2W-102144,Kyron,KY-2409,True,False,True
BAT-2W-102145,Amptek,AM-2411,False,False,False
BAT-3W-102146,Kyron,KY-2416,False,False,False
BAT-2W-102147,Cellora,CE-2406,False,True,False
BAT-2W-102148,Kyron,KY-2407,True,False,True
BAT-2W-102149,Kyron,KY-2407,False,False,False
BAT-2W-102150,Amptek,AM-2404,False,False,False
BAT-2W-102151,Kyron,KY-2408,True,False,True
BAT-2W-102152,Cellora,CE-2311,False,False,False
BAT-2W-102153,Cellora,CE-2408,False,False,False
BAT-2W-102154,Amptek,AM-2408,False,False,False
BAT-2W-102155,Cellora,CE-2505,False,False,False
BAT-2W-102156,Cellora,CE-2405,False,False,False
BAT-2W-102157,Amptek,AM-2502,False,False,False
BAT-2W-102158,Amptek,AM-2405,False,False,False
BAT-2W-102159,Cellora,CE-2308,False,False,False
BAT-2W-102160,Kyron,KY-2408,False,False,False
BAT-2W-102161,Kyron,KY-2409,False,False,False
BAT-3W-102162,Cellora,CE-2312,False,False,False
BAT-2W-102163,Kyron,KY-2408,False,False,False
BAT-2W-102164,Cellora,CE-2310,False,False,False
BAT-3W-102165,Cellora,CE-2411,False,False,False
BAT-3W-102166,Cellora,CE-2309,False,False,False
BAT-2W-102167,Cellora,CE-2411,False,False,False
BAT-2W-102168,Cellora,CE-2504,False,False,False
BAT-2W-102169,Amptek,AM-2410,False,True,False
BAT-2W-102170,Cellora,CE-2503,False,False,False
BAT-2W-102171,Amptek,AM-2407,False,False,False
BAT-2W-102172,Kyron,KY-2407,False,False,True
BAT-2W-102173,Kyron,KY-2408,False,False,False
BAT-2W-102174,Cellora,CE-2309,False,True,False
BAT-2W-102175,Cellora,CE-2404,False,False,False
BAT-2W-102176,Cellora,CE-2401,False,True,False
BAT-2W-102177,Kyron,KY-2408,False,False,False
BAT-2W-102178,Cellora,CE-2408,False,True,False
BAT-2W-102179,Cellora,CE-2402,False,False,False
BAT-2W-102180,Amptek,AM-2502,False,False,False
BAT-3W-102181,Cellora,CE-2401,False,False,False
BAT-2W-102182,Cellora,CE-2308,False,False,False
BAT-3W-102183,Amptek,AM-2506,False,False,False
BAT-2W-102184,Cellora,CE-2402,False,True,False
BAT-2W-102185,Amptek,AM-2406,False,False,False
BAT-2W-102186,Cellora,CE-2410,False,False,False
BAT-2W-102187,Amptek,AM-2404,False,False,False
BAT-2W-102188,Cellora,CE-2502,False,False,False
BAT-2W-102189,Kyron,KY-2409,False,False,False
BAT-2W-102190,Cellora,CE-2405,False,False,False
BAT-2W-102191,Cellora,CE-2503,False,False,False
BAT-3W-102192,Cellora,CE-2412,False,False,False
BAT-2W-102193,Kyron,KY-2407,True,False,True
BAT-2W-102194,Cellora,CE-2501,False,True,False
BAT-2W-102195,Kyron,KY-2407,False,False,False
BAT-2W-102196,Kyron,KY-2407,True,False,True
BAT-2W-102197,Kyron,KY-2409,True,False,True
BAT-2W-102198,Cellora,CE-2406,False,False,False
BAT-2W-102199,Amptek,AM-2505,False,True,False
BAT-2W-102200,Cellora,CE-2408,False,False,False
BAT-3W-102201,Cellora,CE-2501,False,False,False
BAT-2W-102202,Kyron,KY-2409,True,False,True
BAT-3W-102203,Cellora,CE-2407,False,False,False
BAT-2W-102204,Amptek,AM-2506,False,False,False
BAT-2W-102205,Cellora,CE-2311,False,False,False
BAT-3W-102206,Kyron,KY-2410,False,False,False
BAT-2W-102207,Amptek,AM-2503,False,False,False
BAT-2W-102208,Kyron,KY-2409,True,False,True
BAT-3W-102209,Cellora,CE-2404,False,False,False
BAT-3W-102210,Cellora,CE-2504,False,False,False
BAT-2W-102211,Cellora,CE-2505,False,True,False
BAT-2W-102212,Kyron,KY-2408,False,False,True
BAT-2W-102213,Cellora,CE-2410,False,False,False
BAT-2W-102214,Cellora,CE-2407,False,False,False
BAT-2W-102215,Cellora,CE-2404,False,False,False
BAT-2W-102216,Amptek,AM-2502,False,False,False
BAT-3W-102217,Amptek,AM-2502,False,False,False
BAT-2W-102218,Kyron,KY-2409,True,False,True
BAT-3W-102219,Kyron,KY-2416,False,False,False
BAT-2W-102220,Cellora,CE-2410,False,False,False
BAT-2W-102221,Cellora,CE-2312,False,False,False
BAT-2W-102222,Cellora,CE-2304,False,False,False
BAT-2W-102223,Kyron,KY-2409,True,False,True
BAT-2W-102224,Kyron,KY-2407,True,False,True
BAT-3W-102225,Amptek,AM-2403,False,False,False
BAT-2W-102226,Cellora,CE-2308,False,False,False
BAT-2W-102227,Cellora,CE-2504,False,False,False
BAT-2W-102228,Cellora,CE-2309,False,False,False
BAT-2W-102229,Kyron,KY-2409,False,False,False
BAT-3W-102230,Cellora,CE-2310,False,False,False
BAT-2W-102231,Cellora,CE-2404,False,False,False
BAT-3W-102232,Kyron,KY-2415,False,False,False
BAT-2W-102233,Kyron,KY-2407,False,False,False
BAT-2W-102234,Amptek,AM-2506,False,False,False
BAT-2W-102235,Cellora,CE-2407,False,False,False
BAT-2W-102236,Cellora,CE-2502,False,False,False
BAT-3W-102237,Cellora,CE-2505,False,False,False
BAT-3W-102238,Cellora,CE-2404,False,False,False
BAT-3W-102239,Amptek,AM-2404,False,False,False
BAT-2W-102240,Cellora,CE-2403,False,False,False
BAT-3W-102241,Kyron,KY-2417,False,False,False
BAT-2W-102242,Cellora,CE-2411,False,False,False
BAT-2W-102243,Cellora,CE-2412,False,True,False
BAT-2W-102244,Cellora,CE-2407,False,False,False
BAT-2W-102245,Kyron,KY-2409,False,False,False
BAT-2W-102246,Cellora,CE-2308,False,True,False
BAT-2W-102247,Kyron,KY-2408,False,False,True
BAT-2W-102248,Cellora,CE-2401,False,False,False
BAT-2W-102249,Amptek,AM-2501,False,False,False
BAT-2W-102250,Cellora,CE-2502,False,True,False
BAT-2W-102251,Kyron,KY-2408,False,False,False
BAT-2W-102252,Cellora,CE-2303,False,False,False
BAT-2W-102253,Cellora,CE-2411,False,False,False
BAT-2W-102254,Cellora,CE-2410,False,False,False
BAT-2W-102255,Kyron,KY-2408,True,False,True
BAT-3W-102256,Cellora,CE-2411,False,False,False
BAT-2W-102257,Cellora,CE-2408,False,False,False
BAT-2W-102258,Kyron,KY-2408,False,False,False
BAT-2W-102259,Kyron,KY-2408,True,False,False
BAT-2W-102260,Amptek,AM-2411,False,False,False
BAT-2W-102261,Cellora,CE-2503,False,False,False
BAT-2W-102262,Cellora,CE-2409,False,True,False
BAT-2W-102263,Cellora,CE-2409,False,False,False
BAT-3W-102264,Cellora,CE-2505,False,False,False
BAT-2W-102265,Amptek,AM-2412,False,True,False
BAT-2W-102266,Cellora,CE-2409,False,True,False
BAT-2W-102267,Kyron,KY-2409,True,False,False
BAT-2W-102268,Cellora,CE-2306,False,False,False
BAT-2W-102269,Kyron,KY-2408,True,False,True
BAT-2W-102270,Kyron,KY-2407,True,False,True
BAT-2W-102271,Cellora,CE-2307,False,False,False
BAT-2W-102272,Cellora,CE-2310,False,False,False
BAT-2W-102273,Amptek,AM-2411,False,True,False
BAT-2W-102274,Kyron,KY-2409,False,False,False
BAT-2W-102275,Cellora,CE-2404,False,True,False
BAT-2W-102276,Cellora,CE-2408,False,False,False
BAT-2W-102277,Cellora,CE-2305,False,False,False
BAT-2W-102278,Cellora,CE-2406,False,True,False
BAT-2W-102279,Kyron,KY-2408,False,False,True
BAT-2W-102280,Cellora,CE-2312,False,False,False
BAT-2W-102281,Amptek,AM-2503,False,True,False
BAT-2W-102282,Amptek,AM-2501,False,False,False
BAT-2W-102283,Kyron,KY-2408,True,False,True
BAT-2W-102284,Cellora,CE-2307,False,False,False
BAT-2W-102285,Amptek,AM-2409,False,False,False
BAT-2W-102286,Cellora,CE-2406,False,False,False
BAT-2W-102287,Cellora,CE-2411,False,False,False
BAT-2W-102288,Cellora,CE-2505,False,True,False
BAT-2W-102289,Amptek,AM-2406,False,False,False
BAT-2W-102290,Kyron,KY-2408,False,False,False
BAT-2W-102291,Kyron,KY-2407,True,False,True
BAT-3W-102292,Cellora,CE-2406,False,False,False
BAT-2W-102293,Cellora,CE-2501,False,True,False
BAT-2W-102294,Kyron,KY-2408,True,False,True
BAT-2W-102295,Kyron,KY-2407,True,False,True
BAT-2W-102296,Kyron,KY-2409,True,False,True
BAT-2W-102297,Kyron,KY-2407,True,False,True
BAT-3W-102298,Amptek,AM-2411,False,False,False
BAT-2W-102299,Cellora,CE-2407,False,True,False
BAT-2W-102300,Cellora,CE-2305,False,True,False
BAT-2W-102301,Cellora,CE-2412,False,False,False
BAT-2W-102302,Cellora,CE-2308,False,False,False
BAT-2W-102303,Kyron,KY-2409,False,False,False
BAT-2W-102304,Cellora,CE-2404,False,False,False
BAT-2W-102305,Cellora,CE-2505,False,False,False
BAT-3W-102306,Cellora,CE-2505,False,False,False
BAT-2W-102307,Kyron,KY-2409,True,False,True
BAT-2W-102308,Cellora,CE-2307,False,False,False
BAT-2W-102309,Cellora,CE-2504,False,False,False
BAT-2W-102310,Cellora,CE-2408,False,False,False
BAT-3W-102311,Cellora,CE-2505,False,False,False
BAT-2W-102312,Cellora,CE-2501,False,False,False
BAT-2W-102313,Kyron,KY-2409,False,False,False
BAT-2W-102314,Kyron,KY-2408,False,False,False
BAT-2W-102315,Kyron,KY-2408,False,False,True
BAT-3W-102316,Cellora,CE-2305,False,False,False
BAT-2W-102317,Amptek,AM-2504,False,False,False
BAT-2W-102318,Cellora,CE-2307,False,True,False
BAT-2W-102319,Cellora,CE-2502,False,False,False
BAT-3W-102320,Kyron,KY-2413,False,False,False
BAT-2W-102321,Cellora,CE-2401,False,False,False
BAT-2W-102322,Cellora,CE-2405,False,False,False
BAT-2W-102323,Kyron,KY-2408,True,False,True
BAT-2W-102324,Amptek,AM-2405,False,False,False
BAT-2W-102325,Cellora,CE-2311,False,False,False
BAT-2W-102326,Kyron,KY-2408,False,False,False
BAT-2W-102327,Kyron,KY-2407,True,False,True
BAT-2W-102328,Amptek,AM-2409,False,False,False
BAT-2W-102329,Amptek,AM-2406,False,False,False
BAT-2W-102330,Cellora,CE-2405,False,False,False
BAT-2W-102331,Kyron,KY-2407,False,False,False
BAT-2W-102332,Amptek,AM-2410,False,False,False
BAT-2W-102333,Amptek,AM-2406,False,False,False
BAT-3W-102334,Cellora,CE-2411,False,False,False
BAT-2W-102335,Amptek,AM-2406,False,True,False
BAT-3W-102336,Cellora,CE-2409,False,False,False
BAT-3W-102337,Kyron,KY-2410,False,False,False
BAT-2W-102338,Amptek,AM-2411,False,False,False
BAT-2W-102339,Kyron,KY-2408,False,False,False
BAT-3W-102340,Amptek,AM-2502,False,False,False
BAT-2W-102341,Cellora,CE-2312,False,False,False
BAT-2W-102342,Cellora,CE-2404,False,True,False
BAT-2W-102343,Cellora,CE-2409,False,False,False
BAT-2W-102344,Cellora,CE-2403,False,False,False
BAT-2W-102345,Cellora,CE-2401,False,True,False
BAT-2W-102346,Cellora,CE-2303,False,False,False
BAT-2W-102347,Cellora,CE-2304,False,False,False
BAT-2W-102348,Cellora,CE-2306,False,True,False
BAT-2W-102349,Amptek,AM-2502,False,False,False
BAT-2W-102350,Kyron,KY-2409,False,False,True
BAT-2W-102351,Kyron,KY-2407,True,False,False
BAT-2W-102352,Amptek,AM-2506,False,True,False
BAT-3W-102353,Amptek,AM-2412,False,False,False
BAT-2W-102354,Amptek,AM-2504,False,False,False
BAT-3W-102355,Amptek,AM-2411,False,False,False
BAT-2W-102356,Cellora,CE-2312,False,False,False
BAT-2W-102357,Kyron,KY-2408,False,False,False
BAT-2W-102358,Cellora,CE-2409,False,False,False
BAT-2W-102359,Amptek,AM-2501,False,False,False
BAT-2W-102360,Cellora,CE-2411,False,True,False
BAT-2W-102361,Kyron,KY-2409,True,False,True
BAT-2W-102362,Amptek,AM-2504,False,False,False
BAT-2W-102363,Cellora,CE-2411,False,False,False
BAT-2W-102364,Kyron,KY-2408,True,False,True
BAT-2W-102365,Amptek,AM-2405,False,False,False
BAT-2W-102366,Cellora,CE-2304,False,False,False
BAT-2W-102367,Amptek,AM-2404,False,False,False
BAT-2W-102368,Cellora,CE-2307,False,False,False
BAT-2W-102369,Cellora,CE-2310,False,False,False
BAT-2W-102370,Cellora,CE-2501,False,False,False
BAT-3W-102371,Amptek,AM-2405,False,False,False
BAT-2W-102372,Cellora,CE-2403,False,False,False
BAT-2W-102373,Cellora,CE-2308,False,False,False
BAT-3W-102374,Amptek,AM-2403,False,False,False
BAT-3W-102375,Kyron,KY-2413,False,False,False
BAT-2W-102376,Kyron,KY-2407,False,False,False
BAT-3W-102377,Kyron,KY-2417,False,False,False
BAT-3W-102378,Amptek,AM-2407,False,False,False
BAT-2W-102379,Kyron,KY-2409,True,False,True
BAT-2W-102380,Cellora,CE-2406,False,False,False
BAT-2W-102381,Kyron,KY-2409,False,False,False
BAT-2W-102382,Cellora,CE-2501,False,False,False
BAT-2W-102383,Cellora,CE-2409,False,False,False
BAT-2W-102384,Amptek,AM-2411,False,True,False
BAT-2W-102385,Cellora,CE-2411,False,False,False
BAT-2W-102386,Cellora,CE-2305,False,False,False
BAT-2W-102387,Cellora,CE-2412,False,True,False
BAT-2W-102388,Cellora,CE-2310,False,True,False
BAT-3W-102389,Amptek,AM-2410,False,False,False
BAT-2W-102390,Kyron,KY-2408,True,False,False
BAT-2W-102391,Amptek,AM-2410,False,False,False
BAT-2W-102392,Kyron,KY-2408,False,False,False
BAT-3W-102393,Amptek,AM-2408,False,False,False
BAT-2W-102394,Amptek,AM-2505,False,True,False
BAT-2W-102395,Cellora,CE-2410,False,False,False
BAT-3W-102396,Cellora,CE-2304,False,False,False
BAT-2W-102397,Cellora,CE-2503,False,False,False
BAT-2W-102398,Cellora,CE-2406,False,False,False
BAT-2W-102399,Kyron,KY-2408,True,False,True
BAT-2W-102400,Cellora,CE-2304,False,False,False
BAT-2W-102401,Cellora,CE-2405,False,True,False
BAT-2W-102402,Cellora,CE-2407,False,False,False
BAT-2W-102403,Kyron,KY-2407,False,False,False
BAT-2W-102404,Kyron,KY-2409,False,False,False
BAT-2W-102405,Cellora,CE-2311,False,False,False
BAT-2W-102406,Cellora,CE-2404,False,True,False
BAT-2W-102407,Cellora,CE-2310,False,False,False
BAT-2W-102408,Cellora,CE-2501,False,False,False
BAT-2W-102409,Cellora,CE-2402,False,False,False
BAT-2W-102410,Cellora,CE-2303,False,True,False
BAT-2W-102411,Cellora,CE-2411,False,False,False
BAT-2W-102412,Amptek,AM-2504,False,True,False
BAT-2W-102413,Cellora,CE-2503,False,False,False
BAT-3W-102414,Amptek,AM-2404,False,False,False
BAT-2W-102415,Kyron,KY-2408,False,False,False
BAT-2W-102416,Cellora,CE-2308,False,False,False
BAT-2W-102417,Kyron,KY-2409,False,False,False
BAT-2W-102418,Cellora,CE-2501,False,False,False
BAT-2W-102419,Cellora,CE-2405,False,False,False
BAT-2W-102420,Cellora,CE-2502,False,True,False
BAT-3W-102421,Cellora,CE-2407,False,False,False
BAT-2W-102422,Kyron,KY-2409,True,False,True
BAT-2W-102423,Cellora,CE-2312,False,False,False
BAT-2W-102424,Kyron,KY-2407,False,False,False
BAT-2W-102425,Kyron,KY-2408,False,False,False
BAT-2W-102426,Amptek,AM-2501,False,False,False
BAT-2W-102427,Cellora,CE-2407,False,False,False
BAT-2W-102428,Amptek,AM-2404,False,False,False
BAT-2W-102429,Cellora,CE-2412,False,False,False
BAT-2W-102430,Cellora,CE-2406,False,False,False
BAT-2W-102431,Cellora,CE-2411,False,False,False
BAT-2W-102432,Amptek,AM-2408,False,True,False
BAT-2W-102433,Cellora,CE-2502,False,False,False
BAT-2W-102434,Kyron,KY-2409,True,False,True
BAT-2W-102435,Amptek,AM-2502,False,False,False
BAT-2W-102436,Amptek,AM-2405,False,False,False
BAT-2W-102437,Kyron,KY-2409,True,False,True
BAT-3W-102438,Cellora,CE-2505,False,False,False
BAT-2W-102439,Kyron,KY-2407,False,False,True
BAT-3W-102440,Cellora,CE-2403,False,False,False
BAT-2W-102441,Cellora,CE-2401,False,False,False
BAT-2W-102442,Cellora,CE-2501,False,True,False
BAT-2W-102443,Kyron,KY-2407,True,False,True
BAT-2W-102444,Kyron,KY-2408,False,False,False
BAT-2W-102445,Cellora,CE-2402,False,False,False
BAT-2W-102446,Kyron,KY-2407,True,False,True
BAT-2W-102447,Cellora,CE-2406,False,False,False
BAT-2W-102448,Cellora,CE-2407,False,False,False
BAT-2W-102449,Cellora,CE-2403,False,False,False
BAT-2W-102450,Cellora,CE-2502,False,False,False
BAT-2W-102451,Cellora,CE-2406,False,False,False
BAT-2W-102452,Cellora,CE-2401,False,True,False
BAT-2W-102453,Cellora,CE-2402,False,False,False
BAT-3W-102454,Cellora,CE-2503,False,False,False
BAT-2W-102455,Kyron,KY-2408,True,False,True
BAT-2W-102456,Amptek,AM-2410,False,False,False
BAT-2W-102457,Kyron,KY-2407,True,False,True
BAT-3W-102458,Kyron,KY-2414,False,False,False
BAT-2W-102459,Kyron,KY-2408,False,False,False
BAT-3W-102460,Cellora,CE-2312,False,False,False
BAT-2W-102461,Kyron,KY-2408,True,False,False
BAT-2W-102462,Cellora,CE-2505,False,False,False
BAT-2W-102463,Cellora,CE-2306,False,False,False
BAT-2W-102464,Kyron,KY-2407,True,False,True
BAT-2W-102465,Cellora,CE-2312,False,True,False
BAT-2W-102466,Cellora,CE-2404,False,False,False
BAT-3W-102467,Cellora,CE-2403,False,False,False
BAT-2W-102468,Cellora,CE-2409,False,False,False
BAT-2W-102469,Amptek,AM-2405,False,False,False
BAT-2W-102470,Kyron,KY-2408,False,False,True
BAT-2W-102471,Cellora,CE-2408,False,False,False
BAT-3W-102472,Kyron,KY-2416,False,False,False
BAT-3W-102473,Cellora,CE-2407,False,False,False
BAT-2W-102474,Cellora,CE-2304,False,False,False
BAT-2W-102475,Cellora,CE-2310,False,False,False
BAT-2W-102476,Cellora,CE-2405,False,False,False
BAT-2W-102477,Kyron,KY-2408,True,False,True
BAT-2W-102478,Amptek,AM-2503,False,False,False
BAT-2W-102479,Cellora,CE-2307,False,False,False
BAT-2W-102480,Amptek,AM-2502,False,False,False
BAT-2W-102481,Kyron,KY-2408,False,False,False
BAT-2W-102482,Cellora,CE-2402,False,False,False
BAT-2W-102483,Cellora,CE-2309,False,False,False
BAT-2W-102484,Cellora,CE-2307,False,False,False
BAT-2W-102485,Cellora,CE-2504,False,True,False
BAT-2W-102486,Cellora,CE-2306,False,False,False
BAT-2W-102487,Cellora,CE-2310,False,True,False
BAT-2W-102488,Amptek,AM-2407,False,False,False
BAT-2W-102489,Cellora,CE-2408,False,False,False
BAT-3W-102490,Amptek,AM-2412,False,False,False
BAT-2W-102491,Cellora,CE-2305,False,True,False
BAT-2W-102492,Cellora,CE-2411,False,False,False
BAT-2W-102493,Cellora,CE-2411,False,False,False
BAT-3W-102494,Cellora,CE-2504,False,False,False
BAT-3W-102495,Amptek,AM-2403,False,False,False
BAT-2W-102496,Cellora,CE-2502,False,False,False
BAT-2W-102497,Cellora,CE-2310,False,False,False
BAT-2W-102498,Amptek,AM-2505,False,False,False
BAT-3W-102499,Cellora,CE-2304,False,False,False
BAT-2W-102500,Cellora,CE-2504,False,False,False
BAT-2W-102501,Kyron,KY-2407,True,False,True
BAT-2W-102502,Amptek,AM-2501,False,True,False
BAT-2W-102503,Kyron,KY-2407,False,False,False
BAT-2W-102504,Cellora,CE-2305,False,False,False
BAT-2W-102505,Cellora,CE-2503,False,False,False
BAT-2W-102506,Kyron,KY-2408,False,False,False
BAT-2W-102507,Kyron,KY-2408,True,False,False
BAT-3W-102508,Cellora,CE-2311,False,False,False
BAT-2W-102509,Cellora,CE-2502,False,True,False
BAT-2W-102510,Kyron,KY-2407,True,False,True
BAT-3W-102511,Amptek,AM-2403,False,False,False
BAT-2W-102512,Cellora,CE-2307,False,True,False
BAT-2W-102513,Cellora,CE-2403,False,False,False
BAT-2W-102514,Kyron,KY-2409,False,False,False
BAT-2W-102515,Cellora,CE-2501,False,False,False
BAT-2W-102516,Cellora,CE-2309,False,True,False
BAT-3W-102517,Cellora,CE-2410,False,False,False
BAT-3W-102518,Kyron,KY-2408,False,False,False
BAT-2W-102519,Cellora,CE-2505,False,False,False
BAT-2W-102520,Cellora,CE-2505,False,False,False
BAT-2W-102521,Cellora,CE-2404,False,True,False
BAT-2W-102522,Kyron,KY-2408,False,False,False
BAT-3W-102523,Cellora,CE-2401,False,False,False
BAT-2W-102524,Amptek,AM-2404,False,False,False
BAT-3W-102525,Kyron,KY-2417,False,False,False
BAT-2W-102526,Amptek,AM-2406,False,False,False
BAT-2W-102527,Cellora,CE-2406,False,False,False
BAT-2W-102528,Cellora,CE-2305,False,False,False
BAT-3W-102529,Cellora,CE-2312,False,False,False
BAT-3W-102530,Cellora,CE-2310,False,False,False
BAT-2W-102531,Cellora,CE-2505,False,False,False
BAT-2W-102532,Amptek,AM-2410,False,False,False
BAT-2W-102533,Amptek,AM-2405,False,False,False
BAT-3W-102534,Cellora,CE-2402,False,False,False
BAT-2W-102535,Cellora,CE-2307,False,False,False
BAT-2W-102536,Amptek,AM-2505,False,True,False
BAT-2W-102537,Cellora,CE-2411,False,True,False
BAT-2W-102538,Cellora,CE-2401,False,False,False
BAT-2W-102539,Cellora,CE-2412,False,False,False
BAT-2W-102540,Cellora,CE-2411,False,False,False
BAT-2W-102541,Cellora,CE-2401,False,False,False
BAT-2W-102542,Amptek,AM-2504,False,True,False
BAT-3W-102543,Kyron,KY-2407,False,False,False
BAT-3W-102544,Cellora,CE-2307,False,False,False
BAT-2W-102545,Cellora,CE-2308,False,False,False
BAT-2W-102546,Amptek,AM-2408,False,False,False
BAT-2W-102547,Amptek,AM-2404,False,False,False
BAT-3W-102548,Cellora,CE-2407,False,False,False
BAT-2W-102549,Cellora,CE-2503,False,False,False
BAT-2W-102550,Cellora,CE-2505,False,False,False
BAT-3W-102551,Cellora,CE-2402,False,False,False
BAT-2W-102552,Cellora,CE-2502,False,False,False
BAT-2W-102553,Cellora,CE-2404,False,False,False
BAT-2W-102554,Cellora,CE-2501,False,False,False
BAT-2W-102555,Amptek,AM-2505,False,False,False
BAT-2W-102556,Cellora,CE-2408,False,False,False
BAT-2W-102557,Cellora,CE-2404,False,True,False
BAT-2W-102558,Cellora,CE-2311,False,False,False
BAT-2W-102559,Kyron,KY-2407,True,False,True
BAT-2W-102560,Cellora,CE-2408,False,False,False
BAT-2W-102561,Kyron,KY-2407,True,False,True
BAT-2W-102562,Cellora,CE-2502,False,False,False
BAT-2W-102563,Amptek,AM-2404,False,False,False
BAT-2W-102564,Amptek,AM-2503,False,False,False
BAT-2W-102565,Kyron,KY-2407,True,False,True
BAT-2W-102566,Cellora,CE-2408,False,False,False
BAT-2W-102567,Amptek,AM-2410,False,True,False
BAT-2W-102568,Cellora,CE-2311,False,False,False
BAT-2W-102569,Cellora,CE-2312,False,False,False
BAT-3W-102570,Kyron,KY-2415,False,False,False
BAT-2W-102571,Cellora,CE-2306,False,False,False
BAT-2W-102572,Amptek,AM-2409,False,False,False
BAT-2W-102573,Cellora,CE-2412,False,False,False
BAT-2W-102574,Kyron,KY-2408,True,False,True
BAT-2W-102575,Kyron,KY-2408,True,False,True
BAT-3W-102576,Cellora,CE-2409,False,False,False
BAT-2W-102577,Kyron,KY-2408,True,False,True
BAT-3W-102578,Amptek,AM-2404,False,False,False
BAT-2W-102579,Kyron,KY-2407,True,False,True
BAT-2W-102580,Cellora,CE-2401,False,False,False
BAT-2W-102581,Cellora,CE-2409,False,False,False
BAT-2W-102582,Cellora,CE-2502,False,False,False
BAT-2W-102583,Amptek,AM-2503,False,False,False
BAT-2W-102584,Cellora,CE-2403,False,False,False
BAT-2W-102585,Amptek,AM-2408,False,False,False
BAT-2W-102586,Cellora,CE-2402,False,False,False
BAT-2W-102587,Cellora,CE-2505,False,False,False
BAT-2W-102588,Cellora,CE-2309,False,False,False
BAT-3W-102589,Amptek,AM-2502,False,False,False
BAT-2W-102590,Cellora,CE-2401,False,True,False
BAT-2W-102591,Cellora,CE-2412,False,False,False
BAT-2W-102592,Amptek,AM-2502,False,False,False
BAT-2W-102593,Cellora,CE-2308,False,True,False
BAT-2W-102594,Cellora,CE-2309,False,True,False
BAT-2W-102595,Cellora,CE-2409,False,False,False
BAT-2W-102596,Cellora,CE-2404,False,True,False
BAT-2W-102597,Kyron,KY-2408,True,False,True
BAT-2W-102598,Kyron,KY-2408,True,False,True
BAT-2W-102599,Cellora,CE-2410,False,True,False
BAT-2W-102600,Cellora,CE-2503,False,False,False
BAT-2W-102601,Cellora,CE-2311,False,False,False
BAT-2W-102602,Cellora,CE-2304,False,False,False
BAT-3W-102603,Cellora,CE-2503,False,False,False
BAT-2W-102604,Amptek,AM-2506,False,False,False
BAT-2W-102605,Kyron,KY-2408,False,False,True
BAT-2W-102606,Cellora,CE-2412,False,True,False
BAT-2W-102607,Cellora,CE-2401,False,False,False
BAT-2W-102608,Kyron,KY-2407,True,False,False
BAT-2W-102609,Cellora,CE-2404,False,False,False
BAT-2W-102610,Cellora,CE-2309,False,True,False
BAT-2W-102611,Cellora,CE-2307,False,False,False
BAT-2W-102612,Cellora,CE-2307,False,False,False
BAT-2W-102613,Cellora,CE-2408,False,False,False
BAT-3W-102614,Kyron,KY-2414,False,False,False
BAT-2W-102615,Cellora,CE-2308,False,False,False
BAT-2W-102616,Cellora,CE-2305,False,False,False
BAT-2W-102617,Kyron,KY-2408,False,False,True
BAT-2W-102618,Cellora,CE-2303,False,False,False
BAT-2W-102619,Amptek,AM-2411,False,False,False
BAT-2W-102620,Cellora,CE-2501,False,False,False
BAT-2W-102621,Cellora,CE-2309,False,False,False
BAT-2W-102622,Kyron,KY-2409,False,False,True
BAT-2W-102623,Kyron,KY-2409,False,False,False
BAT-3W-102624,Kyron,KY-2415,False,False,False
BAT-3W-102625,Kyron,KY-2418,False,False,False
BAT-2W-102626,Cellora,CE-2505,False,False,False
BAT-2W-102627,Kyron,KY-2408,False,False,False
BAT-2W-102628,Kyron,KY-2408,False,False,False
BAT-2W-102629,Cellora,CE-2403,False,True,False
BAT-2W-102630,Amptek,AM-2403,False,False,False
BAT-2W-102631,Cellora,CE-2402,False,True,False
BAT-2W-102632,Cellora,CE-2304,False,False,False
BAT-2W-102633,Cellora,CE-2311,False,False,False
BAT-2W-102634,Kyron,KY-2407,False,False,False
BAT-2W-102635,Cellora,CE-2311,False,False,False
BAT-2W-102636,Cellora,CE-2504,False,False,False
BAT-3W-102637,Kyron,KY-2416,False,False,False
BAT-2W-102638,Cellora,CE-2304,False,False,False
BAT-2W-102639,Amptek,AM-2411,False,True,False
BAT-2W-102640,Amptek,AM-2504,False,True,False
BAT-2W-102641,Kyron,KY-2407,True,False,False
BAT-2W-102642,Cellora,CE-2310,False,False,False
BAT-2W-102643,Cellora,CE-2305,False,False,False
BAT-2W-102644,Amptek,AM-2405,False,False,False
BAT-2W-102645,Cellora,CE-2312,False,False,False
BAT-2W-102646,Cellora,CE-2312,False,False,False
BAT-2W-102647,Cellora,CE-2410,False,True,False
BAT-3W-102648,Amptek,AM-2502,False,False,False
BAT-2W-102649,Cellora,CE-2310,False,False,False
BAT-2W-102650,Cellora,CE-2304,False,False,False
BAT-3W-102651,Kyron,KY-2412,False,False,False
BAT-3W-102652,Kyron,KY-2408,False,False,False
BAT-3W-102653,Cellora,CE-2310,False,False,False
BAT-3W-102654,Kyron,KY-2417,False,False,False
BAT-2W-102655,Amptek,AM-2408,False,False,False
BAT-3W-102656,Amptek,AM-2407,False,False,False
BAT-2W-102657,Kyron,KY-2409,True,False,True
BAT-3W-102658,Amptek,AM-2403,False,False,False
BAT-2W-102659,Kyron,KY-2408,True,False,True
BAT-2W-102660,Kyron,KY-2408,False,False,False
BAT-2W-102661,Cellora,CE-2404,False,False,False
BAT-2W-102662,Amptek,AM-2501,False,False,False
BAT-2W-102663,Cellora,CE-2311,False,False,False
BAT-3W-102664,Kyron,KY-2414,False,False,False
BAT-2W-102665,Cellora,CE-2303,False,False,False
BAT-2W-102666,Cellora,CE-2305,False,True,False
BAT-2W-102667,Cellora,CE-2409,False,False,False
BAT-2W-102668,Cellora,CE-2309,False,True,False
BAT-2W-102669,Amptek,AM-2410,False,False,False
BAT-3W-102670,Amptek,AM-2403,False,False,False
BAT-2W-102671,Cellora,CE-2408,False,False,False
BAT-3W-102672,Cellora,CE-2504,False,False,False
BAT-3W-102673,Cellora,CE-2505,False,False,False
BAT-2W-102674,Kyron,KY-2409,True,False,True
BAT-2W-102675,Cellora,CE-2402,False,False,False
BAT-2W-102676,Kyron,KY-2407,False,False,False
BAT-3W-102677,Kyron,KY-2413,False,False,False
BAT-2W-102678,Cellora,CE-2304,False,False,False
BAT-2W-102679,Amptek,AM-2410,False,True,False
BAT-2W-102680,Cellora,CE-2411,False,False,False
BAT-2W-102681,Cellora,CE-2311,False,True,False
BAT-2W-102682,Cellora,CE-2311,False,False,False
BAT-2W-102683,Amptek,AM-2408,False,False,False
BAT-2W-102684,Cellora,CE-2306,False,False,False
BAT-3W-102685,Kyron,KY-2416,False,False,False
BAT-3W-102686,Kyron,KY-2413,False,False,False
BAT-2W-102687,Amptek,AM-2503,False,False,False
BAT-2W-102688,Amptek,AM-2407,False,False,False
BAT-2W-102689,Kyron,KY-2408,True,False,True
BAT-2W-102690,Amptek,AM-2503,False,False,False
BAT-2W-102691,Cellora,CE-2311,False,False,False
BAT-2W-102692,Cellora,CE-2401,False,False,False
BAT-2W-102693,Amptek,AM-2403,False,False,False
BAT-2W-102694,Amptek,AM-2406,False,False,False
BAT-2W-102695,Cellora,CE-2305,False,False,False
BAT-2W-102696,Cellora,CE-2310,False,False,False
BAT-2W-102697,Amptek,AM-2404,False,False,False
BAT-3W-102698,Kyron,KY-2413,False,False,False
BAT-3W-102699,Cellora,CE-2412,False,False,False
BAT-2W-102700,Kyron,KY-2409,False,False,False
BAT-2W-102701,Amptek,AM-2502,False,False,False
BAT-3W-102702,Amptek,AM-2408,False,False,False
BAT-2W-102703,Kyron,KY-2407,True,False,True
BAT-2W-102704,Kyron,KY-2407,True,False,True
BAT-3W-102705,Cellora,CE-2307,False,False,False
BAT-2W-102706,Cellora,CE-2401,False,False,False
BAT-2W-102707,Cellora,CE-2403,False,False,False
BAT-2W-102708,Amptek,AM-2409,False,False,False
BAT-2W-102709,Kyron,KY-2409,True,False,True
BAT-2W-102710,Cellora,CE-2407,False,False,False
BAT-2W-102711,Kyron,KY-2409,True,False,False
BAT-2W-102712,Kyron,KY-2408,False,False,False
BAT-2W-102713,Cellora,CE-2504,False,False,False
BAT-3W-102714,Cellora,CE-2402,False,False,False
BAT-2W-102715,Kyron,KY-2409,True,False,True
BAT-2W-102716,Cellora,CE-2412,False,True,False
BAT-3W-102717,Cellora,CE-2405,False,False,False
BAT-2W-102718,Cellora,CE-2503,False,False,False
BAT-2W-102719,Cellora,CE-2409,False,False,False
BAT-2W-102720,Amptek,AM-2411,False,False,False
BAT-3W-102721,Amptek,AM-2503,False,False,False
BAT-3W-102722,Amptek,AM-2505,False,False,False
BAT-2W-102723,Cellora,CE-2305,False,False,False
BAT-2W-102724,Cellora,CE-2410,False,False,False
BAT-2W-102725,Cellora,CE-2411,False,False,False
BAT-2W-102726,Kyron,KY-2409,False,False,False
BAT-2W-102727,Amptek,AM-2409,False,False,False
BAT-2W-102728,Kyron,KY-2409,False,False,False
BAT-2W-102729,Cellora,CE-2304,False,False,False
BAT-2W-102730,Amptek,AM-2503,False,False,False
BAT-3W-102731,Amptek,AM-2403,False,False,False
BAT-2W-102732,Cellora,CE-2308,False,False,False
BAT-2W-102733,Cellora,CE-2401,False,False,False
BAT-2W-102734,Kyron,KY-2409,False,False,True
BAT-3W-102735,Cellora,CE-2306,False,False,False
BAT-2W-102736,Cellora,CE-2504,False,False,False
BAT-2W-102737,Kyron,KY-2408,True,False,True
BAT-2W-102738,Cellora,CE-2307,False,False,False
BAT-2W-102739,Cellora,CE-2404,False,False,False
BAT-2W-102740,Kyron,KY-2408,False,False,False
BAT-3W-102741,Cellora,CE-2306,False,False,False
BAT-2W-102742,Cellora,CE-2312,False,False,False
BAT-2W-102743,Kyron,KY-2408,False,False,False
BAT-3W-102744,Kyron,KY-2407,False,False,False
BAT-2W-102745,Cellora,CE-2505,False,False,False
BAT-2W-102746,Kyron,KY-2407,False,False,False
BAT-2W-102747,Kyron,KY-2408,False,False,False
BAT-2W-102748,Kyron,KY-2408,False,False,False
BAT-2W-102749,Kyron,KY-2408,False,False,False
BAT-2W-102750,Cellora,CE-2307,False,False,False
BAT-3W-102751,Cellora,CE-2411,False,False,False
BAT-2W-102752,Amptek,AM-2502,False,False,False
BAT-2W-102753,Cellora,CE-2412,False,False,False
BAT-2W-102754,Kyron,KY-2409,False,False,False
BAT-2W-102755,Cellora,CE-2501,False,False,False
BAT-2W-102756,Amptek,AM-2501,False,False,False
BAT-2W-102757,Cellora,CE-2309,False,False,False
BAT-2W-102758,Cellora,CE-2408,False,False,False
BAT-3W-102759,Cellora,CE-2306,False,False,False
BAT-2W-102760,Cellora,CE-2408,False,False,False
BAT-3W-102761,Kyron,KY-2416,False,False,False
BAT-2W-102762,Cellora,CE-2503,False,True,False
BAT-2W-102763,Cellora,CE-2410,False,False,False
BAT-2W-102764,Amptek,AM-2504,False,False,False
BAT-2W-102765,Kyron,KY-2407,False,False,False
BAT-2W-102766,Cellora,CE-2406,False,False,False
BAT-2W-102767,Cellora,CE-2401,False,False,False
BAT-2W-102768,Kyron,KY-2407,True,False,True
BAT-2W-102769,Amptek,AM-2404,False,False,False
BAT-2W-102770,Kyron,KY-2409,False,False,False
BAT-2W-102771,Cellora,CE-2404,False,False,False
BAT-2W-102772,Amptek,AM-2502,False,False,False
BAT-2W-102773,Amptek,AM-2412,False,False,False
BAT-2W-102774,Kyron,KY-2409,False,False,True
BAT-2W-102775,Amptek,AM-2505,False,True,False
BAT-2W-102776,Cellora,CE-2406,False,False,False
BAT-2W-102777,Cellora,CE-2305,False,False,False
BAT-2W-102778,Cellora,CE-2504,False,False,False
BAT-2W-102779,Kyron,KY-2407,False,False,False
BAT-2W-102780,Cellora,CE-2307,False,True,False
BAT-2W-102781,Cellora,CE-2306,False,False,False
BAT-2W-102782,Kyron,KY-2407,True,False,True
BAT-2W-102783,Cellora,CE-2404,False,False,False
BAT-2W-102784,Cellora,CE-2312,False,False,False
BAT-2W-102785,Kyron,KY-2408,False,False,False
BAT-2W-102786,Amptek,AM-2405,False,False,False
BAT-2W-102787,Amptek,AM-2506,False,True,False
BAT-2W-102788,Cellora,CE-2403,False,False,False
BAT-2W-102789,Cellora,CE-2304,False,True,False
BAT-2W-102790,Cellora,CE-2312,False,False,False
BAT-2W-102791,Cellora,CE-2404,False,False,False
BAT-2W-102792,Kyron,KY-2407,False,False,False
BAT-2W-102793,Cellora,CE-2305,False,False,False
BAT-2W-102794,Amptek,AM-2404,False,False,False
BAT-2W-102795,Cellora,CE-2502,False,True,False
BAT-2W-102796,Cellora,CE-2309,False,False,False
BAT-3W-102797,Cellora,CE-2304,False,False,False
BAT-2W-102798,Kyron,KY-2408,False,False,True
BAT-2W-102799,Amptek,AM-2501,False,False,False
BAT-2W-102800,Kyron,KY-2407,False,False,False
BAT-2W-102801,Cellora,CE-2304,False,False,False
BAT-2W-102802,Kyron,KY-2407,False,False,False
BAT-2W-102803,Cellora,CE-2408,False,False,False
BAT-2W-102804,Cellora,CE-2504,False,False,False
BAT-2W-102805,Cellora,CE-2408,False,False,False
BAT-2W-102806,Kyron,KY-2407,True,False,True
BAT-2W-102807,Cellora,CE-2504,False,False,False
BAT-2W-102808,Cellora,CE-2406,False,True,False
BAT-3W-102809,Kyron,KY-2407,False,False,False
BAT-2W-102810,Cellora,CE-2409,False,False,False
BAT-2W-102811,Kyron,KY-2408,False,False,False
BAT-2W-102812,Cellora,CE-2405,False,False,False
BAT-2W-102813,Amptek,AM-2412,False,False,False
BAT-3W-102814,Cellora,CE-2501,False,False,False
BAT-2W-102815,Kyron,KY-2408,False,False,False
BAT-2W-102816,Kyron,KY-2408,True,False,True
BAT-3W-102817,Cellora,CE-2312,False,False,False
BAT-2W-102818,Cellora,CE-2311,False,False,False
BAT-2W-102819,Cellora,CE-2405,False,True,False
BAT-2W-102820,Cellora,CE-2408,False,False,False
BAT-2W-102821,Cellora,CE-2409,False,False,False
BAT-3W-102822,Amptek,AM-2403,False,False,False
BAT-2W-102823,Cellora,CE-2308,False,False,False
BAT-2W-102824,Amptek,AM-2403,False,False,False
BAT-2W-102825,Cellora,CE-2304,False,False,False
BAT-3W-102826,Cellora,CE-2409,False,False,False
BAT-2W-102827,Cellora,CE-2504,False,False,False
BAT-2W-102828,Kyron,KY-2408,False,False,False
BAT-2W-102829,Cellora,CE-2405,False,False,False
BAT-2W-102830,Cellora,CE-2309,False,False,False
BAT-3W-102831,Amptek,AM-2411,False,False,False
BAT-3W-102832,Cellora,CE-2411,False,False,False
BAT-3W-102833,Amptek,AM-2403,False,False,False
BAT-3W-102834,Cellora,CE-2504,False,False,False
BAT-2W-102835,Cellora,CE-2309,False,False,False
BAT-2W-102836,Amptek,AM-2501,False,False,False
BAT-2W-102837,Cellora,CE-2403,False,False,False
BAT-2W-102838,Cellora,CE-2309,False,False,False
BAT-2W-102839,Cellora,CE-2307,False,False,False
BAT-3W-102840,Cellora,CE-2410,False,False,False
BAT-3W-102841,Kyron,KY-2411,False,False,False
BAT-2W-102842,Kyron,KY-2407,True,False,True
BAT-2W-102843,Cellora,CE-2412,False,False,False
BAT-2W-102844,Kyron,KY-2408,True,False,False
BAT-2W-102845,Cellora,CE-2412,False,False,False
BAT-2W-102846,Cellora,CE-2308,False,False,False
BAT-2W-102847,Amptek,AM-2506,False,False,False
BAT-2W-102848,Cellora,CE-2304,False,False,False
BAT-2W-102849,Amptek,AM-2501,False,False,False
BAT-2W-102850,Cellora,CE-2406,False,True,False
BAT-3W-102851,Cellora,CE-2405,False,False,False
BAT-2W-102852,Amptek,AM-2411,False,False,False
BAT-2W-102853,Cellora,CE-2405,False,True,False
BAT-2W-102854,Cellora,CE-2303,False,False,False
BAT-2W-102855,Cellora,CE-2503,False,False,False
BAT-2W-102856,Amptek,AM-2505,False,True,False
BAT-2W-102857,Kyron,KY-2407,False,False,False
BAT-2W-102858,Cellora,CE-2311,False,False,False
BAT-2W-102859,Cellora,CE-2404,False,True,False
BAT-2W-102860,Amptek,AM-2506,False,False,False
BAT-3W-102861,Amptek,AM-2502,False,False,False
BAT-2W-102862,Cellora,CE-2304,False,False,False
BAT-3W-102863,Cellora,CE-2308,False,False,False
BAT-2W-102864,Cellora,CE-2402,False,False,False
BAT-2W-102865,Cellora,CE-2409,False,False,False
BAT-2W-102866,Cellora,CE-2312,False,True,False
BAT-2W-102867,Cellora,CE-2405,False,False,False
BAT-2W-102868,Cellora,CE-2303,False,False,False
BAT-3W-102869,Amptek,AM-2408,False,False,False
BAT-2W-102870,Cellora,CE-2305,False,False,False
BAT-2W-102871,Cellora,CE-2306,False,False,False
BAT-2W-102872,Kyron,KY-2408,False,False,False
BAT-2W-102873,Cellora,CE-2312,False,False,False
BAT-2W-102874,Cellora,CE-2409,False,False,False
BAT-2W-102875,Amptek,AM-2502,False,False,False
BAT-2W-102876,Kyron,KY-2407,False,False,False
BAT-2W-102877,Kyron,KY-2408,True,False,True
BAT-2W-102878,Cellora,CE-2404,False,False,False
BAT-2W-102879,Cellora,CE-2304,False,False,False
BAT-2W-102880,Kyron,KY-2409,False,False,False
BAT-3W-102881,Cellora,CE-2407,False,False,False
BAT-2W-102882,Cellora,CE-2309,False,True,False
BAT-3W-102883,Amptek,AM-2506,False,False,False
BAT-2W-102884,Cellora,CE-2410,False,False,False
BAT-3W-102885,Kyron,KY-2413,False,False,False
BAT-2W-102886,Kyron,KY-2408,True,False,False
BAT-2W-102887,Cellora,CE-2406,False,False,False
BAT-2W-102888,Cellora,CE-2404,False,False,False
BAT-3W-102889,Amptek,AM-2404,False,False,False
BAT-2W-102890,Cellora,CE-2309,False,False,False
BAT-2W-102891,Amptek,AM-2411,False,True,False
BAT-2W-102892,Cellora,CE-2303,False,False,False
BAT-2W-102893,Cellora,CE-2411,False,False,False
BAT-3W-102894,Cellora,CE-2402,False,False,False
BAT-2W-102895,Cellora,CE-2412,False,False,False
BAT-3W-102896,Cellora,CE-2401,False,False,False
BAT-2W-102897,Amptek,AM-2406,False,False,False
BAT-2W-102898,Kyron,KY-2407,True,False,True
BAT-2W-102899,Cellora,CE-2406,False,False,False
BAT-2W-102900,Amptek,AM-2502,False,False,False
BAT-2W-102901,Amptek,AM-2505,False,False,False
BAT-2W-102902,Kyron,KY-2408,True,False,True
BAT-2W-102903,Cellora,CE-2409,False,False,False
BAT-2W-102904,Kyron,KY-2408,False,False,False
BAT-2W-102905,Cellora,CE-2505,False,False,False
BAT-2W-102906,Amptek,AM-2505,False,False,False
BAT-2W-102907,Cellora,CE-2411,False,True,False
BAT-2W-102908,Cellora,CE-2410,False,False,False
BAT-2W-102909,Kyron,KY-2408,False,False,False
BAT-2W-102910,Amptek,AM-2409,False,False,False
BAT-2W-102911,Kyron,KY-2409,True,False,True
BAT-2W-102912,Cellora,CE-2412,False,False,False
BAT-3W-102913,Cellora,CE-2307,False,False,False
BAT-2W-102914,Cellora,CE-2305,False,False,False
BAT-2W-102915,Kyron,KY-2407,True,False,True
BAT-2W-102916,Amptek,AM-2404,False,False,False
BAT-2W-102917,Cellora,CE-2408,False,False,False
BAT-2W-102918,Cellora,CE-2305,False,True,False
BAT-2W-102919,Cellora,CE-2402,False,False,False
BAT-2W-102920,Amptek,AM-2409,False,False,False
BAT-2W-102921,Cellora,CE-2309,False,False,False
BAT-2W-102922,Amptek,AM-2403,False,False,False
BAT-2W-102923,Cellora,CE-2303,False,False,False
BAT-2W-102924,Cellora,CE-2407,False,True,False
BAT-2W-102925,Cellora,CE-2410,False,False,False
BAT-2W-102926,Cellora,CE-2411,False,False,False
BAT-2W-102927,Cellora,CE-2304,False,True,False
BAT-2W-102928,Amptek,AM-2407,False,False,False
BAT-3W-102929,Cellora,CE-2504,False,False,False
BAT-3W-102930,Cellora,CE-2401,False,False,False
BAT-2W-102931,Cellora,CE-2406,False,False,False
BAT-2W-102932,Kyron,KY-2407,False,False,False
BAT-2W-102933,Kyron,KY-2409,True,False,True
BAT-2W-102934,Amptek,AM-2412,False,False,False
BAT-2W-102935,Kyron,KY-2409,True,False,True
BAT-2W-102936,Kyron,KY-2407,True,False,True
BAT-2W-102937,Cellora,CE-2412,False,False,False
BAT-2W-102938,Kyron,KY-2408,False,False,False
BAT-2W-102939,Cellora,CE-2410,False,False,False
BAT-2W-102940,Amptek,AM-2502,False,False,False
BAT-3W-102941,Kyron,KY-2413,False,False,False
BAT-2W-102942,Amptek,AM-2403,False,False,False
BAT-2W-102943,Cellora,CE-2401,False,False,False
BAT-2W-102944,Amptek,AM-2506,False,True,False
BAT-2W-102945,Cellora,CE-2410,False,False,False
BAT-2W-102946,Cellora,CE-2405,False,False,False
BAT-2W-102947,Cellora,CE-2304,False,False,False
BAT-2W-102948,Amptek,AM-2411,False,True,False
BAT-3W-102949,Cellora,CE-2312,False,False,False
BAT-2W-102950,Cellora,CE-2307,False,False,False
BAT-2W-102951,Cellora,CE-2412,False,False,False
BAT-2W-102952,Cellora,CE-2307,False,False,False
BAT-2W-102953,Kyron,KY-2409,False,False,False
BAT-3W-102954,Cellora,CE-2412,False,False,False
BAT-2W-102955,Cellora,CE-2409,False,True,False
BAT-2W-102956,Kyron,KY-2407,True,False,False
BAT-2W-102957,Cellora,CE-2311,False,False,False
BAT-2W-102958,Cellora,CE-2308,False,False,False
BAT-2W-102959,Cellora,CE-2408,False,False,False
BAT-2W-102960,Kyron,KY-2409,True,False,True
BAT-2W-102961,Cellora,CE-2401,False,False,False
BAT-2W-102962,Cellora,CE-2308,False,False,False
BAT-2W-102963,Kyron,KY-2407,True,False,True
BAT-2W-102964,Amptek,AM-2501,False,False,False
BAT-2W-102965,Kyron,KY-2408,True,False,False
BAT-2W-102966,Kyron,KY-2407,False,False,False
BAT-2W-102967,Kyron,KY-2409,False,False,False
BAT-2W-102968,Cellora,CE-2503,False,False,False
BAT-2W-102969,Cellora,CE-2404,False,False,False
BAT-3W-102970,Kyron,KY-2408,False,False,False
BAT-2W-102971,Amptek,AM-2504,False,False,False
BAT-2W-102972,Cellora,CE-2503,False,True,False
BAT-2W-102973,Kyron,KY-2409,True,False,True
BAT-2W-102974,Cellora,CE-2307,False,False,False
BAT-2W-102975,Cellora,CE-2505,False,False,False
BAT-2W-102976,Cellora,CE-2309,False,True,False
BAT-2W-102977,Cellora,CE-2311,False,False,False
BAT-2W-102978,Kyron,KY-2409,False,False,False
BAT-2W-102979,Cellora,CE-2305,False,False,False
BAT-3W-102980,Cellora,CE-2501,False,False,False
BAT-2W-102981,Cellora,CE-2401,False,False,False
BAT-2W-102982,Cellora,CE-2403,False,False,False
BAT-2W-102983,Kyron,KY-2407,False,False,False
BAT-2W-102984,Amptek,AM-2409,False,False,False
BAT-2W-102985,Cellora,CE-2406,False,True,False
BAT-3W-102986,Amptek,AM-2405,False,False,False
BAT-2W-102987,Kyron,KY-2407,True,False,False
BAT-2W-102988,Kyron,KY-2409,False,False,False
BAT-3W-102989,Kyron,KY-2414,False,False,False
BAT-2W-102990,Cellora,CE-2411,False,False,False
BAT-2W-102991,Amptek,AM-2503,False,True,False
BAT-2W-102992,Cellora,CE-2412,False,False,False
BAT-2W-102993,Amptek,AM-2412,False,False,False
BAT-2W-102994,Cellora,CE-2505,False,False,False
BAT-2W-102995,Amptek,AM-2404,False,True,False
BAT-2W-102996,Cellora,CE-2310,False,False,False
BAT-2W-102997,Cellora,CE-2411,False,False,False
BAT-2W-102998,Amptek,AM-2404,False,False,False
BAT-2W-102999,Cellora,CE-2410,False,False,False
BAT-2W-103000,Cellora,CE-2404,False,False,False
BAT-2W-103001,Cellora,CE-2312,False,False,False
BAT-2W-103002,Amptek,AM-2409,False,False,False
BAT-3W-103003,Cellora,CE-2406,False,False,False
BAT-2W-103004,Cellora,CE-2404,False,True,False
BAT-2W-103005,Cellora,CE-2408,False,False,False
BAT-2W-103006,Kyron,KY-2407,False,False,False
BAT-2W-103007,Cellora,CE-2404,False,False,False
BAT-3W-103008,Cellora,CE-2412,False,False,False
BAT-2W-103009,Cellora,CE-2407,False,False,False
BAT-2W-103010,Cellora,CE-2502,False,False,False
BAT-2W-103011,Cellora,CE-2404,False,False,False
BAT-2W-103012,Kyron,KY-2409,False,False,False
BAT-2W-103013,Cellora,CE-2501,False,False,False
BAT-2W-103014,Kyron,KY-2408,False,False,False
BAT-2W-103015,Amptek,AM-2412,False,False,False
BAT-3W-103016,Cellora,CE-2312,False,False,False
BAT-2W-103017,Cellora,CE-2503,False,True,False
BAT-2W-103018,Cellora,CE-2410,False,False,False
BAT-2W-103019,Amptek,AM-2506,False,False,False
BAT-2W-103020,Kyron,KY-2408,True,False,True
BAT-2W-103021,Kyron,KY-2409,False,False,False
BAT-2W-103022,Cellora,CE-2410,False,False,False
BAT-2W-103023,Cellora,CE-2502,False,False,False
BAT-2W-103024,Cellora,CE-2404,False,False,False
BAT-2W-103025,Kyron,KY-2407,False,False,True
BAT-2W-103026,Kyron,KY-2407,False,False,True
BAT-3W-103027,Cellora,CE-2312,False,False,False
BAT-2W-103028,Cellora,CE-2411,False,False,False
BAT-2W-103029,Amptek,AM-2505,False,False,False
BAT-3W-103030,Cellora,CE-2408,False,False,False
BAT-2W-103031,Cellora,CE-2303,False,True,False
BAT-2W-103032,Kyron,KY-2408,False,False,False
BAT-2W-103033,Kyron,KY-2409,True,False,True
BAT-2W-103034,Cellora,CE-2405,False,False,False
BAT-3W-103035,Cellora,CE-2308,False,False,False
BAT-2W-103036,Amptek,AM-2502,False,False,False
BAT-2W-103037,Cellora,CE-2303,False,False,False
BAT-2W-103038,Cellora,CE-2312,False,False,False
BAT-2W-103039,Kyron,KY-2408,True,False,True
BAT-2W-103040,Cellora,CE-2410,False,False,False
BAT-2W-103041,Cellora,CE-2303,False,False,False
BAT-3W-103042,Cellora,CE-2406,False,False,False
BAT-3W-103043,Cellora,CE-2410,False,False,False
BAT-3W-103044,Amptek,AM-2408,False,False,False
BAT-2W-103045,Cellora,CE-2311,False,False,False
BAT-2W-103046,Cellora,CE-2401,False,False,False
BAT-2W-103047,Cellora,CE-2311,False,False,False
BAT-2W-103048,Cellora,CE-2404,False,False,False
BAT-2W-103049,Cellora,CE-2410,False,False,False
BAT-2W-103050,Kyron,KY-2407,False,False,False
BAT-2W-103051,Amptek,AM-2410,False,False,False
BAT-3W-103052,Amptek,AM-2412,False,False,False
BAT-2W-103053,Kyron,KY-2407,False,False,True
BAT-2W-103054,Kyron,KY-2408,True,False,True
BAT-2W-103055,Cellora,CE-2307,False,False,False
BAT-2W-103056,Cellora,CE-2407,False,False,False
BAT-2W-103057,Cellora,CE-2406,False,False,False
BAT-2W-103058,Cellora,CE-2304,False,False,False
BAT-2W-103059,Cellora,CE-2503,False,False,False
BAT-2W-103060,Amptek,AM-2502,False,False,False
BAT-2W-103061,Cellora,CE-2308,False,False,False
BAT-2W-103062,Cellora,CE-2305,False,False,False
BAT-2W-103063,Cellora,CE-2304,False,False,False
BAT-2W-103064,Amptek,AM-2408,False,True,False
BAT-2W-103065,Kyron,KY-2408,True,False,True
BAT-2W-103066,Cellora,CE-2503,False,False,False
BAT-2W-103067,Cellora,CE-2308,False,False,False
BAT-3W-103068,Amptek,AM-2501,False,False,False
BAT-2W-103069,Cellora,CE-2502,False,False,False
BAT-2W-103070,Kyron,KY-2409,True,False,True
BAT-2W-103071,Kyron,KY-2407,True,False,True
BAT-2W-103072,Amptek,AM-2412,False,False,False
BAT-2W-103073,Cellora,CE-2402,False,False,False
BAT-2W-103074,Cellora,CE-2409,False,False,False
BAT-2W-103075,Cellora,CE-2503,False,True,False
BAT-2W-103076,Cellora,CE-2505,False,False,False
BAT-2W-103077,Cellora,CE-2311,False,False,False
BAT-2W-103078,Cellora,CE-2403,False,False,False
BAT-2W-103079,Kyron,KY-2409,False,False,False
BAT-2W-103080,Kyron,KY-2408,True,False,True
BAT-2W-103081,Amptek,AM-2502,False,False,False
BAT-2W-103082,Kyron,KY-2407,False,False,False
BAT-2W-103083,Amptek,AM-2411,False,False,False
BAT-2W-103084,Cellora,CE-2504,False,False,False
BAT-2W-103085,Cellora,CE-2303,False,True,False
BAT-3W-103086,Cellora,CE-2503,False,False,False
BAT-2W-103087,Kyron,KY-2408,True,False,True
BAT-2W-103088,Cellora,CE-2504,False,True,False
BAT-3W-103089,Cellora,CE-2408,False,False,False
BAT-2W-103090,Kyron,KY-2408,False,False,False
BAT-2W-103091,Cellora,CE-2308,False,False,False
BAT-2W-103092,Cellora,CE-2405,False,False,False
BAT-3W-103093,Amptek,AM-2501,False,False,False
BAT-2W-103094,Cellora,CE-2309,False,False,False
BAT-2W-103095,Cellora,CE-2505,False,False,False
BAT-2W-103096,Cellora,CE-2402,False,False,False
BAT-2W-103097,Cellora,CE-2309,False,False,False
BAT-2W-103098,Amptek,AM-2406,False,False,False
BAT-2W-103099,Cellora,CE-2312,False,False,False
BAT-3W-103100,Kyron,KY-2416,False,False,False
BAT-2W-103101,Amptek,AM-2408,False,False,False
BAT-2W-103102,Amptek,AM-2405,False,False,False
BAT-3W-103103,Cellora,CE-2409,False,False,False
BAT-2W-103104,Cellora,CE-2504,False,True,False
BAT-2W-103105,Cellora,CE-2307,False,False,False
BAT-2W-103106,Cellora,CE-2410,False,False,False
BAT-3W-103107,Kyron,KY-2407,False,False,False
BAT-2W-103108,Cellora,CE-2304,False,True,False
BAT-3W-103109,Cellora,CE-2412,False,False,False
BAT-3W-103110,Amptek,AM-2409,False,False,False
BAT-2W-103111,Amptek,AM-2504,False,False,False
BAT-2W-103112,Cellora,CE-2311,False,False,False
BAT-2W-103113,Kyron,KY-2408,True,False,True
BAT-2W-103114,Cellora,CE-2311,False,False,False
BAT-2W-103115,Kyron,KY-2408,True,False,True
BAT-2W-103116,Cellora,CE-2411,False,True,False
BAT-2W-103117,Cellora,CE-2312,False,True,False
BAT-2W-103118,Amptek,AM-2501,False,False,False
BAT-2W-103119,Cellora,CE-2501,False,False,False
BAT-3W-103120,Amptek,AM-2501,False,False,False
BAT-2W-103121,Cellora,CE-2406,False,False,False
BAT-2W-103122,Cellora,CE-2303,False,False,False
BAT-3W-103123,Cellora,CE-2505,False,False,False
BAT-2W-103124,Cellora,CE-2504,False,False,False
BAT-3W-103125,Cellora,CE-2502,False,False,False
BAT-2W-103126,Cellora,CE-2408,False,True,False
BAT-2W-103127,Cellora,CE-2406,False,False,False
BAT-2W-103128,Cellora,CE-2307,False,False,False
BAT-2W-103129,Kyron,KY-2407,False,False,False
BAT-2W-103130,Cellora,CE-2403,False,False,False
BAT-2W-103131,Amptek,AM-2505,False,False,False
BAT-2W-103132,Kyron,KY-2407,False,False,False
BAT-2W-103133,Amptek,AM-2407,False,False,False
BAT-2W-103134,Amptek,AM-2503,False,False,False
BAT-2W-103135,Kyron,KY-2407,False,False,False
BAT-2W-103136,Cellora,CE-2304,False,False,False
BAT-2W-103137,Cellora,CE-2402,False,False,False
BAT-2W-103138,Cellora,CE-2412,False,False,False
BAT-2W-103139,Cellora,CE-2411,False,False,False
BAT-2W-103140,Amptek,AM-2408,False,False,False
BAT-2W-103141,Cellora,CE-2501,False,False,False
BAT-2W-103142,Amptek,AM-2405,False,True,False
BAT-2W-103143,Amptek,AM-2505,False,False,False
BAT-2W-103144,Cellora,CE-2410,False,False,False
BAT-3W-103145,Cellora,CE-2312,False,False,False
BAT-2W-103146,Amptek,AM-2409,False,False,False
BAT-3W-103147,Cellora,CE-2408,False,False,False
BAT-2W-103148,Cellora,CE-2504,False,False,False
BAT-2W-103149,Cellora,CE-2408,False,False,False
BAT-2W-103150,Kyron,KY-2409,True,False,True
BAT-2W-103151,Amptek,AM-2408,False,False,False
BAT-2W-103152,Kyron,KY-2407,True,False,True
BAT-2W-103153,Amptek,AM-2405,False,False,False
BAT-2W-103154,Cellora,CE-2411,False,False,False
BAT-2W-103155,Cellora,CE-2501,False,True,False
BAT-2W-103156,Cellora,CE-2402,False,False,False
BAT-2W-103157,Kyron,KY-2409,False,False,False
BAT-2W-103158,Cellora,CE-2309,False,False,False
BAT-2W-103159,Cellora,CE-2401,False,False,False
BAT-2W-103160,Cellora,CE-2304,False,False,False
BAT-2W-103161,Amptek,AM-2412,False,False,False
BAT-3W-103162,Amptek,AM-2412,False,False,False
BAT-2W-103163,Kyron,KY-2409,True,False,True
BAT-2W-103164,Cellora,CE-2412,False,False,False
BAT-2W-103165,Cellora,CE-2409,False,False,False
BAT-2W-103166,Kyron,KY-2409,False,False,False
BAT-2W-103167,Kyron,KY-2408,False,False,False
BAT-2W-103168,Cellora,CE-2410,False,False,False
BAT-2W-103169,Cellora,CE-2307,False,False,False
BAT-2W-103170,Amptek,AM-2503,False,False,False
BAT-2W-103171,Cellora,CE-2401,False,True,False
BAT-2W-103172,Amptek,AM-2405,False,True,False
BAT-2W-103173,Amptek,AM-2408,False,False,False
BAT-2W-103174,Kyron,KY-2407,True,False,False
BAT-2W-103175,Kyron,KY-2409,True,False,True
BAT-2W-103176,Cellora,CE-2310,False,False,False
BAT-2W-103177,Kyron,KY-2409,True,False,True
BAT-2W-103178,Kyron,KY-2409,False,False,False
BAT-2W-103179,Kyron,KY-2409,True,False,False
BAT-2W-103180,Cellora,CE-2502,False,False,False
BAT-2W-103181,Cellora,CE-2401,False,False,False
BAT-2W-103182,Cellora,CE-2409,False,False,False
BAT-2W-103183,Cellora,CE-2412,False,False,False
BAT-2W-103184,Amptek,AM-2407,False,False,False
BAT-2W-103185,Kyron,KY-2409,False,False,False
BAT-2W-103186,Cellora,CE-2503,False,False,False
BAT-2W-103187,Amptek,AM-2504,False,False,False
BAT-2W-103188,Kyron,KY-2407,False,False,False
BAT-3W-103189,Cellora,CE-2311,False,False,False
BAT-2W-103190,Cellora,CE-2406,False,False,False
BAT-3W-103191,Cellora,CE-2304,False,False,False
BAT-2W-103192,Cellora,CE-2407,False,False,False
BAT-3W-103193,Kyron,KY-2407,False,False,False
BAT-2W-103194,Cellora,CE-2303,False,False,False
BAT-2W-103195,Cellora,CE-2505,False,False,False
BAT-2W-103196,Cellora,CE-2502,False,False,False
BAT-2W-103197,Cellora,CE-2312,False,False,False
BAT-2W-103198,Cellora,CE-2405,False,False,False
BAT-2W-103199,Cellora,CE-2311,False,False,False
BAT-2W-103200,Kyron,KY-2408,True,False,False
BAT-2W-103201,Cellora,CE-2303,False,False,False
BAT-2W-103202,Cellora,CE-2410,False,False,False
BAT-2W-103203,Cellora,CE-2309,False,True,False
BAT-3W-103204,Cellora,CE-2502,False,False,False
BAT-2W-103205,Amptek,AM-2405,False,True,False
BAT-2W-103206,Kyron,KY-2409,True,False,True
BAT-2W-103207,Cellora,CE-2404,False,False,False
BAT-2W-103208,Kyron,KY-2409,False,False,False
BAT-2W-103209,Cellora,CE-2504,False,False,False
BAT-2W-103210,Cellora,CE-2312,False,False,False
BAT-2W-103211,Amptek,AM-2405,False,False,False
BAT-2W-103212,Amptek,AM-2408,False,False,False
BAT-2W-103213,Cellora,CE-2505,False,False,False
BAT-3W-103214,Cellora,CE-2308,False,False,False
BAT-2W-103215,Cellora,CE-2307,False,False,False
BAT-2W-103216,Kyron,KY-2408,False,False,True
BAT-3W-103217,Cellora,CE-2312,False,False,False
BAT-3W-103218,Cellora,CE-2305,False,False,False
BAT-2W-103219,Kyron,KY-2407,False,False,False
BAT-2W-103220,Kyron,KY-2409,True,False,True
BAT-2W-103221,Kyron,KY-2407,False,False,False
BAT-2W-103222,Cellora,CE-2410,False,False,False
BAT-3W-103223,Amptek,AM-2404,False,False,False
BAT-2W-103224,Cellora,CE-2310,False,False,False
BAT-2W-103225,Amptek,AM-2503,False,False,False
BAT-2W-103226,Amptek,AM-2409,False,False,False
BAT-2W-103227,Cellora,CE-2406,False,True,False
BAT-2W-103228,Cellora,CE-2405,False,True,False
BAT-2W-103229,Amptek,AM-2407,False,False,False
BAT-2W-103230,Kyron,KY-2408,True,False,True
BAT-2W-103231,Amptek,AM-2502,False,False,False
BAT-3W-103232,Cellora,CE-2404,False,False,False
BAT-3W-103233,Cellora,CE-2501,False,False,False
BAT-2W-103234,Cellora,CE-2303,False,False,False
BAT-2W-103235,Kyron,KY-2408,False,False,False
BAT-2W-103236,Kyron,KY-2408,True,False,True
BAT-2W-103237,Amptek,AM-2404,False,False,False
BAT-2W-103238,Kyron,KY-2407,False,False,False
BAT-2W-103239,Cellora,CE-2403,False,False,False
BAT-2W-103240,Cellora,CE-2501,False,True,False
BAT-2W-103241,Cellora,CE-2304,False,False,False
BAT-2W-103242,Cellora,CE-2411,False,False,False
BAT-2W-103243,Cellora,CE-2409,False,True,False
BAT-2W-103244,Cellora,CE-2503,False,False,False
BAT-2W-103245,Cellora,CE-2405,False,False,False
BAT-2W-103246,Cellora,CE-2404,False,False,False
BAT-2W-103247,Cellora,CE-2501,False,True,False
BAT-2W-103248,Kyron,KY-2407,True,False,True
BAT-2W-103249,Amptek,AM-2407,False,False,False
BAT-2W-103250,Amptek,AM-2411,False,False,False
BAT-3W-103251,Amptek,AM-2504,False,False,False
BAT-2W-103252,Cellora,CE-2504,False,False,False
BAT-2W-103253,Kyron,KY-2407,False,False,False
BAT-2W-103254,Cellora,CE-2307,False,False,False
BAT-2W-103255,Cellora,CE-2404,False,False,False
BAT-2W-103256,Cellora,CE-2303,False,False,False
BAT-2W-103257,Cellora,CE-2406,False,False,False
BAT-2W-103258,Kyron,KY-2407,False,False,False
BAT-2W-103259,Cellora,CE-2307,False,False,False
BAT-2W-103260,Cellora,CE-2409,False,False,False
BAT-2W-103261,Kyron,KY-2409,True,False,False
BAT-2W-103262,Cellora,CE-2311,False,False,False
BAT-2W-103263,Cellora,CE-2305,False,False,False
BAT-2W-103264,Kyron,KY-2408,False,False,False
BAT-3W-103265,Cellora,CE-2311,False,False,False
BAT-2W-103266,Kyron,KY-2408,False,False,False
BAT-2W-103267,Cellora,CE-2501,False,False,False
BAT-2W-103268,Cellora,CE-2401,False,False,False
BAT-2W-103269,Kyron,KY-2409,False,False,False
BAT-2W-103270,Kyron,KY-2407,True,False,True
BAT-2W-103271,Amptek,AM-2403,False,False,False
BAT-3W-103272,Cellora,CE-2502,False,False,False
BAT-2W-103273,Amptek,AM-2412,False,False,False
BAT-2W-103274,Cellora,CE-2403,False,False,False
BAT-2W-103275,Kyron,KY-2409,False,False,True
BAT-2W-103276,Amptek,AM-2504,False,False,False
BAT-2W-103277,Cellora,CE-2405,False,False,False
BAT-2W-103278,Cellora,CE-2404,False,False,False
BAT-2W-103279,Cellora,CE-2404,False,False,False
BAT-2W-103280,Kyron,KY-2407,False,False,False
BAT-2W-103281,Cellora,CE-2309,False,False,False
BAT-2W-103282,Cellora,CE-2409,False,False,False
BAT-2W-103283,Cellora,CE-2410,False,True,False
BAT-2W-103284,Cellora,CE-2504,False,False,False
BAT-2W-103285,Cellora,CE-2503,False,True,False
BAT-2W-103286,Amptek,AM-2411,False,False,False
BAT-2W-103287,Amptek,AM-2405,False,True,False
BAT-2W-103288,Cellora,CE-2503,False,True,False
BAT-2W-103289,Cellora,CE-2409,False,False,False
BAT-2W-103290,Amptek,AM-2503,False,False,False
BAT-2W-103291,Kyron,KY-2408,True,False,False
BAT-2W-103292,Kyron,KY-2408,True,False,False
BAT-2W-103293,Amptek,AM-2405,False,True,False
BAT-2W-103294,Kyron,KY-2407,True,False,True
BAT-3W-103295,Cellora,CE-2402,False,False,False
BAT-2W-103296,Cellora,CE-2312,False,False,False
BAT-3W-103297,Cellora,CE-2304,False,False,False
BAT-2W-103298,Cellora,CE-2406,False,False,False
BAT-2W-103299,Cellora,CE-2504,False,False,False
BAT-2W-103300,Cellora,CE-2504,False,False,False
BAT-2W-103301,Kyron,KY-2409,False,False,False
BAT-2W-103302,Cellora,CE-2412,False,False,False
BAT-2W-103303,Cellora,CE-2404,False,False,False
BAT-2W-103304,Amptek,AM-2408,False,False,False
BAT-2W-103305,Cellora,CE-2308,False,False,False
BAT-2W-103306,Cellora,CE-2505,False,False,False
BAT-2W-103307,Kyron,KY-2409,False,False,False
BAT-2W-103308,Cellora,CE-2403,False,False,False
BAT-3W-103309,Kyron,KY-2418,False,False,False
BAT-2W-103310,Amptek,AM-2503,False,False,False
BAT-3W-103311,Amptek,AM-2409,False,False,False
BAT-2W-103312,Kyron,KY-2408,True,False,False
BAT-2W-103313,Cellora,CE-2308,False,False,False
BAT-2W-103314,Cellora,CE-2505,False,False,False
BAT-3W-103315,Kyron,KY-2413,False,False,False
BAT-2W-103316,Amptek,AM-2504,False,False,False
BAT-2W-103317,Cellora,CE-2402,False,True,False
BAT-2W-103318,Amptek,AM-2505,False,False,False
BAT-2W-103319,Kyron,KY-2408,False,False,False
BAT-2W-103320,Amptek,AM-2501,False,False,False
BAT-2W-103321,Cellora,CE-2309,False,True,False
BAT-2W-103322,Cellora,CE-2404,False,False,False
BAT-2W-103323,Cellora,CE-2304,False,True,False
BAT-2W-103324,Kyron,KY-2409,True,False,True
BAT-2W-103325,Cellora,CE-2412,False,False,False
BAT-3W-103326,Cellora,CE-2401,False,False,False
BAT-2W-103327,Cellora,CE-2501,False,False,False
BAT-3W-103328,Cellora,CE-2402,False,False,False
BAT-3W-103329,Kyron,KY-2408,False,False,False
BAT-2W-103330,Cellora,CE-2503,False,False,False
BAT-3W-103331,Cellora,CE-2410,False,False,False
BAT-2W-103332,Cellora,CE-2312,False,True,False
BAT-2W-103333,Amptek,AM-2503,False,False,False
BAT-2W-103334,Cellora,CE-2303,False,False,False
BAT-2W-103335,Kyron,KY-2408,False,False,False
BAT-2W-103336,Amptek,AM-2408,False,False,False
BAT-2W-103337,Amptek,AM-2501,False,False,False
BAT-2W-103338,Cellora,CE-2312,False,False,False
BAT-2W-103339,Amptek,AM-2406,False,False,False
BAT-3W-103340,Kyron,KY-2410,False,False,False
BAT-2W-103341,Kyron,KY-2409,True,False,True
BAT-2W-103342,Amptek,AM-2501,False,True,False
BAT-2W-103343,Cellora,CE-2307,False,False,False
BAT-2W-103344,Cellora,CE-2408,False,False,False
BAT-2W-103345,Cellora,CE-2307,False,False,False
BAT-2W-103346,Amptek,AM-2412,False,True,False
BAT-2W-103347,Amptek,AM-2407,False,False,False
BAT-3W-103348,Kyron,KY-2408,False,False,False
BAT-2W-103349,Cellora,CE-2410,False,False,False
BAT-2W-103350,Kyron,KY-2409,False,False,False
BAT-2W-103351,Cellora,CE-2401,False,False,False
BAT-2W-103352,Cellora,CE-2502,False,False,False
BAT-2W-103353,Kyron,KY-2408,False,False,False
BAT-2W-103354,Cellora,CE-2404,False,False,False
BAT-2W-103355,Cellora,CE-2502,False,True,False
BAT-2W-103356,Cellora,CE-2505,False,False,False
BAT-2W-103357,Cellora,CE-2309,False,False,False
BAT-2W-103358,Cellora,CE-2505,False,True,False
BAT-2W-103359,Cellora,CE-2304,False,False,False
BAT-2W-103360,Cellora,CE-2402,False,False,False
BAT-2W-103361,Amptek,AM-2503,False,False,False
BAT-2W-103362,Amptek,AM-2412,False,False,False
BAT-2W-103363,Cellora,CE-2402,False,False,False
BAT-2W-103364,Kyron,KY-2407,False,False,False
BAT-2W-103365,Cellora,CE-2410,False,False,False
BAT-2W-103366,Cellora,CE-2404,False,False,False
BAT-2W-103367,Cellora,CE-2310,False,False,False
BAT-2W-103368,Cellora,CE-2407,False,False,False
BAT-3W-103369,Cellora,CE-2403,False,False,False
BAT-2W-103370,Cellora,CE-2404,False,False,False
BAT-2W-103371,Amptek,AM-2404,False,False,False
BAT-3W-103372,Kyron,KY-2411,False,False,False
BAT-2W-103373,Cellora,CE-2401,False,False,False
BAT-2W-103374,Cellora,CE-2305,False,False,False
BAT-2W-103375,Amptek,AM-2410,False,False,False
BAT-3W-103376,Cellora,CE-2405,False,False,False
BAT-2W-103377,Amptek,AM-2503,False,False,False
BAT-2W-103378,Cellora,CE-2410,False,False,False
BAT-3W-103379,Cellora,CE-2402,False,False,False
BAT-2W-103380,Amptek,AM-2504,False,False,False
BAT-2W-103381,Cellora,CE-2307,False,False,False
BAT-2W-103382,Cellora,CE-2308,False,False,False
BAT-3W-103383,Kyron,KY-2408,False,False,False
BAT-2W-103384,Kyron,KY-2409,True,False,True
BAT-2W-103385,Kyron,KY-2407,True,False,False
BAT-2W-103386,Amptek,AM-2505,False,False,False
BAT-2W-103387,Amptek,AM-2410,False,True,False
BAT-3W-103388,Amptek,AM-2409,False,False,False
BAT-2W-103389,Cellora,CE-2305,False,False,False
BAT-2W-103390,Amptek,AM-2403,False,False,False
BAT-2W-103391,Cellora,CE-2406,False,False,False
BAT-2W-103392,Cellora,CE-2407,False,False,False
BAT-2W-103393,Amptek,AM-2411,False,False,False
BAT-2W-103394,Cellora,CE-2412,False,False,False
BAT-2W-103395,Amptek,AM-2405,False,False,False
BAT-2W-103396,Amptek,AM-2410,False,False,False
BAT-2W-103397,Amptek,AM-2409,False,False,False
BAT-2W-103398,Kyron,KY-2408,False,False,False
BAT-2W-103399,Kyron,KY-2408,False,False,False
BAT-2W-103400,Cellora,CE-2411,False,False,False
BAT-2W-103401,Cellora,CE-2311,False,False,False
BAT-2W-103402,Cellora,CE-2401,False,False,False
BAT-2W-103403,Cellora,CE-2308,False,False,False
BAT-2W-103404,Amptek,AM-2406,False,True,False
BAT-2W-103405,Kyron,KY-2409,False,False,False
BAT-2W-103406,Cellora,CE-2405,False,False,False
BAT-2W-103407,Cellora,CE-2305,False,False,False
BAT-2W-103408,Amptek,AM-2504,False,False,False
BAT-2W-103409,Cellora,CE-2403,False,False,False
BAT-2W-103410,Kyron,KY-2408,False,False,False
BAT-2W-103411,Amptek,AM-2412,False,False,False
BAT-2W-103412,Cellora,CE-2410,False,False,False
BAT-2W-103413,Cellora,CE-2406,False,False,False
BAT-2W-103414,Amptek,AM-2406,False,False,False
BAT-2W-103415,Cellora,CE-2504,False,False,False
BAT-2W-103416,Kyron,KY-2409,False,False,True
BAT-2W-103417,Kyron,KY-2408,True,False,False
BAT-2W-103418,Kyron,KY-2409,True,False,True
BAT-2W-103419,Cellora,CE-2307,False,False,False
BAT-2W-103420,Cellora,CE-2308,False,False,False
BAT-2W-103421,Cellora,CE-2408,False,True,False
BAT-2W-103422,Cellora,CE-2410,False,False,False
BAT-2W-103423,Cellora,CE-2405,False,False,False
BAT-2W-103424,Kyron,KY-2409,False,False,False
BAT-3W-103425,Kyron,KY-2413,False,False,False
BAT-2W-103426,Cellora,CE-2411,False,False,False
BAT-2W-103427,Kyron,KY-2407,False,False,False
BAT-2W-103428,Amptek,AM-2404,False,False,False
BAT-2W-103429,Cellora,CE-2305,False,False,False
BAT-2W-103430,Cellora,CE-2412,False,False,False
BAT-2W-103431,Cellora,CE-2505,False,False,False
BAT-2W-103432,Cellora,CE-2502,False,False,False
BAT-2W-103433,Amptek,AM-2504,False,False,False
BAT-2W-103434,Amptek,AM-2410,False,False,False
BAT-2W-103435,Cellora,CE-2411,False,False,False
BAT-2W-103436,Cellora,CE-2505,False,False,False
BAT-2W-103437,Amptek,AM-2504,False,False,False
BAT-2W-103438,Cellora,CE-2407,False,True,False
BAT-2W-103439,Kyron,KY-2407,False,False,False
BAT-2W-103440,Cellora,CE-2410,False,False,False
BAT-3W-103441,Cellora,CE-2505,False,False,False
BAT-2W-103442,Amptek,AM-2406,False,False,False
BAT-2W-103443,Cellora,CE-2503,False,False,False
BAT-2W-103444,Cellora,CE-2412,False,False,False
BAT-2W-103445,Amptek,AM-2411,False,False,False
BAT-2W-103446,Cellora,CE-2404,False,True,False
BAT-3W-103447,Cellora,CE-2412,False,False,False
BAT-2W-103448,Cellora,CE-2406,False,True,False
BAT-2W-103449,Kyron,KY-2408,False,False,False
BAT-2W-103450,Amptek,AM-2502,False,True,False
BAT-2W-103451,Amptek,AM-2505,False,False,False
BAT-2W-103452,Cellora,CE-2311,False,False,False
BAT-2W-103453,Cellora,CE-2406,False,False,False
BAT-2W-103454,Cellora,CE-2409,False,False,False
BAT-3W-103455,Cellora,CE-2406,False,False,False
BAT-2W-103456,Cellora,CE-2503,False,False,False
BAT-2W-103457,Amptek,AM-2503,False,False,False
BAT-2W-103458,Kyron,KY-2407,False,False,False
BAT-2W-103459,Cellora,CE-2308,False,False,False
BAT-2W-103460,Cellora,CE-2306,False,False,False
BAT-2W-103461,Cellora,CE-2312,False,True,False
BAT-2W-103462,Amptek,AM-2411,False,False,False
BAT-2W-103463,Amptek,AM-2407,False,False,False
BAT-2W-103464,Cellora,CE-2311,False,False,False
BAT-2W-103465,Cellora,CE-2308,False,False,False
BAT-2W-103466,Amptek,AM-2405,False,False,False
BAT-2W-103467,Amptek,AM-2504,False,False,False
BAT-3W-103468,Kyron,KY-2416,False,False,False
BAT-2W-103469,Amptek,AM-2504,False,True,False
BAT-2W-103470,Cellora,CE-2411,False,False,False
BAT-2W-103471,Amptek,AM-2505,False,True,False
BAT-3W-103472,Kyron,KY-2411,False,False,False
BAT-2W-103473,Cellora,CE-2505,False,True,False
BAT-2W-103474,Amptek,AM-2406,False,False,False
BAT-2W-103475,Cellora,CE-2303,False,False,False
BAT-2W-103476,Cellora,CE-2410,False,False,False
BAT-2W-103477,Amptek,AM-2503,False,False,False
BAT-2W-103478,Cellora,CE-2408,False,True,False
BAT-3W-103479,Cellora,CE-2505,False,False,False
BAT-2W-103480,Amptek,AM-2405,False,False,False
BAT-2W-103481,Cellora,CE-2501,False,False,False
BAT-2W-103482,Amptek,AM-2409,False,False,False
BAT-2W-103483,Amptek,AM-2411,False,False,False
BAT-2W-103484,Cellora,CE-2303,False,False,False
BAT-3W-103485,Kyron,KY-2407,False,False,False
BAT-2W-103486,Kyron,KY-2408,False,False,False
BAT-2W-103487,Amptek,AM-2504,False,False,False
BAT-2W-103488,Cellora,CE-2504,False,False,False
BAT-2W-103489,Amptek,AM-2503,False,False,False
BAT-2W-103490,Kyron,KY-2407,False,False,True
BAT-3W-103491,Cellora,CE-2303,False,False,False
BAT-2W-103492,Cellora,CE-2503,False,False,False
BAT-2W-103493,Cellora,CE-2411,False,False,False
BAT-2W-103494,Kyron,KY-2409,True,False,True
BAT-2W-103495,Amptek,AM-2502,False,False,False
BAT-2W-103496,Cellora,CE-2408,False,False,False
BAT-2W-103497,Kyron,KY-2409,False,False,False
BAT-2W-103498,Cellora,CE-2411,False,False,False
BAT-2W-103499,Cellora,CE-2303,False,False,False
BAT-3W-103500,Amptek,AM-2505,False,False,False
BAT-2W-103501,Kyron,KY-2409,False,False,False
BAT-2W-103502,Amptek,AM-2409,False,False,False
BAT-2W-103503,Kyron,KY-2409,False,False,True
BAT-2W-103504,Kyron,KY-2409,True,False,True
BAT-3W-103505,Cellora,CE-2409,False,False,False
BAT-2W-103506,Cellora,CE-2504,False,True,False
BAT-2W-103507,Amptek,AM-2505,False,False,False
BAT-2W-103508,Amptek,AM-2408,False,False,False
BAT-2W-103509,Cellora,CE-2503,False,False,False
BAT-2W-103510,Cellora,CE-2303,False,True,False
BAT-2W-103511,Cellora,CE-2403,False,True,False
BAT-2W-103512,Amptek,AM-2502,False,False,False
BAT-2W-103513,Amptek,AM-2405,False,True,False
BAT-2W-103514,Cellora,CE-2504,False,False,False
BAT-2W-103515,Cellora,CE-2306,False,False,False
BAT-3W-103516,Kyron,KY-2416,False,False,False
BAT-2W-103517,Cellora,CE-2307,False,False,False
BAT-2W-103518,Amptek,AM-2405,False,False,False
BAT-2W-103519,Kyron,KY-2408,True,False,True
BAT-3W-103520,Kyron,KY-2410,False,False,False
BAT-2W-103521,Cellora,CE-2306,False,True,False
BAT-2W-103522,Amptek,AM-2503,False,True,False
BAT-3W-103523,Cellora,CE-2408,False,False,False
BAT-2W-103524,Cellora,CE-2505,False,False,False
BAT-2W-103525,Kyron,KY-2409,True,False,True
BAT-2W-103526,Amptek,AM-2409,False,False,False
BAT-2W-103527,Kyron,KY-2409,False,False,False
BAT-2W-103528,Cellora,CE-2401,False,False,False
BAT-2W-103529,Cellora,CE-2407,False,False,False
BAT-2W-103530,Cellora,CE-2308,False,False,False
BAT-2W-103531,Cellora,CE-2404,False,True,False
BAT-2W-103532,Amptek,AM-2505,False,False,False
BAT-2W-103533,Amptek,AM-2407,False,False,False
BAT-2W-103534,Kyron,KY-2407,True,False,True
BAT-2W-103535,Cellora,CE-2412,False,False,False
BAT-2W-103536,Cellora,CE-2311,False,False,False
BAT-2W-103537,Cellora,CE-2306,False,True,False
BAT-2W-103538,Amptek,AM-2506,False,False,False
BAT-2W-103539,Kyron,KY-2408,False,False,False
BAT-3W-103540,Cellora,CE-2404,False,False,False
BAT-2W-103541,Cellora,CE-2310,False,False,False
BAT-2W-103542,Cellora,CE-2407,False,False,False
BAT-2W-103543,Cellora,CE-2502,False,False,False
BAT-2W-103544,Cellora,CE-2404,False,False,False
BAT-2W-103545,Cellora,CE-2504,False,False,False
BAT-2W-103546,Kyron,KY-2408,True,False,False
BAT-2W-103547,Cellora,CE-2504,False,False,False
BAT-2W-103548,Cellora,CE-2310,False,False,False
BAT-2W-103549,Cellora,CE-2401,False,False,False
BAT-2W-103550,Amptek,AM-2501,False,False,False
BAT-2W-103551,Cellora,CE-2502,False,False,False
BAT-2W-103552,Cellora,CE-2404,False,False,False
BAT-3W-103553,Cellora,CE-2409,False,False,False
BAT-2W-103554,Amptek,AM-2503,False,False,False
BAT-3W-103555,Cellora,CE-2406,False,False,False
BAT-2W-103556,Cellora,CE-2404,False,False,False
BAT-2W-103557,Cellora,CE-2311,False,False,False
BAT-2W-103558,Cellora,CE-2402,False,True,False
BAT-3W-103559,Cellora,CE-2306,False,False,False
BAT-2W-103560,Cellora,CE-2304,False,False,False
BAT-2W-103561,Cellora,CE-2409,False,False,False
BAT-3W-103562,Kyron,KY-2414,False,False,False
BAT-2W-103563,Cellora,CE-2310,False,False,False
BAT-2W-103564,Cellora,CE-2412,False,False,False
BAT-2W-103565,Cellora,CE-2404,False,False,False
BAT-2W-103566,Cellora,CE-2307,False,False,False
BAT-3W-103567,Cellora,CE-2409,False,False,False
BAT-2W-103568,Kyron,KY-2409,True,False,True
BAT-3W-103569,Cellora,CE-2408,False,False,False
BAT-2W-103570,Cellora,CE-2311,False,False,False
BAT-2W-103571,Kyron,KY-2407,True,False,False
BAT-2W-103572,Cellora,CE-2404,False,False,False
BAT-2W-103573,Kyron,KY-2407,False,False,False
BAT-2W-103574,Cellora,CE-2404,False,False,False
BAT-2W-103575,Kyron,KY-2407,True,False,True
BAT-2W-103576,Cellora,CE-2401,False,False,False
BAT-3W-103577,Cellora,CE-2501,False,False,False
BAT-2W-103578,Amptek,AM-2411,False,True,False
BAT-3W-103579,Cellora,CE-2406,False,False,False
BAT-2W-103580,Cellora,CE-2411,False,False,False
BAT-2W-103581,Cellora,CE-2404,False,False,False
BAT-2W-103582,Cellora,CE-2505,False,False,False
BAT-3W-103583,Kyron,KY-2414,False,False,False
BAT-3W-103584,Cellora,CE-2412,False,False,False
BAT-2W-103585,Kyron,KY-2408,False,False,False
BAT-3W-103586,Cellora,CE-2502,False,False,False
BAT-2W-103587,Kyron,KY-2408,False,False,False
BAT-2W-103588,Amptek,AM-2501,False,False,False
BAT-2W-103589,Kyron,KY-2408,True,False,True
BAT-2W-103590,Cellora,CE-2410,False,False,False
BAT-2W-103591,Cellora,CE-2501,False,False,False
BAT-2W-103592,Cellora,CE-2409,False,False,False
BAT-3W-103593,Cellora,CE-2411,False,False,False
BAT-2W-103594,Kyron,KY-2409,False,False,False
BAT-2W-103595,Cellora,CE-2407,False,False,False
BAT-2W-103596,Cellora,CE-2305,False,False,False
BAT-2W-103597,Cellora,CE-2303,False,False,False
BAT-2W-103598,Cellora,CE-2503,False,False,False
BAT-2W-103599,Cellora,CE-2410,False,False,False
BAT-2W-103600,Cellora,CE-2307,False,False,False
BAT-2W-103601,Cellora,CE-2409,False,False,False
BAT-2W-103602,Amptek,AM-2404,False,True,False
BAT-2W-103603,Amptek,AM-2408,False,False,False
BAT-2W-103604,Cellora,CE-2402,False,False,False
BAT-2W-103605,Cellora,CE-2406,False,False,False
BAT-2W-103606,Cellora,CE-2407,False,True,False
BAT-3W-103607,Cellora,CE-2503,False,False,False
BAT-2W-103608,Amptek,AM-2505,False,False,False
BAT-2W-103609,Cellora,CE-2411,False,False,False
BAT-2W-103610,Kyron,KY-2407,False,False,False
BAT-2W-103611,Amptek,AM-2406,False,False,False
BAT-2W-103612,Kyron,KY-2409,False,False,False
BAT-2W-103613,Amptek,AM-2501,False,False,False
BAT-2W-103614,Amptek,AM-2411,False,False,False
BAT-3W-103615,Kyron,KY-2408,False,False,False
BAT-2W-103616,Amptek,AM-2412,False,False,False
BAT-2W-103617,Cellora,CE-2308,False,False,False
BAT-2W-103618,Kyron,KY-2408,False,False,False
BAT-2W-103619,Cellora,CE-2307,False,False,False
BAT-2W-103620,Amptek,AM-2412,False,False,False
BAT-2W-103621,Cellora,CE-2503,False,False,False
BAT-2W-103622,Kyron,KY-2407,False,False,False
BAT-2W-103623,Kyron,KY-2408,False,False,True
BAT-3W-103624,Amptek,AM-2407,False,False,False
BAT-3W-103625,Cellora,CE-2308,False,False,False
BAT-2W-103626,Amptek,AM-2501,False,False,False
BAT-2W-103627,Cellora,CE-2412,False,False,False
BAT-3W-103628,Cellora,CE-2407,False,False,False
BAT-2W-103629,Kyron,KY-2409,True,False,True
BAT-3W-103630,Amptek,AM-2505,False,False,False
BAT-2W-103631,Cellora,CE-2405,False,False,False
BAT-2W-103632,Amptek,AM-2501,False,False,False
BAT-2W-103633,Amptek,AM-2409,False,False,False
BAT-2W-103634,Cellora,CE-2309,False,False,False
BAT-3W-103635,Cellora,CE-2406,False,False,False
BAT-2W-103636,Cellora,CE-2407,False,False,False
BAT-2W-103637,Cellora,CE-2404,False,False,False
BAT-2W-103638,Cellora,CE-2403,False,True,False
BAT-3W-103639,Cellora,CE-2409,False,False,False
BAT-2W-103640,Amptek,AM-2404,False,False,False
BAT-2W-103641,Kyron,KY-2407,True,False,False
BAT-2W-103642,Amptek,AM-2403,False,False,False
BAT-2W-103643,Cellora,CE-2303,False,False,False
BAT-2W-103644,Amptek,AM-2403,False,False,False
BAT-2W-103645,Cellora,CE-2402,False,False,False
BAT-2W-103646,Amptek,AM-2409,False,False,False
BAT-2W-103647,Amptek,AM-2503,False,False,False
BAT-2W-103648,Amptek,AM-2412,False,False,False
BAT-2W-103649,Cellora,CE-2502,False,False,False
BAT-3W-103650,Kyron,KY-2412,False,False,False
BAT-2W-103651,Amptek,AM-2505,False,False,False
BAT-2W-103652,Cellora,CE-2409,False,False,False
BAT-2W-103653,Cellora,CE-2407,False,False,False
BAT-2W-103654,Kyron,KY-2409,True,False,True
BAT-2W-103655,Cellora,CE-2410,False,False,False
BAT-2W-103656,Cellora,CE-2405,False,False,False
BAT-2W-103657,Amptek,AM-2403,False,False,False
BAT-2W-103658,Cellora,CE-2412,False,False,False
BAT-2W-103659,Kyron,KY-2407,True,False,True
BAT-2W-103660,Amptek,AM-2403,False,False,False
BAT-2W-103661,Cellora,CE-2306,False,True,False
BAT-2W-103662,Cellora,CE-2309,False,False,False
BAT-2W-103663,Cellora,CE-2401,False,False,False
BAT-2W-103664,Cellora,CE-2502,False,True,False
BAT-2W-103665,Cellora,CE-2307,False,False,False
BAT-3W-103666,Cellora,CE-2402,False,False,False
BAT-2W-103667,Kyron,KY-2408,True,False,False
BAT-2W-103668,Kyron,KY-2409,True,False,True
BAT-2W-103669,Cellora,CE-2307,False,False,False
BAT-2W-103670,Cellora,CE-2311,False,False,False
BAT-2W-103671,Cellora,CE-2410,False,False,False
BAT-2W-103672,Amptek,AM-2503,False,False,False
BAT-2W-103673,Cellora,CE-2505,False,False,False
BAT-3W-103674,Cellora,CE-2407,False,False,False
BAT-2W-103675,Cellora,CE-2404,False,False,False
BAT-2W-103676,Cellora,CE-2306,False,False,False
BAT-2W-103677,Cellora,CE-2409,False,False,False
BAT-3W-103678,Kyron,KY-2411,False,False,False
BAT-3W-103679,Cellora,CE-2501,False,False,False
BAT-2W-103680,Cellora,CE-2309,False,False,False
BAT-2W-103681,Cellora,CE-2308,False,False,False
BAT-2W-103682,Kyron,KY-2409,True,False,True
BAT-3W-103683,Kyron,KY-2414,False,False,False
BAT-2W-103684,Kyron,KY-2408,False,False,False
BAT-2W-103685,Cellora,CE-2410,False,False,False
BAT-3W-103686,Kyron,KY-2416,False,False,False
BAT-2W-103687,Kyron,KY-2407,True,False,True
BAT-2W-103688,Cellora,CE-2401,False,False,False
BAT-2W-103689,Cellora,CE-2307,False,False,False
BAT-2W-103690,Cellora,CE-2402,False,False,False
BAT-2W-103691,Cellora,CE-2306,False,False,False
BAT-2W-103692,Cellora,CE-2402,False,False,False
BAT-2W-103693,Amptek,AM-2502,False,False,False
BAT-2W-103694,Kyron,KY-2409,False,False,False
BAT-2W-103695,Kyron,KY-2407,False,False,False
BAT-2W-103696,Cellora,CE-2405,False,False,False
BAT-2W-103697,Cellora,CE-2311,False,False,False
BAT-2W-103698,Cellora,CE-2409,False,True,False
BAT-2W-103699,Cellora,CE-2312,False,False,False
BAT-3W-103700,Cellora,CE-2409,False,False,False
BAT-2W-103701,Cellora,CE-2308,False,False,False
BAT-3W-103702,Kyron,KY-2414,False,False,False
BAT-2W-103703,Cellora,CE-2406,False,True,False
BAT-2W-103704,Kyron,KY-2407,False,False,False
BAT-2W-103705,Cellora,CE-2402,False,False,False
BAT-2W-103706,Cellora,CE-2403,False,False,False
BAT-2W-103707,Cellora,CE-2405,False,False,False
BAT-2W-103708,Kyron,KY-2408,False,False,False
BAT-2W-103709,Amptek,AM-2503,False,False,False
BAT-3W-103710,Kyron,KY-2408,False,False,False
BAT-2W-103711,Kyron,KY-2409,False,False,False
BAT-3W-103712,Amptek,AM-2504,False,False,False
BAT-2W-103713,Kyron,KY-2409,False,False,True
BAT-2W-103714,Kyron,KY-2409,True,False,True
BAT-2W-103715,Kyron,KY-2407,False,False,True
BAT-2W-103716,Cellora,CE-2404,False,False,False
BAT-3W-103717,Cellora,CE-2405,False,False,False
BAT-2W-103718,Cellora,CE-2304,False,False,False
BAT-2W-103719,Cellora,CE-2307,False,False,False
BAT-3W-103720,Kyron,KY-2407,False,False,False
BAT-3W-103721,Amptek,AM-2409,False,False,False
BAT-3W-103722,Kyron,KY-2411,False,False,False
BAT-2W-103723,Cellora,CE-2504,False,False,False
BAT-2W-103724,Cellora,CE-2309,False,False,False
BAT-2W-103725,Kyron,KY-2409,False,False,True
BAT-2W-103726,Kyron,KY-2409,True,False,True
BAT-2W-103727,Kyron,KY-2407,False,False,True
BAT-2W-103728,Kyron,KY-2408,True,False,False
BAT-3W-103729,Kyron,KY-2415,False,False,False
BAT-2W-103730,Kyron,KY-2408,False,False,False
BAT-2W-103731,Cellora,CE-2502,False,False,False
BAT-2W-103732,Cellora,CE-2501,False,False,False
BAT-2W-103733,Kyron,KY-2407,False,False,False
BAT-3W-103734,Kyron,KY-2412,False,False,False
BAT-3W-103735,Cellora,CE-2406,False,False,False
BAT-2W-103736,Cellora,CE-2405,False,True,False
BAT-2W-103737,Cellora,CE-2407,False,False,False
BAT-2W-103738,Cellora,CE-2503,False,False,False
BAT-2W-103739,Cellora,CE-2310,False,False,False
BAT-2W-103740,Cellora,CE-2501,False,False,False
BAT-2W-103741,Cellora,CE-2308,False,False,False
BAT-2W-103742,Cellora,CE-2405,False,False,False
BAT-2W-103743,Cellora,CE-2504,False,False,False
BAT-2W-103744,Cellora,CE-2306,False,False,False
BAT-2W-103745,Kyron,KY-2409,True,False,True
BAT-2W-103746,Kyron,KY-2407,True,False,True
BAT-2W-103747,Cellora,CE-2503,False,False,False
BAT-2W-103748,Cellora,CE-2310,False,False,False
BAT-2W-103749,Cellora,CE-2406,False,False,False
BAT-2W-103750,Cellora,CE-2401,False,True,False
BAT-2W-103751,Kyron,KY-2409,True,False,False
BAT-2W-103752,Amptek,AM-2403,False,False,False
BAT-2W-103753,Amptek,AM-2405,False,False,False
BAT-2W-103754,Amptek,AM-2501,False,False,False
BAT-2W-103755,Kyron,KY-2407,True,False,True
BAT-2W-103756,Cellora,CE-2505,False,False,False
BAT-3W-103757,Cellora,CE-2304,False,False,False
BAT-2W-103758,Kyron,KY-2409,True,False,True
BAT-2W-103759,Cellora,CE-2312,False,False,False
BAT-2W-103760,Cellora,CE-2407,False,True,False
BAT-2W-103761,Cellora,CE-2503,False,False,False
BAT-2W-103762,Kyron,KY-2407,False,False,False
BAT-2W-103763,Cellora,CE-2503,False,False,False
BAT-2W-103764,Cellora,CE-2411,False,False,False
BAT-2W-103765,Cellora,CE-2402,False,False,False
BAT-2W-103766,Kyron,KY-2408,False,False,False
BAT-2W-103767,Kyron,KY-2408,False,False,False
BAT-2W-103768,Cellora,CE-2406,False,False,False
BAT-2W-103769,Amptek,AM-2408,False,False,False
BAT-2W-103770,Amptek,AM-2504,False,False,False
BAT-2W-103771,Cellora,CE-2304,False,False,False
BAT-2W-103772,Cellora,CE-2405,False,False,False
BAT-2W-103773,Cellora,CE-2501,False,False,False
BAT-2W-103774,Amptek,AM-2403,False,False,False
BAT-2W-103775,Kyron,KY-2407,False,False,False
BAT-2W-103776,Amptek,AM-2403,False,True,False
BAT-2W-103777,Amptek,AM-2502,False,False,False
BAT-2W-103778,Cellora,CE-2309,False,False,False
BAT-2W-103779,Kyron,KY-2409,False,False,False
BAT-2W-103780,Cellora,CE-2310,False,False,False
BAT-2W-103781,Kyron,KY-2408,True,False,True
BAT-2W-103782,Cellora,CE-2405,False,False,False
BAT-2W-103783,Cellora,CE-2504,False,False,False
BAT-2W-103784,Cellora,CE-2310,False,False,False
BAT-2W-103785,Kyron,KY-2408,False,False,True
BAT-2W-103786,Kyron,KY-2407,False,False,False
BAT-2W-103787,Kyron,KY-2408,False,False,False
BAT-3W-103788,Cellora,CE-2410,False,False,False
BAT-2W-103789,Cellora,CE-2405,False,False,False
BAT-2W-103790,Kyron,KY-2408,False,False,False
BAT-2W-103791,Amptek,AM-2405,False,True,False
BAT-2W-103792,Cellora,CE-2411,False,False,False
BAT-2W-103793,Cellora,CE-2501,False,False,False
BAT-2W-103794,Cellora,CE-2308,False,False,False
BAT-2W-103795,Kyron,KY-2408,False,False,False
BAT-2W-103796,Amptek,AM-2406,False,True,False
BAT-2W-103797,Kyron,KY-2407,True,False,True
BAT-2W-103798,Cellora,CE-2312,False,False,False
BAT-2W-103799,Kyron,KY-2408,False,False,False
BAT-2W-103800,Kyron,KY-2407,True,False,True
BAT-2W-103801,Cellora,CE-2403,False,False,False
BAT-2W-103802,Cellora,CE-2403,False,True,False
BAT-2W-103803,Cellora,CE-2504,False,False,False
BAT-2W-103804,Amptek,AM-2506,False,False,False
BAT-2W-103805,Cellora,CE-2311,False,False,False
BAT-2W-103806,Cellora,CE-2501,False,True,False
BAT-2W-103807,Cellora,CE-2408,False,False,False
BAT-2W-103808,Kyron,KY-2407,False,False,False
BAT-2W-103809,Cellora,CE-2402,False,False,False
BAT-3W-103810,Cellora,CE-2407,False,False,False
BAT-2W-103811,Cellora,CE-2501,False,False,False
BAT-3W-103812,Amptek,AM-2403,False,False,False
BAT-2W-103813,Amptek,AM-2406,False,False,False
BAT-2W-103814,Cellora,CE-2406,False,False,False
BAT-3W-103815,Cellora,CE-2407,False,False,False
BAT-2W-103816,Cellora,CE-2306,False,False,False
BAT-2W-103817,Cellora,CE-2406,False,False,False
BAT-3W-103818,Cellora,CE-2504,False,False,False
BAT-2W-103819,Cellora,CE-2406,False,False,False
BAT-2W-103820,Cellora,CE-2412,False,False,False
BAT-2W-103821,Amptek,AM-2409,False,False,False
BAT-2W-103822,Kyron,KY-2409,False,False,False
BAT-2W-103823,Kyron,KY-2409,False,False,False
BAT-3W-103824,Cellora,CE-2401,False,False,False
BAT-2W-103825,Amptek,AM-2409,False,False,False
BAT-2W-103826,Amptek,AM-2404,False,False,False
BAT-2W-103827,Cellora,CE-2410,False,False,False
BAT-3W-103828,Kyron,KY-2412,False,False,False
BAT-2W-103829,Cellora,CE-2409,False,False,False
BAT-2W-103830,Cellora,CE-2304,False,False,False
BAT-2W-103831,Amptek,AM-2501,False,False,False
BAT-2W-103832,Kyron,KY-2408,True,False,True
BAT-2W-103833,Cellora,CE-2412,False,True,False
BAT-2W-103834,Cellora,CE-2401,False,False,False
BAT-2W-103835,Cellora,CE-2308,False,True,False
BAT-3W-103836,Cellora,CE-2505,False,False,False
BAT-2W-103837,Amptek,AM-2407,False,False,False
BAT-3W-103838,Kyron,KY-2408,False,False,False
BAT-2W-103839,Cellora,CE-2310,False,False,False
BAT-2W-103840,Amptek,AM-2412,False,False,False
BAT-3W-103841,Amptek,AM-2407,False,False,False
BAT-2W-103842,Kyron,KY-2409,False,False,False
BAT-2W-103843,Cellora,CE-2504,False,False,False
BAT-2W-103844,Kyron,KY-2407,False,False,False
BAT-2W-103845,Amptek,AM-2408,False,False,False
BAT-2W-103846,Kyron,KY-2409,True,False,True
BAT-2W-103847,Cellora,CE-2309,False,False,False
BAT-2W-103848,Amptek,AM-2409,False,False,False
BAT-2W-103849,Kyron,KY-2407,True,False,True
BAT-2W-103850,Amptek,AM-2412,False,False,False
BAT-2W-103851,Cellora,CE-2505,False,True,False
BAT-2W-103852,Kyron,KY-2407,True,False,True
BAT-2W-103853,Kyron,KY-2407,True,False,False
BAT-3W-103854,Amptek,AM-2409,False,False,False
BAT-2W-103855,Cellora,CE-2303,False,False,False
BAT-2W-103856,Cellora,CE-2410,False,False,False
BAT-2W-103857,Amptek,AM-2408,False,False,False
BAT-2W-103858,Amptek,AM-2409,False,False,False
BAT-2W-103859,Kyron,KY-2408,True,False,True
BAT-2W-103860,Cellora,CE-2403,False,False,False
BAT-2W-103861,Amptek,AM-2501,False,True,False
BAT-2W-103862,Amptek,AM-2406,False,False,False
BAT-2W-103863,Kyron,KY-2407,False,False,False
BAT-2W-103864,Cellora,CE-2303,False,True,False
BAT-2W-103865,Cellora,CE-2401,False,False,False
BAT-3W-103866,Cellora,CE-2409,False,False,False
BAT-2W-103867,Cellora,CE-2309,False,False,False
BAT-2W-103868,Cellora,CE-2306,False,True,False
BAT-2W-103869,Cellora,CE-2410,False,False,False
BAT-2W-103870,Cellora,CE-2307,False,False,False
BAT-2W-103871,Amptek,AM-2412,False,False,False
BAT-2W-103872,Kyron,KY-2408,False,False,False
BAT-2W-103873,Kyron,KY-2408,True,False,False
BAT-2W-103874,Cellora,CE-2311,False,False,False
BAT-3W-103875,Kyron,KY-2409,False,False,False
BAT-2W-103876,Cellora,CE-2405,False,False,False
BAT-2W-103877,Cellora,CE-2407,False,False,False
BAT-2W-103878,Kyron,KY-2407,True,False,False
BAT-2W-103879,Cellora,CE-2311,False,False,False
BAT-3W-103880,Cellora,CE-2504,False,False,False
BAT-2W-103881,Cellora,CE-2312,False,False,False
BAT-3W-103882,Amptek,AM-2411,False,False,False
BAT-2W-103883,Amptek,AM-2405,False,False,False
BAT-3W-103884,Cellora,CE-2502,False,False,False
BAT-2W-103885,Kyron,KY-2407,False,False,False
BAT-2W-103886,Cellora,CE-2503,False,False,False
BAT-2W-103887,Kyron,KY-2408,True,False,False
BAT-2W-103888,Kyron,KY-2409,True,False,True
BAT-2W-103889,Amptek,AM-2407,False,True,False
BAT-3W-103890,Amptek,AM-2411,False,False,False
BAT-2W-103891,Amptek,AM-2410,False,True,False
BAT-2W-103892,Kyron,KY-2408,True,False,True
BAT-2W-103893,Cellora,CE-2411,False,False,False
BAT-2W-103894,Kyron,KY-2409,True,False,True
BAT-2W-103895,Cellora,CE-2408,False,True,False
BAT-2W-103896,Kyron,KY-2409,False,False,False
BAT-2W-103897,Cellora,CE-2406,False,False,False
BAT-2W-103898,Amptek,AM-2405,False,False,False
BAT-2W-103899,Cellora,CE-2405,False,False,False
BAT-2W-103900,Kyron,KY-2409,True,False,False
BAT-2W-103901,Amptek,AM-2405,False,False,False
BAT-2W-103902,Cellora,CE-2306,False,False,False
BAT-2W-103903,Cellora,CE-2401,False,True,False
BAT-2W-103904,Cellora,CE-2304,False,False,False
BAT-3W-103905,Kyron,KY-2416,False,False,False
BAT-2W-103906,Cellora,CE-2410,False,False,False
BAT-2W-103907,Cellora,CE-2401,False,False,False
BAT-3W-103908,Kyron,KY-2410,False,False,False
BAT-3W-103909,Kyron,KY-2418,False,False,False
BAT-2W-103910,Cellora,CE-2504,False,True,False
BAT-2W-103911,Amptek,AM-2408,False,False,False
BAT-2W-103912,Kyron,KY-2408,False,False,False
BAT-2W-103913,Cellora,CE-2304,False,False,False
BAT-2W-103914,Cellora,CE-2405,False,False,False
BAT-2W-103915,Cellora,CE-2305,False,False,False
BAT-2W-103916,Kyron,KY-2407,True,False,True
BAT-3W-103917,Cellora,CE-2407,False,False,False
BAT-2W-103918,Cellora,CE-2405,False,False,False
BAT-2W-103919,Cellora,CE-2407,False,True,False
BAT-2W-103920,Kyron,KY-2408,True,False,False
BAT-2W-103921,Amptek,AM-2505,False,True,False
BAT-2W-103922,Cellora,CE-2406,False,False,False
BAT-2W-103923,Cellora,CE-2309,False,False,False
BAT-3W-103924,Amptek,AM-2409,False,False,False
BAT-3W-103925,Cellora,CE-2405,False,False,False
BAT-2W-103926,Cellora,CE-2311,False,False,False
BAT-2W-103927,Kyron,KY-2408,False,False,False
BAT-2W-103928,Cellora,CE-2310,False,False,False
BAT-2W-103929,Kyron,KY-2408,True,False,True
BAT-2W-103930,Amptek,AM-2505,False,True,False
BAT-2W-103931,Cellora,CE-2504,False,False,False
BAT-2W-103932,Cellora,CE-2405,False,True,False
BAT-2W-103933,Kyron,KY-2407,True,False,True
BAT-2W-103934,Cellora,CE-2309,False,False,False
BAT-2W-103935,Amptek,AM-2407,False,True,False
BAT-2W-103936,Cellora,CE-2406,False,False,False
BAT-2W-103937,Cellora,CE-2410,False,False,False
BAT-2W-103938,Cellora,CE-2405,False,True,False
BAT-2W-103939,Amptek,AM-2403,False,False,False
BAT-2W-103940,Kyron,KY-2409,True,False,True
BAT-2W-103941,Cellora,CE-2505,False,False,False
BAT-2W-103942,Kyron,KY-2408,True,False,True
BAT-2W-103943,Kyron,KY-2407,True,False,False
BAT-2W-103944,Amptek,AM-2503,False,False,False
BAT-2W-103945,Amptek,AM-2412,False,False,False
BAT-2W-103946,Cellora,CE-2503,False,False,False
BAT-3W-103947,Cellora,CE-2406,False,False,False
BAT-2W-103948,Cellora,CE-2402,False,False,False
BAT-2W-103949,Cellora,CE-2502,False,False,False
BAT-2W-103950,Amptek,AM-2409,False,True,False
BAT-2W-103951,Cellora,CE-2306,False,True,False
BAT-2W-103952,Kyron,KY-2407,True,False,True
BAT-2W-103953,Cellora,CE-2305,False,False,False
BAT-2W-103954,Cellora,CE-2404,False,False,False
BAT-2W-103955,Kyron,KY-2407,False,False,True
BAT-3W-103956,Kyron,KY-2415,False,False,False
BAT-3W-103957,Cellora,CE-2412,False,False,False
BAT-3W-103958,Kyron,KY-2412,False,False,False
BAT-2W-103959,Cellora,CE-2402,False,False,False
BAT-2W-103960,Cellora,CE-2303,False,False,False
BAT-2W-103961,Kyron,KY-2408,False,False,False
BAT-2W-103962,Cellora,CE-2410,False,False,False
BAT-2W-103963,Kyron,KY-2408,True,False,True
BAT-2W-103964,Cellora,CE-2406,False,True,False
BAT-2W-103965,Kyron,KY-2409,False,False,True
BAT-3W-103966,Kyron,KY-2414,False,False,False
BAT-2W-103967,Amptek,AM-2505,False,False,False
BAT-2W-103968,Cellora,CE-2501,False,False,False
BAT-2W-103969,Cellora,CE-2401,False,False,False
BAT-2W-103970,Cellora,CE-2501,False,False,False
BAT-2W-103971,Cellora,CE-2312,False,True,False
BAT-3W-103972,Cellora,CE-2402,False,False,False
BAT-2W-103973,Amptek,AM-2405,False,False,False
BAT-2W-103974,Cellora,CE-2501,False,False,False
BAT-2W-103975,Cellora,CE-2505,False,False,False
BAT-2W-103976,Amptek,AM-2504,False,True,False
BAT-2W-103977,Cellora,CE-2312,False,True,False
BAT-2W-103978,Amptek,AM-2405,False,False,False
BAT-2W-103979,Cellora,CE-2505,False,False,False
BAT-3W-103980,Kyron,KY-2410,False,False,False
BAT-2W-103981,Amptek,AM-2409,False,False,False
BAT-2W-103982,Kyron,KY-2408,True,False,True
BAT-2W-103983,Amptek,AM-2410,False,False,False
BAT-3W-103984,Kyron,KY-2416,False,False,False
BAT-2W-103985,Amptek,AM-2409,False,False,False
BAT-2W-103986,Kyron,KY-2408,True,False,True
BAT-2W-103987,Cellora,CE-2401,False,True,False
BAT-3W-103988,Amptek,AM-2407,False,False,False
BAT-2W-103989,Kyron,KY-2407,True,False,True
BAT-2W-103990,Kyron,KY-2409,True,False,True
BAT-2W-103991,Cellora,CE-2407,False,False,False
BAT-2W-103992,Kyron,KY-2408,False,False,False
BAT-2W-103993,Amptek,AM-2405,False,False,False
BAT-3W-103994,Cellora,CE-2503,False,False,False
BAT-2W-103995,Cellora,CE-2404,False,False,False
BAT-2W-103996,Cellora,CE-2503,False,False,False
BAT-3W-103997,Amptek,AM-2504,False,False,False
BAT-2W-103998,Cellora,CE-2309,False,False,False
BAT-2W-103999,Cellora,CE-2505,False,False,False
BAT-2W-104000,Cellora,CE-2406,False,True,False
BAT-2W-104001,Kyron,KY-2409,True,False,True
BAT-2W-104002,Cellora,CE-2410,False,False,False
BAT-2W-104003,Cellora,CE-2402,False,False,False
BAT-2W-104004,Cellora,CE-2410,False,False,False
BAT-2W-104005,Cellora,CE-2408,False,False,False
BAT-3W-104006,Amptek,AM-2503,False,False,False
BAT-2W-104007,Kyron,KY-2408,False,False,False
BAT-2W-104008,Cellora,CE-2408,False,False,False
BAT-2W-104009,Amptek,AM-2409,False,False,False
BAT-2W-104010,Cellora,CE-2410,False,False,False
BAT-2W-104011,Amptek,AM-2505,False,False,False
BAT-3W-104012,Kyron,KY-2413,False,False,False
BAT-2W-104013,Cellora,CE-2401,False,True,False
BAT-2W-104014,Amptek,AM-2403,False,True,False
BAT-3W-104015,Cellora,CE-2503,False,False,False
BAT-2W-104016,Cellora,CE-2308,False,False,False
BAT-2W-104017,Cellora,CE-2501,False,True,False
BAT-2W-104018,Amptek,AM-2409,False,False,False
BAT-3W-104019,Amptek,AM-2408,False,False,False
BAT-2W-104020,Cellora,CE-2505,False,False,False
BAT-2W-104021,Cellora,CE-2410,False,True,False
BAT-2W-104022,Kyron,KY-2409,False,False,False
BAT-2W-104023,Cellora,CE-2303,False,False,False
BAT-2W-104024,Amptek,AM-2409,False,False,False
BAT-2W-104025,Cellora,CE-2501,False,False,False
BAT-3W-104026,Cellora,CE-2305,False,False,False
BAT-2W-104027,Kyron,KY-2408,True,False,True
BAT-2W-104028,Cellora,CE-2412,False,False,False
BAT-2W-104029,Cellora,CE-2403,False,False,False
BAT-2W-104030,Kyron,KY-2407,False,False,True
BAT-2W-104031,Cellora,CE-2410,False,False,False
BAT-2W-104032,Amptek,AM-2410,False,False,False
BAT-2W-104033,Cellora,CE-2505,False,False,False
BAT-2W-104034,Kyron,KY-2409,True,False,True
BAT-2W-104035,Amptek,AM-2412,False,True,False
BAT-2W-104036,Kyron,KY-2409,True,False,True
BAT-2W-104037,Cellora,CE-2308,False,False,False
BAT-2W-104038,Amptek,AM-2408,False,False,False
BAT-2W-104039,Kyron,KY-2408,True,False,True
BAT-3W-104040,Cellora,CE-2402,False,False,False
BAT-2W-104041,Cellora,CE-2407,False,False,False
BAT-3W-104042,Cellora,CE-2403,False,False,False
BAT-2W-104043,Cellora,CE-2309,False,False,False
BAT-2W-104044,Cellora,CE-2307,False,False,False
BAT-2W-104045,Cellora,CE-2305,False,False,False
BAT-2W-104046,Cellora,CE-2304,False,False,False
BAT-2W-104047,Cellora,CE-2406,False,False,False
BAT-2W-104048,Cellora,CE-2411,False,False,False
BAT-2W-104049,Cellora,CE-2309,False,False,False
BAT-2W-104050,Cellora,CE-2310,False,True,False
BAT-2W-104051,Amptek,AM-2505,False,False,False
BAT-3W-104052,Cellora,CE-2410,False,False,False
BAT-2W-104053,Cellora,CE-2308,False,False,False
BAT-2W-104054,Cellora,CE-2408,False,False,False
BAT-3W-104055,Kyron,KY-2407,False,False,False
BAT-2W-104056,Cellora,CE-2312,False,False,False
BAT-2W-104057,Kyron,KY-2408,True,False,True
BAT-2W-104058,Cellora,CE-2406,False,False,False
BAT-2W-104059,Cellora,CE-2403,False,False,False
BAT-2W-104060,Kyron,KY-2407,False,False,False
BAT-2W-104061,Cellora,CE-2408,False,False,False
BAT-2W-104062,Cellora,CE-2406,False,True,False
BAT-2W-104063,Cellora,CE-2401,False,False,False
BAT-2W-104064,Kyron,KY-2407,False,False,False
BAT-2W-104065,Cellora,CE-2403,False,False,False
BAT-2W-104066,Kyron,KY-2408,False,False,False
BAT-2W-104067,Cellora,CE-2403,False,False,False
BAT-2W-104068,Cellora,CE-2309,False,False,False
BAT-2W-104069,Cellora,CE-2406,False,False,False
BAT-2W-104070,Cellora,CE-2403,False,False,False
BAT-2W-104071,Kyron,KY-2407,False,False,False
BAT-2W-104072,Kyron,KY-2407,False,False,False
BAT-2W-104073,Cellora,CE-2404,False,False,False
BAT-2W-104074,Amptek,AM-2408,False,False,False
BAT-2W-104075,Amptek,AM-2410,False,True,False
BAT-2W-104076,Amptek,AM-2502,False,False,False
BAT-2W-104077,Cellora,CE-2310,False,False,False
BAT-2W-104078,Amptek,AM-2408,False,False,False
BAT-2W-104079,Kyron,KY-2407,False,False,True
BAT-2W-104080,Cellora,CE-2409,False,False,False
BAT-2W-104081,Cellora,CE-2312,False,False,False
BAT-2W-104082,Amptek,AM-2406,False,False,False
BAT-2W-104083,Cellora,CE-2304,False,False,False
BAT-2W-104084,Kyron,KY-2409,False,False,False
BAT-2W-104085,Amptek,AM-2504,False,False,False
BAT-2W-104086,Amptek,AM-2408,False,False,False
BAT-2W-104087,Cellora,CE-2308,False,False,False
BAT-2W-104088,Cellora,CE-2411,False,True,False
BAT-3W-104089,Cellora,CE-2305,False,False,False
BAT-3W-104090,Cellora,CE-2403,False,False,False
BAT-2W-104091,Cellora,CE-2308,False,False,False
BAT-2W-104092,Cellora,CE-2502,False,False,False
BAT-2W-104093,Cellora,CE-2306,False,False,False
BAT-2W-104094,Amptek,AM-2408,False,False,False
BAT-2W-104095,Amptek,AM-2405,False,False,False
BAT-2W-104096,Kyron,KY-2408,False,False,False
BAT-2W-104097,Cellora,CE-2412,False,False,False
BAT-2W-104098,Kyron,KY-2409,True,False,False
BAT-2W-104099,Cellora,CE-2501,False,True,False
BAT-2W-104100,Cellora,CE-2305,False,False,False
BAT-2W-104101,Amptek,AM-2412,False,False,False
BAT-2W-104102,Cellora,CE-2308,False,True,False
BAT-2W-104103,Kyron,KY-2409,False,False,False
BAT-2W-104104,Kyron,KY-2409,False,False,False
BAT-2W-104105,Kyron,KY-2408,False,False,False
BAT-2W-104106,Cellora,CE-2412,False,False,False
BAT-3W-104107,Cellora,CE-2412,False,False,False
BAT-2W-104108,Amptek,AM-2404,False,False,False
BAT-2W-104109,Amptek,AM-2504,False,False,False
BAT-2W-104110,Cellora,CE-2504,False,False,False
BAT-2W-104111,Kyron,KY-2408,True,False,True
BAT-3W-104112,Cellora,CE-2307,False,False,False
BAT-2W-104113,Kyron,KY-2407,False,False,False
BAT-2W-104114,Amptek,AM-2406,False,False,False
BAT-2W-104115,Kyron,KY-2407,False,False,False
BAT-2W-104116,Amptek,AM-2412,False,False,False
BAT-2W-104117,Amptek,AM-2501,False,False,False
BAT-2W-104118,Amptek,AM-2409,False,False,False
BAT-2W-104119,Cellora,CE-2311,False,True,False
BAT-2W-104120,Cellora,CE-2305,False,False,False
BAT-2W-104121,Amptek,AM-2409,False,False,False
BAT-2W-104122,Kyron,KY-2407,False,False,False
BAT-2W-104123,Kyron,KY-2407,True,False,False
BAT-2W-104124,Kyron,KY-2407,True,False,True
BAT-2W-104125,Cellora,CE-2311,False,True,False
BAT-3W-104126,Cellora,CE-2311,False,False,False
BAT-3W-104127,Kyron,KY-2408,False,False,False
BAT-2W-104128,Cellora,CE-2503,False,False,False
BAT-2W-104129,Cellora,CE-2312,False,False,False
BAT-2W-104130,Amptek,AM-2408,False,False,False
BAT-2W-104131,Cellora,CE-2312,False,False,False
BAT-2W-104132,Amptek,AM-2403,False,True,False
BAT-2W-104133,Cellora,CE-2309,False,True,False
BAT-2W-104134,Kyron,KY-2408,True,False,True
BAT-2W-104135,Cellora,CE-2403,False,False,False
BAT-2W-104136,Kyron,KY-2409,True,False,True
BAT-2W-104137,Amptek,AM-2405,False,False,False
BAT-2W-104138,Kyron,KY-2409,True,False,True
BAT-3W-104139,Amptek,AM-2505,False,False,False
BAT-2W-104140,Cellora,CE-2411,False,False,False
BAT-2W-104141,Kyron,KY-2409,False,False,False
BAT-3W-104142,Kyron,KY-2413,False,False,False
BAT-2W-104143,Cellora,CE-2306,False,False,False
BAT-2W-104144,Cellora,CE-2405,False,False,False
BAT-2W-104145,Amptek,AM-2412,False,False,False
BAT-2W-104146,Amptek,AM-2407,False,False,False
BAT-2W-104147,Kyron,KY-2407,True,False,True
BAT-2W-104148,Cellora,CE-2406,False,False,False
BAT-2W-104149,Kyron,KY-2408,True,False,True
BAT-2W-104150,Amptek,AM-2501,False,True,False
BAT-2W-104151,Cellora,CE-2503,False,False,False
BAT-2W-104152,Cellora,CE-2504,False,False,False
BAT-2W-104153,Cellora,CE-2303,False,False,False
BAT-3W-104154,Kyron,KY-2409,False,False,False
BAT-2W-104155,Cellora,CE-2305,False,False,False
BAT-2W-104156,Amptek,AM-2501,False,False,False
BAT-2W-104157,Kyron,KY-2407,True,False,True
BAT-2W-104158,Cellora,CE-2401,False,True,False
BAT-2W-104159,Cellora,CE-2406,False,False,False
BAT-2W-104160,Amptek,AM-2403,False,False,False
BAT-2W-104161,Cellora,CE-2308,False,False,False
BAT-2W-104162,Amptek,AM-2408,False,False,False
BAT-3W-104163,Cellora,CE-2404,False,False,False
BAT-2W-104164,Cellora,CE-2308,False,False,False
BAT-2W-104165,Cellora,CE-2312,False,True,False
BAT-3W-104166,Amptek,AM-2406,False,False,False
BAT-2W-104167,Kyron,KY-2408,False,False,False
BAT-2W-104168,Kyron,KY-2408,True,False,True
BAT-2W-104169,Amptek,AM-2404,False,False,False
BAT-2W-104170,Cellora,CE-2308,False,False,False
BAT-2W-104171,Amptek,AM-2407,False,True,False
BAT-2W-104172,Kyron,KY-2408,False,False,False
BAT-2W-104173,Kyron,KY-2409,False,False,False
BAT-3W-104174,Amptek,AM-2504,False,False,False
BAT-2W-104175,Kyron,KY-2408,False,False,False
BAT-2W-104176,Cellora,CE-2307,False,False,False
BAT-2W-104177,Cellora,CE-2308,False,False,False
BAT-3W-104178,Cellora,CE-2304,False,False,False
BAT-2W-104179,Cellora,CE-2405,False,False,False
BAT-2W-104180,Kyron,KY-2407,True,False,False
BAT-3W-104181,Cellora,CE-2304,False,False,False
BAT-2W-104182,Cellora,CE-2312,False,False,False
BAT-2W-104183,Amptek,AM-2405,False,False,False
BAT-3W-104184,Cellora,CE-2401,False,False,False
BAT-2W-104185,Amptek,AM-2409,False,False,False
BAT-2W-104186,Kyron,KY-2407,True,False,True
BAT-2W-104187,Cellora,CE-2311,False,False,False
BAT-2W-104188,Kyron,KY-2408,True,False,True
BAT-2W-104189,Amptek,AM-2407,False,True,False
BAT-2W-104190,Cellora,CE-2412,False,True,False
BAT-2W-104191,Cellora,CE-2312,False,False,False
BAT-2W-104192,Kyron,KY-2407,True,False,True
BAT-2W-104193,Cellora,CE-2501,False,False,False
BAT-2W-104194,Cellora,CE-2303,False,False,False
BAT-2W-104195,Kyron,KY-2407,False,False,False
BAT-2W-104196,Kyron,KY-2409,False,False,False
BAT-2W-104197,Cellora,CE-2304,False,False,False
BAT-3W-104198,Cellora,CE-2504,False,False,False
BAT-2W-104199,Cellora,CE-2412,False,False,False
BAT-2W-104200,Cellora,CE-2404,False,False,False
BAT-2W-104201,Cellora,CE-2312,False,False,False
BAT-2W-104202,Amptek,AM-2409,False,False,False
BAT-2W-104203,Cellora,CE-2303,False,False,False
BAT-2W-104204,Cellora,CE-2305,False,False,False
BAT-2W-104205,Cellora,CE-2505,False,True,False
BAT-2W-104206,Kyron,KY-2407,False,False,False
BAT-2W-104207,Cellora,CE-2503,False,False,False
BAT-2W-104208,Cellora,CE-2501,False,False,False
BAT-2W-104209,Kyron,KY-2407,False,False,False
BAT-2W-104210,Cellora,CE-2408,False,True,False
BAT-2W-104211,Amptek,AM-2408,False,False,False
BAT-3W-104212,Cellora,CE-2409,False,False,False
BAT-3W-104213,Cellora,CE-2309,False,False,False
BAT-2W-104214,Kyron,KY-2407,True,False,True
BAT-2W-104215,Cellora,CE-2307,False,False,False
BAT-2W-104216,Cellora,CE-2501,False,False,False
BAT-2W-104217,Cellora,CE-2406,False,False,False
BAT-2W-104218,Kyron,KY-2408,True,False,True
BAT-2W-104219,Cellora,CE-2406,False,False,False
BAT-3W-104220,Cellora,CE-2311,False,False,False
BAT-2W-104221,Kyron,KY-2407,False,False,False
BAT-2W-104222,Amptek,AM-2505,False,False,False
BAT-2W-104223,Kyron,KY-2408,False,False,False
BAT-2W-104224,Amptek,AM-2406,False,False,False
BAT-2W-104225,Amptek,AM-2406,False,False,False
BAT-2W-104226,Kyron,KY-2407,False,False,False
BAT-2W-104227,Cellora,CE-2307,False,True,False
BAT-2W-104228,Cellora,CE-2408,False,True,False
BAT-2W-104229,Cellora,CE-2312,False,False,False
BAT-2W-104230,Amptek,AM-2406,False,True,False
BAT-2W-104231,Amptek,AM-2405,False,False,False
BAT-2W-104232,Cellora,CE-2308,False,True,False
BAT-2W-104233,Cellora,CE-2312,False,False,False
BAT-2W-104234,Amptek,AM-2407,False,False,False
BAT-2W-104235,Kyron,KY-2407,True,False,True
BAT-2W-104236,Cellora,CE-2502,False,False,False
BAT-2W-104237,Cellora,CE-2503,False,False,False
BAT-2W-104238,Cellora,CE-2504,False,True,False
BAT-2W-104239,Cellora,CE-2504,False,False,False
BAT-2W-104240,Cellora,CE-2310,False,False,False
BAT-2W-104241,Cellora,CE-2503,False,False,False
BAT-3W-104242,Cellora,CE-2404,False,False,False
BAT-2W-104243,Amptek,AM-2502,False,False,False
BAT-2W-104244,Cellora,CE-2407,False,False,False
BAT-2W-104245,Amptek,AM-2410,False,False,False
BAT-2W-104246,Cellora,CE-2503,False,False,False
BAT-2W-104247,Kyron,KY-2409,False,False,False
BAT-2W-104248,Amptek,AM-2406,False,False,False
BAT-2W-104249,Kyron,KY-2409,True,False,True
BAT-2W-104250,Amptek,AM-2505,False,False,False
BAT-2W-104251,Amptek,AM-2405,False,False,False
BAT-2W-104252,Cellora,CE-2411,False,False,False
BAT-2W-104253,Amptek,AM-2410,False,False,False
BAT-2W-104254,Cellora,CE-2409,False,True,False
BAT-2W-104255,Kyron,KY-2409,False,False,False
BAT-2W-104256,Cellora,CE-2505,False,False,False
BAT-2W-104257,Cellora,CE-2403,False,False,False
BAT-3W-104258,Cellora,CE-2406,False,False,False
BAT-2W-104259,Kyron,KY-2409,True,False,True
BAT-2W-104260,Amptek,AM-2405,False,True,False
BAT-3W-104261,Cellora,CE-2305,False,False,False
BAT-2W-104262,Cellora,CE-2412,False,False,False
BAT-2W-104263,Kyron,KY-2409,True,False,True
BAT-3W-104264,Cellora,CE-2303,False,False,False
BAT-2W-104265,Amptek,AM-2411,False,True,False
BAT-2W-104266,Amptek,AM-2405,False,True,False
BAT-2W-104267,Cellora,CE-2312,False,False,False
BAT-2W-104268,Amptek,AM-2505,False,True,False
BAT-2W-104269,Cellora,CE-2408,False,False,False
BAT-2W-104270,Cellora,CE-2405,False,False,False
BAT-2W-104271,Kyron,KY-2407,False,False,False
BAT-2W-104272,Kyron,KY-2407,True,False,True
BAT-2W-104273,Kyron,KY-2409,True,False,True
BAT-2W-104274,Cellora,CE-2306,False,False,False
BAT-2W-104275,Cellora,CE-2309,False,False,False
BAT-2W-104276,Cellora,CE-2505,False,False,False
BAT-2W-104277,Amptek,AM-2406,False,False,False
BAT-2W-104278,Amptek,AM-2411,False,False,False
BAT-2W-104279,Cellora,CE-2504,False,True,False
BAT-2W-104280,Cellora,CE-2410,False,False,False
BAT-2W-104281,Cellora,CE-2501,False,False,False
BAT-2W-104282,Amptek,AM-2409,False,False,False
BAT-2W-104283,Cellora,CE-2405,False,False,False
BAT-2W-104284,Amptek,AM-2411,False,True,False
BAT-2W-104285,Amptek,AM-2404,False,False,False
BAT-2W-104286,Kyron,KY-2407,False,False,False
BAT-3W-104287,Kyron,KY-2415,False,False,False
BAT-2W-104288,Cellora,CE-2409,False,False,False
BAT-2W-104289,Kyron,KY-2409,True,False,True
BAT-2W-104290,Amptek,AM-2403,False,False,False
BAT-2W-104291,Amptek,AM-2501,False,False,False
BAT-2W-104292,Kyron,KY-2407,False,False,False
BAT-2W-104293,Kyron,KY-2407,True,False,True
BAT-2W-104294,Kyron,KY-2409,True,False,True
BAT-2W-104295,Kyron,KY-2408,False,False,False
BAT-2W-104296,Cellora,CE-2502,False,False,False
BAT-2W-104297,Cellora,CE-2503,False,False,False
BAT-2W-104298,Kyron,KY-2409,False,False,False
BAT-2W-104299,Cellora,CE-2305,False,False,False
BAT-2W-104300,Kyron,KY-2407,True,False,True
BAT-3W-104301,Amptek,AM-2411,False,False,False
BAT-2W-104302,Amptek,AM-2403,False,True,False
BAT-2W-104303,Cellora,CE-2410,False,True,False
BAT-2W-104304,Cellora,CE-2401,False,False,False
BAT-2W-104305,Amptek,AM-2503,False,False,False
BAT-2W-104306,Kyron,KY-2408,False,False,False
BAT-2W-104307,Amptek,AM-2403,False,False,False
BAT-2W-104308,Cellora,CE-2401,False,False,False
BAT-2W-104309,Kyron,KY-2408,True,False,False
BAT-2W-104310,Cellora,CE-2304,False,False,False
BAT-2W-104311,Kyron,KY-2409,True,False,False
BAT-2W-104312,Kyron,KY-2408,True,False,True
BAT-2W-104313,Amptek,AM-2408,False,True,False
BAT-2W-104314,Cellora,CE-2411,False,False,False
BAT-2W-104315,Amptek,AM-2410,False,False,False
BAT-3W-104316,Amptek,AM-2503,False,False,False
BAT-3W-104317,Cellora,CE-2305,False,False,False
BAT-2W-104318,Cellora,CE-2307,False,False,False
BAT-2W-104319,Cellora,CE-2305,False,False,False
BAT-2W-104320,Cellora,CE-2504,False,False,False
BAT-3W-104321,Cellora,CE-2409,False,False,False
BAT-2W-104322,Amptek,AM-2403,False,False,False
BAT-2W-104323,Amptek,AM-2501,False,False,False
BAT-2W-104324,Cellora,CE-2307,False,False,False
BAT-2W-104325,Cellora,CE-2404,False,False,False
BAT-2W-104326,Amptek,AM-2403,False,True,False
BAT-2W-104327,Amptek,AM-2504,False,True,False
BAT-2W-104328,Cellora,CE-2505,False,False,False
BAT-2W-104329,Amptek,AM-2405,False,True,False
BAT-2W-104330,Kyron,KY-2407,True,False,True
BAT-3W-104331,Amptek,AM-2410,False,False,False
BAT-2W-104332,Cellora,CE-2504,False,False,False
BAT-2W-104333,Cellora,CE-2310,False,False,False
BAT-2W-104334,Kyron,KY-2408,True,False,True
BAT-2W-104335,Cellora,CE-2405,False,False,False
BAT-2W-104336,Kyron,KY-2407,True,False,True
BAT-2W-104337,Cellora,CE-2403,False,False,False
BAT-2W-104338,Kyron,KY-2409,True,False,True
BAT-2W-104339,Kyron,KY-2407,True,False,True
BAT-2W-104340,Cellora,CE-2505,False,False,False
BAT-3W-104341,Cellora,CE-2503,False,False,False
BAT-2W-104342,Kyron,KY-2409,False,False,True
BAT-2W-104343,Kyron,KY-2408,True,False,True
BAT-3W-104344,Kyron,KY-2409,False,False,False
BAT-2W-104345,Cellora,CE-2304,False,False,False
BAT-2W-104346,Cellora,CE-2405,False,False,False
BAT-2W-104347,Kyron,KY-2408,True,False,True
BAT-2W-104348,Cellora,CE-2401,False,False,False
BAT-2W-104349,Cellora,CE-2408,False,False,False
BAT-3W-104350,Amptek,AM-2411,False,False,False
BAT-2W-104351,Cellora,CE-2306,False,False,False
BAT-2W-104352,Amptek,AM-2405,False,False,False
BAT-2W-104353,Kyron,KY-2407,True,False,False
BAT-3W-104354,Cellora,CE-2408,False,False,False
BAT-2W-104355,Cellora,CE-2303,False,False,False
BAT-2W-104356,Kyron,KY-2407,False,False,True
BAT-2W-104357,Cellora,CE-2403,False,False,False
BAT-2W-104358,Kyron,KY-2408,False,False,False
BAT-2W-104359,Amptek,AM-2502,False,False,False
BAT-3W-104360,Kyron,KY-2410,False,False,False
BAT-2W-104361,Cellora,CE-2405,False,False,False
BAT-3W-104362,Cellora,CE-2501,False,False,False
BAT-2W-104363,Kyron,KY-2409,False,False,False
BAT-2W-104364,Kyron,KY-2408,False,False,False
BAT-3W-104365,Kyron,KY-2417,False,False,False
BAT-2W-104366,Cellora,CE-2403,False,False,False
BAT-2W-104367,Cellora,CE-2503,False,True,False
BAT-2W-104368,Cellora,CE-2305,False,False,False
BAT-2W-104369,Cellora,CE-2404,False,True,False
BAT-2W-104370,Cellora,CE-2502,False,False,False
BAT-2W-104371,Kyron,KY-2409,False,False,False
BAT-2W-104372,Cellora,CE-2501,False,False,False
BAT-3W-104373,Cellora,CE-2402,False,False,False
BAT-2W-104374,Cellora,CE-2307,False,False,False
BAT-3W-104375,Cellora,CE-2501,False,False,False
BAT-2W-104376,Cellora,CE-2502,False,False,False
BAT-2W-104377,Cellora,CE-2408,False,False,False
BAT-2W-104378,Cellora,CE-2308,False,False,False
BAT-2W-104379,Amptek,AM-2408,False,False,False
BAT-2W-104380,Cellora,CE-2409,False,False,False
BAT-2W-104381,Cellora,CE-2412,False,False,False
BAT-2W-104382,Cellora,CE-2311,False,False,False
BAT-3W-104383,Kyron,KY-2414,False,False,False
BAT-2W-104384,Kyron,KY-2408,False,False,False
BAT-2W-104385,Cellora,CE-2309,False,False,False
BAT-2W-104386,Kyron,KY-2409,True,False,False
BAT-3W-104387,Cellora,CE-2409,False,False,False
BAT-2W-104388,Cellora,CE-2404,False,False,False
BAT-2W-104389,Cellora,CE-2401,False,True,False
BAT-2W-104390,Cellora,CE-2402,False,True,False
BAT-2W-104391,Cellora,CE-2312,False,False,False
BAT-2W-104392,Cellora,CE-2401,False,False,False
BAT-2W-104393,Kyron,KY-2407,False,False,False
BAT-2W-104394,Amptek,AM-2502,False,False,False
BAT-2W-104395,Cellora,CE-2409,False,False,False
BAT-2W-104396,Cellora,CE-2409,False,False,False
BAT-2W-104397,Cellora,CE-2312,False,False,False
BAT-3W-104398,Kyron,KY-2407,False,False,False
BAT-2W-104399,Kyron,KY-2407,False,False,False
BAT-3W-104400,Cellora,CE-2412,False,False,False
BAT-2W-104401,Kyron,KY-2409,True,False,True
BAT-3W-104402,Amptek,AM-2407,False,False,False
BAT-2W-104403,Cellora,CE-2407,False,False,False
BAT-3W-104404,Kyron,KY-2415,False,False,False
BAT-2W-104405,Kyron,KY-2409,True,False,True
BAT-2W-104406,Amptek,AM-2412,False,False,False
BAT-2W-104407,Cellora,CE-2407,False,False,False
BAT-2W-104408,Cellora,CE-2304,False,True,False
BAT-2W-104409,Cellora,CE-2404,False,False,False
BAT-2W-104410,Amptek,AM-2405,False,False,False
BAT-2W-104411,Kyron,KY-2408,False,False,False
BAT-2W-104412,Amptek,AM-2410,False,True,False
BAT-2W-104413,Amptek,AM-2404,False,False,False
BAT-2W-104414,Cellora,CE-2306,False,False,False
BAT-2W-104415,Cellora,CE-2411,False,False,False
BAT-2W-104416,Kyron,KY-2409,False,False,False
BAT-2W-104417,Cellora,CE-2410,False,False,False
BAT-2W-104418,Cellora,CE-2501,False,False,False
BAT-2W-104419,Kyron,KY-2409,True,False,True
BAT-2W-104420,Cellora,CE-2409,False,False,False
BAT-3W-104421,Cellora,CE-2403,False,False,False
BAT-2W-104422,Amptek,AM-2409,False,False,False
BAT-2W-104423,Kyron,KY-2408,False,False,False
BAT-2W-104424,Cellora,CE-2502,False,False,False
BAT-2W-104425,Kyron,KY-2408,False,False,False
BAT-3W-104426,Cellora,CE-2406,False,False,False
BAT-2W-104427,Amptek,AM-2407,False,False,False
BAT-3W-104428,Cellora,CE-2503,False,False,False
BAT-2W-104429,Amptek,AM-2410,False,False,False
BAT-2W-104430,Kyron,KY-2409,False,False,False
BAT-2W-104431,Kyron,KY-2408,True,False,True
BAT-2W-104432,Cellora,CE-2401,False,False,False
BAT-2W-104433,Amptek,AM-2412,False,False,False
BAT-3W-104434,Amptek,AM-2409,False,False,False
BAT-2W-104435,Amptek,AM-2407,False,False,False
BAT-2W-104436,Amptek,AM-2403,False,False,False
BAT-2W-104437,Amptek,AM-2504,False,False,False
BAT-2W-104438,Amptek,AM-2411,False,False,False
BAT-2W-104439,Cellora,CE-2310,False,False,False
BAT-2W-104440,Kyron,KY-2408,False,False,True
BAT-2W-104441,Cellora,CE-2304,False,False,False
BAT-2W-104442,Kyron,KY-2409,False,False,True
BAT-2W-104443,Cellora,CE-2409,False,False,False
BAT-2W-104444,Cellora,CE-2305,False,False,False
BAT-2W-104445,Cellora,CE-2412,False,False,False
BAT-2W-104446,Cellora,CE-2402,False,False,False
BAT-2W-104447,Cellora,CE-2403,False,False,False
BAT-2W-104448,Kyron,KY-2407,False,False,False
BAT-2W-104449,Amptek,AM-2410,False,False,False
BAT-2W-104450,Cellora,CE-2504,False,True,False
BAT-2W-104451,Cellora,CE-2407,False,False,False
BAT-2W-104452,Amptek,AM-2504,False,False,False
BAT-2W-104453,Amptek,AM-2403,False,False,False
BAT-2W-104454,Cellora,CE-2411,False,True,False
BAT-2W-104455,Cellora,CE-2411,False,False,False
BAT-2W-104456,Amptek,AM-2407,False,True,False
BAT-2W-104457,Cellora,CE-2402,False,False,False
BAT-2W-104458,Cellora,CE-2407,False,False,False
BAT-2W-104459,Cellora,CE-2303,False,False,False
BAT-2W-104460,Kyron,KY-2407,False,False,True
BAT-3W-104461,Amptek,AM-2504,False,False,False
BAT-2W-104462,Kyron,KY-2407,False,False,False
BAT-2W-104463,Cellora,CE-2310,False,True,False
BAT-2W-104464,Cellora,CE-2312,False,False,False
BAT-2W-104465,Amptek,AM-2410,False,False,False
BAT-3W-104466,Cellora,CE-2504,False,False,False
BAT-2W-104467,Amptek,AM-2501,False,False,False
BAT-2W-104468,Amptek,AM-2409,False,False,False
BAT-2W-104469,Cellora,CE-2305,False,False,False
BAT-3W-104470,Amptek,AM-2503,False,False,False
BAT-3W-104471,Cellora,CE-2503,False,False,False
BAT-2W-104472,Kyron,KY-2407,True,False,True
BAT-2W-104473,Cellora,CE-2306,False,False,False
BAT-3W-104474,Cellora,CE-2505,False,False,False
BAT-2W-104475,Kyron,KY-2408,True,False,True
BAT-2W-104476,Cellora,CE-2310,False,False,False
BAT-2W-104477,Amptek,AM-2406,False,False,False
BAT-3W-104478,Kyron,KY-2408,False,False,False
BAT-2W-104479,Kyron,KY-2408,False,False,False
BAT-3W-104480,Cellora,CE-2304,False,False,False
BAT-2W-104481,Cellora,CE-2308,False,False,False
BAT-2W-104482,Cellora,CE-2309,False,False,False
BAT-2W-104483,Amptek,AM-2411,False,False,False
BAT-2W-104484,Cellora,CE-2406,False,True,False
BAT-2W-104485,Kyron,KY-2407,False,False,False
BAT-2W-104486,Amptek,AM-2404,False,False,False
BAT-3W-104487,Cellora,CE-2303,False,False,False
BAT-2W-104488,Kyron,KY-2409,True,False,False
BAT-2W-104489,Cellora,CE-2404,False,True,False
BAT-2W-104490,Cellora,CE-2311,False,False,False
BAT-2W-104491,Cellora,CE-2411,False,False,False
BAT-2W-104492,Cellora,CE-2309,False,True,False
BAT-2W-104493,Cellora,CE-2501,False,False,False
BAT-3W-104494,Cellora,CE-2503,False,False,False
BAT-2W-104495,Amptek,AM-2503,False,True,False
BAT-2W-104496,Cellora,CE-2311,False,False,False
BAT-2W-104497,Cellora,CE-2412,False,False,False
BAT-2W-104498,Cellora,CE-2308,False,False,False
BAT-2W-104499,Cellora,CE-2308,False,False,False
BAT-2W-104500,Amptek,AM-2504,False,True,False
BAT-2W-104501,Cellora,CE-2307,False,False,False
BAT-2W-104502,Cellora,CE-2503,False,False,False
BAT-2W-104503,Kyron,KY-2409,False,False,False
BAT-2W-104504,Kyron,KY-2407,False,False,False
BAT-2W-104505,Kyron,KY-2409,True,False,True
BAT-3W-104506,Amptek,AM-2503,False,False,False
BAT-2W-104507,Kyron,KY-2408,True,False,True
BAT-2W-104508,Cellora,CE-2408,False,False,False
BAT-2W-104509,Cellora,CE-2306,False,False,False
BAT-2W-104510,Cellora,CE-2307,False,False,False
BAT-2W-104511,Cellora,CE-2405,False,False,False
BAT-2W-104512,Cellora,CE-2310,False,True,False
BAT-3W-104513,Kyron,KY-2409,False,False,False
BAT-2W-104514,Kyron,KY-2408,True,False,False
BAT-2W-104515,Cellora,CE-2412,False,True,False
BAT-2W-104516,Cellora,CE-2408,False,False,False
BAT-2W-104517,Amptek,AM-2504,False,True,False
BAT-3W-104518,Amptek,AM-2408,False,False,False
BAT-2W-104519,Amptek,AM-2404,False,False,False
BAT-2W-104520,Cellora,CE-2303,False,False,False
BAT-2W-104521,Cellora,CE-2306,False,False,False
BAT-2W-104522,Kyron,KY-2408,True,False,True
BAT-3W-104523,Cellora,CE-2503,False,False,False
BAT-2W-104524,Cellora,CE-2407,False,False,False
BAT-2W-104525,Cellora,CE-2309,False,False,False
BAT-2W-104526,Amptek,AM-2410,False,False,False
BAT-2W-104527,Cellora,CE-2304,False,False,False
BAT-2W-104528,Amptek,AM-2410,False,True,False
BAT-2W-104529,Amptek,AM-2409,False,False,False
BAT-2W-104530,Kyron,KY-2407,False,False,False
BAT-2W-104531,Cellora,CE-2311,False,False,False
BAT-2W-104532,Cellora,CE-2401,False,False,False
BAT-2W-104533,Amptek,AM-2404,False,False,False
BAT-2W-104534,Amptek,AM-2405,False,False,False
BAT-2W-104535,Kyron,KY-2408,False,False,True
BAT-2W-104536,Amptek,AM-2504,False,False,False
BAT-3W-104537,Amptek,AM-2501,False,False,False
BAT-2W-104538,Cellora,CE-2308,False,False,False
BAT-2W-104539,Cellora,CE-2404,False,True,False
BAT-2W-104540,Cellora,CE-2403,False,False,False
BAT-2W-104541,Kyron,KY-2407,False,False,True
BAT-2W-104542,Cellora,CE-2309,False,False,False
BAT-2W-104543,Cellora,CE-2311,False,False,False
BAT-2W-104544,Cellora,CE-2412,False,False,False
BAT-2W-104545,Kyron,KY-2409,True,False,True
BAT-2W-104546,Kyron,KY-2407,True,False,True
BAT-2W-104547,Kyron,KY-2408,True,False,True
BAT-2W-104548,Cellora,CE-2310,False,False,False
BAT-3W-104549,Cellora,CE-2306,False,False,False
BAT-2W-104550,Cellora,CE-2503,False,False,False
BAT-2W-104551,Cellora,CE-2412,False,False,False
BAT-3W-104552,Amptek,AM-2505,False,False,False
BAT-2W-104553,Kyron,KY-2409,True,False,True
BAT-3W-104554,Kyron,KY-2415,False,False,False
BAT-2W-104555,Cellora,CE-2307,False,True,False
BAT-2W-104556,Kyron,KY-2409,False,False,False
BAT-2W-104557,Kyron,KY-2407,False,False,True
BAT-2W-104558,Amptek,AM-2410,False,True,False
BAT-2W-104559,Cellora,CE-2304,False,False,False
BAT-2W-104560,Kyron,KY-2409,False,False,True
BAT-2W-104561,Kyron,KY-2409,True,False,True
BAT-2W-104562,Kyron,KY-2407,False,False,False
BAT-2W-104563,Cellora,CE-2402,False,False,False
BAT-2W-104564,Cellora,CE-2407,False,False,False
BAT-2W-104565,Cellora,CE-2306,False,False,False
BAT-2W-104566,Cellora,CE-2306,False,False,False
BAT-2W-104567,Cellora,CE-2306,False,False,False
BAT-3W-104568,Amptek,AM-2505,False,False,False
BAT-2W-104569,Amptek,AM-2403,False,False,False
BAT-2W-104570,Cellora,CE-2403,False,True,False
BAT-2W-104571,Kyron,KY-2407,False,False,False
BAT-2W-104572,Kyron,KY-2407,False,False,False
BAT-2W-104573,Kyron,KY-2408,False,False,False
BAT-2W-104574,Amptek,AM-2505,False,False,False
BAT-3W-104575,Cellora,CE-2404,False,False,False
BAT-2W-104576,Cellora,CE-2402,False,False,False
BAT-2W-104577,Cellora,CE-2403,False,True,False
BAT-2W-104578,Cellora,CE-2407,False,False,False
BAT-2W-104579,Cellora,CE-2304,False,False,False
BAT-2W-104580,Amptek,AM-2410,False,False,False
BAT-2W-104581,Kyron,KY-2408,True,False,False
BAT-2W-104582,Cellora,CE-2405,False,False,False
BAT-3W-104583,Kyron,KY-2410,False,False,False
BAT-2W-104584,Amptek,AM-2505,False,False,False
BAT-2W-104585,Cellora,CE-2306,False,False,False
BAT-2W-104586,Cellora,CE-2312,False,False,False
BAT-2W-104587,Amptek,AM-2411,False,False,False
BAT-2W-104588,Cellora,CE-2405,False,False,False
BAT-2W-104589,Kyron,KY-2408,False,False,True
BAT-2W-104590,Amptek,AM-2412,False,True,False
BAT-2W-104591,Cellora,CE-2311,False,True,False
BAT-2W-104592,Amptek,AM-2410,False,True,False
BAT-2W-104593,Cellora,CE-2503,False,False,False
BAT-2W-104594,Cellora,CE-2310,False,False,False
BAT-2W-104595,Cellora,CE-2401,False,False,False
BAT-2W-104596,Cellora,CE-2505,False,True,False
BAT-2W-104597,Cellora,CE-2404,False,False,False
BAT-3W-104598,Amptek,AM-2505,False,False,False
BAT-2W-104599,Cellora,CE-2308,False,False,False
BAT-2W-104600,Kyron,KY-2408,False,False,True
BAT-2W-104601,Cellora,CE-2406,False,False,False
BAT-2W-104602,Cellora,CE-2502,False,False,False
BAT-2W-104603,Cellora,CE-2304,False,False,False
BAT-3W-104604,Cellora,CE-2402,False,False,False
BAT-2W-104605,Cellora,CE-2309,False,False,False
BAT-2W-104606,Kyron,KY-2407,True,False,True
BAT-2W-104607,Cellora,CE-2306,False,False,False
BAT-2W-104608,Cellora,CE-2304,False,False,False
BAT-2W-104609,Kyron,KY-2409,False,False,False
BAT-2W-104610,Cellora,CE-2412,False,False,False
BAT-2W-104611,Amptek,AM-2409,False,False,False
BAT-3W-104612,Cellora,CE-2502,False,False,False
BAT-2W-104613,Cellora,CE-2411,False,False,False
BAT-2W-104614,Cellora,CE-2401,False,True,False
BAT-2W-104615,Amptek,AM-2408,False,False,False
BAT-2W-104616,Kyron,KY-2407,True,False,True
BAT-2W-104617,Kyron,KY-2407,True,False,True
BAT-2W-104618,Cellora,CE-2409,False,False,False
BAT-2W-104619,Cellora,CE-2403,False,False,False
BAT-3W-104620,Kyron,KY-2412,False,False,False
BAT-2W-104621,Cellora,CE-2403,False,False,False
BAT-2W-104622,Cellora,CE-2409,False,False,False
BAT-2W-104623,Cellora,CE-2504,False,False,False
BAT-3W-104624,Cellora,CE-2505,False,False,False
BAT-2W-104625,Cellora,CE-2410,False,False,False
BAT-2W-104626,Kyron,KY-2408,True,False,True
BAT-2W-104627,Kyron,KY-2408,False,False,True
BAT-2W-104628,Cellora,CE-2407,False,False,False
BAT-2W-104629,Cellora,CE-2411,False,False,False
BAT-2W-104630,Kyron,KY-2409,False,False,False
BAT-2W-104631,Amptek,AM-2506,False,False,False
BAT-2W-104632,Kyron,KY-2408,False,False,False
BAT-2W-104633,Amptek,AM-2408,False,False,False
BAT-2W-104634,Kyron,KY-2409,False,False,False
BAT-2W-104635,Cellora,CE-2503,False,True,False
BAT-2W-104636,Kyron,KY-2409,True,False,False
BAT-2W-104637,Cellora,CE-2305,False,False,False
BAT-2W-104638,Cellora,CE-2501,False,False,False
BAT-2W-104639,Kyron,KY-2409,False,False,False
BAT-2W-104640,Cellora,CE-2503,False,False,False
BAT-2W-104641,Cellora,CE-2309,False,False,False
BAT-2W-104642,Cellora,CE-2410,False,False,False
BAT-2W-104643,Cellora,CE-2307,False,False,False
BAT-2W-104644,Amptek,AM-2406,False,False,False
BAT-2W-104645,Kyron,KY-2407,True,False,True
BAT-2W-104646,Kyron,KY-2408,False,False,False
BAT-2W-104647,Kyron,KY-2408,True,False,True
BAT-2W-104648,Cellora,CE-2410,False,False,False
BAT-2W-104649,Cellora,CE-2405,False,False,False
BAT-2W-104650,Amptek,AM-2503,False,False,False
BAT-2W-104651,Cellora,CE-2401,False,False,False
BAT-2W-104652,Kyron,KY-2407,True,False,True
BAT-2W-104653,Cellora,CE-2504,False,False,False
BAT-2W-104654,Amptek,AM-2406,False,False,False
BAT-2W-104655,Kyron,KY-2409,False,False,False
BAT-2W-104656,Cellora,CE-2310,False,False,False
BAT-2W-104657,Kyron,KY-2407,True,False,True
BAT-2W-104658,Cellora,CE-2505,False,False,False
BAT-2W-104659,Amptek,AM-2403,False,False,False
BAT-2W-104660,Cellora,CE-2408,False,False,False
BAT-2W-104661,Kyron,KY-2407,False,False,False
BAT-2W-104662,Kyron,KY-2409,True,False,False
BAT-2W-104663,Cellora,CE-2308,False,False,False
BAT-2W-104664,Cellora,CE-2305,False,False,False
BAT-2W-104665,Cellora,CE-2408,False,False,False
BAT-2W-104666,Cellora,CE-2407,False,False,False
BAT-2W-104667,Cellora,CE-2403,False,True,False
BAT-2W-104668,Cellora,CE-2304,False,False,False
BAT-2W-104669,Cellora,CE-2401,False,False,False
BAT-2W-104670,Cellora,CE-2310,False,False,False
BAT-2W-104671,Amptek,AM-2404,False,False,False
BAT-2W-104672,Cellora,CE-2305,False,False,False
BAT-2W-104673,Amptek,AM-2407,False,False,False
BAT-2W-104674,Amptek,AM-2412,False,False,False
BAT-2W-104675,Amptek,AM-2412,False,True,False
BAT-2W-104676,Kyron,KY-2408,True,False,True
BAT-3W-104677,Amptek,AM-2403,False,False,False
BAT-2W-104678,Kyron,KY-2407,False,False,False
BAT-2W-104679,Cellora,CE-2305,False,False,False
BAT-2W-104680,Kyron,KY-2409,False,False,False
BAT-2W-104681,Amptek,AM-2406,False,False,False
BAT-2W-104682,Kyron,KY-2409,True,False,True
BAT-2W-104683,Cellora,CE-2401,False,False,False
BAT-3W-104684,Kyron,KY-2409,False,False,False
BAT-2W-104685,Kyron,KY-2408,True,False,True
BAT-2W-104686,Cellora,CE-2401,False,False,False
BAT-2W-104687,Kyron,KY-2408,True,False,False
BAT-3W-104688,Kyron,KY-2415,False,False,False
BAT-2W-104689,Kyron,KY-2408,True,False,False
BAT-3W-104690,Amptek,AM-2412,False,False,False
BAT-2W-104691,Amptek,AM-2406,False,False,False
BAT-2W-104692,Kyron,KY-2409,False,False,False
BAT-3W-104693,Cellora,CE-2303,False,False,False
BAT-2W-104694,Amptek,AM-2411,False,False,False
BAT-2W-104695,Cellora,CE-2502,False,True,False
BAT-2W-104696,Cellora,CE-2403,False,False,False
BAT-2W-104697,Kyron,KY-2409,True,False,True
BAT-2W-104698,Cellora,CE-2401,False,False,False
BAT-2W-104699,Amptek,AM-2403,False,False,False
BAT-2W-104700,Cellora,CE-2408,False,False,False
BAT-2W-104701,Cellora,CE-2312,False,False,False
BAT-2W-104702,Amptek,AM-2411,False,False,False
BAT-2W-104703,Kyron,KY-2407,False,False,True
BAT-2W-104704,Kyron,KY-2408,False,False,False
BAT-2W-104705,Kyron,KY-2409,True,False,True
BAT-2W-104706,Cellora,CE-2304,False,False,False
BAT-2W-104707,Kyron,KY-2409,True,False,False
BAT-2W-104708,Amptek,AM-2504,False,False,False
BAT-2W-104709,Kyron,KY-2408,True,False,True
BAT-2W-104710,Cellora,CE-2404,False,False,False
BAT-2W-104711,Kyron,KY-2408,False,False,False
BAT-2W-104712,Cellora,CE-2411,False,False,False
BAT-2W-104713,Kyron,KY-2408,True,False,True
BAT-2W-104714,Cellora,CE-2304,False,False,False
BAT-2W-104715,Kyron,KY-2408,True,False,True
BAT-3W-104716,Cellora,CE-2401,False,False,False
BAT-2W-104717,Cellora,CE-2311,False,False,False
BAT-2W-104718,Cellora,CE-2310,False,False,False
BAT-2W-104719,Kyron,KY-2407,True,False,False
BAT-2W-104720,Kyron,KY-2409,False,False,False
BAT-2W-104721,Kyron,KY-2409,False,False,True
BAT-2W-104722,Cellora,CE-2504,False,False,False
BAT-2W-104723,Cellora,CE-2304,False,False,False
BAT-2W-104724,Cellora,CE-2304,False,False,False
BAT-2W-104725,Cellora,CE-2504,False,True,False
BAT-2W-104726,Cellora,CE-2411,False,False,False
BAT-2W-104727,Cellora,CE-2312,False,False,False
BAT-2W-104728,Cellora,CE-2402,False,False,False
BAT-2W-104729,Cellora,CE-2412,False,False,False
BAT-2W-104730,Amptek,AM-2406,False,False,False
BAT-2W-104731,Kyron,KY-2409,True,False,True
BAT-2W-104732,Amptek,AM-2504,False,False,False
BAT-2W-104733,Amptek,AM-2403,False,False,False
BAT-2W-104734,Cellora,CE-2305,False,False,False
BAT-2W-104735,Amptek,AM-2504,False,False,False
BAT-2W-104736,Kyron,KY-2408,False,False,False
BAT-2W-104737,Amptek,AM-2405,False,False,False
BAT-2W-104738,Kyron,KY-2409,True,False,True
BAT-2W-104739,Kyron,KY-2407,False,False,False
BAT-2W-104740,Amptek,AM-2501,False,True,False
BAT-2W-104741,Cellora,CE-2407,False,True,False
BAT-2W-104742,Cellora,CE-2505,False,False,False
BAT-3W-104743,Kyron,KY-2407,False,False,False
BAT-2W-104744,Cellora,CE-2303,False,False,False
BAT-3W-104745,Cellora,CE-2409,False,False,False
BAT-2W-104746,Kyron,KY-2409,True,False,True
BAT-2W-104747,Kyron,KY-2408,False,False,True
BAT-2W-104748,Cellora,CE-2305,False,False,False
BAT-2W-104749,Amptek,AM-2504,False,False,False
BAT-2W-104750,Kyron,KY-2409,False,False,False
BAT-3W-104751,Cellora,CE-2309,False,False,False
BAT-2W-104752,Cellora,CE-2504,False,True,False
BAT-3W-104753,Amptek,AM-2405,False,False,False
BAT-2W-104754,Cellora,CE-2305,False,True,False
BAT-2W-104755,Cellora,CE-2412,False,False,False
BAT-2W-104756,Cellora,CE-2310,False,False,False
BAT-2W-104757,Cellora,CE-2304,False,False,False
BAT-2W-104758,Cellora,CE-2408,False,True,False
BAT-2W-104759,Cellora,CE-2505,False,True,False
BAT-2W-104760,Cellora,CE-2406,False,True,False
BAT-2W-104761,Cellora,CE-2403,False,False,False
BAT-2W-104762,Amptek,AM-2407,False,False,False
BAT-2W-104763,Cellora,CE-2408,False,False,False
BAT-2W-104764,Kyron,KY-2407,True,False,True
BAT-2W-104765,Cellora,CE-2304,False,False,False
BAT-2W-104766,Kyron,KY-2407,True,False,True
BAT-2W-104767,Cellora,CE-2312,False,False,False
BAT-2W-104768,Cellora,CE-2403,False,False,False
BAT-2W-104769,Cellora,CE-2405,False,False,False
BAT-2W-104770,Kyron,KY-2408,False,False,False
BAT-2W-104771,Cellora,CE-2403,False,False,False
BAT-2W-104772,Kyron,KY-2408,True,False,True
BAT-2W-104773,Amptek,AM-2505,False,False,False
BAT-2W-104774,Cellora,CE-2407,False,False,False
BAT-2W-104775,Kyron,KY-2407,True,False,True
BAT-2W-104776,Cellora,CE-2312,False,False,False
BAT-2W-104777,Amptek,AM-2407,False,False,False
BAT-2W-104778,Cellora,CE-2402,False,False,False
BAT-2W-104779,Cellora,CE-2412,False,False,False
BAT-2W-104780,Kyron,KY-2408,True,False,True
BAT-2W-104781,Amptek,AM-2505,False,False,False
BAT-3W-104782,Amptek,AM-2406,False,False,False
BAT-2W-104783,Kyron,KY-2408,True,False,True
BAT-2W-104784,Amptek,AM-2408,False,False,False
BAT-2W-104785,Amptek,AM-2409,False,False,False
BAT-2W-104786,Cellora,CE-2505,False,False,False
BAT-2W-104787,Cellora,CE-2308,False,True,False
BAT-2W-104788,Amptek,AM-2407,False,True,False
BAT-2W-104789,Kyron,KY-2408,True,False,True
BAT-2W-104790,Cellora,CE-2402,False,True,False
BAT-2W-104791,Cellora,CE-2309,False,False,False
BAT-2W-104792,Kyron,KY-2407,False,False,False
BAT-2W-104793,Kyron,KY-2409,True,False,False
BAT-2W-104794,Cellora,CE-2402,False,False,False
BAT-2W-104795,Amptek,AM-2505,False,False,False
BAT-2W-104796,Amptek,AM-2405,False,False,False
BAT-2W-104797,Kyron,KY-2409,False,False,False
BAT-3W-104798,Cellora,CE-2411,False,False,False
BAT-3W-104799,Amptek,AM-2504,False,False,False
BAT-2W-104800,Cellora,CE-2307,False,True,False
BAT-2W-104801,Kyron,KY-2408,True,False,True
BAT-2W-104802,Cellora,CE-2311,False,False,False
BAT-2W-104803,Kyron,KY-2409,True,False,True
BAT-2W-104804,Cellora,CE-2408,False,False,False
BAT-2W-104805,Cellora,CE-2402,False,False,False
BAT-2W-104806,Cellora,CE-2311,False,True,False
BAT-2W-104807,Amptek,AM-2501,False,False,False
BAT-2W-104808,Cellora,CE-2402,False,False,False
BAT-2W-104809,Cellora,CE-2303,False,True,False
BAT-2W-104810,Cellora,CE-2504,False,True,False
BAT-2W-104811,Kyron,KY-2409,False,False,False
BAT-2W-104812,Cellora,CE-2405,False,False,False
BAT-2W-104813,Amptek,AM-2404,False,False,False
BAT-2W-104814,Cellora,CE-2411,False,False,False
BAT-2W-104815,Amptek,AM-2412,False,False,False
BAT-2W-104816,Cellora,CE-2304,False,False,False
BAT-2W-104817,Cellora,CE-2402,False,False,False
BAT-2W-104818,Cellora,CE-2502,False,False,False
BAT-3W-104819,Cellora,CE-2503,False,False,False
BAT-2W-104820,Kyron,KY-2407,True,False,True
BAT-2W-104821,Cellora,CE-2311,False,False,False
BAT-2W-104822,Kyron,KY-2407,False,False,False
BAT-2W-104823,Kyron,KY-2409,True,False,True
BAT-2W-104824,Cellora,CE-2401,False,False,False
BAT-2W-104825,Cellora,CE-2412,False,False,False
BAT-3W-104826,Cellora,CE-2403,False,False,False
BAT-2W-104827,Amptek,AM-2412,False,False,False
BAT-2W-104828,Kyron,KY-2407,False,False,False
BAT-2W-104829,Amptek,AM-2406,False,False,False
BAT-2W-104830,Cellora,CE-2410,False,True,False
BAT-2W-104831,Cellora,CE-2307,False,False,False
BAT-2W-104832,Cellora,CE-2401,False,False,False
BAT-2W-104833,Cellora,CE-2502,False,False,False
BAT-2W-104834,Kyron,KY-2408,True,False,False
BAT-2W-104835,Kyron,KY-2409,True,False,True
BAT-2W-104836,Kyron,KY-2409,False,False,False
BAT-2W-104837,Cellora,CE-2310,False,False,False
BAT-3W-104838,Amptek,AM-2501,False,False,False
BAT-2W-104839,Cellora,CE-2405,False,False,False
BAT-2W-104840,Kyron,KY-2408,False,False,False
BAT-2W-104841,Kyron,KY-2409,False,False,False
BAT-2W-104842,Cellora,CE-2412,False,False,False
BAT-2W-104843,Cellora,CE-2303,False,False,False
BAT-2W-104844,Amptek,AM-2405,False,False,False
BAT-2W-104845,Cellora,CE-2412,False,False,False
BAT-2W-104846,Cellora,CE-2410,False,False,False
BAT-2W-104847,Cellora,CE-2304,False,False,False
BAT-2W-104848,Cellora,CE-2304,False,False,False
BAT-2W-104849,Cellora,CE-2404,False,False,False
BAT-2W-104850,Cellora,CE-2307,False,False,False
BAT-3W-104851,Amptek,AM-2501,False,False,False
BAT-2W-104852,Kyron,KY-2407,True,False,True
BAT-2W-104853,Amptek,AM-2502,False,False,False
BAT-2W-104854,Amptek,AM-2505,False,False,False
BAT-2W-104855,Amptek,AM-2409,False,False,False
BAT-2W-104856,Cellora,CE-2303,False,False,False
BAT-3W-104857,Kyron,KY-2414,False,False,False
BAT-2W-104858,Kyron,KY-2409,False,False,False
BAT-2W-104859,Cellora,CE-2310,False,False,False
BAT-2W-104860,Cellora,CE-2412,False,False,False
BAT-2W-104861,Cellora,CE-2409,False,False,False
BAT-2W-104862,Amptek,AM-2502,False,False,False
BAT-2W-104863,Kyron,KY-2409,False,False,False
BAT-2W-104864,Cellora,CE-2310,False,False,False
BAT-3W-104865,Cellora,CE-2402,False,False,False
BAT-2W-104866,Cellora,CE-2403,False,False,False
BAT-3W-104867,Cellora,CE-2410,False,False,False
BAT-2W-104868,Cellora,CE-2501,False,False,False
BAT-2W-104869,Cellora,CE-2503,False,False,False
BAT-3W-104870,Kyron,KY-2412,False,False,False
BAT-2W-104871,Kyron,KY-2409,False,False,True
BAT-3W-104872,Kyron,KY-2413,False,False,False
BAT-3W-104873,Cellora,CE-2304,False,False,False
BAT-2W-104874,Cellora,CE-2305,False,False,False
BAT-2W-104875,Cellora,CE-2407,False,False,False
BAT-2W-104876,Kyron,KY-2407,False,False,False
BAT-2W-104877,Kyron,KY-2407,False,False,True
BAT-2W-104878,Cellora,CE-2404,False,False,False
BAT-3W-104879,Cellora,CE-2311,False,False,False
BAT-2W-104880,Amptek,AM-2501,False,False,False
BAT-2W-104881,Cellora,CE-2405,False,False,False
BAT-3W-104882,Kyron,KY-2407,False,False,False
BAT-2W-104883,Cellora,CE-2407,False,False,False
BAT-2W-104884,Cellora,CE-2502,False,False,False
BAT-2W-104885,Kyron,KY-2409,False,False,False
BAT-3W-104886,Cellora,CE-2308,False,False,False
BAT-2W-104887,Cellora,CE-2307,False,False,False
BAT-3W-104888,Amptek,AM-2405,False,False,False
BAT-2W-104889,Kyron,KY-2407,False,False,True
BAT-2W-104890,Cellora,CE-2401,False,False,False
BAT-2W-104891,Kyron,KY-2407,False,False,False
BAT-2W-104892,Cellora,CE-2312,False,False,False
BAT-2W-104893,Cellora,CE-2410,False,True,False
BAT-2W-104894,Cellora,CE-2310,False,False,False
BAT-2W-104895,Amptek,AM-2411,False,True,False
BAT-2W-104896,Cellora,CE-2412,False,True,False
BAT-2W-104897,Cellora,CE-2412,False,False,False
BAT-2W-104898,Cellora,CE-2501,False,False,False
BAT-2W-104899,Cellora,CE-2501,False,False,False
BAT-2W-104900,Amptek,AM-2501,False,False,False
BAT-2W-104901,Cellora,CE-2409,False,False,False
BAT-2W-104902,Cellora,CE-2412,False,False,False
BAT-2W-104903,Kyron,KY-2407,False,False,False
BAT-2W-104904,Cellora,CE-2408,False,False,False
BAT-3W-104905,Kyron,KY-2408,False,False,False
BAT-2W-104906,Kyron,KY-2409,True,False,True
BAT-2W-104907,Kyron,KY-2408,True,False,True
BAT-2W-104908,Cellora,CE-2409,False,False,False
BAT-3W-104909,Cellora,CE-2309,False,False,False
BAT-2W-104910,Kyron,KY-2408,False,False,False
BAT-2W-104911,Cellora,CE-2406,False,False,False
BAT-2W-104912,Cellora,CE-2409,False,False,False
BAT-2W-104913,Cellora,CE-2502,False,False,False
BAT-3W-104914,Amptek,AM-2409,False,False,False
BAT-2W-104915,Cellora,CE-2505,False,False,False
BAT-2W-104916,Cellora,CE-2304,False,False,False
BAT-2W-104917,Kyron,KY-2409,False,False,False
BAT-2W-104918,Kyron,KY-2407,False,False,False
BAT-2W-104919,Cellora,CE-2306,False,False,False
BAT-2W-104920,Cellora,CE-2311,False,False,False
BAT-2W-104921,Cellora,CE-2404,False,False,False
BAT-2W-104922,Kyron,KY-2408,False,False,False
BAT-2W-104923,Cellora,CE-2303,False,True,False
BAT-3W-104924,Kyron,KY-2408,False,False,False
BAT-2W-104925,Cellora,CE-2502,False,False,False
BAT-2W-104926,Kyron,KY-2408,False,False,False
BAT-2W-104927,Cellora,CE-2310,False,False,False
BAT-2W-104928,Kyron,KY-2409,False,False,False
BAT-2W-104929,Cellora,CE-2310,False,False,False
BAT-2W-104930,Kyron,KY-2409,False,False,False
BAT-2W-104931,Amptek,AM-2408,False,False,False
BAT-2W-104932,Cellora,CE-2311,False,True,False
BAT-2W-104933,Cellora,CE-2312,False,False,False
BAT-2W-104934,Cellora,CE-2312,False,True,False
BAT-2W-104935,Kyron,KY-2408,True,False,True
BAT-2W-104936,Cellora,CE-2308,False,False,False
BAT-2W-104937,Kyron,KY-2408,False,False,True
BAT-2W-104938,Amptek,AM-2405,False,True,False
BAT-2W-104939,Amptek,AM-2501,False,False,False
BAT-2W-104940,Cellora,CE-2306,False,False,False
BAT-3W-104941,Kyron,KY-2417,False,False,False
BAT-2W-104942,Amptek,AM-2405,False,False,False
BAT-2W-104943,Kyron,KY-2407,False,False,False
BAT-2W-104944,Cellora,CE-2505,False,False,False
BAT-2W-104945,Cellora,CE-2505,False,False,False
BAT-2W-104946,Kyron,KY-2409,False,False,True
BAT-2W-104947,Kyron,KY-2407,True,False,True
BAT-2W-104948,Cellora,CE-2410,False,False,False
BAT-2W-104949,Cellora,CE-2410,False,False,False
BAT-2W-104950,Kyron,KY-2407,False,False,False
BAT-2W-104951,Amptek,AM-2408,False,False,False
BAT-2W-104952,Cellora,CE-2504,False,False,False
BAT-2W-104953,Cellora,CE-2503,False,True,False
BAT-2W-104954,Amptek,AM-2406,False,False,False
BAT-2W-104955,Cellora,CE-2312,False,False,False
BAT-2W-104956,Kyron,KY-2409,False,False,False
BAT-2W-104957,Kyron,KY-2408,False,False,False
BAT-2W-104958,Cellora,CE-2502,False,False,False
BAT-2W-104959,Amptek,AM-2506,False,False,False
BAT-2W-104960,Cellora,CE-2409,False,False,False
BAT-2W-104961,Kyron,KY-2407,True,False,True
BAT-3W-104962,Amptek,AM-2505,False,False,False
BAT-2W-104963,Cellora,CE-2306,False,True,False
BAT-2W-104964,Cellora,CE-2305,False,True,False
BAT-3W-104965,Amptek,AM-2504,False,False,False
BAT-2W-104966,Amptek,AM-2410,False,False,False
BAT-2W-104967,Cellora,CE-2405,False,True,False
BAT-2W-104968,Amptek,AM-2505,False,False,False
BAT-3W-104969,Cellora,CE-2310,False,False,False
BAT-2W-104970,Cellora,CE-2303,False,False,False
BAT-2W-104971,Amptek,AM-2505,False,True,False
BAT-3W-104972,Cellora,CE-2306,False,False,False
BAT-2W-104973,Cellora,CE-2401,False,False,False
BAT-2W-104974,Cellora,CE-2312,False,False,False
BAT-2W-104975,Kyron,KY-2407,False,False,False
BAT-2W-104976,Cellora,CE-2402,False,False,False
BAT-2W-104977,Cellora,CE-2502,False,False,False
BAT-2W-104978,Cellora,CE-2312,False,True,False
BAT-2W-104979,Cellora,CE-2412,False,False,False
BAT-2W-104980,Cellora,CE-2412,False,False,False
BAT-2W-104981,Cellora,CE-2404,False,False,False
BAT-3W-104982,Amptek,AM-2407,False,False,False
BAT-2W-104983,Cellora,CE-2404,False,False,False
BAT-2W-104984,Cellora,CE-2309,False,False,False
BAT-3W-104985,Kyron,KY-2416,False,False,False
BAT-2W-104986,Kyron,KY-2408,False,False,False
BAT-2W-104987,Cellora,CE-2403,False,False,False
BAT-2W-104988,Cellora,CE-2407,False,False,False
BAT-2W-104989,Cellora,CE-2410,False,False,False
BAT-2W-104990,Amptek,AM-2502,False,False,False
BAT-2W-104991,Cellora,CE-2304,False,False,False
BAT-2W-104992,Cellora,CE-2402,False,False,False
BAT-2W-104993,Cellora,CE-2409,False,False,False
BAT-2W-104994,Kyron,KY-2408,True,False,False
BAT-2W-104995,Cellora,CE-2407,False,False,False
BAT-2W-104996,Cellora,CE-2303,False,False,False
BAT-2W-104997,Cellora,CE-2305,False,False,False
BAT-2W-104998,Cellora,CE-2307,False,False,False
BAT-3W-104999,Cellora,CE-2303,False,False,False
BAT-2W-105000,Kyron,KY-2408,True,False,True
BAT-2W-105001,Cellora,CE-2308,False,False,False
BAT-2W-105002,Kyron,KY-2407,True,False,True
BAT-2W-105003,Cellora,CE-2505,False,False,False
BAT-2W-105004,Cellora,CE-2306,False,False,False
BAT-2W-105005,Cellora,CE-2403,False,False,False
BAT-3W-105006,Cellora,CE-2505,False,False,False
BAT-2W-105007,Cellora,CE-2309,False,False,False
BAT-2W-105008,Cellora,CE-2305,False,False,False
BAT-2W-105009,Cellora,CE-2308,False,False,False
BAT-2W-105010,Cellora,CE-2306,False,False,False
BAT-2W-105011,Amptek,AM-2506,False,False,False
BAT-2W-105012,Cellora,CE-2304,False,False,False
BAT-2W-105013,Amptek,AM-2501,False,False,False
BAT-2W-105014,Kyron,KY-2407,True,False,False
BAT-3W-105015,Kyron,KY-2413,False,False,False
BAT-2W-105016,Cellora,CE-2412,False,False,False
BAT-2W-105017,Cellora,CE-2504,False,False,False
BAT-3W-105018,Kyron,KY-2408,False,False,False
BAT-3W-105019,Cellora,CE-2410,False,False,False
BAT-2W-105020,Cellora,CE-2410,False,False,False
BAT-2W-105021,Cellora,CE-2303,False,False,False
BAT-2W-105022,Cellora,CE-2409,False,False,False
BAT-2W-105023,Amptek,AM-2403,False,False,False
BAT-2W-105024,Cellora,CE-2304,False,False,False
BAT-2W-105025,Cellora,CE-2411,False,False,False
BAT-2W-105026,Kyron,KY-2407,False,False,False
BAT-2W-105027,Amptek,AM-2404,False,False,False
BAT-3W-105028,Cellora,CE-2306,False,False,False
BAT-2W-105029,Cellora,CE-2312,False,False,False
BAT-2W-105030,Kyron,KY-2409,False,False,False
BAT-2W-105031,Cellora,CE-2410,False,False,False
BAT-2W-105032,Cellora,CE-2305,False,False,False
BAT-2W-105033,Kyron,KY-2409,False,False,True
BAT-2W-105034,Amptek,AM-2504,False,False,False
BAT-2W-105035,Amptek,AM-2407,False,True,False
BAT-2W-105036,Cellora,CE-2404,False,False,False
BAT-2W-105037,Cellora,CE-2409,False,False,False
BAT-2W-105038,Amptek,AM-2502,False,False,False
BAT-3W-105039,Amptek,AM-2410,False,False,False
BAT-2W-105040,Kyron,KY-2409,False,False,False
BAT-2W-105041,Cellora,CE-2411,False,False,False
BAT-2W-105042,Cellora,CE-2405,False,False,False
BAT-2W-105043,Amptek,AM-2501,False,False,False
BAT-2W-105044,Cellora,CE-2501,False,False,False
BAT-2W-105045,Amptek,AM-2503,False,False,False
BAT-3W-105046,Kyron,KY-2415,False,False,False
BAT-2W-105047,Cellora,CE-2307,False,False,False
BAT-2W-105048,Cellora,CE-2504,False,False,False
BAT-2W-105049,Amptek,AM-2505,False,True,False
BAT-2W-105050,Kyron,KY-2408,False,False,False
BAT-2W-105051,Amptek,AM-2501,False,False,False
BAT-2W-105052,Cellora,CE-2303,False,True,False
BAT-2W-105053,Cellora,CE-2402,False,False,False
BAT-2W-105054,Cellora,CE-2403,False,True,False
BAT-2W-105055,Cellora,CE-2404,False,False,False
BAT-2W-105056,Kyron,KY-2407,True,False,True
BAT-3W-105057,Cellora,CE-2410,False,False,False
BAT-2W-105058,Cellora,CE-2303,False,True,False
BAT-2W-105059,Kyron,KY-2408,False,False,True
BAT-2W-105060,Cellora,CE-2401,False,False,False
BAT-2W-105061,Cellora,CE-2412,False,False,False
BAT-2W-105062,Cellora,CE-2503,False,True,False
BAT-2W-105063,Amptek,AM-2410,False,False,False
BAT-3W-105064,Cellora,CE-2401,False,False,False
BAT-3W-105065,Amptek,AM-2502,False,False,False
BAT-3W-105066,Amptek,AM-2406,False,False,False
BAT-2W-105067,Cellora,CE-2409,False,False,False
BAT-2W-105068,Cellora,CE-2403,False,False,False
BAT-3W-105069,Cellora,CE-2411,False,False,False
BAT-2W-105070,Amptek,AM-2407,False,False,False
BAT-2W-105071,Cellora,CE-2412,False,False,False
BAT-2W-105072,Cellora,CE-2310,False,True,False
BAT-2W-105073,Cellora,CE-2502,False,False,False
BAT-2W-105074,Amptek,AM-2501,False,False,False
BAT-2W-105075,Cellora,CE-2311,False,True,False
BAT-2W-105076,Amptek,AM-2503,False,False,False
BAT-2W-105077,Cellora,CE-2304,False,False,False
BAT-2W-105078,Cellora,CE-2405,False,False,False
BAT-2W-105079,Cellora,CE-2505,False,False,False
BAT-3W-105080,Cellora,CE-2406,False,False,False
BAT-2W-105081,Kyron,KY-2407,True,False,False
BAT-2W-105082,Cellora,CE-2401,False,False,False
BAT-3W-105083,Cellora,CE-2505,False,False,False
BAT-2W-105084,Kyron,KY-2407,True,False,True
BAT-2W-105085,Amptek,AM-2410,False,False,False
BAT-2W-105086,Cellora,CE-2306,False,False,False
BAT-2W-105087,Kyron,KY-2408,True,False,True
BAT-2W-105088,Cellora,CE-2501,False,True,False
BAT-2W-105089,Kyron,KY-2407,True,False,False
BAT-2W-105090,Cellora,CE-2403,False,False,False
BAT-2W-105091,Cellora,CE-2312,False,False,False
BAT-2W-105092,Amptek,AM-2409,False,False,False
BAT-2W-105093,Kyron,KY-2407,True,False,True
BAT-2W-105094,Amptek,AM-2406,False,False,False
BAT-2W-105095,Kyron,KY-2409,True,False,True
BAT-2W-105096,Cellora,CE-2502,False,False,False
BAT-2W-105097,Cellora,CE-2308,False,False,False
BAT-2W-105098,Kyron,KY-2407,True,False,True
BAT-2W-105099,Amptek,AM-2411,False,False,False
BAT-3W-105100,Cellora,CE-2505,False,False,False
BAT-3W-105101,Kyron,KY-2411,False,False,False
BAT-2W-105102,Kyron,KY-2409,True,False,True
BAT-2W-105103,Amptek,AM-2408,False,False,False
BAT-2W-105104,Cellora,CE-2505,False,False,False
BAT-2W-105105,Amptek,AM-2412,False,False,False
BAT-2W-105106,Cellora,CE-2411,False,True,False
BAT-3W-105107,Cellora,CE-2402,False,False,False
BAT-2W-105108,Kyron,KY-2407,True,False,True
BAT-2W-105109,Kyron,KY-2409,False,False,False
BAT-2W-105110,Kyron,KY-2407,False,False,False
BAT-2W-105111,Cellora,CE-2504,False,True,False
BAT-2W-105112,Cellora,CE-2411,False,False,False
BAT-3W-105113,Kyron,KY-2408,False,False,False
BAT-2W-105114,Cellora,CE-2503,False,False,False
BAT-3W-105115,Cellora,CE-2311,False,False,False
BAT-2W-105116,Kyron,KY-2407,True,False,True
BAT-2W-105117,Kyron,KY-2408,True,False,True
BAT-2W-105118,Kyron,KY-2407,True,False,True
BAT-2W-105119,Kyron,KY-2407,True,False,True
BAT-3W-105120,Cellora,CE-2307,False,False,False
BAT-2W-105121,Cellora,CE-2309,False,False,False
BAT-2W-105122,Cellora,CE-2312,False,False,False
BAT-2W-105123,Cellora,CE-2306,False,False,False
BAT-2W-105124,Kyron,KY-2407,False,False,False
BAT-2W-105125,Cellora,CE-2406,False,False,False
BAT-3W-105126,Kyron,KY-2407,False,False,False
BAT-2W-105127,Cellora,CE-2412,False,False,False
BAT-2W-105128,Cellora,CE-2404,False,False,False
BAT-2W-105129,Cellora,CE-2502,False,False,False
BAT-3W-105130,Kyron,KY-2408,False,False,False
BAT-2W-105131,Kyron,KY-2408,True,False,True
BAT-2W-105132,Kyron,KY-2409,True,False,True
BAT-3W-105133,Amptek,AM-2503,False,False,False
BAT-2W-105134,Cellora,CE-2311,False,False,False
BAT-2W-105135,Cellora,CE-2501,False,True,False
BAT-3W-105136,Cellora,CE-2308,False,False,False
BAT-2W-105137,Cellora,CE-2403,False,False,False
BAT-2W-105138,Kyron,KY-2409,False,False,True
BAT-2W-105139,Amptek,AM-2405,False,False,False
BAT-2W-105140,Amptek,AM-2503,False,False,False
BAT-3W-105141,Amptek,AM-2501,False,False,False
BAT-2W-105142,Amptek,AM-2404,False,False,False
BAT-2W-105143,Amptek,AM-2411,False,True,False
BAT-3W-105144,Kyron,KY-2409,False,False,False
BAT-2W-105145,Cellora,CE-2305,False,False,False
BAT-2W-105146,Amptek,AM-2503,False,False,False
BAT-2W-105147,Kyron,KY-2407,False,False,False
BAT-2W-105148,Cellora,CE-2501,False,False,False
BAT-2W-105149,Cellora,CE-2306,False,False,False
BAT-2W-105150,Cellora,CE-2503,False,False,False
BAT-2W-105151,Amptek,AM-2409,False,False,False
BAT-2W-105152,Amptek,AM-2506,False,False,False
BAT-2W-105153,Cellora,CE-2505,False,False,False
BAT-2W-105154,Amptek,AM-2506,False,True,False
BAT-3W-105155,Cellora,CE-2311,False,False,False
BAT-3W-105156,Cellora,CE-2401,False,False,False
BAT-2W-105157,Kyron,KY-2409,False,False,False
BAT-2W-105158,Amptek,AM-2412,False,False,False
BAT-2W-105159,Kyron,KY-2409,False,False,False
BAT-2W-105160,Cellora,CE-2405,False,False,False
BAT-2W-105161,Cellora,CE-2503,False,False,False
BAT-2W-105162,Cellora,CE-2312,False,False,False
BAT-2W-105163,Kyron,KY-2408,True,False,True
BAT-2W-105164,Cellora,CE-2307,False,False,False
BAT-3W-105165,Amptek,AM-2407,False,False,False
BAT-2W-105166,Cellora,CE-2403,False,False,False
BAT-2W-105167,Kyron,KY-2408,True,False,True
BAT-2W-105168,Kyron,KY-2409,False,False,False
BAT-2W-105169,Kyron,KY-2409,True,False,True
BAT-2W-105170,Cellora,CE-2502,False,False,False
BAT-3W-105171,Cellora,CE-2409,False,False,False
BAT-3W-105172,Cellora,CE-2503,False,False,False
BAT-2W-105173,Cellora,CE-2505,False,False,False
BAT-2W-105174,Cellora,CE-2503,False,False,False
BAT-2W-105175,Cellora,CE-2412,False,False,False
BAT-2W-105176,Amptek,AM-2403,False,False,False
BAT-2W-105177,Kyron,KY-2409,False,False,False
BAT-2W-105178,Amptek,AM-2406,False,False,False
BAT-3W-105179,Amptek,AM-2505,False,False,False
BAT-2W-105180,Cellora,CE-2306,False,False,False
BAT-3W-105181,Amptek,AM-2405,False,False,False
BAT-3W-105182,Cellora,CE-2401,False,False,False
BAT-2W-105183,Cellora,CE-2404,False,False,False
BAT-2W-105184,Kyron,KY-2409,False,False,False
BAT-2W-105185,Amptek,AM-2408,False,False,False
BAT-2W-105186,Cellora,CE-2503,False,True,False
BAT-2W-105187,Cellora,CE-2409,False,True,False
BAT-3W-105188,Kyron,KY-2412,False,False,False
BAT-2W-105189,Cellora,CE-2303,False,False,False
BAT-2W-105190,Kyron,KY-2408,True,False,True
BAT-2W-105191,Cellora,CE-2401,False,True,False
BAT-2W-105192,Cellora,CE-2311,False,False,False
BAT-2W-105193,Cellora,CE-2307,False,False,False
BAT-2W-105194,Cellora,CE-2303,False,False,False
BAT-2W-105195,Cellora,CE-2410,False,False,False
BAT-2W-105196,Cellora,CE-2405,False,False,False
BAT-2W-105197,Cellora,CE-2401,False,False,False
BAT-2W-105198,Kyron,KY-2409,True,False,True
BAT-2W-105199,Cellora,CE-2504,False,False,False
BAT-2W-105200,Amptek,AM-2506,False,False,False
BAT-2W-105201,Cellora,CE-2404,False,False,False
BAT-2W-105202,Amptek,AM-2503,False,False,False
BAT-2W-105203,Cellora,CE-2408,False,False,False
BAT-2W-105204,Amptek,AM-2403,False,False,False
BAT-2W-105205,Cellora,CE-2503,False,False,False
BAT-2W-105206,Kyron,KY-2409,False,False,False
BAT-2W-105207,Cellora,CE-2305,False,False,False
BAT-2W-105208,Amptek,AM-2407,False,False,False
BAT-2W-105209,Amptek,AM-2412,False,False,False
BAT-2W-105210,Cellora,CE-2308,False,False,False
BAT-2W-105211,Amptek,AM-2504,False,False,False
BAT-3W-105212,Cellora,CE-2401,False,False,False
BAT-2W-105213,Cellora,CE-2411,False,False,False
BAT-2W-105214,Kyron,KY-2408,True,False,True
BAT-2W-105215,Cellora,CE-2309,False,False,False
BAT-2W-105216,Amptek,AM-2408,False,False,False
BAT-3W-105217,Cellora,CE-2410,False,False,False
BAT-2W-105218,Kyron,KY-2407,True,False,True
BAT-2W-105219,Cellora,CE-2309,False,False,False
BAT-2W-105220,Amptek,AM-2505,False,True,False
BAT-2W-105221,Cellora,CE-2304,False,False,False
BAT-2W-105222,Kyron,KY-2408,False,False,True
BAT-2W-105223,Cellora,CE-2309,False,False,False
BAT-2W-105224,Cellora,CE-2404,False,False,False
BAT-2W-105225,Amptek,AM-2501,False,False,False
BAT-2W-105226,Kyron,KY-2407,False,False,False
BAT-2W-105227,Amptek,AM-2404,False,False,False
BAT-3W-105228,Cellora,CE-2503,False,False,False
BAT-3W-105229,Kyron,KY-2418,False,False,False
BAT-2W-105230,Amptek,AM-2409,False,True,False
BAT-2W-105231,Amptek,AM-2407,False,False,False
BAT-2W-105232,Cellora,CE-2312,False,False,False
BAT-2W-105233,Cellora,CE-2408,False,True,False
BAT-2W-105234,Cellora,CE-2503,False,False,False
BAT-2W-105235,Amptek,AM-2405,False,False,False
BAT-2W-105236,Cellora,CE-2306,False,False,False
BAT-2W-105237,Amptek,AM-2503,False,False,False
BAT-2W-105238,Cellora,CE-2303,False,False,False
BAT-2W-105239,Kyron,KY-2409,True,False,True
BAT-2W-105240,Cellora,CE-2311,False,False,False
BAT-3W-105241,Cellora,CE-2303,False,False,False
BAT-2W-105242,Kyron,KY-2408,False,False,False
BAT-2W-105243,Cellora,CE-2408,False,False,False
BAT-3W-105244,Cellora,CE-2304,False,False,False
BAT-2W-105245,Amptek,AM-2501,False,True,False
BAT-2W-105246,Cellora,CE-2311,False,False,False
BAT-2W-105247,Amptek,AM-2501,False,True,False
BAT-3W-105248,Cellora,CE-2303,False,False,False
BAT-2W-105249,Cellora,CE-2405,False,False,False
BAT-2W-105250,Amptek,AM-2501,False,False,False
BAT-2W-105251,Cellora,CE-2309,False,False,False
BAT-2W-105252,Cellora,CE-2307,False,False,False
BAT-2W-105253,Cellora,CE-2410,False,True,False
BAT-2W-105254,Cellora,CE-2502,False,False,False
BAT-2W-105255,Amptek,AM-2412,False,False,False
BAT-2W-105256,Cellora,CE-2407,False,True,False
BAT-2W-105257,Amptek,AM-2503,False,False,False
BAT-2W-105258,Cellora,CE-2410,False,True,False
BAT-2W-105259,Cellora,CE-2303,False,False,False
BAT-3W-105260,Kyron,KY-2407,False,False,False
BAT-3W-105261,Cellora,CE-2402,False,False,False
BAT-2W-105262,Cellora,CE-2505,False,False,False
BAT-2W-105263,Kyron,KY-2409,False,False,False
BAT-2W-105264,Amptek,AM-2407,False,False,False
BAT-2W-105265,Cellora,CE-2310,False,False,False
BAT-2W-105266,Kyron,KY-2407,False,False,False
BAT-2W-105267,Cellora,CE-2306,False,False,False
BAT-2W-105268,Cellora,CE-2405,False,False,False
BAT-2W-105269,Kyron,KY-2408,True,False,True
BAT-3W-105270,Kyron,KY-2410,False,False,False
BAT-2W-105271,Cellora,CE-2307,False,False,False
BAT-2W-105272,Cellora,CE-2411,False,True,False
BAT-2W-105273,Kyron,KY-2409,True,False,True
BAT-2W-105274,Cellora,CE-2501,False,False,False
BAT-3W-105275,Cellora,CE-2304,False,False,False
BAT-2W-105276,Cellora,CE-2406,False,False,False
BAT-2W-105277,Amptek,AM-2406,False,False,False
BAT-2W-105278,Cellora,CE-2504,False,False,False
BAT-2W-105279,Cellora,CE-2410,False,False,False
BAT-2W-105280,Cellora,CE-2405,False,False,False
BAT-3W-105281,Cellora,CE-2505,False,False,False
BAT-3W-105282,Cellora,CE-2412,False,False,False
BAT-2W-105283,Cellora,CE-2310,False,False,False
BAT-2W-105284,Amptek,AM-2408,False,False,False
BAT-2W-105285,Kyron,KY-2407,True,False,True
BAT-2W-105286,Kyron,KY-2407,True,False,False
BAT-3W-105287,Cellora,CE-2308,False,False,False
BAT-2W-105288,Cellora,CE-2504,False,False,False
BAT-3W-105289,Amptek,AM-2503,False,False,False
BAT-2W-105290,Cellora,CE-2407,False,False,False
BAT-2W-105291,Kyron,KY-2407,False,False,False
BAT-2W-105292,Cellora,CE-2502,False,False,False
BAT-2W-105293,Amptek,AM-2501,False,False,False
BAT-2W-105294,Kyron,KY-2407,True,False,False
BAT-2W-105295,Amptek,AM-2411,False,False,False
BAT-2W-105296,Amptek,AM-2501,False,True,False
BAT-2W-105297,Kyron,KY-2407,False,False,False
BAT-2W-105298,Cellora,CE-2412,False,False,False
BAT-2W-105299,Kyron,KY-2407,True,False,True
BAT-2W-105300,Cellora,CE-2306,False,False,False
BAT-2W-105301,Kyron,KY-2408,False,False,False
BAT-2W-105302,Cellora,CE-2505,False,False,False
BAT-2W-105303,Cellora,CE-2502,False,False,False
BAT-2W-105304,Cellora,CE-2408,False,False,False
BAT-2W-105305,Kyron,KY-2408,False,False,False
BAT-3W-105306,Kyron,KY-2412,False,False,False
BAT-2W-105307,Amptek,AM-2501,False,False,False
BAT-2W-105308,Amptek,AM-2408,False,False,False
BAT-2W-105309,Cellora,CE-2411,False,False,False
BAT-2W-105310,Cellora,CE-2303,False,False,False
BAT-2W-105311,Cellora,CE-2310,False,False,False
BAT-2W-105312,Kyron,KY-2408,True,False,True
BAT-2W-105313,Amptek,AM-2505,False,False,False
BAT-2W-105314,Cellora,CE-2412,False,False,False
BAT-2W-105315,Amptek,AM-2505,False,False,False
BAT-2W-105316,Cellora,CE-2504,False,True,False
BAT-2W-105317,Cellora,CE-2303,False,True,False
BAT-2W-105318,Amptek,AM-2504,False,False,False
BAT-2W-105319,Kyron,KY-2408,True,False,True
BAT-2W-105320,Amptek,AM-2503,False,False,False
BAT-2W-105321,Kyron,KY-2407,True,False,True
BAT-3W-105322,Amptek,AM-2506,False,False,False
BAT-3W-105323,Cellora,CE-2408,False,False,False
BAT-3W-105324,Cellora,CE-2304,False,False,False
BAT-2W-105325,Kyron,KY-2409,True,False,True
BAT-3W-105326,Kyron,KY-2413,False,False,False
BAT-2W-105327,Cellora,CE-2312,False,False,False
BAT-2W-105328,Cellora,CE-2410,False,False,False
BAT-2W-105329,Amptek,AM-2412,False,True,False
BAT-2W-105330,Amptek,AM-2407,False,False,False
BAT-2W-105331,Amptek,AM-2407,False,False,False
BAT-2W-105332,Cellora,CE-2504,False,False,False
BAT-2W-105333,Kyron,KY-2408,True,False,True
BAT-2W-105334,Cellora,CE-2409,False,False,False
BAT-2W-105335,Cellora,CE-2410,False,False,False
BAT-3W-105336,Amptek,AM-2410,False,False,False
BAT-2W-105337,Kyron,KY-2409,True,False,False
BAT-2W-105338,Cellora,CE-2503,False,False,False
BAT-2W-105339,Amptek,AM-2404,False,False,False
BAT-3W-105340,Amptek,AM-2412,False,False,False
BAT-2W-105341,Kyron,KY-2408,False,False,False
BAT-3W-105342,Kyron,KY-2409,False,False,False
BAT-2W-105343,Kyron,KY-2409,False,False,True
BAT-2W-105344,Cellora,CE-2402,False,True,False
BAT-2W-105345,Kyron,KY-2409,True,False,False
BAT-2W-105346,Kyron,KY-2408,True,False,True
BAT-2W-105347,Cellora,CE-2402,False,False,False
BAT-2W-105348,Cellora,CE-2405,False,False,False
BAT-2W-105349,Kyron,KY-2407,True,False,True
BAT-2W-105350,Cellora,CE-2401,False,False,False
BAT-2W-105351,Cellora,CE-2311,False,False,False
BAT-2W-105352,Cellora,CE-2502,False,False,False
BAT-2W-105353,Cellora,CE-2304,False,False,False
BAT-2W-105354,Cellora,CE-2505,False,True,False
BAT-2W-105355,Cellora,CE-2503,False,False,False
BAT-2W-105356,Cellora,CE-2406,False,False,False
BAT-2W-105357,Amptek,AM-2412,False,False,False
BAT-2W-105358,Cellora,CE-2502,False,False,False
BAT-2W-105359,Cellora,CE-2409,False,False,False
BAT-3W-105360,Cellora,CE-2305,False,False,False
BAT-2W-105361,Cellora,CE-2311,False,False,False
BAT-2W-105362,Amptek,AM-2409,False,False,False
BAT-2W-105363,Cellora,CE-2406,False,False,False
BAT-2W-105364,Kyron,KY-2407,False,False,False
BAT-2W-105365,Cellora,CE-2504,False,True,False
BAT-3W-105366,Amptek,AM-2506,False,False,False
BAT-2W-105367,Cellora,CE-2401,False,True,False
BAT-2W-105368,Amptek,AM-2410,False,False,False
BAT-2W-105369,Kyron,KY-2408,False,False,False
BAT-2W-105370,Kyron,KY-2409,False,False,False
BAT-2W-105371,Amptek,AM-2405,False,True,False
BAT-2W-105372,Amptek,AM-2504,False,False,False
BAT-2W-105373,Cellora,CE-2308,False,False,False
BAT-2W-105374,Kyron,KY-2409,True,False,True
BAT-2W-105375,Cellora,CE-2402,False,False,False
BAT-2W-105376,Cellora,CE-2303,False,False,False
BAT-2W-105377,Cellora,CE-2410,False,False,False
BAT-2W-105378,Cellora,CE-2401,False,False,False
BAT-2W-105379,Cellora,CE-2404,False,False,False
BAT-2W-105380,Kyron,KY-2409,False,False,False
BAT-2W-105381,Cellora,CE-2309,False,False,False
BAT-2W-105382,Kyron,KY-2409,True,False,False
BAT-2W-105383,Cellora,CE-2409,False,False,False
BAT-2W-105384,Cellora,CE-2409,False,True,False
BAT-2W-105385,Kyron,KY-2408,True,False,True
BAT-2W-105386,Kyron,KY-2407,False,False,False
BAT-3W-105387,Cellora,CE-2407,False,False,False
BAT-2W-105388,Amptek,AM-2505,False,False,False
BAT-3W-105389,Cellora,CE-2401,False,False,False
BAT-2W-105390,Amptek,AM-2409,False,False,False
BAT-2W-105391,Cellora,CE-2305,False,False,False
BAT-2W-105392,Amptek,AM-2501,False,False,False
BAT-2W-105393,Cellora,CE-2305,False,False,False
BAT-2W-105394,Kyron,KY-2407,True,False,True
BAT-2W-105395,Cellora,CE-2501,False,False,False
BAT-2W-105396,Amptek,AM-2502,False,False,False
BAT-2W-105397,Cellora,CE-2310,False,False,False
BAT-2W-105398,Cellora,CE-2404,False,False,False
BAT-2W-105399,Kyron,KY-2408,True,False,True
BAT-3W-105400,Kyron,KY-2408,False,False,False
BAT-2W-105401,Cellora,CE-2312,False,False,False
BAT-2W-105402,Cellora,CE-2406,False,False,False
BAT-2W-105403,Cellora,CE-2312,False,False,False
BAT-2W-105404,Cellora,CE-2502,False,False,False
BAT-2W-105405,Cellora,CE-2408,False,False,False
BAT-2W-105406,Kyron,KY-2409,False,False,False
BAT-2W-105407,Amptek,AM-2410,False,False,False
BAT-2W-105408,Kyron,KY-2409,True,False,True
BAT-2W-105409,Kyron,KY-2407,True,False,True
BAT-2W-105410,Cellora,CE-2311,False,False,False
BAT-3W-105411,Amptek,AM-2406,False,False,False
BAT-2W-105412,Cellora,CE-2306,False,False,False
BAT-2W-105413,Cellora,CE-2502,False,False,False
BAT-3W-105414,Amptek,AM-2502,False,False,False
BAT-2W-105415,Cellora,CE-2407,False,False,False
BAT-2W-105416,Amptek,AM-2503,False,False,False
BAT-2W-105417,Cellora,CE-2405,False,False,False
BAT-2W-105418,Cellora,CE-2504,False,False,False
BAT-2W-105419,Cellora,CE-2501,False,False,False
BAT-2W-105420,Cellora,CE-2406,False,True,False
BAT-2W-105421,Cellora,CE-2404,False,False,False
BAT-2W-105422,Cellora,CE-2412,False,False,False
BAT-2W-105423,Kyron,KY-2408,False,False,False
BAT-2W-105424,Amptek,AM-2406,False,False,False
BAT-3W-105425,Cellora,CE-2305,False,False,False
BAT-2W-105426,Cellora,CE-2501,False,False,False
BAT-2W-105427,Cellora,CE-2501,False,False,False
BAT-2W-105428,Cellora,CE-2406,False,False,False
BAT-2W-105429,Cellora,CE-2304,False,False,False
BAT-2W-105430,Kyron,KY-2408,False,False,False
BAT-2W-105431,Amptek,AM-2405,False,True,False
BAT-2W-105432,Kyron,KY-2408,False,False,False
BAT-2W-105433,Amptek,AM-2406,False,False,False
BAT-2W-105434,Cellora,CE-2412,False,False,False
BAT-2W-105435,Cellora,CE-2405,False,False,False
BAT-3W-105436,Cellora,CE-2308,False,False,False
BAT-2W-105437,Cellora,CE-2305,False,False,False
BAT-2W-105438,Amptek,AM-2406,False,False,False
BAT-2W-105439,Kyron,KY-2409,True,False,False
BAT-2W-105440,Cellora,CE-2503,False,False,False
BAT-2W-105441,Kyron,KY-2408,True,False,True
BAT-2W-105442,Kyron,KY-2408,True,False,False
BAT-2W-105443,Cellora,CE-2312,False,False,False
BAT-2W-105444,Cellora,CE-2305,False,False,False
BAT-2W-105445,Cellora,CE-2304,False,False,False
BAT-2W-105446,Kyron,KY-2409,False,False,False
BAT-2W-105447,Amptek,AM-2412,False,False,False
BAT-2W-105448,Kyron,KY-2409,True,False,True
BAT-2W-105449,Cellora,CE-2306,False,False,False
BAT-3W-105450,Cellora,CE-2411,False,False,False
BAT-2W-105451,Kyron,KY-2407,True,False,True
BAT-2W-105452,Cellora,CE-2503,False,False,False
BAT-2W-105453,Cellora,CE-2408,False,False,False
BAT-2W-105454,Cellora,CE-2409,False,False,False
BAT-2W-105455,Cellora,CE-2305,False,False,False
BAT-2W-105456,Amptek,AM-2504,False,False,False
BAT-2W-105457,Cellora,CE-2308,False,False,False
BAT-2W-105458,Cellora,CE-2410,False,False,False
BAT-2W-105459,Amptek,AM-2404,False,False,False
BAT-2W-105460,Cellora,CE-2311,False,True,False
BAT-2W-105461,Kyron,KY-2409,False,False,False
BAT-2W-105462,Amptek,AM-2406,False,False,False
BAT-2W-105463,Cellora,CE-2309,False,False,False
BAT-3W-105464,Kyron,KY-2412,False,False,False
BAT-2W-105465,Cellora,CE-2410,False,False,False
BAT-2W-105466,Cellora,CE-2307,False,False,False
BAT-2W-105467,Cellora,CE-2311,False,True,False
BAT-2W-105468,Cellora,CE-2310,False,False,False
BAT-2W-105469,Kyron,KY-2408,False,False,False
BAT-2W-105470,Amptek,AM-2506,False,False,False
BAT-2W-105471,Cellora,CE-2410,False,False,False
BAT-2W-105472,Amptek,AM-2506,False,False,False
BAT-2W-105473,Cellora,CE-2308,False,False,False
BAT-2W-105474,Cellora,CE-2504,False,False,False
BAT-3W-105475,Cellora,CE-2312,False,False,False
BAT-2W-105476,Cellora,CE-2310,False,False,False
BAT-2W-105477,Amptek,AM-2407,False,False,False
BAT-2W-105478,Cellora,CE-2503,False,False,False
BAT-2W-105479,Cellora,CE-2305,False,False,False
BAT-2W-105480,Cellora,CE-2311,False,False,False
BAT-2W-105481,Cellora,CE-2501,False,False,False
BAT-2W-105482,Cellora,CE-2311,False,True,False
BAT-2W-105483,Cellora,CE-2310,False,False,False
BAT-2W-105484,Kyron,KY-2408,True,False,True
BAT-2W-105485,Cellora,CE-2407,False,False,False
BAT-2W-105486,Amptek,AM-2404,False,True,False
BAT-2W-105487,Kyron,KY-2409,False,False,False
BAT-2W-105488,Amptek,AM-2405,False,False,False
BAT-3W-105489,Amptek,AM-2410,False,False,False
BAT-2W-105490,Kyron,KY-2409,True,False,True
BAT-3W-105491,Cellora,CE-2309,False,False,False
BAT-2W-105492,Cellora,CE-2412,False,True,False
BAT-2W-105493,Kyron,KY-2407,False,False,False
BAT-3W-105494,Kyron,KY-2410,False,False,False
BAT-2W-105495,Cellora,CE-2408,False,False,False
BAT-3W-105496,Amptek,AM-2407,False,False,False
BAT-2W-105497,Kyron,KY-2407,True,False,True
BAT-2W-105498,Cellora,CE-2404,False,False,False
BAT-2W-105499,Amptek,AM-2505,False,False,False
BAT-2W-105500,Kyron,KY-2408,False,False,True
BAT-2W-105501,Cellora,CE-2412,False,False,False
BAT-2W-105502,Kyron,KY-2409,False,False,False
BAT-2W-105503,Cellora,CE-2408,False,False,False
BAT-2W-105504,Amptek,AM-2407,False,False,False
BAT-2W-105505,Amptek,AM-2403,False,False,False
BAT-2W-105506,Cellora,CE-2309,False,False,False
BAT-2W-105507,Cellora,CE-2305,False,False,False
BAT-2W-105508,Cellora,CE-2410,False,True,False
BAT-3W-105509,Amptek,AM-2409,False,False,False
BAT-2W-105510,Cellora,CE-2402,False,False,False
BAT-2W-105511,Cellora,CE-2404,False,True,False
BAT-3W-105512,Cellora,CE-2502,False,False,False
BAT-2W-105513,Cellora,CE-2502,False,False,False
BAT-2W-105514,Cellora,CE-2305,False,True,False
BAT-2W-105515,Cellora,CE-2505,False,False,False
BAT-2W-105516,Cellora,CE-2407,False,False,False
BAT-3W-105517,Cellora,CE-2306,False,False,False
BAT-2W-105518,Kyron,KY-2409,False,False,False
BAT-2W-105519,Amptek,AM-2406,False,True,False
BAT-2W-105520,Kyron,KY-2407,False,False,False
BAT-2W-105521,Cellora,CE-2406,False,False,False
BAT-2W-105522,Kyron,KY-2407,True,False,True
BAT-2W-105523,Cellora,CE-2312,False,True,False
BAT-2W-105524,Kyron,KY-2409,False,False,False
BAT-2W-105525,Cellora,CE-2406,False,True,False
BAT-3W-105526,Cellora,CE-2306,False,False,False
BAT-2W-105527,Amptek,AM-2412,False,True,False
BAT-2W-105528,Kyron,KY-2409,True,False,True
BAT-2W-105529,Cellora,CE-2409,False,False,False
BAT-2W-105530,Cellora,CE-2503,False,False,False
BAT-3W-105531,Cellora,CE-2409,False,False,False
BAT-2W-105532,Kyron,KY-2408,False,False,False
BAT-2W-105533,Cellora,CE-2411,False,False,False
BAT-2W-105534,Kyron,KY-2408,True,False,True
BAT-2W-105535,Cellora,CE-2311,False,False,False
BAT-2W-105536,Cellora,CE-2307,False,False,False
BAT-2W-105537,Amptek,AM-2505,False,False,False
BAT-2W-105538,Kyron,KY-2409,True,False,False
BAT-3W-105539,Kyron,KY-2408,False,False,False
BAT-3W-105540,Cellora,CE-2401,False,False,False
BAT-2W-105541,Amptek,AM-2503,False,False,False
BAT-2W-105542,Kyron,KY-2407,False,False,False
BAT-2W-105543,Cellora,CE-2309,False,True,False
BAT-2W-105544,Cellora,CE-2411,False,False,False
BAT-2W-105545,Kyron,KY-2407,False,False,False
BAT-2W-105546,Amptek,AM-2501,False,False,False
BAT-2W-105547,Amptek,AM-2405,False,True,False
BAT-2W-105548,Cellora,CE-2309,False,True,False
BAT-2W-105549,Kyron,KY-2407,True,False,True
BAT-2W-105550,Kyron,KY-2409,False,False,False
BAT-2W-105551,Cellora,CE-2306,False,False,False
BAT-3W-105552,Cellora,CE-2308,False,False,False
BAT-2W-105553,Cellora,CE-2405,False,False,False
BAT-3W-105554,Amptek,AM-2505,False,False,False
BAT-2W-105555,Kyron,KY-2408,True,False,False
BAT-2W-105556,Cellora,CE-2307,False,False,False
BAT-2W-105557,Amptek,AM-2408,False,False,False
BAT-2W-105558,Cellora,CE-2403,False,False,False
BAT-2W-105559,Kyron,KY-2407,True,False,False
BAT-2W-105560,Cellora,CE-2305,False,True,False
BAT-2W-105561,Cellora,CE-2409,False,False,False
BAT-2W-105562,Cellora,CE-2307,False,True,False
BAT-2W-105563,Amptek,AM-2404,False,True,False
BAT-3W-105564,Amptek,AM-2503,False,False,False
BAT-2W-105565,Kyron,KY-2409,True,False,True
BAT-2W-105566,Amptek,AM-2407,False,False,False
BAT-2W-105567,Cellora,CE-2408,False,False,False
BAT-2W-105568,Cellora,CE-2403,False,False,False
BAT-3W-105569,Cellora,CE-2308,False,False,False
BAT-2W-105570,Cellora,CE-2403,False,False,False
BAT-2W-105571,Cellora,CE-2406,False,False,False
BAT-2W-105572,Cellora,CE-2307,False,True,False
BAT-3W-105573,Cellora,CE-2502,False,False,False
BAT-2W-105574,Kyron,KY-2409,False,False,False
BAT-3W-105575,Amptek,AM-2412,False,False,False
BAT-2W-105576,Kyron,KY-2409,False,False,False
BAT-2W-105577,Kyron,KY-2408,True,False,False
BAT-2W-105578,Amptek,AM-2502,False,False,False
BAT-2W-105579,Cellora,CE-2401,False,True,False
BAT-3W-105580,Cellora,CE-2405,False,False,False
BAT-2W-105581,Amptek,AM-2412,False,False,False
BAT-3W-105582,Cellora,CE-2503,False,False,False
BAT-2W-105583,Cellora,CE-2308,False,False,False
BAT-3W-105584,Amptek,AM-2405,False,False,False
BAT-2W-105585,Cellora,CE-2410,False,False,False
BAT-2W-105586,Kyron,KY-2408,True,False,True
BAT-2W-105587,Cellora,CE-2401,False,False,False
BAT-2W-105588,Cellora,CE-2501,False,True,False
BAT-3W-105589,Kyron,KY-2409,False,False,False
BAT-2W-105590,Cellora,CE-2411,False,False,False
BAT-2W-105591,Cellora,CE-2307,False,False,False
BAT-3W-105592,Amptek,AM-2406,False,False,False
BAT-2W-105593,Cellora,CE-2305,False,False,False
BAT-2W-105594,Cellora,CE-2403,False,True,False
BAT-2W-105595,Cellora,CE-2309,False,False,False
BAT-3W-105596,Kyron,KY-2410,False,False,False
BAT-2W-105597,Cellora,CE-2308,False,True,False
BAT-3W-105598,Cellora,CE-2412,False,False,False
BAT-2W-105599,Kyron,KY-2409,False,False,False
BAT-2W-105600,Amptek,AM-2506,False,False,False
BAT-3W-105601,Amptek,AM-2407,False,False,False
BAT-2W-105602,Cellora,CE-2309,False,True,False
BAT-2W-105603,Amptek,AM-2407,False,False,False
BAT-2W-105604,Amptek,AM-2410,False,False,False
BAT-3W-105605,Amptek,AM-2506,False,False,False
BAT-2W-105606,Kyron,KY-2407,True,False,True
BAT-2W-105607,Amptek,AM-2410,False,False,False
BAT-2W-105608,Kyron,KY-2409,True,False,True
BAT-3W-105609,Cellora,CE-2409,False,False,False
BAT-3W-105610,Cellora,CE-2407,False,False,False
BAT-2W-105611,Cellora,CE-2309,False,True,False
BAT-2W-105612,Amptek,AM-2408,False,False,False
BAT-3W-105613,Amptek,AM-2407,False,False,False
BAT-2W-105614,Cellora,CE-2503,False,True,False
BAT-2W-105615,Cellora,CE-2305,False,False,False
BAT-2W-105616,Cellora,CE-2403,False,True,False
BAT-2W-105617,Kyron,KY-2407,True,False,False
BAT-2W-105618,Cellora,CE-2409,False,False,False
BAT-2W-105619,Cellora,CE-2303,False,False,False
BAT-2W-105620,Kyron,KY-2408,True,False,True
BAT-2W-105621,Kyron,KY-2407,False,False,False
BAT-2W-105622,Amptek,AM-2504,False,False,False
BAT-2W-105623,Amptek,AM-2409,False,False,False
BAT-2W-105624,Cellora,CE-2503,False,False,False
BAT-3W-105625,Cellora,CE-2307,False,False,False
BAT-2W-105626,Kyron,KY-2409,True,False,False
BAT-2W-105627,Kyron,KY-2408,False,False,False
BAT-2W-105628,Cellora,CE-2310,False,False,False
BAT-2W-105629,Kyron,KY-2409,False,False,False
BAT-3W-105630,Cellora,CE-2310,False,False,False
BAT-2W-105631,Kyron,KY-2407,False,False,False
BAT-2W-105632,Kyron,KY-2408,True,False,True
BAT-3W-105633,Cellora,CE-2412,False,False,False
BAT-2W-105634,Cellora,CE-2304,False,False,False
BAT-2W-105635,Cellora,CE-2404,False,False,False
BAT-3W-105636,Kyron,KY-2411,False,False,False
BAT-2W-105637,Kyron,KY-2408,False,False,False
BAT-3W-105638,Amptek,AM-2406,False,False,False
BAT-2W-105639,Cellora,CE-2409,False,False,False
BAT-2W-105640,Cellora,CE-2408,False,False,False
BAT-2W-105641,Cellora,CE-2502,False,False,False
BAT-2W-105642,Cellora,CE-2505,False,False,False
BAT-2W-105643,Cellora,CE-2305,False,True,False
BAT-2W-105644,Cellora,CE-2311,False,False,False
BAT-2W-105645,Amptek,AM-2408,False,False,False
BAT-2W-105646,Amptek,AM-2502,False,False,False
BAT-2W-105647,Cellora,CE-2504,False,False,False
BAT-2W-105648,Kyron,KY-2409,False,False,False
BAT-2W-105649,Kyron,KY-2407,True,False,True
BAT-2W-105650,Cellora,CE-2406,False,False,False
BAT-2W-105651,Cellora,CE-2407,False,False,False
BAT-2W-105652,Kyron,KY-2407,True,False,True
BAT-3W-105653,Kyron,KY-2411,False,False,False
BAT-2W-105654,Cellora,CE-2311,False,False,False
BAT-2W-105655,Cellora,CE-2504,False,False,False
BAT-2W-105656,Cellora,CE-2408,False,False,False
BAT-2W-105657,Cellora,CE-2409,False,False,False
BAT-2W-105658,Cellora,CE-2411,False,False,False
BAT-2W-105659,Cellora,CE-2303,False,False,False
BAT-2W-105660,Cellora,CE-2503,False,True,False
BAT-2W-105661,Kyron,KY-2408,True,False,True
BAT-2W-105662,Kyron,KY-2408,True,False,True
BAT-2W-105663,Kyron,KY-2408,False,False,True
BAT-2W-105664,Kyron,KY-2409,True,False,True
BAT-3W-105665,Cellora,CE-2408,False,False,False
BAT-2W-105666,Amptek,AM-2501,False,True,False
BAT-2W-105667,Cellora,CE-2308,False,True,False
BAT-2W-105668,Cellora,CE-2501,False,True,False
BAT-2W-105669,Amptek,AM-2409,False,False,False
BAT-2W-105670,Amptek,AM-2410,False,False,False
BAT-2W-105671,Amptek,AM-2406,False,True,False
BAT-2W-105672,Cellora,CE-2504,False,False,False
BAT-2W-105673,Kyron,KY-2409,True,False,True
BAT-2W-105674,Cellora,CE-2303,False,False,False
BAT-2W-105675,Cellora,CE-2312,False,False,False
BAT-2W-105676,Cellora,CE-2505,False,False,False
BAT-2W-105677,Kyron,KY-2409,True,False,True
BAT-2W-105678,Kyron,KY-2408,False,False,False
BAT-2W-105679,Cellora,CE-2303,False,False,False
BAT-2W-105680,Cellora,CE-2501,False,False,False
BAT-2W-105681,Cellora,CE-2307,False,False,False
BAT-2W-105682,Cellora,CE-2409,False,False,False
BAT-2W-105683,Kyron,KY-2407,False,False,False
BAT-2W-105684,Cellora,CE-2401,False,False,False
BAT-3W-105685,Amptek,AM-2503,False,False,False
BAT-3W-105686,Cellora,CE-2404,False,False,False
BAT-2W-105687,Amptek,AM-2501,False,True,False
BAT-2W-105688,Cellora,CE-2305,False,False,False
BAT-3W-105689,Kyron,KY-2417,False,False,False
BAT-2W-105690,Kyron,KY-2408,True,False,True
BAT-2W-105691,Cellora,CE-2312,False,False,False
BAT-2W-105692,Cellora,CE-2307,False,False,False
BAT-3W-105693,Cellora,CE-2405,False,False,False
BAT-2W-105694,Amptek,AM-2411,False,False,False
BAT-2W-105695,Cellora,CE-2404,False,False,False
BAT-2W-105696,Cellora,CE-2307,False,False,False
BAT-2W-105697,Cellora,CE-2503,False,False,False
BAT-2W-105698,Cellora,CE-2503,False,False,False
BAT-2W-105699,Cellora,CE-2407,False,False,False
BAT-2W-105700,Kyron,KY-2408,True,False,False
BAT-2W-105701,Kyron,KY-2407,False,False,False
BAT-2W-105702,Cellora,CE-2312,False,False,False
BAT-2W-105703,Kyron,KY-2408,False,False,False
BAT-2W-105704,Cellora,CE-2409,False,True,False
BAT-3W-105705,Cellora,CE-2401,False,False,False
BAT-2W-105706,Kyron,KY-2407,False,False,False
BAT-2W-105707,Cellora,CE-2303,False,False,False
BAT-3W-105708,Cellora,CE-2408,False,False,False
BAT-2W-105709,Cellora,CE-2411,False,False,False
BAT-2W-105710,Amptek,AM-2410,False,False,False
BAT-2W-105711,Amptek,AM-2412,False,False,False
BAT-2W-105712,Amptek,AM-2407,False,False,False
BAT-2W-105713,Kyron,KY-2408,False,False,False
BAT-2W-105714,Kyron,KY-2408,True,False,True
BAT-2W-105715,Amptek,AM-2506,False,False,False
BAT-2W-105716,Cellora,CE-2407,False,False,False
BAT-2W-105717,Cellora,CE-2309,False,False,False
BAT-2W-105718,Cellora,CE-2404,False,False,False
BAT-2W-105719,Amptek,AM-2407,False,False,False
BAT-2W-105720,Amptek,AM-2412,False,False,False
BAT-2W-105721,Cellora,CE-2411,False,False,False
BAT-2W-105722,Kyron,KY-2408,False,False,False
BAT-2W-105723,Kyron,KY-2407,False,False,False
BAT-3W-105724,Cellora,CE-2501,False,False,False
BAT-3W-105725,Kyron,KY-2407,False,False,False
BAT-2W-105726,Kyron,KY-2408,True,False,True
BAT-2W-105727,Kyron,KY-2409,False,False,True
BAT-2W-105728,Amptek,AM-2406,False,False,False
BAT-2W-105729,Cellora,CE-2412,False,False,False
BAT-2W-105730,Kyron,KY-2407,False,False,False
BAT-2W-105731,Cellora,CE-2404,False,False,False
BAT-2W-105732,Cellora,CE-2401,False,False,False
BAT-2W-105733,Cellora,CE-2404,False,True,False
BAT-2W-105734,Amptek,AM-2501,False,False,False
BAT-2W-105735,Cellora,CE-2409,False,False,False
BAT-2W-105736,Cellora,CE-2412,False,False,False
BAT-2W-105737,Cellora,CE-2309,False,True,False
BAT-3W-105738,Cellora,CE-2310,False,False,False
BAT-2W-105739,Cellora,CE-2401,False,False,False
BAT-3W-105740,Kyron,KY-2411,False,False,False
BAT-3W-105741,Kyron,KY-2409,False,False,False
BAT-2W-105742,Amptek,AM-2505,False,False,False
BAT-2W-105743,Cellora,CE-2404,False,False,False
BAT-2W-105744,Amptek,AM-2506,False,False,False
BAT-2W-105745,Cellora,CE-2303,False,True,False
BAT-3W-105746,Cellora,CE-2503,False,False,False
BAT-2W-105747,Amptek,AM-2506,False,True,False
BAT-2W-105748,Amptek,AM-2404,False,False,False
BAT-2W-105749,Cellora,CE-2503,False,False,False
BAT-3W-105750,Cellora,CE-2501,False,False,False
BAT-2W-105751,Cellora,CE-2505,False,True,False
BAT-2W-105752,Cellora,CE-2404,False,False,False
BAT-3W-105753,Cellora,CE-2401,False,False,False
BAT-2W-105754,Cellora,CE-2307,False,False,False
BAT-2W-105755,Cellora,CE-2411,False,False,False
BAT-2W-105756,Kyron,KY-2408,False,False,False
BAT-2W-105757,Kyron,KY-2407,True,False,False
BAT-2W-105758,Amptek,AM-2403,False,False,False
BAT-2W-105759,Amptek,AM-2409,False,False,False
BAT-2W-105760,Kyron,KY-2407,False,False,False
BAT-2W-105761,Cellora,CE-2308,False,False,False
BAT-2W-105762,Cellora,CE-2304,False,False,False
BAT-3W-105763,Cellora,CE-2505,False,False,False
BAT-2W-105764,Kyron,KY-2407,False,False,True
BAT-2W-105765,Amptek,AM-2504,False,False,False
BAT-2W-105766,Cellora,CE-2402,False,False,False
BAT-2W-105767,Kyron,KY-2407,True,False,True
BAT-2W-105768,Cellora,CE-2304,False,False,False
BAT-2W-105769,Kyron,KY-2407,False,False,False
BAT-2W-105770,Kyron,KY-2407,False,False,True
BAT-2W-105771,Cellora,CE-2411,False,False,False
BAT-2W-105772,Cellora,CE-2502,False,False,False
BAT-2W-105773,Cellora,CE-2404,False,False,False
BAT-3W-105774,Cellora,CE-2505,False,False,False
BAT-2W-105775,Cellora,CE-2501,False,False,False
BAT-2W-105776,Cellora,CE-2303,False,False,False
BAT-3W-105777,Cellora,CE-2403,False,False,False
BAT-2W-105778,Amptek,AM-2406,False,True,False
BAT-2W-105779,Cellora,CE-2503,False,False,False
BAT-2W-105780,Cellora,CE-2303,False,False,False
BAT-2W-105781,Cellora,CE-2504,False,False,False
BAT-2W-105782,Cellora,CE-2308,False,False,False
BAT-2W-105783,Kyron,KY-2409,True,False,False
BAT-2W-105784,Amptek,AM-2408,False,False,False
BAT-2W-105785,Kyron,KY-2408,True,False,True
BAT-2W-105786,Kyron,KY-2409,True,False,True
BAT-2W-105787,Cellora,CE-2408,False,False,False
BAT-3W-105788,Cellora,CE-2409,False,False,False
BAT-2W-105789,Kyron,KY-2408,False,False,False
BAT-2W-105790,Cellora,CE-2306,False,False,False
BAT-2W-105791,Amptek,AM-2408,False,False,False
BAT-2W-105792,Cellora,CE-2309,False,False,False
BAT-2W-105793,Amptek,AM-2405,False,False,False
BAT-2W-105794,Cellora,CE-2411,False,False,False
BAT-2W-105795,Cellora,CE-2307,False,True,False
BAT-2W-105796,Kyron,KY-2409,False,False,True
BAT-2W-105797,Cellora,CE-2307,False,True,False
BAT-2W-105798,Amptek,AM-2409,False,False,False
BAT-2W-105799,Kyron,KY-2407,False,False,False
BAT-2W-105800,Cellora,CE-2410,False,False,False
BAT-2W-105801,Cellora,CE-2503,False,False,False
BAT-2W-105802,Cellora,CE-2503,False,False,False
BAT-2W-105803,Amptek,AM-2409,False,False,False
BAT-2W-105804,Cellora,CE-2404,False,True,False
BAT-2W-105805,Cellora,CE-2309,False,False,False
BAT-2W-105806,Cellora,CE-2405,False,True,False
BAT-2W-105807,Cellora,CE-2501,False,False,False
BAT-2W-105808,Cellora,CE-2405,False,False,False
BAT-2W-105809,Cellora,CE-2411,False,False,False
BAT-2W-105810,Kyron,KY-2408,False,False,False
BAT-2W-105811,Cellora,CE-2311,False,False,False
BAT-2W-105812,Kyron,KY-2409,False,False,False
BAT-3W-105813,Cellora,CE-2505,False,False,False
BAT-2W-105814,Kyron,KY-2407,True,False,True
BAT-2W-105815,Cellora,CE-2311,False,False,False
BAT-3W-105816,Cellora,CE-2409,False,False,False
BAT-2W-105817,Cellora,CE-2404,False,False,False
BAT-2W-105818,Kyron,KY-2409,False,False,False
BAT-2W-105819,Cellora,CE-2310,False,False,False
BAT-2W-105820,Cellora,CE-2411,False,False,False
BAT-3W-105821,Cellora,CE-2411,False,False,False
BAT-2W-105822,Cellora,CE-2504,False,False,False
BAT-2W-105823,Cellora,CE-2305,False,False,False
BAT-3W-105824,Amptek,AM-2411,False,False,False
BAT-2W-105825,Cellora,CE-2307,False,False,False
BAT-2W-105826,Cellora,CE-2404,False,False,False
BAT-2W-105827,Kyron,KY-2407,True,False,True
BAT-2W-105828,Cellora,CE-2412,False,False,False
BAT-2W-105829,Amptek,AM-2412,False,False,False
BAT-2W-105830,Cellora,CE-2404,False,False,False
BAT-3W-105831,Cellora,CE-2409,False,False,False
BAT-2W-105832,Cellora,CE-2401,False,True,False
BAT-2W-105833,Cellora,CE-2502,False,False,False
BAT-2W-105834,Cellora,CE-2306,False,False,False
BAT-2W-105835,Cellora,CE-2312,False,False,False
BAT-2W-105836,Cellora,CE-2304,False,False,False
BAT-2W-105837,Cellora,CE-2410,False,False,False
BAT-2W-105838,Cellora,CE-2505,False,True,False
BAT-2W-105839,Kyron,KY-2409,True,False,True
BAT-3W-105840,Cellora,CE-2303,False,False,False
BAT-2W-105841,Amptek,AM-2504,False,True,False
BAT-2W-105842,Amptek,AM-2410,False,False,False
BAT-3W-105843,Cellora,CE-2406,False,False,False
BAT-2W-105844,Cellora,CE-2307,False,False,False
BAT-2W-105845,Amptek,AM-2412,False,False,False
BAT-3W-105846,Kyron,KY-2410,False,False,False
BAT-2W-105847,Cellora,CE-2306,False,False,False
BAT-3W-105848,Cellora,CE-2408,False,False,False
BAT-2W-105849,Cellora,CE-2303,False,True,False
BAT-2W-105850,Cellora,CE-2308,False,False,False
BAT-2W-105851,Cellora,CE-2409,False,False,False
BAT-3W-105852,Cellora,CE-2305,False,False,False
BAT-2W-105853,Cellora,CE-2406,False,False,False
BAT-2W-105854,Cellora,CE-2409,False,True,False
BAT-3W-105855,Kyron,KY-2413,False,False,False
BAT-2W-105856,Amptek,AM-2501,False,False,False
BAT-3W-105857,Kyron,KY-2413,False,False,False
BAT-2W-105858,Cellora,CE-2307,False,True,False
BAT-2W-105859,Cellora,CE-2406,False,False,False
BAT-2W-105860,Cellora,CE-2502,False,True,False
BAT-2W-105861,Amptek,AM-2403,False,False,False
BAT-2W-105862,Kyron,KY-2408,True,False,True
BAT-2W-105863,Kyron,KY-2407,True,False,True
BAT-2W-105864,Cellora,CE-2401,False,False,False
BAT-2W-105865,Cellora,CE-2404,False,False,False
BAT-2W-105866,Cellora,CE-2312,False,True,False
BAT-2W-105867,Amptek,AM-2410,False,False,False
BAT-2W-105868,Kyron,KY-2407,False,False,True
BAT-2W-105869,Cellora,CE-2306,False,False,False
BAT-3W-105870,Cellora,CE-2311,False,False,False
BAT-2W-105871,Cellora,CE-2303,False,False,False
BAT-2W-105872,Kyron,KY-2407,True,False,True
BAT-2W-105873,Cellora,CE-2501,False,False,False
BAT-3W-105874,Amptek,AM-2405,False,False,False
BAT-2W-105875,Kyron,KY-2407,True,False,True
BAT-2W-105876,Cellora,CE-2305,False,False,False
BAT-2W-105877,Amptek,AM-2409,False,False,False
BAT-2W-105878,Cellora,CE-2308,False,False,False
BAT-2W-105879,Amptek,AM-2408,False,False,False
BAT-2W-105880,Kyron,KY-2408,True,False,False
BAT-2W-105881,Amptek,AM-2410,False,False,False
BAT-2W-105882,Cellora,CE-2411,False,False,False
BAT-2W-105883,Amptek,AM-2412,False,False,False
BAT-3W-105884,Amptek,AM-2405,False,False,False
BAT-2W-105885,Cellora,CE-2403,False,False,False
BAT-2W-105886,Cellora,CE-2303,False,False,False
BAT-2W-105887,Cellora,CE-2405,False,False,False
BAT-2W-105888,Cellora,CE-2405,False,True,False
BAT-2W-105889,Cellora,CE-2305,False,False,False
BAT-2W-105890,Cellora,CE-2404,False,False,False
BAT-2W-105891,Kyron,KY-2407,True,False,True
BAT-2W-105892,Kyron,KY-2408,False,False,False
BAT-2W-105893,Cellora,CE-2402,False,True,False
BAT-2W-105894,Cellora,CE-2412,False,False,False
BAT-3W-105895,Kyron,KY-2415,False,False,False
BAT-3W-105896,Kyron,KY-2407,False,False,False
BAT-2W-105897,Cellora,CE-2503,False,False,False
BAT-2W-105898,Cellora,CE-2501,False,False,False
BAT-2W-105899,Cellora,CE-2312,False,False,False
BAT-2W-105900,Amptek,AM-2501,False,False,False
BAT-2W-105901,Kyron,KY-2408,True,False,True
BAT-2W-105902,Amptek,AM-2503,False,False,False
BAT-2W-105903,Kyron,KY-2408,False,False,False
BAT-2W-105904,Amptek,AM-2407,False,True,False
BAT-2W-105905,Cellora,CE-2502,False,False,False
BAT-3W-105906,Cellora,CE-2303,False,False,False
BAT-2W-105907,Kyron,KY-2408,True,False,True
BAT-2W-105908,Cellora,CE-2404,False,False,False
BAT-2W-105909,Cellora,CE-2406,False,False,False
BAT-2W-105910,Cellora,CE-2408,False,False,False
BAT-3W-105911,Cellora,CE-2403,False,False,False
BAT-2W-105912,Kyron,KY-2408,False,False,False
BAT-3W-105913,Cellora,CE-2412,False,False,False
BAT-2W-105914,Cellora,CE-2404,False,False,False
BAT-2W-105915,Amptek,AM-2403,False,False,False
BAT-2W-105916,Cellora,CE-2405,False,False,False
BAT-2W-105917,Kyron,KY-2407,True,False,True
BAT-2W-105918,Cellora,CE-2408,False,False,False
BAT-2W-105919,Cellora,CE-2304,False,False,False
BAT-2W-105920,Cellora,CE-2411,False,False,False
BAT-2W-105921,Amptek,AM-2406,False,False,False
BAT-2W-105922,Kyron,KY-2408,False,False,False
BAT-2W-105923,Amptek,AM-2504,False,False,False
BAT-2W-105924,Cellora,CE-2412,False,False,False
BAT-2W-105925,Cellora,CE-2409,False,False,False
BAT-2W-105926,Cellora,CE-2312,False,False,False
BAT-2W-105927,Cellora,CE-2408,False,False,False
BAT-3W-105928,Cellora,CE-2405,False,False,False
BAT-2W-105929,Cellora,CE-2310,False,False,False
BAT-2W-105930,Cellora,CE-2505,False,False,False
BAT-2W-105931,Cellora,CE-2305,False,False,False
BAT-2W-105932,Kyron,KY-2407,False,False,False
BAT-2W-105933,Cellora,CE-2503,False,False,False
BAT-3W-105934,Kyron,KY-2417,False,False,False
BAT-2W-105935,Cellora,CE-2310,False,False,False
BAT-2W-105936,Cellora,CE-2403,False,False,False
BAT-2W-105937,Amptek,AM-2412,False,False,False
BAT-3W-105938,Kyron,KY-2411,False,False,False
BAT-2W-105939,Cellora,CE-2505,False,False,False
BAT-2W-105940,Kyron,KY-2409,False,False,False
BAT-2W-105941,Cellora,CE-2403,False,False,False
BAT-2W-105942,Amptek,AM-2408,False,False,False
BAT-2W-105943,Cellora,CE-2501,False,False,False
BAT-2W-105944,Cellora,CE-2401,False,True,False
BAT-3W-105945,Amptek,AM-2506,False,False,False
BAT-2W-105946,Kyron,KY-2407,False,False,False
BAT-2W-105947,Cellora,CE-2306,False,True,False
BAT-2W-105948,Kyron,KY-2408,True,False,True
BAT-2W-105949,Cellora,CE-2311,False,True,False
BAT-2W-105950,Cellora,CE-2311,False,True,False
BAT-2W-105951,Cellora,CE-2308,False,False,False
BAT-2W-105952,Amptek,AM-2504,False,False,False
BAT-2W-105953,Kyron,KY-2408,True,False,True
BAT-2W-105954,Amptek,AM-2405,False,True,False
BAT-2W-105955,Cellora,CE-2408,False,False,False
BAT-2W-105956,Cellora,CE-2304,False,False,False
BAT-2W-105957,Cellora,CE-2308,False,False,False
BAT-2W-105958,Cellora,CE-2405,False,True,False
BAT-3W-105959,Kyron,KY-2407,False,False,False
BAT-2W-105960,Amptek,AM-2504,False,False,False
BAT-2W-105961,Cellora,CE-2406,False,False,False
BAT-2W-105962,Cellora,CE-2412,False,False,False
BAT-3W-105963,Kyron,KY-2408,False,False,False
BAT-3W-105964,Amptek,AM-2506,False,False,False
BAT-2W-105965,Cellora,CE-2412,False,False,False
BAT-2W-105966,Cellora,CE-2409,False,False,False
BAT-2W-105967,Cellora,CE-2503,False,False,False
BAT-2W-105968,Kyron,KY-2407,True,False,False
BAT-2W-105969,Cellora,CE-2411,False,False,False
BAT-2W-105970,Kyron,KY-2408,True,False,True
BAT-2W-105971,Kyron,KY-2407,False,False,False
BAT-2W-105972,Cellora,CE-2312,False,False,False
BAT-3W-105973,Amptek,AM-2410,False,False,False
BAT-2W-105974,Cellora,CE-2306,False,False,False
BAT-2W-105975,Amptek,AM-2501,False,False,False
BAT-2W-105976,Cellora,CE-2402,False,False,False
BAT-2W-105977,Cellora,CE-2502,False,False,False
BAT-2W-105978,Cellora,CE-2406,False,False,False
BAT-2W-105979,Cellora,CE-2502,False,True,False
BAT-2W-105980,Cellora,CE-2303,False,False,False
BAT-2W-105981,Cellora,CE-2308,False,False,False
BAT-2W-105982,Cellora,CE-2404,False,True,False
BAT-2W-105983,Cellora,CE-2407,False,True,False
BAT-3W-105984,Kyron,KY-2408,False,False,False
BAT-2W-105985,Kyron,KY-2407,False,False,False
BAT-2W-105986,Cellora,CE-2304,False,False,False
BAT-2W-105987,Kyron,KY-2407,False,False,False
BAT-2W-105988,Cellora,CE-2312,False,False,False
BAT-2W-105989,Amptek,AM-2404,False,True,False
BAT-2W-105990,Kyron,KY-2408,True,False,True
BAT-2W-105991,Amptek,AM-2405,False,False,False
BAT-3W-105992,Cellora,CE-2501,False,False,False
BAT-2W-105993,Amptek,AM-2504,False,False,False
BAT-2W-105994,Kyron,KY-2407,True,False,False
BAT-2W-105995,Amptek,AM-2503,False,True,False
BAT-2W-105996,Kyron,KY-2408,False,False,False
BAT-2W-105997,Cellora,CE-2408,False,False,False
BAT-2W-105998,Cellora,CE-2307,False,False,False
BAT-2W-105999,Amptek,AM-2503,False,True,False
BAT-2W-106000,Kyron,KY-2408,True,False,False
BAT-2W-106001,Kyron,KY-2407,True,False,True
BAT-3W-106002,Amptek,AM-2408,False,False,False
BAT-2W-106003,Cellora,CE-2502,False,False,False
BAT-2W-106004,Amptek,AM-2501,False,False,False
BAT-2W-106005,Cellora,CE-2307,False,False,False
BAT-2W-106006,Amptek,AM-2409,False,True,False
BAT-2W-106007,Cellora,CE-2306,False,False,False
BAT-3W-106008,Amptek,AM-2502,False,False,False
BAT-2W-106009,Kyron,KY-2409,False,False,True
BAT-2W-106010,Cellora,CE-2412,False,False,False
BAT-2W-106011,Cellora,CE-2410,False,False,False
BAT-2W-106012,Kyron,KY-2407,True,False,True
BAT-2W-106013,Cellora,CE-2304,False,False,False
BAT-2W-106014,Kyron,KY-2408,False,False,True
BAT-2W-106015,Cellora,CE-2503,False,False,False
BAT-2W-106016,Cellora,CE-2504,False,True,False
BAT-2W-106017,Cellora,CE-2306,False,False,False
BAT-2W-106018,Kyron,KY-2407,True,False,True
BAT-2W-106019,Cellora,CE-2307,False,True,False
BAT-2W-106020,Cellora,CE-2306,False,False,False
BAT-2W-106021,Cellora,CE-2306,False,False,False
BAT-2W-106022,Amptek,AM-2409,False,False,False
BAT-2W-106023,Cellora,CE-2502,False,False,False
BAT-2W-106024,Cellora,CE-2411,False,False,False
BAT-2W-106025,Cellora,CE-2304,False,True,False
BAT-3W-106026,Kyron,KY-2417,False,False,False
BAT-2W-106027,Amptek,AM-2501,False,False,False
BAT-2W-106028,Cellora,CE-2305,False,False,False
BAT-2W-106029,Kyron,KY-2409,True,False,True
BAT-2W-106030,Kyron,KY-2409,True,False,False
BAT-2W-106031,Kyron,KY-2409,False,False,False
BAT-3W-106032,Kyron,KY-2416,False,False,False
BAT-2W-106033,Kyron,KY-2409,True,False,True
BAT-2W-106034,Kyron,KY-2409,False,False,True
BAT-2W-106035,Cellora,CE-2308,False,True,False
BAT-2W-106036,Cellora,CE-2401,False,True,False
BAT-2W-106037,Cellora,CE-2309,False,False,False
BAT-2W-106038,Kyron,KY-2407,True,False,True
BAT-2W-106039,Cellora,CE-2407,False,False,False
BAT-3W-106040,Cellora,CE-2410,False,False,False
BAT-2W-106041,Kyron,KY-2409,False,False,False
BAT-3W-106042,Cellora,CE-2404,False,False,False
BAT-2W-106043,Kyron,KY-2408,True,False,True
BAT-2W-106044,Cellora,CE-2310,False,False,False
BAT-3W-106045,Amptek,AM-2501,False,False,False
BAT-3W-106046,Amptek,AM-2410,False,False,False
BAT-2W-106047,Cellora,CE-2401,False,True,False
BAT-3W-106048,Cellora,CE-2308,False,False,False
BAT-2W-106049,Cellora,CE-2311,False,False,False
BAT-2W-106050,Kyron,KY-2408,True,False,True
BAT-2W-106051,Cellora,CE-2412,False,True,False
BAT-2W-106052,Cellora,CE-2411,False,False,False
BAT-2W-106053,Cellora,CE-2306,False,False,False
BAT-2W-106054,Cellora,CE-2303,False,False,False
BAT-2W-106055,Cellora,CE-2303,False,False,False
BAT-2W-106056,Cellora,CE-2505,False,False,False
BAT-2W-106057,Cellora,CE-2308,False,False,False
BAT-2W-106058,Kyron,KY-2407,False,False,False
BAT-2W-106059,Cellora,CE-2504,False,True,False
BAT-2W-106060,Cellora,CE-2305,False,True,False
BAT-2W-106061,Cellora,CE-2407,False,False,False
BAT-2W-106062,Kyron,KY-2409,True,False,True
BAT-3W-106063,Cellora,CE-2309,False,False,False
BAT-2W-106064,Cellora,CE-2305,False,False,False
BAT-2W-106065,Amptek,AM-2410,False,False,False
BAT-2W-106066,Cellora,CE-2403,False,True,False
BAT-3W-106067,Amptek,AM-2412,False,False,False
BAT-2W-106068,Kyron,KY-2409,True,False,True
BAT-3W-106069,Cellora,CE-2410,False,False,False
BAT-2W-106070,Amptek,AM-2404,False,False,False
BAT-3W-106071,Amptek,AM-2412,False,False,False
BAT-2W-106072,Amptek,AM-2406,False,True,False
BAT-3W-106073,Cellora,CE-2407,False,False,False
BAT-3W-106074,Amptek,AM-2504,False,False,False
BAT-2W-106075,Cellora,CE-2412,False,False,False
BAT-2W-106076,Amptek,AM-2501,False,False,False
BAT-3W-106077,Cellora,CE-2409,False,False,False
BAT-3W-106078,Cellora,CE-2409,False,False,False
BAT-3W-106079,Cellora,CE-2411,False,False,False
BAT-2W-106080,Cellora,CE-2303,False,True,False
BAT-2W-106081,Cellora,CE-2402,False,False,False
BAT-2W-106082,Cellora,CE-2310,False,False,False
BAT-2W-106083,Cellora,CE-2503,False,True,False
BAT-2W-106084,Cellora,CE-2405,False,False,False
BAT-2W-106085,Amptek,AM-2408,False,False,False
BAT-2W-106086,Kyron,KY-2407,True,False,True
BAT-2W-106087,Cellora,CE-2503,False,False,False
BAT-2W-106088,Amptek,AM-2503,False,False,False
BAT-2W-106089,Amptek,AM-2506,False,True,False
BAT-2W-106090,Cellora,CE-2407,False,False,False
BAT-2W-106091,Kyron,KY-2409,False,False,False
BAT-2W-106092,Kyron,KY-2409,False,False,False
BAT-2W-106093,Kyron,KY-2408,False,False,False
BAT-2W-106094,Kyron,KY-2408,False,False,False
BAT-3W-106095,Amptek,AM-2403,False,False,False
BAT-2W-106096,Cellora,CE-2405,False,False,False
BAT-2W-106097,Kyron,KY-2409,True,False,False
BAT-2W-106098,Cellora,CE-2505,False,False,False
BAT-3W-106099,Kyron,KY-2408,False,False,False
BAT-2W-106100,Kyron,KY-2408,False,False,False
BAT-2W-106101,Kyron,KY-2407,False,False,False
BAT-2W-106102,Kyron,KY-2409,True,False,True
BAT-3W-106103,Kyron,KY-2418,False,False,False
BAT-2W-106104,Cellora,CE-2501,False,True,False
BAT-2W-106105,Cellora,CE-2303,False,False,False
BAT-2W-106106,Cellora,CE-2409,False,True,False
BAT-2W-106107,Cellora,CE-2312,False,False,False
BAT-2W-106108,Amptek,AM-2403,False,False,False
BAT-2W-106109,Kyron,KY-2407,False,False,False
BAT-2W-106110,Kyron,KY-2408,False,False,False
BAT-2W-106111,Amptek,AM-2403,False,False,False
BAT-2W-106112,Cellora,CE-2305,False,False,False
BAT-2W-106113,Cellora,CE-2404,False,False,False
BAT-2W-106114,Cellora,CE-2504,False,False,False
BAT-2W-106115,Amptek,AM-2408,False,True,False
BAT-2W-106116,Kyron,KY-2407,True,False,True
BAT-2W-106117,Cellora,CE-2310,False,False,False
BAT-2W-106118,Cellora,CE-2307,False,False,False
BAT-2W-106119,Amptek,AM-2410,False,False,False
BAT-2W-106120,Amptek,AM-2504,False,True,False
BAT-2W-106121,Kyron,KY-2407,False,False,False
BAT-3W-106122,Cellora,CE-2303,False,False,False
BAT-2W-106123,Cellora,CE-2312,False,False,False
BAT-2W-106124,Cellora,CE-2408,False,False,False
BAT-3W-106125,Amptek,AM-2404,False,False,False
BAT-2W-106126,Cellora,CE-2309,False,True,False
BAT-2W-106127,Cellora,CE-2405,False,False,False
BAT-2W-106128,Cellora,CE-2503,False,False,False
BAT-2W-106129,Cellora,CE-2308,False,False,False
BAT-2W-106130,Amptek,AM-2407,False,True,False
BAT-2W-106131,Cellora,CE-2305,False,False,False
BAT-2W-106132,Kyron,KY-2407,True,False,False
BAT-2W-106133,Cellora,CE-2304,False,False,False
BAT-2W-106134,Cellora,CE-2312,False,False,False
BAT-2W-106135,Kyron,KY-2408,False,False,False
BAT-2W-106136,Kyron,KY-2408,True,False,True
BAT-3W-106137,Kyron,KY-2411,False,False,False
BAT-2W-106138,Kyron,KY-2408,True,False,True
BAT-3W-106139,Cellora,CE-2504,False,False,False
BAT-2W-106140,Cellora,CE-2307,False,False,False
BAT-3W-106141,Kyron,KY-2415,False,False,False
BAT-2W-106142,Kyron,KY-2409,True,False,False
BAT-3W-106143,Amptek,AM-2406,False,False,False
BAT-3W-106144,Cellora,CE-2305,False,False,False
BAT-2W-106145,Cellora,CE-2505,False,False,False
BAT-2W-106146,Amptek,AM-2503,False,False,False
BAT-2W-106147,Cellora,CE-2504,False,True,False
BAT-2W-106148,Amptek,AM-2411,False,False,False
BAT-2W-106149,Amptek,AM-2410,False,False,False
BAT-3W-106150,Cellora,CE-2304,False,False,False
BAT-3W-106151,Cellora,CE-2310,False,False,False
BAT-2W-106152,Kyron,KY-2407,True,False,True
BAT-2W-106153,Cellora,CE-2407,False,True,False
BAT-2W-106154,Amptek,AM-2411,False,False,False
BAT-3W-106155,Kyron,KY-2413,False,False,False
BAT-2W-106156,Cellora,CE-2409,False,False,False
BAT-2W-106157,Cellora,CE-2307,False,False,False
BAT-2W-106158,Cellora,CE-2405,False,False,False
BAT-2W-106159,Cellora,CE-2405,False,False,False
BAT-2W-106160,Cellora,CE-2309,False,False,False
BAT-2W-106161,Amptek,AM-2406,False,False,False
BAT-2W-106162,Cellora,CE-2411,False,False,False
BAT-2W-106163,Cellora,CE-2307,False,False,False
BAT-2W-106164,Cellora,CE-2412,False,False,False
BAT-2W-106165,Cellora,CE-2309,False,False,False
BAT-2W-106166,Kyron,KY-2407,True,False,True
BAT-2W-106167,Cellora,CE-2407,False,False,False
BAT-2W-106168,Kyron,KY-2408,False,False,False
BAT-2W-106169,Cellora,CE-2403,False,False,False
BAT-2W-106170,Kyron,KY-2408,False,False,False
BAT-2W-106171,Kyron,KY-2409,False,False,False
BAT-2W-106172,Kyron,KY-2407,True,False,True
BAT-2W-106173,Amptek,AM-2503,False,True,False
BAT-3W-106174,Amptek,AM-2411,False,False,False
BAT-2W-106175,Cellora,CE-2310,False,False,False
BAT-2W-106176,Amptek,AM-2409,False,False,False
BAT-2W-106177,Cellora,CE-2311,False,False,False
BAT-2W-106178,Cellora,CE-2410,False,False,False
BAT-2W-106179,Kyron,KY-2409,False,False,True
BAT-2W-106180,Amptek,AM-2407,False,False,False
BAT-2W-106181,Kyron,KY-2409,True,False,True
BAT-3W-106182,Cellora,CE-2412,False,False,False
BAT-2W-106183,Amptek,AM-2404,False,False,False
BAT-2W-106184,Cellora,CE-2407,False,False,False
BAT-2W-106185,Cellora,CE-2406,False,False,False
BAT-3W-106186,Kyron,KY-2411,False,False,False
BAT-2W-106187,Kyron,KY-2409,True,False,True
BAT-3W-106188,Amptek,AM-2503,False,False,False
BAT-2W-106189,Amptek,AM-2411,False,False,False
BAT-2W-106190,Cellora,CE-2407,False,True,False
BAT-2W-106191,Amptek,AM-2412,False,True,False
BAT-2W-106192,Cellora,CE-2306,False,True,False
BAT-2W-106193,Cellora,CE-2412,False,False,False
BAT-2W-106194,Amptek,AM-2504,False,False,False
BAT-2W-106195,Amptek,AM-2409,False,False,False
BAT-2W-106196,Kyron,KY-2407,True,False,False
BAT-2W-106197,Cellora,CE-2402,False,False,False
BAT-2W-106198,Kyron,KY-2407,False,False,False
BAT-2W-106199,Cellora,CE-2407,False,False,False
BAT-3W-106200,Amptek,AM-2410,False,False,False
BAT-3W-106201,Cellora,CE-2405,False,False,False
BAT-3W-106202,Amptek,AM-2403,False,False,False
BAT-2W-106203,Kyron,KY-2408,False,False,False
BAT-2W-106204,Amptek,AM-2503,False,True,False
BAT-2W-106205,Cellora,CE-2409,False,False,False
BAT-2W-106206,Kyron,KY-2408,True,False,True
BAT-2W-106207,Cellora,CE-2310,False,False,False
BAT-2W-106208,Kyron,KY-2408,True,False,True
BAT-2W-106209,Cellora,CE-2404,False,False,False
BAT-2W-106210,Cellora,CE-2303,False,False,False
BAT-2W-106211,Cellora,CE-2303,False,False,False
BAT-2W-106212,Amptek,AM-2409,False,False,False
BAT-2W-106213,Cellora,CE-2307,False,True,False
BAT-2W-106214,Cellora,CE-2403,False,False,False
BAT-2W-106215,Cellora,CE-2306,False,False,False
BAT-2W-106216,Cellora,CE-2404,False,False,False
BAT-2W-106217,Kyron,KY-2407,False,False,False
BAT-2W-106218,Amptek,AM-2405,False,False,False
BAT-2W-106219,Cellora,CE-2312,False,False,False
BAT-2W-106220,Cellora,CE-2304,False,False,False
BAT-2W-106221,Amptek,AM-2411,False,False,False
BAT-2W-106222,Cellora,CE-2404,False,False,False
BAT-3W-106223,Kyron,KY-2407,False,False,False
BAT-3W-106224,Amptek,AM-2409,False,False,False
BAT-2W-106225,Cellora,CE-2504,False,True,False
BAT-2W-106226,Cellora,CE-2311,False,False,False
BAT-2W-106227,Amptek,AM-2503,False,False,False
BAT-2W-106228,Kyron,KY-2407,False,False,False
BAT-2W-106229,Cellora,CE-2305,False,False,False
BAT-2W-106230,Amptek,AM-2505,False,False,False
BAT-2W-106231,Cellora,CE-2311,False,False,False
BAT-2W-106232,Cellora,CE-2307,False,False,False
BAT-2W-106233,Kyron,KY-2409,True,False,True
BAT-2W-106234,Cellora,CE-2502,False,False,False
BAT-2W-106235,Amptek,AM-2502,False,False,False
BAT-2W-106236,Kyron,KY-2407,False,False,False
BAT-2W-106237,Cellora,CE-2409,False,False,False
BAT-3W-106238,Cellora,CE-2502,False,False,False
BAT-2W-106239,Cellora,CE-2502,False,False,False
BAT-2W-106240,Cellora,CE-2405,False,False,False
BAT-3W-106241,Cellora,CE-2503,False,False,False
BAT-2W-106242,Cellora,CE-2412,False,False,False
BAT-2W-106243,Amptek,AM-2502,False,False,False
BAT-3W-106244,Cellora,CE-2303,False,False,False
BAT-2W-106245,Amptek,AM-2411,False,False,False
BAT-2W-106246,Kyron,KY-2409,True,False,True
BAT-2W-106247,Cellora,CE-2503,False,False,False
BAT-2W-106248,Cellora,CE-2309,False,False,False
BAT-2W-106249,Amptek,AM-2404,False,False,False
BAT-2W-106250,Cellora,CE-2309,False,False,False
BAT-2W-106251,Cellora,CE-2410,False,False,False
BAT-2W-106252,Kyron,KY-2407,False,False,False
BAT-2W-106253,Cellora,CE-2410,False,False,False
BAT-2W-106254,Amptek,AM-2406,False,False,False
BAT-3W-106255,Kyron,KY-2416,False,False,False
BAT-2W-106256,Cellora,CE-2309,False,True,False
BAT-3W-106257,Amptek,AM-2405,False,False,False
BAT-3W-106258,Amptek,AM-2403,False,False,False
BAT-2W-106259,Cellora,CE-2404,False,False,False
BAT-2W-106260,Cellora,CE-2403,False,False,False
BAT-2W-106261,Cellora,CE-2504,False,False,False
BAT-2W-106262,Kyron,KY-2407,True,False,False
BAT-2W-106263,Cellora,CE-2310,False,False,False
BAT-2W-106264,Cellora,CE-2411,False,False,False
BAT-3W-106265,Cellora,CE-2304,False,False,False
BAT-2W-106266,Amptek,AM-2501,False,False,False
BAT-2W-106267,Amptek,AM-2407,False,True,False
BAT-2W-106268,Kyron,KY-2408,True,False,False
BAT-2W-106269,Kyron,KY-2408,True,False,True
BAT-2W-106270,Amptek,AM-2404,False,False,False
BAT-2W-106271,Cellora,CE-2303,False,False,False
BAT-3W-106272,Amptek,AM-2411,False,False,False
BAT-2W-106273,Cellora,CE-2406,False,False,False
BAT-3W-106274,Cellora,CE-2504,False,False,False
BAT-3W-106275,Kyron,KY-2412,False,False,False
BAT-3W-106276,Cellora,CE-2305,False,False,False
BAT-3W-106277,Cellora,CE-2312,False,False,False
BAT-2W-106278,Cellora,CE-2412,False,False,False
BAT-2W-106279,Cellora,CE-2504,False,False,False
BAT-2W-106280,Cellora,CE-2310,False,False,False
BAT-2W-106281,Amptek,AM-2412,False,False,False
BAT-3W-106282,Amptek,AM-2504,False,False,False
BAT-2W-106283,Kyron,KY-2409,True,False,True
BAT-2W-106284,Cellora,CE-2407,False,False,False
BAT-2W-106285,Cellora,CE-2401,False,False,False
BAT-2W-106286,Kyron,KY-2408,True,False,True
BAT-3W-106287,Amptek,AM-2403,False,False,False
BAT-2W-106288,Amptek,AM-2506,False,True,False
BAT-2W-106289,Cellora,CE-2308,False,False,False
BAT-2W-106290,Amptek,AM-2505,False,False,False
BAT-2W-106291,Kyron,KY-2409,True,False,False
BAT-2W-106292,Kyron,KY-2408,False,False,False
BAT-3W-106293,Kyron,KY-2407,False,False,False
BAT-2W-106294,Amptek,AM-2501,False,False,False
BAT-2W-106295,Cellora,CE-2306,False,False,False
BAT-2W-106296,Cellora,CE-2410,False,False,False
BAT-2W-106297,Kyron,KY-2409,True,False,True
BAT-3W-106298,Kyron,KY-2410,False,False,False
BAT-2W-106299,Amptek,AM-2412,False,True,False
BAT-2W-106300,Amptek,AM-2502,False,False,False
BAT-3W-106301,Cellora,CE-2403,False,False,False
BAT-3W-106302,Kyron,KY-2414,False,False,False
BAT-2W-106303,Amptek,AM-2404,False,False,False
BAT-2W-106304,Cellora,CE-2311,False,True,False
BAT-2W-106305,Cellora,CE-2504,False,False,False
BAT-2W-106306,Cellora,CE-2412,False,False,False
BAT-2W-106307,Cellora,CE-2310,False,False,False
BAT-2W-106308,Cellora,CE-2503,False,False,False
BAT-2W-106309,Cellora,CE-2411,False,False,False
BAT-2W-106310,Amptek,AM-2408,False,False,False
BAT-2W-106311,Kyron,KY-2408,False,False,False
BAT-2W-106312,Kyron,KY-2407,True,False,False
BAT-2W-106313,Amptek,AM-2504,False,False,False
BAT-2W-106314,Kyron,KY-2407,False,False,False
BAT-2W-106315,Kyron,KY-2407,True,False,True
BAT-2W-106316,Kyron,KY-2408,False,False,True
BAT-2W-106317,Cellora,CE-2401,False,False,False
BAT-2W-106318,Amptek,AM-2408,False,False,False
BAT-2W-106319,Amptek,AM-2409,False,False,False
BAT-2W-106320,Cellora,CE-2502,False,False,False
BAT-2W-106321,Kyron,KY-2409,False,False,False
BAT-3W-106322,Kyron,KY-2411,False,False,False
BAT-2W-106323,Cellora,CE-2307,False,False,False
BAT-2W-106324,Kyron,KY-2407,True,False,True
BAT-3W-106325,Kyron,KY-2407,False,False,False
BAT-2W-106326,Amptek,AM-2412,False,False,False
BAT-2W-106327,Cellora,CE-2303,False,True,False
BAT-2W-106328,Cellora,CE-2311,False,False,False
BAT-2W-106329,Kyron,KY-2408,False,False,False
BAT-2W-106330,Cellora,CE-2412,False,True,False
BAT-2W-106331,Kyron,KY-2409,True,False,True
BAT-3W-106332,Kyron,KY-2418,False,False,False
BAT-2W-106333,Cellora,CE-2303,False,False,False
BAT-2W-106334,Cellora,CE-2411,False,False,False
BAT-2W-106335,Cellora,CE-2308,False,False,False
BAT-3W-106336,Cellora,CE-2307,False,False,False
BAT-2W-106337,Cellora,CE-2304,False,False,False
BAT-3W-106338,Cellora,CE-2308,False,False,False
BAT-2W-106339,Kyron,KY-2408,True,False,True
BAT-2W-106340,Cellora,CE-2308,False,False,False
BAT-2W-106341,Amptek,AM-2501,False,False,False
BAT-2W-106342,Cellora,CE-2306,False,False,False
BAT-2W-106343,Cellora,CE-2306,False,False,False
BAT-2W-106344,Amptek,AM-2410,False,False,False
BAT-2W-106345,Amptek,AM-2504,False,False,False
BAT-2W-106346,Amptek,AM-2409,False,False,False
BAT-2W-106347,Cellora,CE-2309,False,False,False
BAT-3W-106348,Cellora,CE-2311,False,False,False
BAT-2W-106349,Cellora,CE-2503,False,True,False
BAT-2W-106350,Cellora,CE-2306,False,False,False
BAT-2W-106351,Kyron,KY-2407,False,False,False
BAT-2W-106352,Kyron,KY-2408,False,False,False
BAT-2W-106353,Amptek,AM-2411,False,False,False
BAT-2W-106354,Cellora,CE-2312,False,False,False
BAT-2W-106355,Cellora,CE-2408,False,False,False
BAT-2W-106356,Amptek,AM-2406,False,False,False
BAT-2W-106357,Cellora,CE-2308,False,True,False
BAT-2W-106358,Kyron,KY-2407,False,False,False
BAT-2W-106359,Cellora,CE-2410,False,False,False
BAT-2W-106360,Kyron,KY-2408,True,False,True
BAT-2W-106361,Amptek,AM-2411,False,True,False
BAT-2W-106362,Kyron,KY-2409,False,False,False
BAT-2W-106363,Cellora,CE-2306,False,False,False
BAT-2W-106364,Amptek,AM-2503,False,False,False
BAT-2W-106365,Amptek,AM-2407,False,False,False
BAT-2W-106366,Amptek,AM-2408,False,True,False
BAT-2W-106367,Kyron,KY-2409,True,False,True
BAT-2W-106368,Cellora,CE-2406,False,False,False
BAT-3W-106369,Cellora,CE-2410,False,False,False
BAT-2W-106370,Amptek,AM-2504,False,True,False
BAT-2W-106371,Amptek,AM-2409,False,False,False
BAT-2W-106372,Kyron,KY-2407,False,False,True
BAT-2W-106373,Cellora,CE-2310,False,True,False
BAT-2W-106374,Cellora,CE-2405,False,False,False
BAT-3W-106375,Amptek,AM-2505,False,False,False
BAT-2W-106376,Amptek,AM-2503,False,False,False
BAT-2W-106377,Cellora,CE-2402,False,False,False
BAT-2W-106378,Kyron,KY-2408,False,False,True
BAT-2W-106379,Kyron,KY-2409,False,False,False
BAT-2W-106380,Kyron,KY-2408,True,False,False
BAT-3W-106381,Cellora,CE-2504,False,False,False
BAT-3W-106382,Cellora,CE-2410,False,False,False
BAT-2W-106383,Kyron,KY-2408,False,False,True
BAT-3W-106384,Cellora,CE-2504,False,False,False
BAT-2W-106385,Kyron,KY-2407,False,False,False
BAT-2W-106386,Cellora,CE-2504,False,False,False
BAT-2W-106387,Cellora,CE-2310,False,True,False
BAT-2W-106388,Cellora,CE-2504,False,True,False
BAT-3W-106389,Cellora,CE-2403,False,False,False
BAT-2W-106390,Cellora,CE-2401,False,False,False
BAT-3W-106391,Amptek,AM-2504,False,False,False
BAT-2W-106392,Kyron,KY-2407,True,False,True
BAT-3W-106393,Kyron,KY-2411,False,False,False
BAT-2W-106394,Amptek,AM-2412,False,True,False
BAT-2W-106395,Kyron,KY-2409,False,False,False
BAT-2W-106396,Cellora,CE-2503,False,False,False
BAT-2W-106397,Amptek,AM-2411,False,True,False
BAT-3W-106398,Cellora,CE-2309,False,False,False
BAT-2W-106399,Amptek,AM-2503,False,False,False
BAT-2W-106400,Cellora,CE-2410,False,False,False
BAT-2W-106401,Cellora,CE-2311,False,False,False
BAT-3W-106402,Amptek,AM-2409,False,False,False
BAT-2W-106403,Kyron,KY-2408,False,False,False
BAT-2W-106404,Amptek,AM-2410,False,False,False
BAT-2W-106405,Kyron,KY-2408,True,False,True
BAT-2W-106406,Amptek,AM-2408,False,False,False
BAT-2W-106407,Amptek,AM-2408,False,False,False
BAT-3W-106408,Amptek,AM-2409,False,False,False
BAT-2W-106409,Cellora,CE-2504,False,False,False
BAT-3W-106410,Cellora,CE-2304,False,False,False
BAT-2W-106411,Cellora,CE-2307,False,False,False
BAT-2W-106412,Kyron,KY-2409,True,False,True
BAT-2W-106413,Cellora,CE-2406,False,False,False
BAT-2W-106414,Cellora,CE-2503,False,False,False
BAT-2W-106415,Amptek,AM-2409,False,True,False
BAT-2W-106416,Cellora,CE-2308,False,False,False
BAT-2W-106417,Kyron,KY-2408,True,False,True
BAT-2W-106418,Kyron,KY-2407,True,False,True
BAT-2W-106419,Amptek,AM-2505,False,False,False
BAT-2W-106420,Amptek,AM-2406,False,False,False
BAT-2W-106421,Kyron,KY-2409,False,False,False
BAT-2W-106422,Kyron,KY-2408,False,False,False
BAT-2W-106423,Kyron,KY-2409,True,False,True
BAT-2W-106424,Cellora,CE-2311,False,False,False
BAT-2W-106425,Cellora,CE-2312,False,False,False
BAT-2W-106426,Cellora,CE-2410,False,False,False
BAT-3W-106427,Cellora,CE-2312,False,False,False
BAT-2W-106428,Cellora,CE-2403,False,False,False
BAT-2W-106429,Kyron,KY-2408,False,False,False
BAT-2W-106430,Cellora,CE-2307,False,False,False
BAT-2W-106431,Cellora,CE-2409,False,False,False
BAT-2W-106432,Cellora,CE-2403,False,False,False
BAT-2W-106433,Cellora,CE-2406,False,False,False
BAT-2W-106434,Cellora,CE-2307,False,False,False
BAT-2W-106435,Cellora,CE-2504,False,False,False
BAT-2W-106436,Cellora,CE-2405,False,False,False
BAT-2W-106437,Kyron,KY-2409,False,False,False
BAT-3W-106438,Cellora,CE-2309,False,False,False
BAT-2W-106439,Cellora,CE-2311,False,False,False
BAT-2W-106440,Kyron,KY-2408,True,False,True
BAT-2W-106441,Kyron,KY-2408,False,False,False
BAT-2W-106442,Kyron,KY-2407,True,False,True
BAT-2W-106443,Cellora,CE-2311,False,False,False
BAT-2W-106444,Amptek,AM-2407,False,False,False
BAT-2W-106445,Cellora,CE-2306,False,False,False
BAT-2W-106446,Cellora,CE-2409,False,True,False
BAT-2W-106447,Cellora,CE-2408,False,False,False
BAT-3W-106448,Amptek,AM-2503,False,False,False
BAT-2W-106449,Kyron,KY-2408,False,False,False
BAT-2W-106450,Cellora,CE-2303,False,False,False
BAT-2W-106451,Kyron,KY-2408,True,False,True
BAT-2W-106452,Cellora,CE-2307,False,False,False
BAT-2W-106453,Cellora,CE-2407,False,False,False
BAT-2W-106454,Cellora,CE-2502,False,False,False
BAT-2W-106455,Cellora,CE-2305,False,False,False
BAT-2W-106456,Cellora,CE-2407,False,True,False
BAT-2W-106457,Kyron,KY-2409,False,False,False
BAT-2W-106458,Cellora,CE-2312,False,False,False
BAT-2W-106459,Kyron,KY-2407,True,False,True
BAT-3W-106460,Amptek,AM-2411,False,False,False
BAT-3W-106461,Cellora,CE-2410,False,False,False
BAT-2W-106462,Cellora,CE-2312,False,True,False
BAT-2W-106463,Cellora,CE-2303,False,True,False
BAT-2W-106464,Cellora,CE-2501,False,False,False
BAT-2W-106465,Kyron,KY-2408,True,False,True
BAT-2W-106466,Cellora,CE-2411,False,False,False
BAT-2W-106467,Cellora,CE-2505,False,False,False
BAT-2W-106468,Kyron,KY-2409,False,False,False
BAT-3W-106469,Amptek,AM-2407,False,False,False
BAT-2W-106470,Cellora,CE-2401,False,False,False
BAT-3W-106471,Kyron,KY-2415,False,False,False
BAT-2W-106472,Cellora,CE-2412,False,False,False
BAT-2W-106473,Cellora,CE-2410,False,False,False
BAT-2W-106474,Kyron,KY-2407,True,False,True
BAT-2W-106475,Cellora,CE-2504,False,False,False
BAT-2W-106476,Cellora,CE-2307,False,False,False
BAT-2W-106477,Cellora,CE-2312,False,True,False
BAT-2W-106478,Kyron,KY-2409,False,False,False
BAT-2W-106479,Cellora,CE-2310,False,False,False
BAT-2W-106480,Cellora,CE-2405,False,False,False
BAT-2W-106481,Cellora,CE-2404,False,False,False
BAT-3W-106482,Cellora,CE-2309,False,False,False
BAT-2W-106483,Cellora,CE-2404,False,False,False
BAT-2W-106484,Cellora,CE-2407,False,False,False
BAT-2W-106485,Amptek,AM-2504,False,False,False
BAT-2W-106486,Cellora,CE-2308,False,False,False
BAT-2W-106487,Amptek,AM-2504,False,True,False
BAT-2W-106488,Kyron,KY-2407,True,False,True
BAT-3W-106489,Cellora,CE-2403,False,False,False
BAT-2W-106490,Cellora,CE-2305,False,False,False
BAT-2W-106491,Cellora,CE-2502,False,False,False
BAT-2W-106492,Cellora,CE-2303,False,False,False
BAT-3W-106493,Amptek,AM-2403,False,False,False
BAT-3W-106494,Kyron,KY-2413,False,False,False
BAT-2W-106495,Kyron,KY-2408,False,False,False
BAT-2W-106496,Kyron,KY-2409,False,False,False
BAT-2W-106497,Cellora,CE-2412,False,False,False
BAT-2W-106498,Kyron,KY-2408,False,False,False
BAT-2W-106499,Kyron,KY-2407,True,False,True
